site_id,true_vaf,depth,alt_reads
1,0.000000000000e+00,1187,1
2,0.000000000000e+00,928,1
3,0.000000000000e+00,851,0
4,0.000000000000e+00,1024,0
5,0.000000000000e+00,1040,0
6,0.000000000000e+00,915,1
7,0.000000000000e+00,942,0
8,0.000000000000e+00,954,0
9,0.000000000000e+00,970,0
10,0.000000000000e+00,870,0
11,0.000000000000e+00,918,0
12,0.000000000000e+00,946,1
13,0.000000000000e+00,952,0
14,0.000000000000e+00,904,1
15,0.000000000000e+00,988,0
16,0.000000000000e+00,925,1
17,0.000000000000e+00,1189,0
18,0.000000000000e+00,1151,1
19,0.000000000000e+00,903,0
20,0.000000000000e+00,1153,0
21,0.000000000000e+00,1073,0
22,0.000000000000e+00,1089,1
23,0.000000000000e+00,1013,1
24,0.000000000000e+00,1086,0
25,0.000000000000e+00,888,0
26,0.000000000000e+00,859,0
27,0.000000000000e+00,1175,0
28,0.000000000000e+00,1087,0
29,0.000000000000e+00,1177,0
30,0.000000000000e+00,1062,0
31,0.000000000000e+00,1138,0
32,0.000000000000e+00,1056,0
33,0.000000000000e+00,870,0
34,0.000000000000e+00,1009,2
35,0.000000000000e+00,830,1
36,0.000000000000e+00,996,2
37,0.000000000000e+00,1069,0
38,0.000000000000e+00,828,0
39,0.000000000000e+00,1181,0
40,0.000000000000e+00,1140,0
41,0.000000000000e+00,910,1
42,0.000000000000e+00,1058,0
43,0.000000000000e+00,1111,1
44,0.000000000000e+00,867,1
45,0.000000000000e+00,858,0
46,0.000000000000e+00,1062,0
47,0.000000000000e+00,861,0
48,0.000000000000e+00,1187,0
49,0.000000000000e+00,919,0
50,0.000000000000e+00,1138,0
51,0.000000000000e+00,1072,0
52,0.000000000000e+00,918,0
53,0.000000000000e+00,970,1
54,0.000000000000e+00,869,0
55,0.000000000000e+00,893,1
56,0.000000000000e+00,829,0
57,0.000000000000e+00,1003,1
58,0.000000000000e+00,1086,0
59,0.000000000000e+00,1182,0
60,0.000000000000e+00,887,2
61,0.000000000000e+00,865,0
62,0.000000000000e+00,942,1
63,0.000000000000e+00,955,0
64,0.000000000000e+00,933,0
65,0.000000000000e+00,857,0
66,0.000000000000e+00,855,0
67,0.000000000000e+00,1092,0
68,0.000000000000e+00,926,0
69,0.000000000000e+00,892,0
70,0.000000000000e+00,884,0
71,0.000000000000e+00,884,0
72,0.000000000000e+00,1147,0
73,0.000000000000e+00,974,0
74,0.000000000000e+00,1199,1
75,0.000000000000e+00,1075,0
76,0.000000000000e+00,903,0
77,0.000000000000e+00,827,0
78,0.000000000000e+00,967,0
79,0.000000000000e+00,1193,0
80,0.000000000000e+00,1105,1
81,0.000000000000e+00,1198,0
82,0.000000000000e+00,1081,0
83,0.000000000000e+00,887,0
84,0.000000000000e+00,920,0
85,0.000000000000e+00,954,0
86,0.000000000000e+00,1194,0
87,0.000000000000e+00,1021,0
88,0.000000000000e+00,1183,0
89,0.000000000000e+00,944,1
90,0.000000000000e+00,980,0
91,0.000000000000e+00,1150,0
92,0.000000000000e+00,1195,0
93,0.000000000000e+00,1142,0
94,0.000000000000e+00,1056,0
95,0.000000000000e+00,909,0
96,0.000000000000e+00,1050,1
97,0.000000000000e+00,931,0
98,0.000000000000e+00,889,0
99,0.000000000000e+00,939,1
100,0.000000000000e+00,1059,0
101,0.000000000000e+00,922,0
102,0.000000000000e+00,809,1
103,0.000000000000e+00,1110,0
104,0.000000000000e+00,804,1
105,0.000000000000e+00,1041,1
106,0.000000000000e+00,1050,0
107,0.000000000000e+00,1152,0
108,0.000000000000e+00,1000,0
109,0.000000000000e+00,926,1
110,0.000000000000e+00,1004,0
111,0.000000000000e+00,1093,1
112,0.000000000000e+00,1054,2
113,0.000000000000e+00,982,0
114,0.000000000000e+00,915,0
115,0.000000000000e+00,928,0
116,0.000000000000e+00,1018,0
117,0.000000000000e+00,818,1
118,0.000000000000e+00,899,0
119,0.000000000000e+00,1128,1
120,0.000000000000e+00,819,1
121,0.000000000000e+00,834,0
122,0.000000000000e+00,888,0
123,0.000000000000e+00,1165,0
124,0.000000000000e+00,825,0
125,0.000000000000e+00,899,1
126,0.000000000000e+00,1048,1
127,0.000000000000e+00,1055,1
128,0.000000000000e+00,1016,0
129,0.000000000000e+00,1131,0
130,0.000000000000e+00,1001,0
131,0.000000000000e+00,925,0
132,0.000000000000e+00,986,1
133,0.000000000000e+00,939,0
134,0.000000000000e+00,1096,0
135,0.000000000000e+00,1151,0
136,0.000000000000e+00,846,0
137,0.000000000000e+00,1190,1
138,0.000000000000e+00,1044,0
139,0.000000000000e+00,1121,0
140,0.000000000000e+00,1125,0
141,0.000000000000e+00,838,0
142,0.000000000000e+00,910,0
143,0.000000000000e+00,1036,0
144,0.000000000000e+00,851,0
145,0.000000000000e+00,869,0
146,0.000000000000e+00,830,0
147,0.000000000000e+00,824,1
148,0.000000000000e+00,864,0
149,0.000000000000e+00,1194,0
150,0.000000000000e+00,983,1
151,0.000000000000e+00,872,1
152,0.000000000000e+00,1020,0
153,0.000000000000e+00,1035,0
154,0.000000000000e+00,925,0
155,0.000000000000e+00,1115,0
156,0.000000000000e+00,938,0
157,0.000000000000e+00,1038,1
158,0.000000000000e+00,952,1
159,0.000000000000e+00,954,0
160,0.000000000000e+00,983,0
161,0.000000000000e+00,1165,0
162,0.000000000000e+00,1001,0
163,0.000000000000e+00,825,0
164,0.000000000000e+00,874,1
165,0.000000000000e+00,1173,0
166,0.000000000000e+00,915,0
167,0.000000000000e+00,1116,0
168,0.000000000000e+00,981,0
169,0.000000000000e+00,1150,0
170,0.000000000000e+00,832,0
171,0.000000000000e+00,1153,0
172,0.000000000000e+00,968,0
173,0.000000000000e+00,941,0
174,0.000000000000e+00,1090,1
175,0.000000000000e+00,1090,0
176,0.000000000000e+00,1187,0
177,0.000000000000e+00,906,1
178,0.000000000000e+00,933,0
179,0.000000000000e+00,1132,1
180,0.000000000000e+00,980,0
181,0.000000000000e+00,1180,0
182,0.000000000000e+00,1127,0
183,0.000000000000e+00,976,0
184,0.000000000000e+00,1132,0
185,0.000000000000e+00,908,0
186,0.000000000000e+00,1159,1
187,0.000000000000e+00,951,0
188,0.000000000000e+00,808,0
189,0.000000000000e+00,1135,0
190,0.000000000000e+00,991,0
191,0.000000000000e+00,1028,0
192,0.000000000000e+00,1171,0
193,0.000000000000e+00,932,1
194,0.000000000000e+00,963,1
195,0.000000000000e+00,1165,1
196,0.000000000000e+00,1117,0
197,0.000000000000e+00,1055,0
198,0.000000000000e+00,811,0
199,0.000000000000e+00,955,0
200,0.000000000000e+00,1026,0
201,0.000000000000e+00,947,0
202,0.000000000000e+00,840,0
203,0.000000000000e+00,1058,0
204,0.000000000000e+00,1100,1
205,0.000000000000e+00,1062,1
206,0.000000000000e+00,887,0
207,0.000000000000e+00,1102,0
208,0.000000000000e+00,1049,0
209,0.000000000000e+00,1023,1
210,0.000000000000e+00,1081,0
211,0.000000000000e+00,1184,0
212,0.000000000000e+00,873,1
213,0.000000000000e+00,883,0
214,0.000000000000e+00,915,0
215,0.000000000000e+00,907,1
216,0.000000000000e+00,1147,0
217,0.000000000000e+00,875,0
218,0.000000000000e+00,830,0
219,0.000000000000e+00,818,1
220,0.000000000000e+00,950,0
221,0.000000000000e+00,1091,0
222,0.000000000000e+00,936,1
223,0.000000000000e+00,1036,0
224,0.000000000000e+00,849,1
225,0.000000000000e+00,1039,1
226,0.000000000000e+00,1070,1
227,0.000000000000e+00,1030,1
228,0.000000000000e+00,1134,0
229,0.000000000000e+00,1130,0
230,0.000000000000e+00,882,0
231,0.000000000000e+00,1127,0
232,0.000000000000e+00,997,0
233,0.000000000000e+00,1157,0
234,0.000000000000e+00,946,0
235,0.000000000000e+00,1197,0
236,0.000000000000e+00,883,0
237,0.000000000000e+00,899,0
238,0.000000000000e+00,982,0
239,0.000000000000e+00,1110,0
240,0.000000000000e+00,1046,0
241,0.000000000000e+00,1058,0
242,0.000000000000e+00,844,1
243,0.000000000000e+00,1162,0
244,0.000000000000e+00,1119,1
245,0.000000000000e+00,979,1
246,0.000000000000e+00,1024,1
247,0.000000000000e+00,1005,0
248,0.000000000000e+00,1071,0
249,0.000000000000e+00,834,0
250,0.000000000000e+00,1119,0
251,0.000000000000e+00,865,0
252,0.000000000000e+00,855,2
253,0.000000000000e+00,880,1
254,0.000000000000e+00,938,0
255,0.000000000000e+00,861,0
256,0.000000000000e+00,1084,1
257,0.000000000000e+00,818,1
258,0.000000000000e+00,1013,1
259,0.000000000000e+00,1161,1
260,0.000000000000e+00,910,0
261,0.000000000000e+00,1024,0
262,0.000000000000e+00,951,1
263,0.000000000000e+00,1165,0
264,0.000000000000e+00,952,0
265,0.000000000000e+00,1042,2
266,0.000000000000e+00,1123,0
267,0.000000000000e+00,1159,0
268,0.000000000000e+00,814,0
269,0.000000000000e+00,904,0
270,0.000000000000e+00,1152,0
271,0.000000000000e+00,875,1
272,0.000000000000e+00,1020,1
273,0.000000000000e+00,1024,1
274,0.000000000000e+00,1101,0
275,0.000000000000e+00,968,1
276,0.000000000000e+00,1157,1
277,0.000000000000e+00,816,0
278,0.000000000000e+00,968,0
279,0.000000000000e+00,1192,0
280,0.000000000000e+00,1174,1
281,0.000000000000e+00,841,0
282,0.000000000000e+00,929,0
283,0.000000000000e+00,1018,1
284,0.000000000000e+00,1156,1
285,0.000000000000e+00,964,0
286,0.000000000000e+00,912,1
287,0.000000000000e+00,982,0
288,0.000000000000e+00,835,1
289,0.000000000000e+00,876,2
290,0.000000000000e+00,1021,0
291,0.000000000000e+00,1063,0
292,0.000000000000e+00,826,1
293,0.000000000000e+00,971,0
294,0.000000000000e+00,1093,0
295,0.000000000000e+00,1006,0
296,0.000000000000e+00,990,1
297,0.000000000000e+00,1099,0
298,0.000000000000e+00,1112,0
299,0.000000000000e+00,1171,0
300,0.000000000000e+00,1155,0
301,0.000000000000e+00,1051,0
302,0.000000000000e+00,1137,1
303,0.000000000000e+00,842,0
304,0.000000000000e+00,963,0
305,0.000000000000e+00,1068,0
306,0.000000000000e+00,835,0
307,0.000000000000e+00,1071,0
308,0.000000000000e+00,903,0
309,0.000000000000e+00,980,0
310,0.000000000000e+00,1052,0
311,0.000000000000e+00,1182,0
312,0.000000000000e+00,1151,0
313,0.000000000000e+00,865,0
314,0.000000000000e+00,894,1
315,0.000000000000e+00,849,1
316,0.000000000000e+00,1121,1
317,0.000000000000e+00,807,0
318,0.000000000000e+00,947,0
319,0.000000000000e+00,872,0
320,0.000000000000e+00,967,0
321,0.000000000000e+00,1142,0
322,0.000000000000e+00,928,0
323,0.000000000000e+00,811,1
324,0.000000000000e+00,1141,2
325,0.000000000000e+00,809,0
326,0.000000000000e+00,912,0
327,0.000000000000e+00,1073,0
328,0.000000000000e+00,962,0
329,0.000000000000e+00,893,0
330,0.000000000000e+00,1164,0
331,0.000000000000e+00,1168,1
332,0.000000000000e+00,1108,1
333,0.000000000000e+00,1042,1
334,0.000000000000e+00,956,0
335,0.000000000000e+00,942,0
336,0.000000000000e+00,977,1
337,0.000000000000e+00,989,0
338,0.000000000000e+00,1065,0
339,0.000000000000e+00,948,0
340,0.000000000000e+00,823,0
341,0.000000000000e+00,1038,0
342,0.000000000000e+00,1147,0
343,0.000000000000e+00,1142,1
344,0.000000000000e+00,875,1
345,0.000000000000e+00,1090,0
346,0.000000000000e+00,856,0
347,0.000000000000e+00,1145,0
348,0.000000000000e+00,919,1
349,0.000000000000e+00,815,0
350,0.000000000000e+00,967,0
351,0.000000000000e+00,857,0
352,0.000000000000e+00,1109,0
353,0.000000000000e+00,871,0
354,0.000000000000e+00,869,0
355,0.000000000000e+00,1198,0
356,0.000000000000e+00,951,0
357,0.000000000000e+00,978,0
358,0.000000000000e+00,986,0
359,0.000000000000e+00,996,1
360,0.000000000000e+00,850,0
361,0.000000000000e+00,914,0
362,0.000000000000e+00,842,1
363,0.000000000000e+00,1042,0
364,0.000000000000e+00,1047,0
365,0.000000000000e+00,967,2
366,0.000000000000e+00,942,0
367,0.000000000000e+00,800,0
368,0.000000000000e+00,959,0
369,0.000000000000e+00,937,0
370,0.000000000000e+00,928,2
371,0.000000000000e+00,1199,1
372,0.000000000000e+00,877,0
373,0.000000000000e+00,1186,0
374,0.000000000000e+00,1061,1
375,0.000000000000e+00,1094,0
376,0.000000000000e+00,1125,0
377,0.000000000000e+00,1045,0
378,0.000000000000e+00,927,1
379,0.000000000000e+00,1042,1
380,0.000000000000e+00,875,0
381,0.000000000000e+00,1046,0
382,0.000000000000e+00,837,0
383,0.000000000000e+00,1187,1
384,0.000000000000e+00,983,0
385,0.000000000000e+00,1011,0
386,0.000000000000e+00,1128,0
387,0.000000000000e+00,873,0
388,0.000000000000e+00,863,0
389,0.000000000000e+00,833,0
390,0.000000000000e+00,906,0
391,0.000000000000e+00,1043,0
392,0.000000000000e+00,1186,0
393,0.000000000000e+00,940,0
394,0.000000000000e+00,820,0
395,0.000000000000e+00,1169,0
396,0.000000000000e+00,835,0
397,0.000000000000e+00,948,1
398,0.000000000000e+00,1091,1
399,0.000000000000e+00,1053,1
400,0.000000000000e+00,996,1
401,0.000000000000e+00,1024,0
402,0.000000000000e+00,860,0
403,0.000000000000e+00,985,0
404,0.000000000000e+00,947,0
405,0.000000000000e+00,889,0
406,0.000000000000e+00,865,2
407,0.000000000000e+00,1115,0
408,0.000000000000e+00,813,0
409,0.000000000000e+00,871,1
410,0.000000000000e+00,814,0
411,0.000000000000e+00,801,2
412,0.000000000000e+00,805,2
413,0.000000000000e+00,870,1
414,0.000000000000e+00,910,0
415,0.000000000000e+00,1159,0
416,0.000000000000e+00,999,0
417,0.000000000000e+00,839,0
418,0.000000000000e+00,826,1
419,0.000000000000e+00,925,0
420,0.000000000000e+00,1142,1
421,0.000000000000e+00,960,1
422,0.000000000000e+00,1107,1
423,0.000000000000e+00,1182,0
424,0.000000000000e+00,1075,0
425,0.000000000000e+00,940,0
426,0.000000000000e+00,835,0
427,0.000000000000e+00,980,0
428,0.000000000000e+00,1187,0
429,0.000000000000e+00,831,0
430,0.000000000000e+00,975,1
431,0.000000000000e+00,1012,0
432,0.000000000000e+00,1196,1
433,0.000000000000e+00,1194,1
434,0.000000000000e+00,1182,1
435,0.000000000000e+00,1186,0
436,0.000000000000e+00,922,1
437,0.000000000000e+00,1006,0
438,0.000000000000e+00,900,0
439,0.000000000000e+00,860,0
440,0.000000000000e+00,868,0
441,0.000000000000e+00,811,0
442,0.000000000000e+00,1014,0
443,0.000000000000e+00,1013,2
444,0.000000000000e+00,969,1
445,0.000000000000e+00,852,1
446,0.000000000000e+00,872,0
447,0.000000000000e+00,975,0
448,0.000000000000e+00,900,0
449,0.000000000000e+00,1150,0
450,0.000000000000e+00,1087,0
451,0.000000000000e+00,1019,1
452,0.000000000000e+00,888,0
453,0.000000000000e+00,928,1
454,0.000000000000e+00,1167,3
455,0.000000000000e+00,1030,1
456,0.000000000000e+00,1183,0
457,0.000000000000e+00,864,0
458,0.000000000000e+00,1023,1
459,0.000000000000e+00,1133,0
460,0.000000000000e+00,1071,0
461,0.000000000000e+00,1058,1
462,0.000000000000e+00,937,0
463,0.000000000000e+00,943,0
464,0.000000000000e+00,976,0
465,0.000000000000e+00,836,0
466,0.000000000000e+00,828,0
467,0.000000000000e+00,1121,0
468,0.000000000000e+00,844,0
469,0.000000000000e+00,922,0
470,0.000000000000e+00,803,0
471,0.000000000000e+00,835,0
472,0.000000000000e+00,969,0
473,0.000000000000e+00,1035,0
474,0.000000000000e+00,1113,0
475,0.000000000000e+00,925,0
476,0.000000000000e+00,816,0
477,0.000000000000e+00,839,0
478,0.000000000000e+00,801,1
479,0.000000000000e+00,1001,0
480,0.000000000000e+00,969,0
481,0.000000000000e+00,1104,0
482,0.000000000000e+00,932,0
483,0.000000000000e+00,1099,2
484,0.000000000000e+00,843,0
485,0.000000000000e+00,918,0
486,0.000000000000e+00,951,1
487,0.000000000000e+00,1134,0
488,0.000000000000e+00,1185,0
489,0.000000000000e+00,966,0
490,0.000000000000e+00,1025,0
491,0.000000000000e+00,907,1
492,0.000000000000e+00,1179,1
493,0.000000000000e+00,1154,0
494,0.000000000000e+00,1128,1
495,0.000000000000e+00,1122,0
496,0.000000000000e+00,1010,3
497,0.000000000000e+00,939,3
498,0.000000000000e+00,952,0
499,0.000000000000e+00,1112,0
500,0.000000000000e+00,949,0
501,1.000000000000e-03,937,0
502,1.000000000000e-03,1162,2
503,1.000000000000e-03,821,2
504,1.000000000000e-03,1094,2
505,1.000000000000e-03,853,0
506,1.000000000000e-03,904,1
507,1.000000000000e-03,1058,1
508,1.000000000000e-03,915,1
509,1.000000000000e-03,832,1
510,1.000000000000e-03,1152,1
511,1.000000000000e-03,1100,2
512,1.000000000000e-03,1075,1
513,1.000000000000e-03,992,2
514,1.000000000000e-03,808,1
515,1.000000000000e-03,843,0
516,1.000000000000e-03,1074,2
517,1.000000000000e-03,948,3
518,1.000000000000e-03,1038,2
519,1.000000000000e-03,1082,1
520,1.000000000000e-03,1158,1
521,1.000000000000e-03,831,0
522,1.000000000000e-03,997,0
523,1.000000000000e-03,1170,1
524,1.000000000000e-03,819,1
525,1.000000000000e-03,1042,5
526,1.000000000000e-03,903,0
527,1.000000000000e-03,822,2
528,1.000000000000e-03,987,0
529,1.000000000000e-03,892,2
530,1.000000000000e-03,948,1
531,1.000000000000e-03,1154,2
532,1.000000000000e-03,952,0
533,1.000000000000e-03,1190,2
534,1.000000000000e-03,1175,2
535,1.000000000000e-03,1017,4
536,1.000000000000e-03,922,2
537,1.000000000000e-03,1077,2
538,1.000000000000e-03,1138,2
539,1.000000000000e-03,973,3
540,1.000000000000e-03,1116,3
541,1.000000000000e-03,970,1
542,1.000000000000e-03,841,0
543,1.000000000000e-03,1019,1
544,1.000000000000e-03,824,0
545,1.000000000000e-03,815,0
546,1.000000000000e-03,953,1
547,1.000000000000e-03,920,0
548,1.000000000000e-03,1139,1
549,1.000000000000e-03,1188,2
550,1.000000000000e-03,1007,2
551,1.000000000000e-03,1071,3
552,1.000000000000e-03,1186,2
553,1.000000000000e-03,1040,0
554,1.000000000000e-03,876,1
555,1.000000000000e-03,1154,0
556,1.000000000000e-03,1120,3
557,1.000000000000e-03,920,2
558,1.000000000000e-03,918,0
559,1.000000000000e-03,835,2
560,1.000000000000e-03,945,2
561,1.000000000000e-03,832,1
562,1.000000000000e-03,862,0
563,1.000000000000e-03,863,2
564,1.000000000000e-03,857,1
565,1.000000000000e-03,1014,1
566,1.000000000000e-03,1186,2
567,1.000000000000e-03,984,2
568,1.000000000000e-03,1128,2
569,1.000000000000e-03,971,0
570,1.000000000000e-03,1024,1
571,1.000000000000e-03,1114,1
572,1.000000000000e-03,1186,1
573,1.000000000000e-03,1124,1
574,1.000000000000e-03,882,2
575,1.000000000000e-03,929,2
576,1.000000000000e-03,827,1
577,1.000000000000e-03,1075,0
578,1.000000000000e-03,896,0
579,1.000000000000e-03,961,0
580,1.000000000000e-03,947,1
581,1.000000000000e-03,1194,1
582,1.000000000000e-03,1187,0
583,1.000000000000e-03,825,2
584,1.000000000000e-03,1047,2
585,1.000000000000e-03,860,2
586,1.000000000000e-03,1175,0
587,1.000000000000e-03,1120,0
588,1.000000000000e-03,1059,0
589,1.000000000000e-03,852,1
590,1.000000000000e-03,912,1
591,1.000000000000e-03,947,2
592,1.000000000000e-03,1139,3
593,1.000000000000e-03,1183,4
594,1.000000000000e-03,1195,4
595,1.000000000000e-03,998,1
596,1.000000000000e-03,896,2
597,1.000000000000e-03,1065,1
598,1.000000000000e-03,1007,1
599,1.000000000000e-03,1083,2
600,1.000000000000e-03,1015,1
601,1.000000000000e-03,858,0
602,1.000000000000e-03,964,2
603,1.000000000000e-03,1070,0
604,1.000000000000e-03,1195,0
605,1.000000000000e-03,948,0
606,1.000000000000e-03,840,0
607,1.000000000000e-03,1054,0
608,1.000000000000e-03,900,2
609,1.000000000000e-03,1006,0
610,1.000000000000e-03,928,1
611,1.000000000000e-03,899,2
612,1.000000000000e-03,976,0
613,1.000000000000e-03,813,1
614,1.000000000000e-03,1044,2
615,1.000000000000e-03,910,0
616,1.000000000000e-03,1199,1
617,1.000000000000e-03,1177,3
618,1.000000000000e-03,898,1
619,1.000000000000e-03,845,2
620,1.000000000000e-03,981,1
621,1.000000000000e-03,988,2
622,1.000000000000e-03,1127,0
623,1.000000000000e-03,862,1
624,1.000000000000e-03,835,2
625,1.000000000000e-03,1151,3
626,1.000000000000e-03,1020,5
627,1.000000000000e-03,849,1
628,1.000000000000e-03,1156,2
629,1.000000000000e-03,1008,2
630,1.000000000000e-03,820,2
631,1.000000000000e-03,1097,4
632,1.000000000000e-03,1076,3
633,1.000000000000e-03,1086,1
634,1.000000000000e-03,879,1
635,1.000000000000e-03,1133,2
636,1.000000000000e-03,1164,2
637,1.000000000000e-03,989,0
638,1.000000000000e-03,866,0
639,1.000000000000e-03,853,2
640,1.000000000000e-03,902,1
641,1.000000000000e-03,1084,2
642,1.000000000000e-03,993,1
643,1.000000000000e-03,1058,1
644,1.000000000000e-03,1184,1
645,1.000000000000e-03,1004,1
646,1.000000000000e-03,837,1
647,1.000000000000e-03,1156,2
648,1.000000000000e-03,1041,0
649,1.000000000000e-03,913,3
650,1.000000000000e-03,1142,1
651,1.000000000000e-03,898,1
652,1.000000000000e-03,801,2
653,1.000000000000e-03,965,1
654,1.000000000000e-03,831,1
655,1.000000000000e-03,823,2
656,1.000000000000e-03,934,1
657,1.000000000000e-03,1105,2
658,1.000000000000e-03,977,1
659,1.000000000000e-03,1035,3
660,1.000000000000e-03,1171,2
661,1.000000000000e-03,918,2
662,1.000000000000e-03,1183,0
663,1.000000000000e-03,921,1
664,1.000000000000e-03,1156,1
665,1.000000000000e-03,1141,0
666,1.000000000000e-03,821,0
667,1.000000000000e-03,1104,1
668,1.000000000000e-03,804,2
669,1.000000000000e-03,843,4
670,1.000000000000e-03,921,1
671,1.000000000000e-03,866,1
672,1.000000000000e-03,889,1
673,1.000000000000e-03,850,0
674,1.000000000000e-03,991,1
675,1.000000000000e-03,876,0
676,1.000000000000e-03,1048,0
677,1.000000000000e-03,820,0
678,1.000000000000e-03,932,2
679,1.000000000000e-03,971,3
680,1.000000000000e-03,853,1
681,1.000000000000e-03,905,2
682,1.000000000000e-03,965,0
683,1.000000000000e-03,1038,1
684,1.000000000000e-03,1186,0
685,1.000000000000e-03,1083,4
686,1.000000000000e-03,860,1
687,1.000000000000e-03,1045,0
688,1.000000000000e-03,868,0
689,1.000000000000e-03,1102,1
690,1.000000000000e-03,895,2
691,1.000000000000e-03,1054,3
692,1.000000000000e-03,928,0
693,1.000000000000e-03,884,1
694,1.000000000000e-03,886,2
695,1.000000000000e-03,1041,2
696,1.000000000000e-03,801,1
697,1.000000000000e-03,1174,1
698,1.000000000000e-03,1122,1
699,1.000000000000e-03,1195,1
700,1.000000000000e-03,1197,4
701,1.000000000000e-03,1156,1
702,1.000000000000e-03,1110,2
703,1.000000000000e-03,1187,1
704,1.000000000000e-03,952,1
705,1.000000000000e-03,997,2
706,1.000000000000e-03,1013,1
707,1.000000000000e-03,1104,3
708,1.000000000000e-03,900,0
709,1.000000000000e-03,850,4
710,1.000000000000e-03,1116,2
711,1.000000000000e-03,1017,1
712,1.000000000000e-03,842,1
713,1.000000000000e-03,874,1
714,1.000000000000e-03,947,1
715,1.000000000000e-03,999,2
716,1.000000000000e-03,1182,3
717,1.000000000000e-03,861,2
718,1.000000000000e-03,1083,0
719,1.000000000000e-03,1157,0
720,1.000000000000e-03,1175,1
721,1.000000000000e-03,882,1
722,1.000000000000e-03,904,2
723,1.000000000000e-03,994,1
724,1.000000000000e-03,945,1
725,1.000000000000e-03,996,1
726,1.000000000000e-03,1188,2
727,1.000000000000e-03,1081,2
728,1.000000000000e-03,1126,1
729,1.000000000000e-03,1099,2
730,1.000000000000e-03,1005,0
731,1.000000000000e-03,1191,2
732,1.000000000000e-03,854,2
733,1.000000000000e-03,1151,1
734,1.000000000000e-03,1181,1
735,1.000000000000e-03,1162,4
736,1.000000000000e-03,810,1
737,1.000000000000e-03,864,0
738,1.000000000000e-03,1133,1
739,1.000000000000e-03,974,0
740,1.000000000000e-03,809,0
741,1.000000000000e-03,852,1
742,1.000000000000e-03,1013,1
743,1.000000000000e-03,1014,2
744,1.000000000000e-03,865,2
745,1.000000000000e-03,1112,3
746,1.000000000000e-03,1030,2
747,1.000000000000e-03,819,1
748,1.000000000000e-03,1178,1
749,1.000000000000e-03,872,2
750,1.000000000000e-03,900,3
751,1.000000000000e-03,860,0
752,1.000000000000e-03,1020,0
753,1.000000000000e-03,917,3
754,1.000000000000e-03,1157,1
755,1.000000000000e-03,1164,3
756,1.000000000000e-03,1112,0
757,1.000000000000e-03,1171,1
758,1.000000000000e-03,1197,1
759,1.000000000000e-03,1194,1
760,1.000000000000e-03,1038,2
761,1.000000000000e-03,926,1
762,1.000000000000e-03,983,1
763,1.000000000000e-03,945,0
764,1.000000000000e-03,864,0
765,1.000000000000e-03,1169,4
766,1.000000000000e-03,941,3
767,1.000000000000e-03,1127,1
768,1.000000000000e-03,954,1
769,1.000000000000e-03,992,1
770,1.000000000000e-03,803,1
771,1.000000000000e-03,915,1
772,1.000000000000e-03,1002,1
773,1.000000000000e-03,983,3
774,1.000000000000e-03,1082,0
775,1.000000000000e-03,1128,4
776,1.000000000000e-03,891,1
777,1.000000000000e-03,1069,1
778,1.000000000000e-03,1062,1
779,1.000000000000e-03,1140,4
780,1.000000000000e-03,1069,1
781,1.000000000000e-03,957,2
782,1.000000000000e-03,889,0
783,1.000000000000e-03,1062,1
784,1.000000000000e-03,883,3
785,1.000000000000e-03,826,2
786,1.000000000000e-03,1167,3
787,1.000000000000e-03,1096,1
788,1.000000000000e-03,1036,1
789,1.000000000000e-03,954,2
790,1.000000000000e-03,971,2
791,1.000000000000e-03,825,2
792,1.000000000000e-03,1170,3
793,1.000000000000e-03,956,1
794,1.000000000000e-03,805,1
795,1.000000000000e-03,1191,2
796,1.000000000000e-03,957,3
797,1.000000000000e-03,1165,4
798,1.000000000000e-03,957,2
799,1.000000000000e-03,888,2
800,1.000000000000e-03,983,1
801,1.000000000000e-03,1054,0
802,1.000000000000e-03,1088,0
803,1.000000000000e-03,907,0
804,1.000000000000e-03,1130,2
805,1.000000000000e-03,1111,1
806,1.000000000000e-03,907,1
807,1.000000000000e-03,1006,1
808,1.000000000000e-03,826,0
809,1.000000000000e-03,1004,4
810,1.000000000000e-03,1064,1
811,1.000000000000e-03,1187,0
812,1.000000000000e-03,1099,0
813,1.000000000000e-03,937,2
814,1.000000000000e-03,1027,4
815,1.000000000000e-03,1017,2
816,1.000000000000e-03,976,1
817,1.000000000000e-03,1166,2
818,1.000000000000e-03,1131,1
819,1.000000000000e-03,998,2
820,1.000000000000e-03,844,0
821,1.000000000000e-03,996,2
822,1.000000000000e-03,933,2
823,1.000000000000e-03,925,1
824,1.000000000000e-03,1002,3
825,1.000000000000e-03,951,2
826,1.000000000000e-03,845,2
827,1.000000000000e-03,1104,0
828,1.000000000000e-03,964,1
829,1.000000000000e-03,935,1
830,1.000000000000e-03,948,2
831,1.000000000000e-03,1068,3
832,1.000000000000e-03,949,2
833,1.000000000000e-03,1063,4
834,1.000000000000e-03,990,0
835,1.000000000000e-03,985,4
836,1.000000000000e-03,842,0
837,1.000000000000e-03,1124,2
838,1.000000000000e-03,938,1
839,1.000000000000e-03,834,1
840,1.000000000000e-03,1055,0
841,1.000000000000e-03,980,1
842,1.000000000000e-03,901,0
843,1.000000000000e-03,847,0
844,1.000000000000e-03,922,0
845,1.000000000000e-03,884,2
846,1.000000000000e-03,1193,0
847,1.000000000000e-03,897,1
848,1.000000000000e-03,930,2
849,1.000000000000e-03,1127,4
850,1.000000000000e-03,977,4
851,1.000000000000e-03,854,3
852,1.000000000000e-03,1148,0
853,1.000000000000e-03,867,1
854,1.000000000000e-03,942,1
855,1.000000000000e-03,941,0
856,1.000000000000e-03,1176,0
857,1.000000000000e-03,1079,1
858,1.000000000000e-03,931,0
859,1.000000000000e-03,991,1
860,1.000000000000e-03,1147,2
861,1.000000000000e-03,919,2
862,1.000000000000e-03,1134,2
863,1.000000000000e-03,1039,1
864,1.000000000000e-03,850,3
865,1.000000000000e-03,868,0
866,1.000000000000e-03,985,1
867,1.000000000000e-03,868,0
868,1.000000000000e-03,1133,0
869,1.000000000000e-03,965,1
870,1.000000000000e-03,827,1
871,1.000000000000e-03,1174,2
872,1.000000000000e-03,1028,1
873,1.000000000000e-03,1194,1
874,1.000000000000e-03,984,0
875,1.000000000000e-03,971,2
876,1.000000000000e-03,973,0
877,1.000000000000e-03,1120,2
878,1.000000000000e-03,1071,0
879,1.000000000000e-03,1083,0
880,1.000000000000e-03,1032,0
881,1.000000000000e-03,1178,0
882,1.000000000000e-03,1017,2
883,1.000000000000e-03,882,2
884,1.000000000000e-03,1052,2
885,1.000000000000e-03,1038,1
886,1.000000000000e-03,956,1
887,1.000000000000e-03,1134,0
888,1.000000000000e-03,843,1
889,1.000000000000e-03,931,0
890,1.000000000000e-03,1127,2
891,1.000000000000e-03,1028,1
892,1.000000000000e-03,957,2
893,1.000000000000e-03,1144,1
894,1.000000000000e-03,1045,1
895,1.000000000000e-03,1001,1
896,1.000000000000e-03,993,3
897,1.000000000000e-03,1109,0
898,1.000000000000e-03,1182,2
899,1.000000000000e-03,1098,1
900,1.000000000000e-03,871,3
901,1.000000000000e-03,963,0
902,1.000000000000e-03,826,0
903,1.000000000000e-03,937,2
904,1.000000000000e-03,1006,0
905,1.000000000000e-03,883,0
906,1.000000000000e-03,978,2
907,1.000000000000e-03,1197,1
908,1.000000000000e-03,801,1
909,1.000000000000e-03,979,0
910,1.000000000000e-03,999,0
911,1.000000000000e-03,1113,1
912,1.000000000000e-03,1118,2
913,1.000000000000e-03,1053,2
914,1.000000000000e-03,1105,4
915,1.000000000000e-03,1180,5
916,1.000000000000e-03,912,3
917,1.000000000000e-03,949,0
918,1.000000000000e-03,1121,1
919,1.000000000000e-03,1071,2
920,1.000000000000e-03,835,1
921,1.000000000000e-03,918,2
922,1.000000000000e-03,1200,1
923,1.000000000000e-03,1105,0
924,1.000000000000e-03,976,4
925,1.000000000000e-03,1111,0
926,1.000000000000e-03,1065,1
927,1.000000000000e-03,921,1
928,1.000000000000e-03,1106,2
929,1.000000000000e-03,816,0
930,1.000000000000e-03,1005,2
931,1.000000000000e-03,821,1
932,1.000000000000e-03,958,4
933,1.000000000000e-03,1068,0
934,1.000000000000e-03,1196,0
935,1.000000000000e-03,1076,2
936,1.000000000000e-03,1159,2
937,1.000000000000e-03,987,3
938,1.000000000000e-03,1170,1
939,1.000000000000e-03,1056,1
940,1.000000000000e-03,1077,4
941,1.000000000000e-03,1073,1
942,1.000000000000e-03,865,0
943,1.000000000000e-03,948,1
944,1.000000000000e-03,949,0
945,1.000000000000e-03,924,0
946,1.000000000000e-03,808,1
947,1.000000000000e-03,898,1
948,1.000000000000e-03,897,2
949,1.000000000000e-03,950,2
950,1.000000000000e-03,1174,1
951,1.000000000000e-03,858,1
952,1.000000000000e-03,958,0
953,1.000000000000e-03,949,0
954,1.000000000000e-03,1163,0
955,1.000000000000e-03,1029,5
956,1.000000000000e-03,1111,1
957,1.000000000000e-03,1135,3
958,1.000000000000e-03,890,2
959,1.000000000000e-03,931,0
960,1.000000000000e-03,801,2
961,1.000000000000e-03,1030,4
962,1.000000000000e-03,1058,2
963,1.000000000000e-03,1117,3
964,1.000000000000e-03,1154,1
965,1.000000000000e-03,1178,0
966,1.000000000000e-03,1059,1
967,1.000000000000e-03,849,1
968,1.000000000000e-03,994,1
969,1.000000000000e-03,1008,2
970,1.000000000000e-03,1195,1
971,1.000000000000e-03,1135,3
972,1.000000000000e-03,1062,3
973,1.000000000000e-03,1038,1
974,1.000000000000e-03,1022,3
975,1.000000000000e-03,915,0
976,1.000000000000e-03,1158,1
977,1.000000000000e-03,1066,0
978,1.000000000000e-03,1179,2
979,1.000000000000e-03,1151,1
980,1.000000000000e-03,993,4
981,1.000000000000e-03,1149,1
982,1.000000000000e-03,865,0
983,1.000000000000e-03,899,1
984,1.000000000000e-03,833,0
985,1.000000000000e-03,981,1
986,1.000000000000e-03,886,2
987,1.000000000000e-03,1127,2
988,1.000000000000e-03,959,1
989,1.000000000000e-03,1168,1
990,1.000000000000e-03,1153,2
991,1.000000000000e-03,1063,1
992,1.000000000000e-03,877,2
993,1.000000000000e-03,1004,4
994,1.000000000000e-03,912,2
995,1.000000000000e-03,1022,1
996,1.000000000000e-03,1111,0
997,1.000000000000e-03,1200,2
998,1.000000000000e-03,1022,3
999,1.000000000000e-03,995,2
1000,1.000000000000e-03,970,3
1001,2.500000000000e-03,1099,4
1002,2.500000000000e-03,1084,1
1003,2.500000000000e-03,1003,3
1004,2.500000000000e-03,1051,4
1005,2.500000000000e-03,854,3
1006,2.500000000000e-03,830,3
1007,2.500000000000e-03,1118,3
1008,2.500000000000e-03,1096,4
1009,2.500000000000e-03,1179,4
1010,2.500000000000e-03,967,3
1011,2.500000000000e-03,1001,1
1012,2.500000000000e-03,1050,6
1013,2.500000000000e-03,1095,6
1014,2.500000000000e-03,1003,7
1015,2.500000000000e-03,857,5
1016,2.500000000000e-03,940,4
1017,2.500000000000e-03,984,4
1018,2.500000000000e-03,938,4
1019,2.500000000000e-03,856,7
1020,2.500000000000e-03,971,1
1021,2.500000000000e-03,964,2
1022,2.500000000000e-03,1118,5
1023,2.500000000000e-03,928,1
1024,2.500000000000e-03,1159,6
1025,2.500000000000e-03,849,6
1026,2.500000000000e-03,876,3
1027,2.500000000000e-03,803,3
1028,2.500000000000e-03,851,0
1029,2.500000000000e-03,1088,3
1030,2.500000000000e-03,1021,4
1031,2.500000000000e-03,1031,3
1032,2.500000000000e-03,1096,3
1033,2.500000000000e-03,1035,2
1034,2.500000000000e-03,890,3
1035,2.500000000000e-03,833,5
1036,2.500000000000e-03,1153,4
1037,2.500000000000e-03,910,3
1038,2.500000000000e-03,1120,6
1039,2.500000000000e-03,998,1
1040,2.500000000000e-03,874,2
1041,2.500000000000e-03,1122,3
1042,2.500000000000e-03,922,3
1043,2.500000000000e-03,1066,4
1044,2.500000000000e-03,912,3
1045,2.500000000000e-03,839,6
1046,2.500000000000e-03,1073,3
1047,2.500000000000e-03,803,3
1048,2.500000000000e-03,805,2
1049,2.500000000000e-03,894,2
1050,2.500000000000e-03,1144,1
1051,2.500000000000e-03,1071,2
1052,2.500000000000e-03,1031,2
1053,2.500000000000e-03,1167,2
1054,2.500000000000e-03,933,1
1055,2.500000000000e-03,805,1
1056,2.500000000000e-03,1011,2
1057,2.500000000000e-03,1170,7
1058,2.500000000000e-03,991,1
1059,2.500000000000e-03,846,3
1060,2.500000000000e-03,858,3
1061,2.500000000000e-03,1041,3
1062,2.500000000000e-03,826,0
1063,2.500000000000e-03,959,3
1064,2.500000000000e-03,1117,4
1065,2.500000000000e-03,1095,3
1066,2.500000000000e-03,905,3
1067,2.500000000000e-03,951,2
1068,2.500000000000e-03,930,4
1069,2.500000000000e-03,889,3
1070,2.500000000000e-03,855,0
1071,2.500000000000e-03,1051,1
1072,2.500000000000e-03,830,1
1073,2.500000000000e-03,918,2
1074,2.500000000000e-03,1071,6
1075,2.500000000000e-03,1154,2
1076,2.500000000000e-03,922,3
1077,2.500000000000e-03,982,3
1078,2.500000000000e-03,1009,2
1079,2.500000000000e-03,862,3
1080,2.500000000000e-03,1087,1
1081,2.500000000000e-03,913,4
1082,2.500000000000e-03,1188,2
1083,2.500000000000e-03,1190,3
1084,2.500000000000e-03,1023,4
1085,2.500000000000e-03,1087,4
1086,2.500000000000e-03,1057,3
1087,2.500000000000e-03,934,3
1088,2.500000000000e-03,1172,3
1089,2.500000000000e-03,997,2
1090,2.500000000000e-03,1053,3
1091,2.500000000000e-03,998,1
1092,2.500000000000e-03,885,2
1093,2.500000000000e-03,1015,2
1094,2.500000000000e-03,1072,3
1095,2.500000000000e-03,1192,3
1096,2.500000000000e-03,859,1
1097,2.500000000000e-03,972,2
1098,2.500000000000e-03,1051,3
1099,2.500000000000e-03,1096,2
1100,2.500000000000e-03,1028,2
1101,2.500000000000e-03,950,2
1102,2.500000000000e-03,1129,8
1103,2.500000000000e-03,859,3
1104,2.500000000000e-03,964,4
1105,2.500000000000e-03,946,4
1106,2.500000000000e-03,894,3
1107,2.500000000000e-03,869,2
1108,2.500000000000e-03,844,5
1109,2.500000000000e-03,1183,6
1110,2.500000000000e-03,1142,4
1111,2.500000000000e-03,986,4
1112,2.500000000000e-03,900,2
1113,2.500000000000e-03,860,1
1114,2.500000000000e-03,913,2
1115,2.500000000000e-03,1025,0
1116,2.500000000000e-03,928,1
1117,2.500000000000e-03,1048,2
1118,2.500000000000e-03,965,3
1119,2.500000000000e-03,872,3
1120,2.500000000000e-03,980,2
1121,2.500000000000e-03,1005,1
1122,2.500000000000e-03,993,2
1123,2.500000000000e-03,963,2
1124,2.500000000000e-03,1159,2
1125,2.500000000000e-03,967,7
1126,2.500000000000e-03,957,6
1127,2.500000000000e-03,1061,0
1128,2.500000000000e-03,1147,4
1129,2.500000000000e-03,1133,2
1130,2.500000000000e-03,909,2
1131,2.500000000000e-03,910,1
1132,2.500000000000e-03,1187,2
1133,2.500000000000e-03,1167,2
1134,2.500000000000e-03,1116,8
1135,2.500000000000e-03,1127,3
1136,2.500000000000e-03,946,3
1137,2.500000000000e-03,898,3
1138,2.500000000000e-03,1092,5
1139,2.500000000000e-03,892,4
1140,2.500000000000e-03,1005,3
1141,2.500000000000e-03,1199,5
1142,2.500000000000e-03,1042,0
1143,2.500000000000e-03,1107,4
1144,2.500000000000e-03,1176,4
1145,2.500000000000e-03,1139,0
1146,2.500000000000e-03,943,1
1147,2.500000000000e-03,1147,6
1148,2.500000000000e-03,1097,6
1149,2.500000000000e-03,1076,1
1150,2.500000000000e-03,805,3
1151,2.500000000000e-03,863,1
1152,2.500000000000e-03,942,4
1153,2.500000000000e-03,962,3
1154,2.500000000000e-03,836,2
1155,2.500000000000e-03,1061,3
1156,2.500000000000e-03,1062,2
1157,2.500000000000e-03,941,2
1158,2.500000000000e-03,1090,2
1159,2.500000000000e-03,903,2
1160,2.500000000000e-03,963,1
1161,2.500000000000e-03,897,1
1162,2.500000000000e-03,844,1
1163,2.500000000000e-03,1193,3
1164,2.500000000000e-03,1172,0
1165,2.500000000000e-03,1128,4
1166,2.500000000000e-03,818,4
1167,2.500000000000e-03,1033,0
1168,2.500000000000e-03,1140,2
1169,2.500000000000e-03,1163,2
1170,2.500000000000e-03,961,1
1171,2.500000000000e-03,958,3
1172,2.500000000000e-03,1083,0
1173,2.500000000000e-03,1000,1
1174,2.500000000000e-03,955,0
1175,2.500000000000e-03,1119,3
1176,2.500000000000e-03,985,5
1177,2.500000000000e-03,1031,3
1178,2.500000000000e-03,1010,4
1179,2.500000000000e-03,998,3
1180,2.500000000000e-03,824,1
1181,2.500000000000e-03,1036,4
1182,2.500000000000e-03,1150,3
1183,2.500000000000e-03,1028,4
1184,2.500000000000e-03,1023,4
1185,2.500000000000e-03,1144,4
1186,2.500000000000e-03,1099,6
1187,2.500000000000e-03,974,2
1188,2.500000000000e-03,1189,6
1189,2.500000000000e-03,984,2
1190,2.500000000000e-03,1068,2
1191,2.500000000000e-03,833,4
1192,2.500000000000e-03,1105,4
1193,2.500000000000e-03,1194,4
1194,2.500000000000e-03,1170,2
1195,2.500000000000e-03,1176,3
1196,2.500000000000e-03,1159,8
1197,2.500000000000e-03,1144,2
1198,2.500000000000e-03,1186,3
1199,2.500000000000e-03,1090,2
1200,2.500000000000e-03,1100,3
1201,2.500000000000e-03,803,3
1202,2.500000000000e-03,904,5
1203,2.500000000000e-03,982,2
1204,2.500000000000e-03,1055,2
1205,2.500000000000e-03,1066,3
1206,2.500000000000e-03,850,0
1207,2.500000000000e-03,816,1
1208,2.500000000000e-03,1058,0
1209,2.500000000000e-03,1080,4
1210,2.500000000000e-03,990,2
1211,2.500000000000e-03,882,3
1212,2.500000000000e-03,944,1
1213,2.500000000000e-03,964,3
1214,2.500000000000e-03,897,1
1215,2.500000000000e-03,1162,2
1216,2.500000000000e-03,955,2
1217,2.500000000000e-03,965,5
1218,2.500000000000e-03,1143,2
1219,2.500000000000e-03,1019,1
1220,2.500000000000e-03,866,0
1221,2.500000000000e-03,897,3
1222,2.500000000000e-03,1108,5
1223,2.500000000000e-03,1155,1
1224,2.500000000000e-03,1157,3
1225,2.500000000000e-03,1188,5
1226,2.500000000000e-03,918,2
1227,2.500000000000e-03,985,5
1228,2.500000000000e-03,1014,4
1229,2.500000000000e-03,1175,2
1230,2.500000000000e-03,1057,8
1231,2.500000000000e-03,814,1
1232,2.500000000000e-03,967,2
1233,2.500000000000e-03,1082,2
1234,2.500000000000e-03,972,3
1235,2.500000000000e-03,1197,2
1236,2.500000000000e-03,1059,1
1237,2.500000000000e-03,1195,3
1238,2.500000000000e-03,837,3
1239,2.500000000000e-03,1148,3
1240,2.500000000000e-03,1127,3
1241,2.500000000000e-03,1128,2
1242,2.500000000000e-03,878,1
1243,2.500000000000e-03,901,0
1244,2.500000000000e-03,887,4
1245,2.500000000000e-03,1171,5
1246,2.500000000000e-03,817,3
1247,2.500000000000e-03,1068,0
1248,2.500000000000e-03,965,1
1249,2.500000000000e-03,818,4
1250,2.500000000000e-03,872,4
1251,2.500000000000e-03,954,1
1252,2.500000000000e-03,926,4
1253,2.500000000000e-03,981,6
1254,2.500000000000e-03,824,3
1255,2.500000000000e-03,1163,2
1256,2.500000000000e-03,1045,6
1257,2.500000000000e-03,1009,2
1258,2.500000000000e-03,1153,4
1259,2.500000000000e-03,862,7
1260,2.500000000000e-03,865,1
1261,2.500000000000e-03,1105,5
1262,2.500000000000e-03,1178,5
1263,2.500000000000e-03,901,6
1264,2.500000000000e-03,1175,3
1265,2.500000000000e-03,1102,3
1266,2.500000000000e-03,1141,6
1267,2.500000000000e-03,896,1
1268,2.500000000000e-03,1022,1
1269,2.500000000000e-03,855,1
1270,2.500000000000e-03,1114,1
1271,2.500000000000e-03,824,1
1272,2.500000000000e-03,1191,4
1273,2.500000000000e-03,892,6
1274,2.500000000000e-03,809,2
1275,2.500000000000e-03,1186,4
1276,2.500000000000e-03,1007,2
1277,2.500000000000e-03,956,2
1278,2.500000000000e-03,1076,4
1279,2.500000000000e-03,1055,3
1280,2.500000000000e-03,846,0
1281,2.500000000000e-03,810,3
1282,2.500000000000e-03,1095,2
1283,2.500000000000e-03,969,3
1284,2.500000000000e-03,866,4
1285,2.500000000000e-03,944,4
1286,2.500000000000e-03,956,0
1287,2.500000000000e-03,934,2
1288,2.500000000000e-03,1053,4
1289,2.500000000000e-03,1131,3
1290,2.500000000000e-03,1158,5
1291,2.500000000000e-03,1006,4
1292,2.500000000000e-03,994,1
1293,2.500000000000e-03,1191,2
1294,2.500000000000e-03,839,1
1295,2.500000000000e-03,816,3
1296,2.500000000000e-03,1196,3
1297,2.500000000000e-03,1018,5
1298,2.500000000000e-03,874,3
1299,2.500000000000e-03,808,3
1300,2.500000000000e-03,880,3
1301,2.500000000000e-03,1110,3
1302,2.500000000000e-03,1119,1
1303,2.500000000000e-03,1178,5
1304,2.500000000000e-03,1042,1
1305,2.500000000000e-03,1063,2
1306,2.500000000000e-03,943,3
1307,2.500000000000e-03,982,1
1308,2.500000000000e-03,960,1
1309,2.500000000000e-03,1117,5
1310,2.500000000000e-03,818,4
1311,2.500000000000e-03,1002,3
1312,2.500000000000e-03,971,2
1313,2.500000000000e-03,1023,3
1314,2.500000000000e-03,1126,2
1315,2.500000000000e-03,1096,5
1316,2.500000000000e-03,1154,3
1317,2.500000000000e-03,1032,5
1318,2.500000000000e-03,846,2
1319,2.500000000000e-03,1106,3
1320,2.500000000000e-03,1186,5
1321,2.500000000000e-03,940,2
1322,2.500000000000e-03,1072,4
1323,2.500000000000e-03,833,2
1324,2.500000000000e-03,821,0
1325,2.500000000000e-03,1170,3
1326,2.500000000000e-03,1088,3
1327,2.500000000000e-03,1027,1
1328,2.500000000000e-03,905,3
1329,2.500000000000e-03,947,4
1330,2.500000000000e-03,1195,0
1331,2.500000000000e-03,1033,3
1332,2.500000000000e-03,914,3
1333,2.500000000000e-03,963,3
1334,2.500000000000e-03,952,3
1335,2.500000000000e-03,1198,5
1336,2.500000000000e-03,885,1
1337,2.500000000000e-03,994,4
1338,2.500000000000e-03,1028,2
1339,2.500000000000e-03,1105,2
1340,2.500000000000e-03,818,1
1341,2.500000000000e-03,1109,5
1342,2.500000000000e-03,1005,2
1343,2.500000000000e-03,1073,2
1344,2.500000000000e-03,1077,3
1345,2.500000000000e-03,875,2
1346,2.500000000000e-03,903,8
1347,2.500000000000e-03,894,0
1348,2.500000000000e-03,952,3
1349,2.500000000000e-03,1073,4
1350,2.500000000000e-03,1137,8
1351,2.500000000000e-03,1068,1
1352,2.500000000000e-03,949,2
1353,2.500000000000e-03,919,0
1354,2.500000000000e-03,931,2
1355,2.500000000000e-03,853,1
1356,2.500000000000e-03,839,2
1357,2.500000000000e-03,1013,1
1358,2.500000000000e-03,1042,2
1359,2.500000000000e-03,1125,1
1360,2.500000000000e-03,911,4
1361,2.500000000000e-03,924,2
1362,2.500000000000e-03,1049,1
1363,2.500000000000e-03,974,5
1364,2.500000000000e-03,1159,2
1365,2.500000000000e-03,820,1
1366,2.500000000000e-03,941,2
1367,2.500000000000e-03,1115,7
1368,2.500000000000e-03,1063,5
1369,2.500000000000e-03,955,1
1370,2.500000000000e-03,1192,1
1371,2.500000000000e-03,1035,3
1372,2.500000000000e-03,1109,0
1373,2.500000000000e-03,904,6
1374,2.500000000000e-03,824,3
1375,2.500000000000e-03,852,1
1376,2.500000000000e-03,882,3
1377,2.500000000000e-03,1082,2
1378,2.500000000000e-03,1119,3
1379,2.500000000000e-03,1016,5
1380,2.500000000000e-03,1118,4
1381,2.500000000000e-03,1017,3
1382,2.500000000000e-03,1100,6
1383,2.500000000000e-03,1195,3
1384,2.500000000000e-03,825,1
1385,2.500000000000e-03,1040,3
1386,2.500000000000e-03,959,1
1387,2.500000000000e-03,1153,4
1388,2.500000000000e-03,935,3
1389,2.500000000000e-03,1200,6
1390,2.500000000000e-03,955,2
1391,2.500000000000e-03,908,1
1392,2.500000000000e-03,1015,1
1393,2.500000000000e-03,1040,3
1394,2.500000000000e-03,814,1
1395,2.500000000000e-03,882,2
1396,2.500000000000e-03,904,1
1397,2.500000000000e-03,867,6
1398,2.500000000000e-03,919,2
1399,2.500000000000e-03,1133,3
1400,2.500000000000e-03,1169,3
1401,2.500000000000e-03,1059,3
1402,2.500000000000e-03,805,3
1403,2.500000000000e-03,1060,2
1404,2.500000000000e-03,968,3
1405,2.500000000000e-03,941,3
1406,2.500000000000e-03,1110,4
1407,2.500000000000e-03,995,3
1408,2.500000000000e-03,870,2
1409,2.500000000000e-03,1007,3
1410,2.500000000000e-03,1165,3
1411,2.500000000000e-03,807,2
1412,2.500000000000e-03,1038,2
1413,2.500000000000e-03,805,3
1414,2.500000000000e-03,859,1
1415,2.500000000000e-03,860,3
1416,2.500000000000e-03,888,2
1417,2.500000000000e-03,1067,5
1418,2.500000000000e-03,923,2
1419,2.500000000000e-03,990,1
1420,2.500000000000e-03,971,1
1421,2.500000000000e-03,1076,2
1422,2.500000000000e-03,889,0
1423,2.500000000000e-03,1075,3
1424,2.500000000000e-03,1139,4
1425,2.500000000000e-03,1078,4
1426,2.500000000000e-03,1182,2
1427,2.500000000000e-03,1157,0
1428,2.500000000000e-03,951,6
1429,2.500000000000e-03,821,1
1430,2.500000000000e-03,885,2
1431,2.500000000000e-03,1095,4
1432,2.500000000000e-03,1128,4
1433,2.500000000000e-03,920,3
1434,2.500000000000e-03,895,3
1435,2.500000000000e-03,1060,3
1436,2.500000000000e-03,1128,6
1437,2.500000000000e-03,1113,3
1438,2.500000000000e-03,1135,4
1439,2.500000000000e-03,1184,5
1440,2.500000000000e-03,951,3
1441,2.500000000000e-03,1027,2
1442,2.500000000000e-03,899,3
1443,2.500000000000e-03,1117,4
1444,2.500000000000e-03,975,2
1445,2.500000000000e-03,1050,0
1446,2.500000000000e-03,950,4
1447,2.500000000000e-03,839,2
1448,2.500000000000e-03,1076,6
1449,2.500000000000e-03,888,2
1450,2.500000000000e-03,1123,3
1451,2.500000000000e-03,1044,3
1452,2.500000000000e-03,1044,4
1453,2.500000000000e-03,1093,1
1454,2.500000000000e-03,1199,4
1455,2.500000000000e-03,901,0
1456,2.500000000000e-03,885,3
1457,2.500000000000e-03,921,6
1458,2.500000000000e-03,1046,0
1459,2.500000000000e-03,881,1
1460,2.500000000000e-03,848,2
1461,2.500000000000e-03,1088,4
1462,2.500000000000e-03,1191,3
1463,2.500000000000e-03,1155,3
1464,2.500000000000e-03,840,1
1465,2.500000000000e-03,810,0
1466,2.500000000000e-03,1093,1
1467,2.500000000000e-03,871,1
1468,2.500000000000e-03,934,1
1469,2.500000000000e-03,839,2
1470,2.500000000000e-03,868,2
1471,2.500000000000e-03,886,2
1472,2.500000000000e-03,851,2
1473,2.500000000000e-03,974,2
1474,2.500000000000e-03,1173,4
1475,2.500000000000e-03,990,1
1476,2.500000000000e-03,848,2
1477,2.500000000000e-03,942,1
1478,2.500000000000e-03,986,4
1479,2.500000000000e-03,1193,3
1480,2.500000000000e-03,814,2
1481,2.500000000000e-03,975,3
1482,2.500000000000e-03,1132,1
1483,2.500000000000e-03,1076,0
1484,2.500000000000e-03,1195,4
1485,2.500000000000e-03,1165,1
1486,2.500000000000e-03,1019,2
1487,2.500000000000e-03,1067,1
1488,2.500000000000e-03,811,3
1489,2.500000000000e-03,1196,4
1490,2.500000000000e-03,1090,4
1491,2.500000000000e-03,1052,6
1492,2.500000000000e-03,1030,3
1493,2.500000000000e-03,1072,2
1494,2.500000000000e-03,957,3
1495,2.500000000000e-03,970,1
1496,2.500000000000e-03,1078,6
1497,2.500000000000e-03,1177,0
1498,2.500000000000e-03,1043,3
1499,2.500000000000e-03,959,5
1500,2.500000000000e-03,1063,2
1501,5.000000000000e-03,815,2
1502,5.000000000000e-03,1019,10
1503,5.000000000000e-03,1099,3
1504,5.000000000000e-03,974,4
1505,5.000000000000e-03,1180,6
1506,5.000000000000e-03,906,6
1507,5.000000000000e-03,900,4
1508,5.000000000000e-03,1175,6
1509,5.000000000000e-03,1001,8
1510,5.000000000000e-03,1061,4
1511,5.000000000000e-03,845,3
1512,5.000000000000e-03,1199,5
1513,5.000000000000e-03,1014,4
1514,5.000000000000e-03,928,4
1515,5.000000000000e-03,1031,6
1516,5.000000000000e-03,1003,2
1517,5.000000000000e-03,829,3
1518,5.000000000000e-03,1015,6
1519,5.000000000000e-03,1085,7
1520,5.000000000000e-03,841,7
1521,5.000000000000e-03,966,6
1522,5.000000000000e-03,818,6
1523,5.000000000000e-03,870,1
1524,5.000000000000e-03,830,4
1525,5.000000000000e-03,822,2
1526,5.000000000000e-03,1037,3
1527,5.000000000000e-03,983,4
1528,5.000000000000e-03,993,5
1529,5.000000000000e-03,1080,4
1530,5.000000000000e-03,902,2
1531,5.000000000000e-03,802,5
1532,5.000000000000e-03,1104,5
1533,5.000000000000e-03,1155,7
1534,5.000000000000e-03,835,3
1535,5.000000000000e-03,875,6
1536,5.000000000000e-03,964,8
1537,5.000000000000e-03,954,4
1538,5.000000000000e-03,1109,6
1539,5.000000000000e-03,1167,7
1540,5.000000000000e-03,837,7
1541,5.000000000000e-03,1200,10
1542,5.000000000000e-03,921,8
1543,5.000000000000e-03,1033,6
1544,5.000000000000e-03,1107,6
1545,5.000000000000e-03,864,4
1546,5.000000000000e-03,1124,7
1547,5.000000000000e-03,937,4
1548,5.000000000000e-03,1009,2
1549,5.000000000000e-03,935,4
1550,5.000000000000e-03,945,4
1551,5.000000000000e-03,1156,3
1552,5.000000000000e-03,1063,4
1553,5.000000000000e-03,1161,2
1554,5.000000000000e-03,945,6
1555,5.000000000000e-03,1014,5
1556,5.000000000000e-03,1007,5
1557,5.000000000000e-03,1049,4
1558,5.000000000000e-03,1119,8
1559,5.000000000000e-03,820,1
1560,5.000000000000e-03,976,5
1561,5.000000000000e-03,1048,3
1562,5.000000000000e-03,802,4
1563,5.000000000000e-03,910,3
1564,5.000000000000e-03,1063,5
1565,5.000000000000e-03,925,6
1566,5.000000000000e-03,1033,11
1567,5.000000000000e-03,946,7
1568,5.000000000000e-03,1045,12
1569,5.000000000000e-03,828,2
1570,5.000000000000e-03,1166,5
1571,5.000000000000e-03,924,5
1572,5.000000000000e-03,1084,5
1573,5.000000000000e-03,857,7
1574,5.000000000000e-03,801,5
1575,5.000000000000e-03,1173,5
1576,5.000000000000e-03,1191,5
1577,5.000000000000e-03,873,4
1578,5.000000000000e-03,973,6
1579,5.000000000000e-03,964,7
1580,5.000000000000e-03,1090,3
1581,5.000000000000e-03,1047,3
1582,5.000000000000e-03,921,7
1583,5.000000000000e-03,1095,9
1584,5.000000000000e-03,1019,3
1585,5.000000000000e-03,922,3
1586,5.000000000000e-03,886,2
1587,5.000000000000e-03,867,8
1588,5.000000000000e-03,1087,4
1589,5.000000000000e-03,1177,7
1590,5.000000000000e-03,1175,6
1591,5.000000000000e-03,960,4
1592,5.000000000000e-03,939,8
1593,5.000000000000e-03,884,4
1594,5.000000000000e-03,1013,3
1595,5.000000000000e-03,1023,6
1596,5.000000000000e-03,832,6
1597,5.000000000000e-03,1120,8
1598,5.000000000000e-03,1159,5
1599,5.000000000000e-03,1119,6
1600,5.000000000000e-03,908,6
1601,5.000000000000e-03,1013,5
1602,5.000000000000e-03,1172,9
1603,5.000000000000e-03,1098,3
1604,5.000000000000e-03,1184,5
1605,5.000000000000e-03,995,6
1606,5.000000000000e-03,987,3
1607,5.000000000000e-03,1022,2
1608,5.000000000000e-03,1056,7
1609,5.000000000000e-03,1098,4
1610,5.000000000000e-03,906,5
1611,5.000000000000e-03,1144,6
1612,5.000000000000e-03,842,9
1613,5.000000000000e-03,1135,8
1614,5.000000000000e-03,996,6
1615,5.000000000000e-03,945,1
1616,5.000000000000e-03,1086,5
1617,5.000000000000e-03,1023,3
1618,5.000000000000e-03,870,5
1619,5.000000000000e-03,977,9
1620,5.000000000000e-03,995,5
1621,5.000000000000e-03,1044,5
1622,5.000000000000e-03,1148,7
1623,5.000000000000e-03,907,4
1624,5.000000000000e-03,811,7
1625,5.000000000000e-03,1060,6
1626,5.000000000000e-03,1112,5
1627,5.000000000000e-03,1153,3
1628,5.000000000000e-03,892,5
1629,5.000000000000e-03,1100,6
1630,5.000000000000e-03,1052,9
1631,5.000000000000e-03,937,4
1632,5.000000000000e-03,978,4
1633,5.000000000000e-03,1072,9
1634,5.000000000000e-03,1077,3
1635,5.000000000000e-03,1093,7
1636,5.000000000000e-03,1154,6
1637,5.000000000000e-03,941,5
1638,5.000000000000e-03,926,2
1639,5.000000000000e-03,864,2
1640,5.000000000000e-03,968,5
1641,5.000000000000e-03,934,4
1642,5.000000000000e-03,910,7
1643,5.000000000000e-03,1023,6
1644,5.000000000000e-03,864,3
1645,5.000000000000e-03,836,5
1646,5.000000000000e-03,828,2
1647,5.000000000000e-03,836,4
1648,5.000000000000e-03,1182,7
1649,5.000000000000e-03,844,3
1650,5.000000000000e-03,1002,5
1651,5.000000000000e-03,996,6
1652,5.000000000000e-03,845,4
1653,5.000000000000e-03,1070,7
1654,5.000000000000e-03,835,7
1655,5.000000000000e-03,825,3
1656,5.000000000000e-03,1073,3
1657,5.000000000000e-03,1036,2
1658,5.000000000000e-03,923,4
1659,5.000000000000e-03,1119,5
1660,5.000000000000e-03,829,1
1661,5.000000000000e-03,965,1
1662,5.000000000000e-03,852,3
1663,5.000000000000e-03,1037,3
1664,5.000000000000e-03,820,3
1665,5.000000000000e-03,1115,6
1666,5.000000000000e-03,1072,8
1667,5.000000000000e-03,1016,1
1668,5.000000000000e-03,924,10
1669,5.000000000000e-03,1127,6
1670,5.000000000000e-03,968,5
1671,5.000000000000e-03,907,3
1672,5.000000000000e-03,978,9
1673,5.000000000000e-03,830,3
1674,5.000000000000e-03,913,6
1675,5.000000000000e-03,949,5
1676,5.000000000000e-03,861,5
1677,5.000000000000e-03,931,4
1678,5.000000000000e-03,1055,4
1679,5.000000000000e-03,952,6
1680,5.000000000000e-03,1041,7
1681,5.000000000000e-03,809,5
1682,5.000000000000e-03,888,2
1683,5.000000000000e-03,1183,7
1684,5.000000000000e-03,1086,6
1685,5.000000000000e-03,961,8
1686,5.000000000000e-03,1032,10
1687,5.000000000000e-03,1148,6
1688,5.000000000000e-03,1065,4
1689,5.000000000000e-03,841,3
1690,5.000000000000e-03,1060,8
1691,5.000000000000e-03,1115,4
1692,5.000000000000e-03,1014,4
1693,5.000000000000e-03,1181,5
1694,5.000000000000e-03,1061,6
1695,5.000000000000e-03,1029,5
1696,5.000000000000e-03,959,3
1697,5.000000000000e-03,1165,8
1698,5.000000000000e-03,919,3
1699,5.000000000000e-03,1001,12
1700,5.000000000000e-03,1175,7
1701,5.000000000000e-03,1159,9
1702,5.000000000000e-03,1045,2
1703,5.000000000000e-03,966,5
1704,5.000000000000e-03,871,7
1705,5.000000000000e-03,921,6
1706,5.000000000000e-03,858,2
1707,5.000000000000e-03,895,4
1708,5.000000000000e-03,829,4
1709,5.000000000000e-03,1167,14
1710,5.000000000000e-03,1092,6
1711,5.000000000000e-03,980,5
1712,5.000000000000e-03,924,11
1713,5.000000000000e-03,1031,5
1714,5.000000000000e-03,1126,11
1715,5.000000000000e-03,990,4
1716,5.000000000000e-03,930,5
1717,5.000000000000e-03,983,12
1718,5.000000000000e-03,957,5
1719,5.000000000000e-03,1010,2
1720,5.000000000000e-03,1060,11
1721,5.000000000000e-03,1121,4
1722,5.000000000000e-03,1195,5
1723,5.000000000000e-03,871,3
1724,5.000000000000e-03,1018,2
1725,5.000000000000e-03,1071,10
1726,5.000000000000e-03,823,5
1727,5.000000000000e-03,1165,2
1728,5.000000000000e-03,898,6
1729,5.000000000000e-03,1095,8
1730,5.000000000000e-03,1162,7
1731,5.000000000000e-03,1070,7
1732,5.000000000000e-03,967,3
1733,5.000000000000e-03,1179,8
1734,5.000000000000e-03,958,9
1735,5.000000000000e-03,1099,8
1736,5.000000000000e-03,1021,4
1737,5.000000000000e-03,1129,8
1738,5.000000000000e-03,1094,4
1739,5.000000000000e-03,1099,8
1740,5.000000000000e-03,1094,7
1741,5.000000000000e-03,1015,4
1742,5.000000000000e-03,1039,7
1743,5.000000000000e-03,1126,7
1744,5.000000000000e-03,880,8
1745,5.000000000000e-03,1109,3
1746,5.000000000000e-03,1172,5
1747,5.000000000000e-03,1081,4
1748,5.000000000000e-03,848,6
1749,5.000000000000e-03,1007,5
1750,5.000000000000e-03,1192,1
1751,5.000000000000e-03,881,4
1752,5.000000000000e-03,1128,4
1753,5.000000000000e-03,1168,10
1754,5.000000000000e-03,947,3
1755,5.000000000000e-03,1192,8
1756,5.000000000000e-03,1005,3
1757,5.000000000000e-03,1110,0
1758,5.000000000000e-03,927,3
1759,5.000000000000e-03,871,0
1760,5.000000000000e-03,826,4
1761,5.000000000000e-03,1126,5
1762,5.000000000000e-03,1016,11
1763,5.000000000000e-03,814,5
1764,5.000000000000e-03,865,7
1765,5.000000000000e-03,1167,5
1766,5.000000000000e-03,1025,2
1767,5.000000000000e-03,995,8
1768,5.000000000000e-03,1127,2
1769,5.000000000000e-03,803,4
1770,5.000000000000e-03,887,7
1771,5.000000000000e-03,905,3
1772,5.000000000000e-03,1129,4
1773,5.000000000000e-03,860,8
1774,5.000000000000e-03,826,6
1775,5.000000000000e-03,1024,5
1776,5.000000000000e-03,1198,10
1777,5.000000000000e-03,1148,7
1778,5.000000000000e-03,917,5
1779,5.000000000000e-03,967,7
1780,5.000000000000e-03,988,6
1781,5.000000000000e-03,923,5
1782,5.000000000000e-03,886,5
1783,5.000000000000e-03,904,6
1784,5.000000000000e-03,922,4
1785,5.000000000000e-03,801,5
1786,5.000000000000e-03,1138,8
1787,5.000000000000e-03,1036,11
1788,5.000000000000e-03,1097,8
1789,5.000000000000e-03,1148,11
1790,5.000000000000e-03,1065,3
1791,5.000000000000e-03,1015,6
1792,5.000000000000e-03,1059,10
1793,5.000000000000e-03,1165,4
1794,5.000000000000e-03,910,3
1795,5.000000000000e-03,1016,8
1796,5.000000000000e-03,894,2
1797,5.000000000000e-03,1036,2
1798,5.000000000000e-03,1154,4
1799,5.000000000000e-03,908,4
1800,5.000000000000e-03,865,4
1801,5.000000000000e-03,816,7
1802,5.000000000000e-03,1134,6
1803,5.000000000000e-03,963,7
1804,5.000000000000e-03,930,2
1805,5.000000000000e-03,1179,5
1806,5.000000000000e-03,853,10
1807,5.000000000000e-03,1009,8
1808,5.000000000000e-03,1006,3
1809,5.000000000000e-03,1079,4
1810,5.000000000000e-03,1048,5
1811,5.000000000000e-03,1064,1
1812,5.000000000000e-03,1158,6
1813,5.000000000000e-03,836,8
1814,5.000000000000e-03,1146,5
1815,5.000000000000e-03,965,2
1816,5.000000000000e-03,1043,6
1817,5.000000000000e-03,1101,6
1818,5.000000000000e-03,1191,5
1819,5.000000000000e-03,838,3
1820,5.000000000000e-03,943,3
1821,5.000000000000e-03,1044,7
1822,5.000000000000e-03,1081,4
1823,5.000000000000e-03,913,2
1824,5.000000000000e-03,1028,8
1825,5.000000000000e-03,1192,8
1826,5.000000000000e-03,922,5
1827,5.000000000000e-03,1152,8
1828,5.000000000000e-03,1088,8
1829,5.000000000000e-03,991,3
1830,5.000000000000e-03,995,4
1831,5.000000000000e-03,878,1
1832,5.000000000000e-03,1157,12
1833,5.000000000000e-03,934,6
1834,5.000000000000e-03,979,4
1835,5.000000000000e-03,1172,8
1836,5.000000000000e-03,1050,6
1837,5.000000000000e-03,995,6
1838,5.000000000000e-03,891,3
1839,5.000000000000e-03,1185,6
1840,5.000000000000e-03,940,10
1841,5.000000000000e-03,910,8
1842,5.000000000000e-03,975,6
1843,5.000000000000e-03,950,4
1844,5.000000000000e-03,835,3
1845,5.000000000000e-03,805,3
1846,5.000000000000e-03,999,6
1847,5.000000000000e-03,1073,8
1848,5.000000000000e-03,1137,2
1849,5.000000000000e-03,1170,4
1850,5.000000000000e-03,1140,6
1851,5.000000000000e-03,869,2
1852,5.000000000000e-03,1119,4
1853,5.000000000000e-03,952,9
1854,5.000000000000e-03,1196,6
1855,5.000000000000e-03,982,7
1856,5.000000000000e-03,1029,7
1857,5.000000000000e-03,871,3
1858,5.000000000000e-03,898,3
1859,5.000000000000e-03,916,2
1860,5.000000000000e-03,886,5
1861,5.000000000000e-03,1161,4
1862,5.000000000000e-03,1033,7
1863,5.000000000000e-03,1113,4
1864,5.000000000000e-03,911,4
1865,5.000000000000e-03,814,8
1866,5.000000000000e-03,1161,6
1867,5.000000000000e-03,931,7
1868,5.000000000000e-03,909,4
1869,5.000000000000e-03,939,5
1870,5.000000000000e-03,872,3
1871,5.000000000000e-03,1123,6
1872,5.000000000000e-03,990,5
1873,5.000000000000e-03,1199,7
1874,5.000000000000e-03,827,5
1875,5.000000000000e-03,1012,4
1876,5.000000000000e-03,816,3
1877,5.000000000000e-03,1180,5
1878,5.000000000000e-03,1141,6
1879,5.000000000000e-03,860,8
1880,5.000000000000e-03,1080,4
1881,5.000000000000e-03,1155,8
1882,5.000000000000e-03,959,2
1883,5.000000000000e-03,932,2
1884,5.000000000000e-03,975,3
1885,5.000000000000e-03,1161,6
1886,5.000000000000e-03,1185,4
1887,5.000000000000e-03,962,8
1888,5.000000000000e-03,1121,4
1889,5.000000000000e-03,1043,6
1890,5.000000000000e-03,1161,7
1891,5.000000000000e-03,914,6
1892,5.000000000000e-03,897,3
1893,5.000000000000e-03,1042,6
1894,5.000000000000e-03,1156,2
1895,5.000000000000e-03,817,4
1896,5.000000000000e-03,979,4
1897,5.000000000000e-03,821,3
1898,5.000000000000e-03,1104,2
1899,5.000000000000e-03,1034,6
1900,5.000000000000e-03,822,11
1901,5.000000000000e-03,1059,5
1902,5.000000000000e-03,896,7
1903,5.000000000000e-03,807,4
1904,5.000000000000e-03,951,9
1905,5.000000000000e-03,1101,2
1906,5.000000000000e-03,833,7
1907,5.000000000000e-03,811,3
1908,5.000000000000e-03,1176,9
1909,5.000000000000e-03,1159,10
1910,5.000000000000e-03,1096,6
1911,5.000000000000e-03,1068,4
1912,5.000000000000e-03,832,2
1913,5.000000000000e-03,855,6
1914,5.000000000000e-03,893,1
1915,5.000000000000e-03,877,6
1916,5.000000000000e-03,1139,12
1917,5.000000000000e-03,1032,1
1918,5.000000000000e-03,1109,4
1919,5.000000000000e-03,1037,5
1920,5.000000000000e-03,804,3
1921,5.000000000000e-03,974,9
1922,5.000000000000e-03,948,2
1923,5.000000000000e-03,1056,5
1924,5.000000000000e-03,876,4
1925,5.000000000000e-03,913,3
1926,5.000000000000e-03,960,5
1927,5.000000000000e-03,1042,8
1928,5.000000000000e-03,1013,5
1929,5.000000000000e-03,941,5
1930,5.000000000000e-03,901,2
1931,5.000000000000e-03,830,4
1932,5.000000000000e-03,1132,4
1933,5.000000000000e-03,1095,5
1934,5.000000000000e-03,939,7
1935,5.000000000000e-03,1159,7
1936,5.000000000000e-03,865,5
1937,5.000000000000e-03,964,4
1938,5.000000000000e-03,1097,6
1939,5.000000000000e-03,1134,8
1940,5.000000000000e-03,905,3
1941,5.000000000000e-03,973,5
1942,5.000000000000e-03,940,6
1943,5.000000000000e-03,938,7
1944,5.000000000000e-03,880,2
1945,5.000000000000e-03,1173,4
1946,5.000000000000e-03,950,9
1947,5.000000000000e-03,951,4
1948,5.000000000000e-03,939,4
1949,5.000000000000e-03,963,3
1950,5.000000000000e-03,868,5
1951,5.000000000000e-03,813,5
1952,5.000000000000e-03,875,5
1953,5.000000000000e-03,897,2
1954,5.000000000000e-03,939,6
1955,5.000000000000e-03,830,4
1956,5.000000000000e-03,1022,5
1957,5.000000000000e-03,1102,7
1958,5.000000000000e-03,958,2
1959,5.000000000000e-03,1056,3
1960,5.000000000000e-03,1056,4
1961,5.000000000000e-03,874,5
1962,5.000000000000e-03,1107,7
1963,5.000000000000e-03,890,1
1964,5.000000000000e-03,1012,5
1965,5.000000000000e-03,955,7
1966,5.000000000000e-03,808,4
1967,5.000000000000e-03,847,6
1968,5.000000000000e-03,934,6
1969,5.000000000000e-03,871,4
1970,5.000000000000e-03,829,5
1971,5.000000000000e-03,1145,7
1972,5.000000000000e-03,1151,6
1973,5.000000000000e-03,1121,10
1974,5.000000000000e-03,1101,4
1975,5.000000000000e-03,1082,4
1976,5.000000000000e-03,1186,9
1977,5.000000000000e-03,1005,5
1978,5.000000000000e-03,1085,2
1979,5.000000000000e-03,1151,4
1980,5.000000000000e-03,959,10
1981,5.000000000000e-03,875,3
1982,5.000000000000e-03,1155,8
1983,5.000000000000e-03,867,4
1984,5.000000000000e-03,1025,7
1985,5.000000000000e-03,1175,4
1986,5.000000000000e-03,967,4
1987,5.000000000000e-03,1109,6
1988,5.000000000000e-03,1073,6
1989,5.000000000000e-03,899,1
1990,5.000000000000e-03,971,4
1991,5.000000000000e-03,878,2
1992,5.000000000000e-03,864,5
1993,5.000000000000e-03,1147,4
1994,5.000000000000e-03,988,9
1995,5.000000000000e-03,836,6
1996,5.000000000000e-03,996,3
1997,5.000000000000e-03,1043,9
1998,5.000000000000e-03,807,3
1999,5.000000000000e-03,1187,2
2000,5.000000000000e-03,1135,6
2001,1.000000000000e-02,827,10
2002,1.000000000000e-02,805,12
2003,1.000000000000e-02,871,5
2004,1.000000000000e-02,1128,9
2005,1.000000000000e-02,970,7
2006,1.000000000000e-02,1075,11
2007,1.000000000000e-02,807,8
2008,1.000000000000e-02,889,9
2009,1.000000000000e-02,966,10
2010,1.000000000000e-02,950,11
2011,1.000000000000e-02,1137,11
2012,1.000000000000e-02,872,5
2013,1.000000000000e-02,999,11
2014,1.000000000000e-02,1065,12
2015,1.000000000000e-02,846,16
2016,1.000000000000e-02,932,14
2017,1.000000000000e-02,970,4
2018,1.000000000000e-02,815,5
2019,1.000000000000e-02,1192,6
2020,1.000000000000e-02,1005,11
2021,1.000000000000e-02,1123,7
2022,1.000000000000e-02,1151,14
2023,1.000000000000e-02,1185,10
2024,1.000000000000e-02,961,9
2025,1.000000000000e-02,815,17
2026,1.000000000000e-02,899,13
2027,1.000000000000e-02,1099,13
2028,1.000000000000e-02,1087,8
2029,1.000000000000e-02,835,9
2030,1.000000000000e-02,1100,12
2031,1.000000000000e-02,865,7
2032,1.000000000000e-02,914,12
2033,1.000000000000e-02,1173,8
2034,1.000000000000e-02,1130,14
2035,1.000000000000e-02,1086,14
2036,1.000000000000e-02,976,17
2037,1.000000000000e-02,943,13
2038,1.000000000000e-02,1039,13
2039,1.000000000000e-02,1011,9
2040,1.000000000000e-02,963,12
2041,1.000000000000e-02,932,8
2042,1.000000000000e-02,1122,8
2043,1.000000000000e-02,884,10
2044,1.000000000000e-02,1013,8
2045,1.000000000000e-02,1002,10
2046,1.000000000000e-02,1054,9
2047,1.000000000000e-02,883,9
2048,1.000000000000e-02,1069,12
2049,1.000000000000e-02,1137,11
2050,1.000000000000e-02,896,11
2051,1.000000000000e-02,912,7
2052,1.000000000000e-02,1057,11
2053,1.000000000000e-02,1005,11
2054,1.000000000000e-02,1132,21
2055,1.000000000000e-02,1138,10
2056,1.000000000000e-02,1043,13
2057,1.000000000000e-02,818,12
2058,1.000000000000e-02,1139,10
2059,1.000000000000e-02,1089,16
2060,1.000000000000e-02,1070,9
2061,1.000000000000e-02,1184,8
2062,1.000000000000e-02,1116,21
2063,1.000000000000e-02,1191,15
2064,1.000000000000e-02,922,8
2065,1.000000000000e-02,889,5
2066,1.000000000000e-02,1028,5
2067,1.000000000000e-02,1079,12
2068,1.000000000000e-02,1095,14
2069,1.000000000000e-02,818,10
2070,1.000000000000e-02,835,6
2071,1.000000000000e-02,957,9
2072,1.000000000000e-02,1056,6
2073,1.000000000000e-02,840,6
2074,1.000000000000e-02,1157,13
2075,1.000000000000e-02,1157,10
2076,1.000000000000e-02,1174,13
2077,1.000000000000e-02,997,10
2078,1.000000000000e-02,892,9
2079,1.000000000000e-02,860,14
2080,1.000000000000e-02,835,6
2081,1.000000000000e-02,817,7
2082,1.000000000000e-02,997,9
2083,1.000000000000e-02,1051,9
2084,1.000000000000e-02,1094,4
2085,1.000000000000e-02,970,12
2086,1.000000000000e-02,867,9
2087,1.000000000000e-02,1132,11
2088,1.000000000000e-02,1119,12
2089,1.000000000000e-02,988,6
2090,1.000000000000e-02,909,8
2091,1.000000000000e-02,842,12
2092,1.000000000000e-02,1196,5
2093,1.000000000000e-02,923,11
2094,1.000000000000e-02,907,10
2095,1.000000000000e-02,955,10
2096,1.000000000000e-02,1044,12
2097,1.000000000000e-02,1119,2
2098,1.000000000000e-02,1103,9
2099,1.000000000000e-02,1163,15
2100,1.000000000000e-02,868,8
2101,1.000000000000e-02,863,12
2102,1.000000000000e-02,909,7
2103,1.000000000000e-02,1189,6
2104,1.000000000000e-02,804,6
2105,1.000000000000e-02,852,9
2106,1.000000000000e-02,1168,11
2107,1.000000000000e-02,1034,13
2108,1.000000000000e-02,1027,6
2109,1.000000000000e-02,1177,15
2110,1.000000000000e-02,1125,12
2111,1.000000000000e-02,1037,13
2112,1.000000000000e-02,914,13
2113,1.000000000000e-02,1162,15
2114,1.000000000000e-02,994,10
2115,1.000000000000e-02,1195,15
2116,1.000000000000e-02,912,11
2117,1.000000000000e-02,880,10
2118,1.000000000000e-02,1100,10
2119,1.000000000000e-02,1135,12
2120,1.000000000000e-02,960,16
2121,1.000000000000e-02,1025,13
2122,1.000000000000e-02,918,7
2123,1.000000000000e-02,1176,13
2124,1.000000000000e-02,895,7
2125,1.000000000000e-02,839,4
2126,1.000000000000e-02,899,15
2127,1.000000000000e-02,1158,15
2128,1.000000000000e-02,800,10
2129,1.000000000000e-02,1164,13
2130,1.000000000000e-02,1010,5
2131,1.000000000000e-02,1072,9
2132,1.000000000000e-02,934,5
2133,1.000000000000e-02,1118,16
2134,1.000000000000e-02,1131,19
2135,1.000000000000e-02,934,10
2136,1.000000000000e-02,816,6
2137,1.000000000000e-02,1180,13
2138,1.000000000000e-02,1123,13
2139,1.000000000000e-02,872,8
2140,1.000000000000e-02,922,10
2141,1.000000000000e-02,1071,9
2142,1.000000000000e-02,807,5
2143,1.000000000000e-02,848,10
2144,1.000000000000e-02,1192,14
2145,1.000000000000e-02,990,12
2146,1.000000000000e-02,864,10
2147,1.000000000000e-02,1191,19
2148,1.000000000000e-02,947,11
2149,1.000000000000e-02,1177,15
2150,1.000000000000e-02,908,5
2151,1.000000000000e-02,1064,14
2152,1.000000000000e-02,1153,9
2153,1.000000000000e-02,1193,8
2154,1.000000000000e-02,1178,8
2155,1.000000000000e-02,908,10
2156,1.000000000000e-02,984,8
2157,1.000000000000e-02,1005,10
2158,1.000000000000e-02,956,13
2159,1.000000000000e-02,1128,7
2160,1.000000000000e-02,890,12
2161,1.000000000000e-02,1195,14
2162,1.000000000000e-02,838,7
2163,1.000000000000e-02,825,5
2164,1.000000000000e-02,1162,11
2165,1.000000000000e-02,1021,9
2166,1.000000000000e-02,1103,9
2167,1.000000000000e-02,954,11
2168,1.000000000000e-02,1077,12
2169,1.000000000000e-02,941,13
2170,1.000000000000e-02,846,10
2171,1.000000000000e-02,978,9
2172,1.000000000000e-02,845,6
2173,1.000000000000e-02,917,8
2174,1.000000000000e-02,842,4
2175,1.000000000000e-02,956,6
2176,1.000000000000e-02,1199,13
2177,1.000000000000e-02,924,8
2178,1.000000000000e-02,1007,10
2179,1.000000000000e-02,1035,5
2180,1.000000000000e-02,956,5
2181,1.000000000000e-02,1124,10
2182,1.000000000000e-02,1080,10
2183,1.000000000000e-02,978,6
2184,1.000000000000e-02,1006,5
2185,1.000000000000e-02,843,13
2186,1.000000000000e-02,1100,10
2187,1.000000000000e-02,1117,11
2188,1.000000000000e-02,801,4
2189,1.000000000000e-02,1072,8
2190,1.000000000000e-02,846,8
2191,1.000000000000e-02,1050,9
2192,1.000000000000e-02,1142,18
2193,1.000000000000e-02,931,4
2194,1.000000000000e-02,840,9
2195,1.000000000000e-02,859,12
2196,1.000000000000e-02,1145,20
2197,1.000000000000e-02,989,6
2198,1.000000000000e-02,925,12
2199,1.000000000000e-02,1089,9
2200,1.000000000000e-02,1013,13
2201,1.000000000000e-02,919,8
2202,1.000000000000e-02,929,6
2203,1.000000000000e-02,1129,14
2204,1.000000000000e-02,932,11
2205,1.000000000000e-02,1030,12
2206,1.000000000000e-02,1177,13
2207,1.000000000000e-02,1042,8
2208,1.000000000000e-02,842,8
2209,1.000000000000e-02,1180,8
2210,1.000000000000e-02,905,14
2211,1.000000000000e-02,1129,7
2212,1.000000000000e-02,967,7
2213,1.000000000000e-02,866,16
2214,1.000000000000e-02,1073,14
2215,1.000000000000e-02,1117,12
2216,1.000000000000e-02,1040,7
2217,1.000000000000e-02,1198,16
2218,1.000000000000e-02,1047,16
2219,1.000000000000e-02,1041,15
2220,1.000000000000e-02,1136,10
2221,1.000000000000e-02,1010,13
2222,1.000000000000e-02,1084,17
2223,1.000000000000e-02,1073,9
2224,1.000000000000e-02,961,7
2225,1.000000000000e-02,947,10
2226,1.000000000000e-02,986,11
2227,1.000000000000e-02,1040,8
2228,1.000000000000e-02,931,11
2229,1.000000000000e-02,1088,9
2230,1.000000000000e-02,1013,10
2231,1.000000000000e-02,947,12
2232,1.000000000000e-02,1182,18
2233,1.000000000000e-02,860,6
2234,1.000000000000e-02,946,13
2235,1.000000000000e-02,929,8
2236,1.000000000000e-02,1081,14
2237,1.000000000000e-02,1049,6
2238,1.000000000000e-02,943,8
2239,1.000000000000e-02,1011,8
2240,1.000000000000e-02,966,9
2241,1.000000000000e-02,870,7
2242,1.000000000000e-02,1035,11
2243,1.000000000000e-02,1176,11
2244,1.000000000000e-02,1022,18
2245,1.000000000000e-02,1127,16
2246,1.000000000000e-02,988,10
2247,1.000000000000e-02,952,6
2248,1.000000000000e-02,1094,12
2249,1.000000000000e-02,841,7
2250,1.000000000000e-02,1158,15
2251,1.000000000000e-02,978,10
2252,1.000000000000e-02,1116,13
2253,1.000000000000e-02,979,4
2254,1.000000000000e-02,902,10
2255,1.000000000000e-02,833,10
2256,1.000000000000e-02,807,10
2257,1.000000000000e-02,826,7
2258,1.000000000000e-02,912,5
2259,1.000000000000e-02,1106,11
2260,1.000000000000e-02,917,8
2261,1.000000000000e-02,961,12
2262,1.000000000000e-02,1048,9
2263,1.000000000000e-02,820,10
2264,1.000000000000e-02,1164,10
2265,1.000000000000e-02,1095,6
2266,1.000000000000e-02,1182,14
2267,1.000000000000e-02,1129,7
2268,1.000000000000e-02,869,8
2269,1.000000000000e-02,1167,9
2270,1.000000000000e-02,872,14
2271,1.000000000000e-02,974,12
2272,1.000000000000e-02,907,8
2273,1.000000000000e-02,1144,12
2274,1.000000000000e-02,1049,9
2275,1.000000000000e-02,1189,15
2276,1.000000000000e-02,909,6
2277,1.000000000000e-02,1084,8
2278,1.000000000000e-02,965,4
2279,1.000000000000e-02,953,5
2280,1.000000000000e-02,866,7
2281,1.000000000000e-02,1145,7
2282,1.000000000000e-02,849,9
2283,1.000000000000e-02,920,13
2284,1.000000000000e-02,949,8
2285,1.000000000000e-02,890,14
2286,1.000000000000e-02,906,9
2287,1.000000000000e-02,1024,14
2288,1.000000000000e-02,812,10
2289,1.000000000000e-02,929,8
2290,1.000000000000e-02,1133,10
2291,1.000000000000e-02,963,7
2292,1.000000000000e-02,927,4
2293,1.000000000000e-02,888,6
2294,1.000000000000e-02,1194,13
2295,1.000000000000e-02,852,6
2296,1.000000000000e-02,975,8
2297,1.000000000000e-02,826,6
2298,1.000000000000e-02,1150,15
2299,1.000000000000e-02,1148,13
2300,1.000000000000e-02,1037,12
2301,1.000000000000e-02,948,6
2302,1.000000000000e-02,1172,16
2303,1.000000000000e-02,957,5
2304,1.000000000000e-02,1164,17
2305,1.000000000000e-02,983,3
2306,1.000000000000e-02,859,5
2307,1.000000000000e-02,996,12
2308,1.000000000000e-02,1084,9
2309,1.000000000000e-02,985,17
2310,1.000000000000e-02,1180,13
2311,1.000000000000e-02,869,5
2312,1.000000000000e-02,1176,15
2313,1.000000000000e-02,1015,10
2314,1.000000000000e-02,973,15
2315,1.000000000000e-02,1072,11
2316,1.000000000000e-02,962,13
2317,1.000000000000e-02,909,9
2318,1.000000000000e-02,1110,14
2319,1.000000000000e-02,962,11
2320,1.000000000000e-02,972,6
2321,1.000000000000e-02,841,11
2322,1.000000000000e-02,1035,14
2323,1.000000000000e-02,898,8
2324,1.000000000000e-02,863,6
2325,1.000000000000e-02,898,15
2326,1.000000000000e-02,1119,12
2327,1.000000000000e-02,873,9
2328,1.000000000000e-02,828,6
2329,1.000000000000e-02,866,11
2330,1.000000000000e-02,1151,12
2331,1.000000000000e-02,912,6
2332,1.000000000000e-02,933,10
2333,1.000000000000e-02,1004,13
2334,1.000000000000e-02,1089,9
2335,1.000000000000e-02,1171,10
2336,1.000000000000e-02,1005,12
2337,1.000000000000e-02,926,9
2338,1.000000000000e-02,970,6
2339,1.000000000000e-02,947,11
2340,1.000000000000e-02,961,9
2341,1.000000000000e-02,1019,13
2342,1.000000000000e-02,981,12
2343,1.000000000000e-02,1177,10
2344,1.000000000000e-02,948,10
2345,1.000000000000e-02,998,9
2346,1.000000000000e-02,984,9
2347,1.000000000000e-02,946,10
2348,1.000000000000e-02,1045,11
2349,1.000000000000e-02,1112,11
2350,1.000000000000e-02,920,10
2351,1.000000000000e-02,944,8
2352,1.000000000000e-02,1048,13
2353,1.000000000000e-02,1103,7
2354,1.000000000000e-02,1075,5
2355,1.000000000000e-02,956,8
2356,1.000000000000e-02,1098,11
2357,1.000000000000e-02,938,9
2358,1.000000000000e-02,964,11
2359,1.000000000000e-02,830,9
2360,1.000000000000e-02,946,8
2361,1.000000000000e-02,892,15
2362,1.000000000000e-02,1153,13
2363,1.000000000000e-02,935,8
2364,1.000000000000e-02,992,14
2365,1.000000000000e-02,926,13
2366,1.000000000000e-02,1151,11
2367,1.000000000000e-02,1147,19
2368,1.000000000000e-02,942,14
2369,1.000000000000e-02,950,8
2370,1.000000000000e-02,1073,11
2371,1.000000000000e-02,1000,6
2372,1.000000000000e-02,1046,15
2373,1.000000000000e-02,904,9
2374,1.000000000000e-02,984,12
2375,1.000000000000e-02,992,6
2376,1.000000000000e-02,1038,11
2377,1.000000000000e-02,895,10
2378,1.000000000000e-02,835,9
2379,1.000000000000e-02,1040,15
2380,1.000000000000e-02,1153,10
2381,1.000000000000e-02,1007,10
2382,1.000000000000e-02,988,7
2383,1.000000000000e-02,876,12
2384,1.000000000000e-02,1183,10
2385,1.000000000000e-02,878,12
2386,1.000000000000e-02,907,8
2387,1.000000000000e-02,918,6
2388,1.000000000000e-02,1109,11
2389,1.000000000000e-02,924,16
2390,1.000000000000e-02,1171,7
2391,1.000000000000e-02,909,11
2392,1.000000000000e-02,1121,11
2393,1.000000000000e-02,933,10
2394,1.000000000000e-02,1093,5
2395,1.000000000000e-02,1133,12
2396,1.000000000000e-02,889,11
2397,1.000000000000e-02,977,7
2398,1.000000000000e-02,1182,11
2399,1.000000000000e-02,1108,15
2400,1.000000000000e-02,1187,11
2401,1.000000000000e-02,1197,7
2402,1.000000000000e-02,1198,14
2403,1.000000000000e-02,1128,10
2404,1.000000000000e-02,814,13
2405,1.000000000000e-02,948,10
2406,1.000000000000e-02,886,12
2407,1.000000000000e-02,1003,6
2408,1.000000000000e-02,1197,13
2409,1.000000000000e-02,1030,13
2410,1.000000000000e-02,1152,13
2411,1.000000000000e-02,1150,10
2412,1.000000000000e-02,1112,19
2413,1.000000000000e-02,1076,15
2414,1.000000000000e-02,1100,10
2415,1.000000000000e-02,1163,18
2416,1.000000000000e-02,1139,8
2417,1.000000000000e-02,1029,8
2418,1.000000000000e-02,921,10
2419,1.000000000000e-02,1125,10
2420,1.000000000000e-02,977,9
2421,1.000000000000e-02,827,8
2422,1.000000000000e-02,957,9
2423,1.000000000000e-02,957,4
2424,1.000000000000e-02,1045,18
2425,1.000000000000e-02,1161,17
2426,1.000000000000e-02,831,13
2427,1.000000000000e-02,1197,15
2428,1.000000000000e-02,1036,12
2429,1.000000000000e-02,873,9
2430,1.000000000000e-02,1072,11
2431,1.000000000000e-02,963,13
2432,1.000000000000e-02,1095,7
2433,1.000000000000e-02,1016,16
2434,1.000000000000e-02,1009,12
2435,1.000000000000e-02,974,9
2436,1.000000000000e-02,819,9
2437,1.000000000000e-02,858,8
2438,1.000000000000e-02,1067,8
2439,1.000000000000e-02,1175,13
2440,1.000000000000e-02,959,4
2441,1.000000000000e-02,949,10
2442,1.000000000000e-02,1184,4
2443,1.000000000000e-02,930,8
2444,1.000000000000e-02,818,3
2445,1.000000000000e-02,1063,10
2446,1.000000000000e-02,1160,15
2447,1.000000000000e-02,1028,12
2448,1.000000000000e-02,904,10
2449,1.000000000000e-02,820,9
2450,1.000000000000e-02,1120,15
2451,1.000000000000e-02,818,7
2452,1.000000000000e-02,1095,5
2453,1.000000000000e-02,1010,9
2454,1.000000000000e-02,1122,10
2455,1.000000000000e-02,878,9
2456,1.000000000000e-02,1075,7
2457,1.000000000000e-02,927,12
2458,1.000000000000e-02,1083,8
2459,1.000000000000e-02,1149,11
2460,1.000000000000e-02,1194,9
2461,1.000000000000e-02,844,12
2462,1.000000000000e-02,1173,13
2463,1.000000000000e-02,1103,16
2464,1.000000000000e-02,1058,18
2465,1.000000000000e-02,1039,12
2466,1.000000000000e-02,1069,13
2467,1.000000000000e-02,995,6
2468,1.000000000000e-02,837,6
2469,1.000000000000e-02,804,7
2470,1.000000000000e-02,999,7
2471,1.000000000000e-02,1192,16
2472,1.000000000000e-02,1113,12
2473,1.000000000000e-02,992,12
2474,1.000000000000e-02,918,8
2475,1.000000000000e-02,1193,12
2476,1.000000000000e-02,860,11
2477,1.000000000000e-02,1194,10
2478,1.000000000000e-02,1106,12
2479,1.000000000000e-02,860,7
2480,1.000000000000e-02,905,6
2481,1.000000000000e-02,935,7
2482,1.000000000000e-02,1034,9
2483,1.000000000000e-02,1056,15
2484,1.000000000000e-02,1020,14
2485,1.000000000000e-02,1016,16
2486,1.000000000000e-02,856,9
2487,1.000000000000e-02,982,11
2488,1.000000000000e-02,1006,13
2489,1.000000000000e-02,1098,12
2490,1.000000000000e-02,943,10
2491,1.000000000000e-02,1044,17
2492,1.000000000000e-02,1148,7
2493,1.000000000000e-02,1121,13
2494,1.000000000000e-02,1117,11
2495,1.000000000000e-02,927,17
2496,1.000000000000e-02,1039,7
2497,1.000000000000e-02,884,5
2498,1.000000000000e-02,1143,13
2499,1.000000000000e-02,811,9
2500,1.000000000000e-02,862,4
2501,2.000000000000e-02,833,12
2502,2.000000000000e-02,898,18
2503,2.000000000000e-02,996,17
2504,2.000000000000e-02,1058,20
2505,2.000000000000e-02,1065,27
2506,2.000000000000e-02,1086,24
2507,2.000000000000e-02,1057,22
2508,2.000000000000e-02,997,25
2509,2.000000000000e-02,1129,29
2510,2.000000000000e-02,1196,25
2511,2.000000000000e-02,991,19
2512,2.000000000000e-02,1074,18
2513,2.000000000000e-02,1058,19
2514,2.000000000000e-02,931,22
2515,2.000000000000e-02,960,19
2516,2.000000000000e-02,973,15
2517,2.000000000000e-02,912,18
2518,2.000000000000e-02,1099,20
2519,2.000000000000e-02,939,20
2520,2.000000000000e-02,959,25
2521,2.000000000000e-02,1137,26
2522,2.000000000000e-02,915,22
2523,2.000000000000e-02,1151,14
2524,2.000000000000e-02,939,21
2525,2.000000000000e-02,1160,18
2526,2.000000000000e-02,899,19
2527,2.000000000000e-02,857,16
2528,2.000000000000e-02,904,15
2529,2.000000000000e-02,992,19
2530,2.000000000000e-02,867,20
2531,2.000000000000e-02,860,20
2532,2.000000000000e-02,826,12
2533,2.000000000000e-02,840,17
2534,2.000000000000e-02,1131,16
2535,2.000000000000e-02,1056,28
2536,2.000000000000e-02,916,19
2537,2.000000000000e-02,1176,26
2538,2.000000000000e-02,1174,19
2539,2.000000000000e-02,992,25
2540,2.000000000000e-02,1186,29
2541,2.000000000000e-02,907,9
2542,2.000000000000e-02,1096,23
2543,2.000000000000e-02,1042,27
2544,2.000000000000e-02,920,19
2545,2.000000000000e-02,902,14
2546,2.000000000000e-02,999,18
2547,2.000000000000e-02,924,25
2548,2.000000000000e-02,1179,20
2549,2.000000000000e-02,1074,29
2550,2.000000000000e-02,1178,21
2551,2.000000000000e-02,988,13
2552,2.000000000000e-02,1054,23
2553,2.000000000000e-02,1191,41
2554,2.000000000000e-02,846,10
2555,2.000000000000e-02,1106,19
2556,2.000000000000e-02,959,22
2557,2.000000000000e-02,913,22
2558,2.000000000000e-02,1097,20
2559,2.000000000000e-02,1013,16
2560,2.000000000000e-02,1140,20
2561,2.000000000000e-02,1137,26
2562,2.000000000000e-02,1041,19
2563,2.000000000000e-02,1125,24
2564,2.000000000000e-02,1089,24
2565,2.000000000000e-02,1192,24
2566,2.000000000000e-02,853,19
2567,2.000000000000e-02,1153,26
2568,2.000000000000e-02,1074,25
2569,2.000000000000e-02,973,23
2570,2.000000000000e-02,1148,20
2571,2.000000000000e-02,1131,22
2572,2.000000000000e-02,826,24
2573,2.000000000000e-02,1129,21
2574,2.000000000000e-02,866,26
2575,2.000000000000e-02,871,12
2576,2.000000000000e-02,884,18
2577,2.000000000000e-02,946,30
2578,2.000000000000e-02,892,16
2579,2.000000000000e-02,1109,20
2580,2.000000000000e-02,1016,27
2581,2.000000000000e-02,1166,28
2582,2.000000000000e-02,1190,21
2583,2.000000000000e-02,1095,23
2584,2.000000000000e-02,880,16
2585,2.000000000000e-02,1174,23
2586,2.000000000000e-02,884,17
2587,2.000000000000e-02,869,19
2588,2.000000000000e-02,1153,22
2589,2.000000000000e-02,847,17
2590,2.000000000000e-02,808,15
2591,2.000000000000e-02,960,24
2592,2.000000000000e-02,866,17
2593,2.000000000000e-02,857,19
2594,2.000000000000e-02,1122,25
2595,2.000000000000e-02,1186,28
2596,2.000000000000e-02,906,31
2597,2.000000000000e-02,1197,25
2598,2.000000000000e-02,817,15
2599,2.000000000000e-02,1042,27
2600,2.000000000000e-02,1053,24
2601,2.000000000000e-02,1195,25
2602,2.000000000000e-02,898,16
2603,2.000000000000e-02,1184,14
2604,2.000000000000e-02,839,16
2605,2.000000000000e-02,1200,17
2606,2.000000000000e-02,958,20
2607,2.000000000000e-02,879,15
2608,2.000000000000e-02,1129,24
2609,2.000000000000e-02,870,20
2610,2.000000000000e-02,975,20
2611,2.000000000000e-02,968,18
2612,2.000000000000e-02,1193,15
2613,2.000000000000e-02,909,19
2614,2.000000000000e-02,897,24
2615,2.000000000000e-02,820,24
2616,2.000000000000e-02,1035,30
2617,2.000000000000e-02,882,21
2618,2.000000000000e-02,983,17
2619,2.000000000000e-02,1066,27
2620,2.000000000000e-02,977,16
2621,2.000000000000e-02,1075,25
2622,2.000000000000e-02,1119,13
2623,2.000000000000e-02,1165,17
2624,2.000000000000e-02,973,17
2625,2.000000000000e-02,889,12
2626,2.000000000000e-02,816,16
2627,2.000000000000e-02,1193,22
2628,2.000000000000e-02,973,22
2629,2.000000000000e-02,1088,22
2630,2.000000000000e-02,903,19
2631,2.000000000000e-02,1060,24
2632,2.000000000000e-02,883,20
2633,2.000000000000e-02,822,9
2634,2.000000000000e-02,1052,15
2635,2.000000000000e-02,1121,19
2636,2.000000000000e-02,811,18
2637,2.000000000000e-02,1171,25
2638,2.000000000000e-02,1086,20
2639,2.000000000000e-02,888,20
2640,2.000000000000e-02,1064,21
2641,2.000000000000e-02,1086,28
2642,2.000000000000e-02,1016,20
2643,2.000000000000e-02,1168,27
2644,2.000000000000e-02,807,16
2645,2.000000000000e-02,913,21
2646,2.000000000000e-02,1177,16
2647,2.000000000000e-02,942,18
2648,2.000000000000e-02,907,16
2649,2.000000000000e-02,1078,22
2650,2.000000000000e-02,1103,27
2651,2.000000000000e-02,1098,25
2652,2.000000000000e-02,835,14
2653,2.000000000000e-02,1085,26
2654,2.000000000000e-02,895,20
2655,2.000000000000e-02,1150,33
2656,2.000000000000e-02,1094,12
2657,2.000000000000e-02,1181,27
2658,2.000000000000e-02,872,18
2659,2.000000000000e-02,1057,22
2660,2.000000000000e-02,1138,15
2661,2.000000000000e-02,916,21
2662,2.000000000000e-02,1053,21
2663,2.000000000000e-02,998,18
2664,2.000000000000e-02,1176,21
2665,2.000000000000e-02,858,18
2666,2.000000000000e-02,905,25
2667,2.000000000000e-02,1142,25
2668,2.000000000000e-02,826,14
2669,2.000000000000e-02,1047,21
2670,2.000000000000e-02,956,25
2671,2.000000000000e-02,955,21
2672,2.000000000000e-02,1064,17
2673,2.000000000000e-02,832,17
2674,2.000000000000e-02,955,18
2675,2.000000000000e-02,1104,22
2676,2.000000000000e-02,1085,18
2677,2.000000000000e-02,1134,22
2678,2.000000000000e-02,885,18
2679,2.000000000000e-02,1158,24
2680,2.000000000000e-02,870,15
2681,2.000000000000e-02,806,21
2682,2.000000000000e-02,1046,21
2683,2.000000000000e-02,1092,25
2684,2.000000000000e-02,919,12
2685,2.000000000000e-02,804,16
2686,2.000000000000e-02,1009,23
2687,2.000000000000e-02,974,14
2688,2.000000000000e-02,983,20
2689,2.000000000000e-02,852,20
2690,2.000000000000e-02,1004,22
2691,2.000000000000e-02,1115,16
2692,2.000000000000e-02,1191,23
2693,2.000000000000e-02,884,15
2694,2.000000000000e-02,963,21
2695,2.000000000000e-02,958,20
2696,2.000000000000e-02,1150,34
2697,2.000000000000e-02,928,19
2698,2.000000000000e-02,869,21
2699,2.000000000000e-02,801,14
2700,2.000000000000e-02,1040,20
2701,2.000000000000e-02,989,21
2702,2.000000000000e-02,836,23
2703,2.000000000000e-02,931,15
2704,2.000000000000e-02,1017,20
2705,2.000000000000e-02,825,14
2706,2.000000000000e-02,1036,21
2707,2.000000000000e-02,894,19
2708,2.000000000000e-02,842,15
2709,2.000000000000e-02,1130,16
2710,2.000000000000e-02,1040,16
2711,2.000000000000e-02,1134,25
2712,2.000000000000e-02,1079,29
2713,2.000000000000e-02,887,16
2714,2.000000000000e-02,1186,30
2715,2.000000000000e-02,1041,22
2716,2.000000000000e-02,823,13
2717,2.000000000000e-02,814,14
2718,2.000000000000e-02,825,21
2719,2.000000000000e-02,855,9
2720,2.000000000000e-02,1026,21
2721,2.000000000000e-02,992,19
2722,2.000000000000e-02,1060,23
2723,2.000000000000e-02,1067,19
2724,2.000000000000e-02,1048,21
2725,2.000000000000e-02,1067,24
2726,2.000000000000e-02,842,26
2727,2.000000000000e-02,901,17
2728,2.000000000000e-02,890,14
2729,2.000000000000e-02,841,15
2730,2.000000000000e-02,857,22
2731,2.000000000000e-02,804,4
2732,2.000000000000e-02,891,12
2733,2.000000000000e-02,926,14
2734,2.000000000000e-02,973,18
2735,2.000000000000e-02,802,22
2736,2.000000000000e-02,872,23
2737,2.000000000000e-02,1013,19
2738,2.000000000000e-02,1003,22
2739,2.000000000000e-02,1126,21
2740,2.000000000000e-02,1047,19
2741,2.000000000000e-02,988,25
2742,2.000000000000e-02,870,17
2743,2.000000000000e-02,859,15
2744,2.000000000000e-02,1171,24
2745,2.000000000000e-02,816,16
2746,2.000000000000e-02,1043,28
2747,2.000000000000e-02,808,11
2748,2.000000000000e-02,1098,18
2749,2.000000000000e-02,912,22
2750,2.000000000000e-02,1027,10
2751,2.000000000000e-02,924,18
2752,2.000000000000e-02,925,28
2753,2.000000000000e-02,991,14
2754,2.000000000000e-02,1044,13
2755,2.000000000000e-02,972,24
2756,2.000000000000e-02,1072,14
2757,2.000000000000e-02,961,18
2758,2.000000000000e-02,1102,18
2759,2.000000000000e-02,906,23
2760,2.000000000000e-02,806,24
2761,2.000000000000e-02,949,19
2762,2.000000000000e-02,886,12
2763,2.000000000000e-02,1062,16
2764,2.000000000000e-02,862,15
2765,2.000000000000e-02,879,22
2766,2.000000000000e-02,1068,27
2767,2.000000000000e-02,1195,25
2768,2.000000000000e-02,1019,18
2769,2.000000000000e-02,1064,26
2770,2.000000000000e-02,1048,30
2771,2.000000000000e-02,842,19
2772,2.000000000000e-02,993,20
2773,2.000000000000e-02,1003,16
2774,2.000000000000e-02,1033,21
2775,2.000000000000e-02,1063,16
2776,2.000000000000e-02,840,14
2777,2.000000000000e-02,1030,33
2778,2.000000000000e-02,985,25
2779,2.000000000000e-02,1011,25
2780,2.000000000000e-02,1108,21
2781,2.000000000000e-02,1128,21
2782,2.000000000000e-02,1040,21
2783,2.000000000000e-02,839,22
2784,2.000000000000e-02,832,17
2785,2.000000000000e-02,1122,22
2786,2.000000000000e-02,1139,20
2787,2.000000000000e-02,1043,19
2788,2.000000000000e-02,1196,20
2789,2.000000000000e-02,866,10
2790,2.000000000000e-02,860,15
2791,2.000000000000e-02,1044,18
2792,2.000000000000e-02,1060,17
2793,2.000000000000e-02,820,18
2794,2.000000000000e-02,952,16
2795,2.000000000000e-02,1187,21
2796,2.000000000000e-02,998,13
2797,2.000000000000e-02,1111,26
2798,2.000000000000e-02,957,22
2799,2.000000000000e-02,1052,33
2800,2.000000000000e-02,1076,28
2801,2.000000000000e-02,825,24
2802,2.000000000000e-02,1171,23
2803,2.000000000000e-02,968,16
2804,2.000000000000e-02,1049,11
2805,2.000000000000e-02,936,16
2806,2.000000000000e-02,866,19
2807,2.000000000000e-02,1197,31
2808,2.000000000000e-02,1087,28
2809,2.000000000000e-02,903,18
2810,2.000000000000e-02,803,12
2811,2.000000000000e-02,1091,20
2812,2.000000000000e-02,1090,19
2813,2.000000000000e-02,1095,19
2814,2.000000000000e-02,894,23
2815,2.000000000000e-02,811,17
2816,2.000000000000e-02,1053,21
2817,2.000000000000e-02,1023,14
2818,2.000000000000e-02,1094,22
2819,2.000000000000e-02,1109,30
2820,2.000000000000e-02,1122,18
2821,2.000000000000e-02,923,22
2822,2.000000000000e-02,956,17
2823,2.000000000000e-02,1125,14
2824,2.000000000000e-02,986,22
2825,2.000000000000e-02,1188,29
2826,2.000000000000e-02,938,26
2827,2.000000000000e-02,1015,20
2828,2.000000000000e-02,1032,26
2829,2.000000000000e-02,942,24
2830,2.000000000000e-02,988,14
2831,2.000000000000e-02,842,16
2832,2.000000000000e-02,870,20
2833,2.000000000000e-02,1128,19
2834,2.000000000000e-02,841,15
2835,2.000000000000e-02,1044,23
2836,2.000000000000e-02,1010,22
2837,2.000000000000e-02,1017,25
2838,2.000000000000e-02,1176,32
2839,2.000000000000e-02,1149,18
2840,2.000000000000e-02,1118,24
2841,2.000000000000e-02,955,26
2842,2.000000000000e-02,1139,21
2843,2.000000000000e-02,804,19
2844,2.000000000000e-02,956,22
2845,2.000000000000e-02,894,18
2846,2.000000000000e-02,872,24
2847,2.000000000000e-02,1089,24
2848,2.000000000000e-02,1035,12
2849,2.000000000000e-02,1063,26
2850,2.000000000000e-02,995,16
2851,2.000000000000e-02,949,22
2852,2.000000000000e-02,814,16
2853,2.000000000000e-02,967,22
2854,2.000000000000e-02,1077,15
2855,2.000000000000e-02,948,17
2856,2.000000000000e-02,1041,23
2857,2.000000000000e-02,923,11
2858,2.000000000000e-02,1120,26
2859,2.000000000000e-02,900,21
2860,2.000000000000e-02,808,17
2861,2.000000000000e-02,975,25
2862,2.000000000000e-02,829,19
2863,2.000000000000e-02,1174,21
2864,2.000000000000e-02,1084,18
2865,2.000000000000e-02,1193,36
2866,2.000000000000e-02,855,14
2867,2.000000000000e-02,926,21
2868,2.000000000000e-02,997,23
2869,2.000000000000e-02,1091,28
2870,2.000000000000e-02,986,13
2871,2.000000000000e-02,1043,17
2872,2.000000000000e-02,902,23
2873,2.000000000000e-02,803,18
2874,2.000000000000e-02,1032,21
2875,2.000000000000e-02,1160,21
2876,2.000000000000e-02,918,19
2877,2.000000000000e-02,1146,25
2878,2.000000000000e-02,1000,26
2879,2.000000000000e-02,908,21
2880,2.000000000000e-02,982,31
2881,2.000000000000e-02,857,25
2882,2.000000000000e-02,1107,15
2883,2.000000000000e-02,1149,24
2884,2.000000000000e-02,1101,24
2885,2.000000000000e-02,1045,24
2886,2.000000000000e-02,908,14
2887,2.000000000000e-02,1135,19
2888,2.000000000000e-02,833,21
2889,2.000000000000e-02,1075,23
2890,2.000000000000e-02,892,18
2891,2.000000000000e-02,822,11
2892,2.000000000000e-02,1189,21
2893,2.000000000000e-02,1157,22
2894,2.000000000000e-02,937,18
2895,2.000000000000e-02,1013,22
2896,2.000000000000e-02,981,15
2897,2.000000000000e-02,961,28
2898,2.000000000000e-02,1003,19
2899,2.000000000000e-02,865,15
2900,2.000000000000e-02,870,14
2901,2.000000000000e-02,950,17
2902,2.000000000000e-02,961,11
2903,2.000000000000e-02,1126,28
2904,2.000000000000e-02,801,14
2905,2.000000000000e-02,813,15
2906,2.000000000000e-02,980,27
2907,2.000000000000e-02,1032,14
2908,2.000000000000e-02,1023,23
2909,2.000000000000e-02,1180,23
2910,2.000000000000e-02,1059,28
2911,2.000000000000e-02,952,16
2912,2.000000000000e-02,998,24
2913,2.000000000000e-02,1105,14
2914,2.000000000000e-02,1163,28
2915,2.000000000000e-02,955,11
2916,2.000000000000e-02,998,18
2917,2.000000000000e-02,876,19
2918,2.000000000000e-02,1188,33
2919,2.000000000000e-02,1050,18
2920,2.000000000000e-02,1095,19
2921,2.000000000000e-02,807,17
2922,2.000000000000e-02,1091,16
2923,2.000000000000e-02,800,18
2924,2.000000000000e-02,1058,27
2925,2.000000000000e-02,1070,24
2926,2.000000000000e-02,831,25
2927,2.000000000000e-02,959,18
2928,2.000000000000e-02,1028,27
2929,2.000000000000e-02,1099,26
2930,2.000000000000e-02,855,23
2931,2.000000000000e-02,827,12
2932,2.000000000000e-02,1070,21
2933,2.000000000000e-02,906,21
2934,2.000000000000e-02,1009,17
2935,2.000000000000e-02,873,25
2936,2.000000000000e-02,972,13
2937,2.000000000000e-02,1109,23
2938,2.000000000000e-02,909,19
2939,2.000000000000e-02,1200,23
2940,2.000000000000e-02,1080,27
2941,2.000000000000e-02,814,19
2942,2.000000000000e-02,1178,27
2943,2.000000000000e-02,1105,35
2944,2.000000000000e-02,812,22
2945,2.000000000000e-02,827,16
2946,2.000000000000e-02,948,15
2947,2.000000000000e-02,947,20
2948,2.000000000000e-02,802,11
2949,2.000000000000e-02,937,21
2950,2.000000000000e-02,1119,17
2951,2.000000000000e-02,1175,28
2952,2.000000000000e-02,809,17
2953,2.000000000000e-02,1122,23
2954,2.000000000000e-02,1040,21
2955,2.000000000000e-02,873,12
2956,2.000000000000e-02,891,18
2957,2.000000000000e-02,1182,22
2958,2.000000000000e-02,829,25
2959,2.000000000000e-02,932,16
2960,2.000000000000e-02,1004,22
2961,2.000000000000e-02,1016,18
2962,2.000000000000e-02,1015,18
2963,2.000000000000e-02,961,29
2964,2.000000000000e-02,973,28
2965,2.000000000000e-02,1173,26
2966,2.000000000000e-02,1149,19
2967,2.000000000000e-02,1046,32
2968,2.000000000000e-02,992,25
2969,2.000000000000e-02,906,19
2970,2.000000000000e-02,935,23
2971,2.000000000000e-02,833,25
2972,2.000000000000e-02,1131,21
2973,2.000000000000e-02,1192,20
2974,2.000000000000e-02,988,25
2975,2.000000000000e-02,1070,18
2976,2.000000000000e-02,1099,23
2977,2.000000000000e-02,840,14
2978,2.000000000000e-02,969,19
2979,2.000000000000e-02,1083,20
2980,2.000000000000e-02,1197,19
2981,2.000000000000e-02,1008,21
2982,2.000000000000e-02,982,17
2983,2.000000000000e-02,827,13
2984,2.000000000000e-02,887,24
2985,2.000000000000e-02,1070,18
2986,2.000000000000e-02,836,14
2987,2.000000000000e-02,1003,27
2988,2.000000000000e-02,1056,19
2989,2.000000000000e-02,810,16
2990,2.000000000000e-02,819,10
2991,2.000000000000e-02,1159,26
2992,2.000000000000e-02,819,20
2993,2.000000000000e-02,854,19
2994,2.000000000000e-02,869,18
2995,2.000000000000e-02,947,18
2996,2.000000000000e-02,1193,24
2997,2.000000000000e-02,817,21
2998,2.000000000000e-02,932,28
2999,2.000000000000e-02,1189,22
3000,2.000000000000e-02,921,15
3001,5.000000000000e-02,887,54
3002,5.000000000000e-02,1200,59
3003,5.000000000000e-02,1118,52
3004,5.000000000000e-02,1178,54
3005,5.000000000000e-02,1070,64
3006,5.000000000000e-02,975,46
3007,5.000000000000e-02,1148,67
3008,5.000000000000e-02,942,44
3009,5.000000000000e-02,821,42
3010,5.000000000000e-02,1058,66
3011,5.000000000000e-02,1159,65
3012,5.000000000000e-02,821,27
3013,5.000000000000e-02,820,40
3014,5.000000000000e-02,1052,50
3015,5.000000000000e-02,872,40
3016,5.000000000000e-02,1164,49
3017,5.000000000000e-02,1038,53
3018,5.000000000000e-02,873,43
3019,5.000000000000e-02,802,45
3020,5.000000000000e-02,868,42
3021,5.000000000000e-02,868,41
3022,5.000000000000e-02,1046,49
3023,5.000000000000e-02,1068,49
3024,5.000000000000e-02,1189,52
3025,5.000000000000e-02,966,49
3026,5.000000000000e-02,932,51
3027,5.000000000000e-02,935,35
3028,5.000000000000e-02,835,57
3029,5.000000000000e-02,881,29
3030,5.000000000000e-02,959,44
3031,5.000000000000e-02,902,33
3032,5.000000000000e-02,1034,57
3033,5.000000000000e-02,1136,69
3034,5.000000000000e-02,819,42
3035,5.000000000000e-02,1193,56
3036,5.000000000000e-02,1172,53
3037,5.000000000000e-02,1157,52
3038,5.000000000000e-02,1064,61
3039,5.000000000000e-02,861,43
3040,5.000000000000e-02,924,55
3041,5.000000000000e-02,1069,47
3042,5.000000000000e-02,1081,53
3043,5.000000000000e-02,842,38
3044,5.000000000000e-02,1015,54
3045,5.000000000000e-02,1185,62
3046,5.000000000000e-02,847,44
3047,5.000000000000e-02,967,48
3048,5.000000000000e-02,859,44
3049,5.000000000000e-02,1158,67
3050,5.000000000000e-02,936,48
3051,5.000000000000e-02,856,38
3052,5.000000000000e-02,1178,72
3053,5.000000000000e-02,1074,59
3054,5.000000000000e-02,1172,66
3055,5.000000000000e-02,1198,54
3056,5.000000000000e-02,1161,60
3057,5.000000000000e-02,851,47
3058,5.000000000000e-02,1061,57
3059,5.000000000000e-02,1170,63
3060,5.000000000000e-02,1114,63
3061,5.000000000000e-02,960,34
3062,5.000000000000e-02,1057,40
3063,5.000000000000e-02,1090,58
3064,5.000000000000e-02,869,42
3065,5.000000000000e-02,924,37
3066,5.000000000000e-02,1074,49
3067,5.000000000000e-02,957,44
3068,5.000000000000e-02,880,52
3069,5.000000000000e-02,981,48
3070,5.000000000000e-02,812,40
3071,5.000000000000e-02,1058,58
3072,5.000000000000e-02,1009,49
3073,5.000000000000e-02,1177,71
3074,5.000000000000e-02,996,45
3075,5.000000000000e-02,973,55
3076,5.000000000000e-02,1055,48
3077,5.000000000000e-02,1116,48
3078,5.000000000000e-02,880,40
3079,5.000000000000e-02,1147,49
3080,5.000000000000e-02,932,62
3081,5.000000000000e-02,1079,58
3082,5.000000000000e-02,988,46
3083,5.000000000000e-02,1015,60
3084,5.000000000000e-02,967,50
3085,5.000000000000e-02,1163,54
3086,5.000000000000e-02,1092,39
3087,5.000000000000e-02,840,32
3088,5.000000000000e-02,894,53
3089,5.000000000000e-02,1102,68
3090,5.000000000000e-02,1058,53
3091,5.000000000000e-02,901,59
3092,5.000000000000e-02,825,46
3093,5.000000000000e-02,1144,52
3094,5.000000000000e-02,1125,59
3095,5.000000000000e-02,1047,55
3096,5.000000000000e-02,879,47
3097,5.000000000000e-02,941,54
3098,5.000000000000e-02,838,31
3099,5.000000000000e-02,980,48
3100,5.000000000000e-02,817,44
3101,5.000000000000e-02,1027,61
3102,5.000000000000e-02,1187,66
3103,5.000000000000e-02,866,36
3104,5.000000000000e-02,946,43
3105,5.000000000000e-02,987,55
3106,5.000000000000e-02,973,60
3107,5.000000000000e-02,905,38
3108,5.000000000000e-02,1101,70
3109,5.000000000000e-02,1199,54
3110,5.000000000000e-02,816,42
3111,5.000000000000e-02,1006,61
3112,5.000000000000e-02,1174,48
3113,5.000000000000e-02,1147,64
3114,5.000000000000e-02,989,51
3115,5.000000000000e-02,1036,51
3116,5.000000000000e-02,1027,51
3117,5.000000000000e-02,1114,47
3118,5.000000000000e-02,812,38
3119,5.000000000000e-02,1159,65
3120,5.000000000000e-02,1103,37
3121,5.000000000000e-02,1115,56
3122,5.000000000000e-02,1183,67
3123,5.000000000000e-02,947,40
3124,5.000000000000e-02,1145,65
3125,5.000000000000e-02,1159,77
3126,5.000000000000e-02,1074,46
3127,5.000000000000e-02,1095,44
3128,5.000000000000e-02,843,42
3129,5.000000000000e-02,1016,59
3130,5.000000000000e-02,804,37
3131,5.000000000000e-02,974,48
3132,5.000000000000e-02,1088,44
3133,5.000000000000e-02,1095,47
3134,5.000000000000e-02,808,33
3135,5.000000000000e-02,1187,60
3136,5.000000000000e-02,1093,52
3137,5.000000000000e-02,879,42
3138,5.000000000000e-02,1104,56
3139,5.000000000000e-02,1089,56
3140,5.000000000000e-02,1062,46
3141,5.000000000000e-02,1043,47
3142,5.000000000000e-02,1068,46
3143,5.000000000000e-02,1118,53
3144,5.000000000000e-02,1189,57
3145,5.000000000000e-02,1175,74
3146,5.000000000000e-02,1142,62
3147,5.000000000000e-02,846,57
3148,5.000000000000e-02,1039,54
3149,5.000000000000e-02,935,44
3150,5.000000000000e-02,854,36
3151,5.000000000000e-02,1117,76
3152,5.000000000000e-02,1024,45
3153,5.000000000000e-02,844,32
3154,5.000000000000e-02,979,40
3155,5.000000000000e-02,1112,30
3156,5.000000000000e-02,1177,55
3157,5.000000000000e-02,1013,52
3158,5.000000000000e-02,1081,58
3159,5.000000000000e-02,1145,59
3160,5.000000000000e-02,800,50
3161,5.000000000000e-02,1013,42
3162,5.000000000000e-02,1146,45
3163,5.000000000000e-02,863,37
3164,5.000000000000e-02,932,44
3165,5.000000000000e-02,1035,58
3166,5.000000000000e-02,1021,49
3167,5.000000000000e-02,910,51
3168,5.000000000000e-02,1125,53
3169,5.000000000000e-02,976,53
3170,5.000000000000e-02,1067,52
3171,5.000000000000e-02,1022,52
3172,5.000000000000e-02,1047,51
3173,5.000000000000e-02,872,45
3174,5.000000000000e-02,1165,61
3175,5.000000000000e-02,1163,52
3176,5.000000000000e-02,1084,53
3177,5.000000000000e-02,1031,54
3178,5.000000000000e-02,1005,65
3179,5.000000000000e-02,1161,61
3180,5.000000000000e-02,1067,55
3181,5.000000000000e-02,1099,61
3182,5.000000000000e-02,949,49
3183,5.000000000000e-02,823,33
3184,5.000000000000e-02,1007,48
3185,5.000000000000e-02,922,43
3186,5.000000000000e-02,1075,50
3187,5.000000000000e-02,1066,56
3188,5.000000000000e-02,949,54
3189,5.000000000000e-02,1151,51
3190,5.000000000000e-02,1182,60
3191,5.000000000000e-02,1189,58
3192,5.000000000000e-02,978,55
3193,5.000000000000e-02,1001,47
3194,5.000000000000e-02,980,48
3195,5.000000000000e-02,1089,47
3196,5.000000000000e-02,910,47
3197,5.000000000000e-02,859,50
3198,5.000000000000e-02,1092,57
3199,5.000000000000e-02,995,48
3200,5.000000000000e-02,1022,53
3201,5.000000000000e-02,880,43
3202,5.000000000000e-02,967,45
3203,5.000000000000e-02,1122,59
3204,5.000000000000e-02,843,44
3205,5.000000000000e-02,917,54
3206,5.000000000000e-02,1004,46
3207,5.000000000000e-02,842,47
3208,5.000000000000e-02,1180,61
3209,5.000000000000e-02,1129,54
3210,5.000000000000e-02,1142,57
3211,5.000000000000e-02,881,38
3212,5.000000000000e-02,983,47
3213,5.000000000000e-02,850,40
3214,5.000000000000e-02,1004,48
3215,5.000000000000e-02,855,39
3216,5.000000000000e-02,1001,48
3217,5.000000000000e-02,1077,61
3218,5.000000000000e-02,804,38
3219,5.000000000000e-02,1153,59
3220,5.000000000000e-02,899,33
3221,5.000000000000e-02,800,40
3222,5.000000000000e-02,1150,54
3223,5.000000000000e-02,937,53
3224,5.000000000000e-02,949,51
3225,5.000000000000e-02,1172,58
3226,5.000000000000e-02,880,32
3227,5.000000000000e-02,1121,52
3228,5.000000000000e-02,1131,71
3229,5.000000000000e-02,874,52
3230,5.000000000000e-02,1193,53
3231,5.000000000000e-02,883,43
3232,5.000000000000e-02,883,45
3233,5.000000000000e-02,943,45
3234,5.000000000000e-02,942,58
3235,5.000000000000e-02,829,56
3236,5.000000000000e-02,1046,53
3237,5.000000000000e-02,857,47
3238,5.000000000000e-02,864,49
3239,5.000000000000e-02,1004,50
3240,5.000000000000e-02,1107,75
3241,5.000000000000e-02,828,37
3242,5.000000000000e-02,841,43
3243,5.000000000000e-02,863,37
3244,5.000000000000e-02,1121,56
3245,5.000000000000e-02,955,50
3246,5.000000000000e-02,1072,50
3247,5.000000000000e-02,940,49
3248,5.000000000000e-02,1098,65
3249,5.000000000000e-02,1151,59
3250,5.000000000000e-02,923,48
3251,5.000000000000e-02,810,41
3252,5.000000000000e-02,953,54
3253,5.000000000000e-02,1155,47
3254,5.000000000000e-02,842,47
3255,5.000000000000e-02,1194,64
3256,5.000000000000e-02,930,52
3257,5.000000000000e-02,869,46
3258,5.000000000000e-02,961,44
3259,5.000000000000e-02,1034,60
3260,5.000000000000e-02,1181,74
3261,5.000000000000e-02,970,39
3262,5.000000000000e-02,1034,46
3263,5.000000000000e-02,1111,54
3264,5.000000000000e-02,968,51
3265,5.000000000000e-02,813,51
3266,5.000000000000e-02,804,33
3267,5.000000000000e-02,1051,59
3268,5.000000000000e-02,1035,66
3269,5.000000000000e-02,1077,52
3270,5.000000000000e-02,1033,54
3271,5.000000000000e-02,955,42
3272,5.000000000000e-02,971,49
3273,5.000000000000e-02,974,48
3274,5.000000000000e-02,1191,56
3275,5.000000000000e-02,1022,49
3276,5.000000000000e-02,1197,46
3277,5.000000000000e-02,979,52
3278,5.000000000000e-02,1117,47
3279,5.000000000000e-02,1043,54
3280,5.000000000000e-02,865,42
3281,5.000000000000e-02,878,43
3282,5.000000000000e-02,1075,41
3283,5.000000000000e-02,834,49
3284,5.000000000000e-02,1000,57
3285,5.000000000000e-02,960,39
3286,5.000000000000e-02,1022,47
3287,5.000000000000e-02,1151,64
3288,5.000000000000e-02,1099,58
3289,5.000000000000e-02,855,37
3290,5.000000000000e-02,1119,58
3291,5.000000000000e-02,1154,63
3292,5.000000000000e-02,804,30
3293,5.000000000000e-02,918,54
3294,5.000000000000e-02,852,47
3295,5.000000000000e-02,1102,59
3296,5.000000000000e-02,895,41
3297,5.000000000000e-02,955,41
3298,5.000000000000e-02,1156,75
3299,5.000000000000e-02,1126,62
3300,5.000000000000e-02,975,43
3301,5.000000000000e-02,1136,67
3302,5.000000000000e-02,982,46
3303,5.000000000000e-02,899,53
3304,5.000000000000e-02,1134,61
3305,5.000000000000e-02,971,55
3306,5.000000000000e-02,855,38
3307,5.000000000000e-02,929,50
3308,5.000000000000e-02,946,52
3309,5.000000000000e-02,973,51
3310,5.000000000000e-02,882,50
3311,5.000000000000e-02,940,38
3312,5.000000000000e-02,1151,54
3313,5.000000000000e-02,1112,58
3314,5.000000000000e-02,1133,55
3315,5.000000000000e-02,952,51
3316,5.000000000000e-02,1117,59
3317,5.000000000000e-02,826,43
3318,5.000000000000e-02,1063,52
3319,5.000000000000e-02,815,40
3320,5.000000000000e-02,1194,55
3321,5.000000000000e-02,1134,59
3322,5.000000000000e-02,1140,50
3323,5.000000000000e-02,1093,62
3324,5.000000000000e-02,855,40
3325,5.000000000000e-02,1152,71
3326,5.000000000000e-02,905,57
3327,5.000000000000e-02,897,43
3328,5.000000000000e-02,888,52
3329,5.000000000000e-02,1139,60
3330,5.000000000000e-02,804,40
3331,5.000000000000e-02,1172,50
3332,5.000000000000e-02,1142,68
3333,5.000000000000e-02,1175,76
3334,5.000000000000e-02,819,33
3335,5.000000000000e-02,863,46
3336,5.000000000000e-02,850,39
3337,5.000000000000e-02,984,48
3338,5.000000000000e-02,1056,35
3339,5.000000000000e-02,808,38
3340,5.000000000000e-02,850,36
3341,5.000000000000e-02,1126,61
3342,5.000000000000e-02,932,37
3343,5.000000000000e-02,976,56
3344,5.000000000000e-02,1018,49
3345,5.000000000000e-02,948,38
3346,5.000000000000e-02,1100,55
3347,5.000000000000e-02,1139,64
3348,5.000000000000e-02,1096,64
3349,5.000000000000e-02,1174,68
3350,5.000000000000e-02,1065,54
3351,5.000000000000e-02,850,37
3352,5.000000000000e-02,887,40
3353,5.000000000000e-02,870,48
3354,5.000000000000e-02,1168,69
3355,5.000000000000e-02,977,39
3356,5.000000000000e-02,800,40
3357,5.000000000000e-02,944,47
3358,5.000000000000e-02,1051,48
3359,5.000000000000e-02,1031,48
3360,5.000000000000e-02,1129,55
3361,5.000000000000e-02,1159,49
3362,5.000000000000e-02,1179,60
3363,5.000000000000e-02,1167,54
3364,5.000000000000e-02,1029,46
3365,5.000000000000e-02,831,48
3366,5.000000000000e-02,1004,53
3367,5.000000000000e-02,1019,63
3368,5.000000000000e-02,1015,44
3369,5.000000000000e-02,1027,48
3370,5.000000000000e-02,1075,65
3371,5.000000000000e-02,1166,55
3372,5.000000000000e-02,1118,46
3373,5.000000000000e-02,1017,46
3374,5.000000000000e-02,1131,60
3375,5.000000000000e-02,884,55
3376,5.000000000000e-02,852,47
3377,5.000000000000e-02,813,45
3378,5.000000000000e-02,1146,64
3379,5.000000000000e-02,901,49
3380,5.000000000000e-02,922,50
3381,5.000000000000e-02,1057,60
3382,5.000000000000e-02,1040,63
3383,5.000000000000e-02,803,50
3384,5.000000000000e-02,1133,45
3385,5.000000000000e-02,1067,61
3386,5.000000000000e-02,1152,44
3387,5.000000000000e-02,953,49
3388,5.000000000000e-02,1063,46
3389,5.000000000000e-02,1023,50
3390,5.000000000000e-02,826,32
3391,5.000000000000e-02,828,52
3392,5.000000000000e-02,1142,60
3393,5.000000000000e-02,1197,48
3394,5.000000000000e-02,1091,50
3395,5.000000000000e-02,1032,49
3396,5.000000000000e-02,913,56
3397,5.000000000000e-02,1113,53
3398,5.000000000000e-02,872,38
3399,5.000000000000e-02,1028,48
3400,5.000000000000e-02,1050,56
3401,5.000000000000e-02,845,47
3402,5.000000000000e-02,966,46
3403,5.000000000000e-02,833,42
3404,5.000000000000e-02,1197,67
3405,5.000000000000e-02,809,27
3406,5.000000000000e-02,959,48
3407,5.000000000000e-02,1118,59
3408,5.000000000000e-02,854,44
3409,5.000000000000e-02,878,32
3410,5.000000000000e-02,1004,43
3411,5.000000000000e-02,1037,57
3412,5.000000000000e-02,973,50
3413,5.000000000000e-02,1049,60
3414,5.000000000000e-02,895,42
3415,5.000000000000e-02,999,48
3416,5.000000000000e-02,900,37
3417,5.000000000000e-02,962,57
3418,5.000000000000e-02,948,37
3419,5.000000000000e-02,1009,49
3420,5.000000000000e-02,1075,50
3421,5.000000000000e-02,1192,65
3422,5.000000000000e-02,801,54
3423,5.000000000000e-02,924,42
3424,5.000000000000e-02,905,47
3425,5.000000000000e-02,1032,77
3426,5.000000000000e-02,1006,51
3427,5.000000000000e-02,1027,55
3428,5.000000000000e-02,966,55
3429,5.000000000000e-02,806,44
3430,5.000000000000e-02,898,49
3431,5.000000000000e-02,833,40
3432,5.000000000000e-02,1104,60
3433,5.000000000000e-02,973,45
3434,5.000000000000e-02,1084,55
3435,5.000000000000e-02,892,48
3436,5.000000000000e-02,883,38
3437,5.000000000000e-02,1067,41
3438,5.000000000000e-02,850,48
3439,5.000000000000e-02,1031,63
3440,5.000000000000e-02,1146,47
3441,5.000000000000e-02,1065,58
3442,5.000000000000e-02,1022,54
3443,5.000000000000e-02,1016,56
3444,5.000000000000e-02,1067,52
3445,5.000000000000e-02,1011,57
3446,5.000000000000e-02,1172,55
3447,5.000000000000e-02,982,41
3448,5.000000000000e-02,907,44
3449,5.000000000000e-02,1073,59
3450,5.000000000000e-02,827,41
3451,5.000000000000e-02,984,48
3452,5.000000000000e-02,800,38
3453,5.000000000000e-02,922,40
3454,5.000000000000e-02,874,44
3455,5.000000000000e-02,1103,57
3456,5.000000000000e-02,803,29
3457,5.000000000000e-02,882,34
3458,5.000000000000e-02,1029,47
3459,5.000000000000e-02,1188,55
3460,5.000000000000e-02,944,40
3461,5.000000000000e-02,1001,39
3462,5.000000000000e-02,887,44
3463,5.000000000000e-02,1050,49
3464,5.000000000000e-02,1162,52
3465,5.000000000000e-02,1018,43
3466,5.000000000000e-02,816,46
3467,5.000000000000e-02,1119,52
3468,5.000000000000e-02,1134,59
3469,5.000000000000e-02,905,44
3470,5.000000000000e-02,926,41
3471,5.000000000000e-02,1199,52
3472,5.000000000000e-02,811,44
3473,5.000000000000e-02,1003,55
3474,5.000000000000e-02,914,48
3475,5.000000000000e-02,1075,59
3476,5.000000000000e-02,1085,43
3477,5.000000000000e-02,1166,68
3478,5.000000000000e-02,1177,66
3479,5.000000000000e-02,1092,51
3480,5.000000000000e-02,1093,52
3481,5.000000000000e-02,973,40
3482,5.000000000000e-02,1087,53
3483,5.000000000000e-02,1027,52
3484,5.000000000000e-02,1122,60
3485,5.000000000000e-02,1165,60
3486,5.000000000000e-02,934,45
3487,5.000000000000e-02,869,50
3488,5.000000000000e-02,942,41
3489,5.000000000000e-02,873,60
3490,5.000000000000e-02,953,37
3491,5.000000000000e-02,810,37
3492,5.000000000000e-02,1091,55
3493,5.000000000000e-02,1131,58
3494,5.000000000000e-02,1076,55
3495,5.000000000000e-02,825,44
3496,5.000000000000e-02,1089,43
3497,5.000000000000e-02,1094,67
3498,5.000000000000e-02,1051,63
3499,5.000000000000e-02,900,49
3500,5.000000000000e-02,1168,63
