error_rate,depth,true_vaf,k_star,expected_alt_reads,power
1.000000000000e-04,200,0.000000000000e+00,1,6.666666666667e-03,6.644493744966e-03
1.000000000000e-04,200,2.500000000000e-04,1,5.666000000000e-02,5.508471404617e-02
1.000000000000e-04,200,5.000000000000e-04,1,1.066533333333e-01,1.011627841121e-01
1.000000000000e-04,200,7.500000000000e-04,1,1.566466666667e-01,1.449938923894e-01
1.000000000000e-04,200,1.000000000000e-03,1,2.066400000000e-01,1.866876102484e-01
1.000000000000e-04,200,1.250000000000e-03,1,2.566333333333e-01,2.263481658956e-01
1.000000000000e-04,200,1.500000000000e-03,1,3.066266666667e-01,2.640747049287e-01
1.000000000000e-04,200,1.750000000000e-03,1,3.566200000000e-01,2.999615381863e-01
1.000000000000e-04,200,2.000000000000e-03,1,4.066133333333e-01,3.340983775112e-01
1.000000000000e-04,200,2.250000000000e-03,1,4.566066666667e-01,3.665705600170e-01
1.000000000000e-04,200,2.500000000000e-03,1,5.066000000000e-01,3.974592614183e-01
1.000000000000e-04,200,2.750000000000e-03,1,5.565933333333e-01,4.268416989581e-01
1.000000000000e-04,200,3.000000000000e-03,1,6.065866666667e-01,4.547913244397e-01
1.000000000000e-04,200,3.250000000000e-03,1,6.565800000000e-01,4.813780078456e-01
1.000000000000e-04,200,3.500000000000e-03,1,7.065733333333e-01,5.066682120019e-01
1.000000000000e-04,200,3.750000000000e-03,1,7.565666666667e-01,5.307251587262e-01
1.000000000000e-04,200,4.000000000000e-03,1,8.065600000000e-01,5.536089868723e-01
1.000000000000e-04,200,4.250000000000e-03,1,8.565533333333e-01,5.753769026690e-01
1.000000000000e-04,200,4.500000000000e-03,1,9.065466666667e-01,5.960833227273e-01
1.000000000000e-04,200,4.750000000000e-03,1,9.565400000000e-01,6.157800100735e-01
1.000000000000e-04,200,5.000000000000e-03,1,1.006533333333e+00,6.345162035501e-01
1.000000000000e-04,200,5.250000000000e-03,1,1.056526666667e+00,6.523387409046e-01
1.000000000000e-04,200,5.500000000000e-03,1,1.106520000000e+00,6.692921758780e-01
1.000000000000e-04,200,5.750000000000e-03,1,1.156513333333e+00,6.854188895821e-01
1.000000000000e-04,200,6.000000000000e-03,1,1.206506666667e+00,7.007591964464e-01
1.000000000000e-04,200,6.250000000000e-03,1,1.256500000000e+00,7.153514449978e-01
1.000000000000e-04,200,6.500000000000e-03,1,1.306493333333e+00,7.292321137271e-01
1.000000000000e-04,200,6.750000000000e-03,1,1.356486666667e+00,7.424359022791e-01
1.000000000000e-04,200,7.000000000000e-03,1,1.406480000000e+00,7.549958181971e-01
1.000000000000e-04,200,7.250000000000e-03,1,1.456473333333e+00,7.669432594370e-01
1.000000000000e-04,200,7.500000000000e-03,1,1.506466666667e+00,7.783080928571e-01
1.000000000000e-04,200,7.750000000000e-03,1,1.556460000000e+00,7.891187288815e-01
1.000000000000e-04,200,8.000000000000e-03,1,1.606453333333e+00,7.994021925218e-01
1.000000000000e-04,200,8.250000000000e-03,1,1.656446666667e+00,8.091841909352e-01
1.000000000000e-04,200,8.500000000000e-03,1,1.706440000000e+00,8.184891776895e-01
1.000000000000e-04,200,8.750000000000e-03,1,1.756433333333e+00,8.273404138929e-01
1.000000000000e-04,200,9.000000000000e-03,1,1.806426666667e+00,8.357600263433e-01
1.000000000000e-04,200,9.250000000000e-03,1,1.856420000000e+00,8.437690628424e-01
1.000000000000e-04,200,9.500000000000e-03,1,1.906413333333e+00,8.513875448120e-01
1.000000000000e-04,200,9.750000000000e-03,1,1.956406666667e+00,8.586345173445e-01
1.000000000000e-04,200,1.000000000000e-02,1,2.006400000000e+00,8.655280968129e-01
1.000000000000e-04,200,1.025000000000e-02,1,2.056393333333e+00,8.720855161595e-01
1.000000000000e-04,200,1.050000000000e-02,1,2.106386666667e+00,8.783231679749e-01
1.000000000000e-04,200,1.075000000000e-02,1,2.156380000000e+00,8.842566454779e-01
1.000000000000e-04,200,1.100000000000e-02,1,2.206373333333e+00,8.899007814958e-01
1.000000000000e-04,200,1.125000000000e-02,1,2.256366666667e+00,8.952696855445e-01
1.000000000000e-04,200,1.150000000000e-02,1,2.306360000000e+00,9.003767791001e-01
1.000000000000e-04,200,1.175000000000e-02,1,2.356353333333e+00,9.052348291508e-01
1.000000000000e-04,200,1.200000000000e-02,1,2.406346666667e+00,9.098559801123e-01
1.000000000000e-04,200,1.225000000000e-02,1,2.456340000000e+00,9.142517841872e-01
1.000000000000e-04,200,1.250000000000e-02,1,2.506333333333e+00,9.184332302437e-01
1.000000000000e-04,200,1.275000000000e-02,1,2.556326666667e+00,9.224107712866e-01
1.000000000000e-04,200,1.300000000000e-02,1,2.606320000000e+00,9.261943505875e-01
1.000000000000e-04,200,1.325000000000e-02,1,2.656313333333e+00,9.297934265421e-01
1.000000000000e-04,200,1.350000000000e-02,1,2.706306666667e+00,9.332169963150e-01
1.000000000000e-04,200,1.375000000000e-02,1,2.756300000000e+00,9.364736183305e-01
1.000000000000e-04,200,1.400000000000e-02,1,2.806293333333e+00,9.395714336681e-01
1.000000000000e-04,200,1.425000000000e-02,1,2.856286666667e+00,9.425181864139e-01
1.000000000000e-04,200,1.450000000000e-02,1,2.906280000000e+00,9.453212430194e-01
1.000000000000e-04,200,1.475000000000e-02,1,2.956273333333e+00,9.479876107168e-01
1.000000000000e-04,200,1.500000000000e-02,1,3.006266666667e+00,9.505239550361e-01
1.000000000000e-04,200,1.525000000000e-02,1,3.056260000000e+00,9.529366164675e-01
1.000000000000e-04,200,1.550000000000e-02,1,3.106253333333e+00,9.552316263125e-01
1.000000000000e-04,200,1.575000000000e-02,1,3.156246666667e+00,9.574147217605e-01
1.000000000000e-04,200,1.600000000000e-02,1,3.206240000000e+00,9.594913602314e-01
1.000000000000e-04,200,1.625000000000e-02,1,3.256233333333e+00,9.614667330180e-01
1.000000000000e-04,200,1.650000000000e-02,1,3.306226666667e+00,9.633457782639e-01
1.000000000000e-04,200,1.675000000000e-02,1,3.356220000000e+00,9.651331933078e-01
1.000000000000e-04,200,1.700000000000e-02,1,3.406213333333e+00,9.668334464264e-01
1.000000000000e-04,200,1.725000000000e-02,1,3.456206666667e+00,9.684507880042e-01
1.000000000000e-04,200,1.750000000000e-02,1,3.506200000000e+00,9.699892611588e-01
1.000000000000e-04,200,1.775000000000e-02,1,3.556193333333e+00,9.714527118486e-01
1.000000000000e-04,200,1.800000000000e-02,1,3.606186666667e+00,9.728447984866e-01
1.000000000000e-04,200,1.825000000000e-02,1,3.656180000000e+00,9.741690010862e-01
1.000000000000e-04,200,1.850000000000e-02,1,3.706173333333e+00,9.754286299603e-01
1.000000000000e-04,200,1.875000000000e-02,1,3.756166666667e+00,9.766268339974e-01
1.000000000000e-04,200,1.900000000000e-02,1,3.806160000000e+00,9.777666085325e-01
1.000000000000e-04,200,1.925000000000e-02,1,3.856153333333e+00,9.788508028355e-01
1.000000000000e-04,200,1.950000000000e-02,1,3.906146666667e+00,9.798821272338e-01
1.000000000000e-04,200,1.975000000000e-02,1,3.956140000000e+00,9.808631598879e-01
1.000000000000e-04,200,2.000000000000e-02,1,4.006133333333e+00,9.817963532362e-01
1.000000000000e-04,500,0.000000000000e+00,1,1.666666666667e-02,1.652854617838e-02
1.000000000000e-04,500,2.500000000000e-04,1,1.416500000000e-01,1.320750229263e-01
1.000000000000e-04,500,5.000000000000e-04,1,2.666333333333e-01,2.340461302652e-01
1.000000000000e-04,500,7.500000000000e-04,1,3.916166666667e-01,3.240368164772e-01
1.000000000000e-04,500,1.000000000000e-03,1,5.166000000000e-01,4.034546419401e-01
1.000000000000e-04,500,1.250000000000e-03,1,6.415833333333e-01,4.735417950306e-01
1.000000000000e-04,500,1.500000000000e-03,1,7.665666666667e-01,5.353945214142e-01
1.000000000000e-04,500,1.750000000000e-03,1,8.915500000000e-01,5.899802706190e-01
1.000000000000e-04,500,2.000000000000e-03,1,1.016533333333e+00,6.381528280867e-01
1.000000000000e-04,500,2.250000000000e-03,1,1.141516666667e+00,6.806656693830e-01
1.000000000000e-04,500,2.500000000000e-03,1,1.266500000000e+00,7.181837454432e-01
1.000000000000e-04,500,2.750000000000e-03,1,1.391483333333e+00,7.512938831882e-01
1.000000000000e-04,500,3.000000000000e-03,1,1.516466666667e+00,7.805139641896e-01
1.000000000000e-04,500,3.250000000000e-03,1,1.641450000000e+00,8.063010249474e-01
1.000000000000e-04,500,3.500000000000e-03,1,1.766433333333e+00,8.290584054795e-01
1.000000000000e-04,500,3.750000000000e-03,1,1.891416666667e+00,8.491420580347e-01
1.000000000000e-04,500,4.000000000000e-03,1,2.016400000000e+00,8.668661146057e-01
1.000000000000e-04,500,4.250000000000e-03,1,2.141383333333e+00,8.825078003235e-01
1.000000000000e-04,500,4.500000000000e-03,1,2.266366666667e+00,8.963117695849e-01
1.000000000000e-04,500,4.750000000000e-03,1,2.391350000000e+00,9.084939327357e-01
1.000000000000e-04,500,5.000000000000e-03,1,2.516333333333e+00,9.192448331634e-01
1.000000000000e-04,500,5.250000000000e-03,1,2.641316666667e+00,9.287326276193e-01
1.000000000000e-04,500,5.500000000000e-03,1,2.766300000000e+00,9.371057163894e-01
1.000000000000e-04,500,5.750000000000e-03,1,2.891283333333e+00,9.444950644488e-01
1.000000000000e-04,500,6.000000000000e-03,1,3.016266666667e+00,9.510162499089e-01
1.000000000000e-04,500,6.250000000000e-03,1,3.141250000000e+00,9.567712717948e-01
1.000000000000e-04,500,6.500000000000e-03,1,3.266233333333e+00,9.618501454306e-01
1.000000000000e-04,500,6.750000000000e-03,1,3.391216666667e+00,9.663323103850e-01
1.000000000000e-04,500,7.000000000000e-03,1,3.516200000000e+00,9.702878729996e-01
1.000000000000e-04,500,7.250000000000e-03,1,3.641183333333e+00,9.737787029350e-01
1.000000000000e-04,500,7.500000000000e-03,1,3.766166666667e+00,9.768594008849e-01
1.000000000000e-04,500,7.750000000000e-03,1,3.891150000000e+00,9.795781525957e-01
1.000000000000e-04,500,8.000000000000e-03,1,4.016133333333e+00,9.819774825479e-01
1.000000000000e-04,500,8.250000000000e-03,1,4.141116666667e+00,9.840949190892e-01
1.000000000000e-04,500,8.500000000000e-03,1,4.266100000000e+00,9.859635814225e-01
1.000000000000e-04,500,8.750000000000e-03,1,4.391083333333e+00,9.876126976287e-01
1.000000000000e-04,500,9.000000000000e-03,1,4.516066666667e+00,9.890680618285e-01
1.000000000000e-04,500,9.250000000000e-03,1,4.641050000000e+00,9.903524376330e-01
1.000000000000e-04,500,9.500000000000e-03,1,4.766033333333e+00,9.914859141934e-01
1.000000000000e-04,500,9.750000000000e-03,1,4.891016666667e+00,9.924862204187e-01
1.000000000000e-04,500,1.000000000000e-02,1,5.016000000000e+00,9.933690022771e-01
1.000000000000e-04,500,1.025000000000e-02,1,5.140983333333e+00,9.941480675171e-01
1.000000000000e-04,500,1.050000000000e-02,1,5.265966666667e+00,9.948356016371e-01
1.000000000000e-04,500,1.075000000000e-02,1,5.390950000000e+00,9.954423584810e-01
1.000000000000e-04,500,1.100000000000e-02,1,5.515933333333e+00,9.959778284408e-01
1.000000000000e-04,500,1.125000000000e-02,1,5.640916666667e+00,9.964503868976e-01
1.000000000000e-04,500,1.150000000000e-02,1,5.765900000000e+00,9.968674252226e-01
1.000000000000e-04,500,1.175000000000e-02,1,5.890883333333e+00,9.972354663866e-01
1.000000000000e-04,500,1.200000000000e-02,1,6.015866666667e+00,9.975602669872e-01
1.000000000000e-04,500,1.225000000000e-02,1,6.140850000000e+00,9.978469072885e-01
1.000000000000e-04,500,1.250000000000e-02,1,6.265833333333e+00,9.980998706826e-01
1.000000000000e-04,500,1.275000000000e-02,1,6.390816666667e+00,9.983231138150e-01
1.000000000000e-04,500,1.300000000000e-02,1,6.515800000000e+00,9.985201284714e-01
1.000000000000e-04,500,1.325000000000e-02,1,6.640783333333e+00,9.986939961933e-01
1.000000000000e-04,500,1.350000000000e-02,1,6.765766666667e+00,9.988474364766e-01
1.000000000000e-04,500,1.375000000000e-02,1,6.890750000000e+00,9.989828493082e-01
1.000000000000e-04,500,1.400000000000e-02,1,7.015733333333e+00,9.991023527043e-01
1.000000000000e-04,500,1.425000000000e-02,1,7.140716666667e+00,9.992078158390e-01
1.000000000000e-04,500,1.450000000000e-02,1,7.265700000000e+00,9.993008882799e-01
1.000000000000e-04,500,1.475000000000e-02,1,7.390683333333e+00,9.993830257896e-01
1.000000000000e-04,500,1.500000000000e-02,1,7.515666666667e+00,9.994555130957e-01
1.000000000000e-04,500,1.525000000000e-02,1,7.640650000000e+00,9.995194839849e-01
1.000000000000e-04,500,1.550000000000e-02,1,7.765633333333e+00,9.995759390374e-01
1.000000000000e-04,500,1.575000000000e-02,1,7.890616666667e+00,9.996257612767e-01
1.000000000000e-04,500,1.600000000000e-02,1,8.015600000000e+00,9.996697299814e-01
1.000000000000e-04,500,1.625000000000e-02,1,8.140583333333e+00,9.997085328739e-01
1.000000000000e-04,500,1.650000000000e-02,1,8.265566666667e+00,9.997427768770e-01
1.000000000000e-04,500,1.675000000000e-02,1,8.390550000000e+00,9.997729976073e-01
1.000000000000e-04,500,1.700000000000e-02,1,8.515533333333e+00,9.997996677527e-01
1.000000000000e-04,500,1.725000000000e-02,1,8.640516666667e+00,9.998232044657e-01
1.000000000000e-04,500,1.750000000000e-02,1,8.765500000000e+00,9.998439758882e-01
1.000000000000e-04,500,1.775000000000e-02,1,8.890483333333e+00,9.998623069098e-01
1.000000000000e-04,500,1.800000000000e-02,1,9.015466666667e+00,9.998784842491e-01
1.000000000000e-04,500,1.825000000000e-02,1,9.140450000000e+00,9.998927609389e-01
1.000000000000e-04,500,1.850000000000e-02,1,9.265433333333e+00,9.999053602835e-01
1.000000000000e-04,500,1.875000000000e-02,1,9.390416666667e+00,9.999164793513e-01
1.000000000000e-04,500,1.900000000000e-02,1,9.515400000000e+00,9.999262920578e-01
1.000000000000e-04,500,1.925000000000e-02,1,9.640383333333e+00,9.999349518851e-01
1.000000000000e-04,500,1.950000000000e-02,1,9.765366666667e+00,9.999425942834e-01
1.000000000000e-04,500,1.975000000000e-02,1,9.890350000000e+00,9.999493387885e-01
1.000000000000e-04,500,2.000000000000e-02,1,1.001533333333e+01,9.999552908927e-01
1.000000000000e-04,1000,0.000000000000e+00,1,3.333333333333e-02,3.278389951799e-02
1.000000000000e-04,1000,2.500000000000e-04,1,2.833000000000e-01,2.467062341716e-01
1.000000000000e-04,1000,5.000000000000e-04,1,5.332666666667e-01,4.133146694383e-01
1.000000000000e-04,1000,7.500000000000e-04,1,7.832333333333e-01,5.430737745217e-01
1.000000000000e-04,1000,1.000000000000e-03,1,1.033200000000e+00,6.441336357772e-01
1.000000000000e-04,1000,1.250000000000e-03,1,1.283166666667e+00,7.228417584204e-01
1.000000000000e-04,1000,1.500000000000e-03,1,1.533133333333e+00,7.841417492680e-01
1.000000000000e-04,1000,1.750000000000e-03,1,1.783100000000e+00,8.318838215183e-01
1.000000000000e-04,1000,2.000000000000e-03,1,2.033066666667e+00,8.690666241784e-01
1.000000000000e-04,1000,2.250000000000e-03,1,2.283033333333e+00,8.980255852894e-01
1.000000000000e-04,1000,2.500000000000e-03,1,2.533000000000e+00,9.205795986676e-01
1.000000000000e-04,1000,2.750000000000e-03,1,2.782966666667e+00,9.381452674604e-01
1.000000000000e-04,1000,3.000000000000e-03,1,3.032933333333e+00,9.518258800843e-01
1.000000000000e-04,1000,3.250000000000e-03,1,3.282900000000e+00,9.624807070636e-01
1.000000000000e-04,1000,3.500000000000e-03,1,3.532866666667e+00,9.707789712628e-01
1.000000000000e-04,1000,3.750000000000e-03,1,3.782833333333e+00,9.772418813460e-01
1.000000000000e-04,1000,4.000000000000e-03,1,4.032800000000e+00,9.822753685598e-01
1.000000000000e-04,1000,4.250000000000e-03,1,4.282766666667e+00,9.861955830152e-01
1.000000000000e-04,1000,4.500000000000e-03,1,4.532733333333e+00,9.892487508734e-01
1.000000000000e-04,1000,4.750000000000e-03,1,4.782700000000e+00,9.916266396538e-01
1.000000000000e-04,1000,5.000000000000e-03,1,5.032666666667e+00,9.934786030292e-01
1.000000000000e-04,1000,5.250000000000e-03,1,5.282633333333e+00,9.949209616340e-01
1.000000000000e-04,1000,5.500000000000e-03,1,5.532600000000e+00,9.960443090891e-01
1.000000000000e-04,1000,5.750000000000e-03,1,5.782566666667e+00,9.969192021295e-01
1.000000000000e-04,1000,6.000000000000e-03,1,6.032533333333e+00,9.976005922270e-01
1.000000000000e-04,1000,6.250000000000e-03,1,6.282500000000e+00,9.981312770578e-01
1.000000000000e-04,1000,6.500000000000e-03,1,6.532466666667e+00,9.985445885963e-01
1.000000000000e-04,1000,6.750000000000e-03,1,6.782433333333e+00,9.988664866760e-01
1.000000000000e-04,1000,7.000000000000e-03,1,7.032400000000e+00,9.991171895091e-01
1.000000000000e-04,1000,7.250000000000e-03,1,7.282366666667e+00,9.993124435802e-01
1.000000000000e-04,1000,7.500000000000e-03,1,7.532333333333e+00,9.994645126726e-01
1.000000000000e-04,1000,7.750000000000e-03,1,7.782300000000e+00,9.995829481486e-01
1.000000000000e-04,1000,8.000000000000e-03,1,8.032266666667e+00,9.996751888647e-01
1.000000000000e-04,1000,8.250000000000e-03,1,8.282233333333e+00,9.997470284012e-01
1.000000000000e-04,1000,8.500000000000e-03,1,8.532200000000e+00,9.998029789535e-01
1.000000000000e-04,1000,8.750000000000e-03,1,8.782166666667e+00,9.998465547400e-01
1.000000000000e-04,1000,9.000000000000e-03,1,9.032133333333e+00,9.998804927278e-01
1.000000000000e-04,1000,9.250000000000e-03,1,9.282100000000e+00,9.999069245404e-01
1.000000000000e-04,1000,9.500000000000e-03,1,9.532066666667e+00,9.999275103429e-01
1.000000000000e-04,1000,9.750000000000e-03,1,9.782033333333e+00,9.999435431164e-01
1.000000000000e-04,1000,1.000000000000e-02,1,1.003200000000e+01,9.999560298692e-01
1.000000000000e-04,1000,1.025000000000e-02,1,1.028196666667e+01,9.999657548862e-01
1.000000000000e-04,1000,1.050000000000e-02,1,1.053193333333e+01,9.999733289895e-01
1.000000000000e-04,1000,1.075000000000e-02,1,1.078190000000e+01,9.999792279038e-01
1.000000000000e-04,1000,1.100000000000e-02,1,1.103186666667e+01,9.999838221359e-01
1.000000000000e-04,1000,1.125000000000e-02,1,1.128183333333e+01,9.999874002468e-01
1.000000000000e-04,1000,1.150000000000e-02,1,1.153180000000e+01,9.999901869753e-01
1.000000000000e-04,1000,1.175000000000e-02,1,1.178176666667e+01,9.999923573539e-01
1.000000000000e-04,1000,1.200000000000e-02,1,1.203173333333e+01,9.999940477028e-01
1.000000000000e-04,1000,1.225000000000e-02,1,1.228170000000e+01,9.999953641918e-01
1.000000000000e-04,1000,1.250000000000e-02,1,1.253166666667e+01,9.999963895086e-01
1.000000000000e-04,1000,1.275000000000e-02,1,1.278163333333e+01,9.999971880527e-01
1.000000000000e-04,1000,1.300000000000e-02,1,1.303160000000e+01,9.999978099803e-01
1.000000000000e-04,1000,1.325000000000e-02,1,1.328156666667e+01,9.999982943541e-01
1.000000000000e-04,1000,1.350000000000e-02,1,1.353153333333e+01,9.999986715973e-01
1.000000000000e-04,1000,1.375000000000e-02,1,1.378150000000e+01,9.999989654045e-01
1.000000000000e-04,1000,1.400000000000e-02,1,1.403146666667e+01,9.999991942293e-01
1.000000000000e-04,1000,1.425000000000e-02,1,1.428143333333e+01,9.999993724443e-01
1.000000000000e-04,1000,1.450000000000e-02,1,1.453140000000e+01,9.999995112428e-01
1.000000000000e-04,1000,1.475000000000e-02,1,1.478136666667e+01,9.999996193428e-01
1.000000000000e-04,1000,1.500000000000e-02,1,1.503133333333e+01,9.999997035340e-01
1.000000000000e-04,1000,1.525000000000e-02,1,1.528130000000e+01,9.999997691044e-01
1.000000000000e-04,1000,1.550000000000e-02,1,1.553126666667e+01,9.999998201723e-01
1.000000000000e-04,1000,1.575000000000e-02,1,1.578123333333e+01,9.999998599454e-01
1.000000000000e-04,1000,1.600000000000e-02,1,1.603120000000e+01,9.999998909217e-01
1.000000000000e-04,1000,1.625000000000e-02,1,1.628116666667e+01,9.999999150469e-01
1.000000000000e-04,1000,1.650000000000e-02,1,1.653113333333e+01,9.999999338363e-01
1.000000000000e-04,1000,1.675000000000e-02,1,1.678110000000e+01,9.999999484699e-01
1.000000000000e-04,1000,1.700000000000e-02,1,1.703106666667e+01,9.999999598670e-01
1.000000000000e-04,1000,1.725000000000e-02,1,1.728103333333e+01,9.999999687433e-01
1.000000000000e-04,1000,1.750000000000e-02,1,1.753100000000e+01,9.999999756565e-01
1.000000000000e-04,1000,1.775000000000e-02,1,1.778096666667e+01,9.999999810406e-01
1.000000000000e-04,1000,1.800000000000e-02,1,1.803093333333e+01,9.999999852339e-01
1.000000000000e-04,1000,1.825000000000e-02,1,1.828090000000e+01,9.999999884998e-01
1.000000000000e-04,1000,1.850000000000e-02,1,1.853086666667e+01,9.999999910433e-01
1.000000000000e-04,1000,1.875000000000e-02,1,1.878083333333e+01,9.999999930243e-01
1.000000000000e-04,1000,1.900000000000e-02,1,1.903080000000e+01,9.999999945671e-01
1.000000000000e-04,1000,1.925000000000e-02,1,1.928076666667e+01,9.999999957687e-01
1.000000000000e-04,1000,1.950000000000e-02,1,1.953073333333e+01,9.999999967046e-01
1.000000000000e-04,1000,1.975000000000e-02,1,1.978070000000e+01,9.999999974334e-01
1.000000000000e-04,1000,2.000000000000e-02,1,2.003066666667e+01,9.999999980011e-01
1.000000000000e-04,2000,0.000000000000e+00,2,6.666666666667e-02,2.125882632941e-03
1.000000000000e-04,2000,2.500000000000e-04,2,5.666000000000e-01,1.110304838036e-01
1.000000000000e-04,2000,5.000000000000e-04,2,1.066533333333e+00,2.886998939580e-01
1.000000000000e-04,2000,7.500000000000e-04,2,1.566466666667e+00,4.641690457885e-01
1.000000000000e-04,2000,1.000000000000e-03,2,2.066400000000e+00,6.116684387307e-01
1.000000000000e-04,2000,1.250000000000e-03,2,2.566333333333e+00,7.260460747744e-01
1.000000000000e-04,2000,1.500000000000e-03,2,3.066266666667e+00,8.105331813169e-01
1.000000000000e-04,2000,1.750000000000e-03,2,3.566200000000e+00,8.709452635225e-01
1.000000000000e-04,2000,2.000000000000e-03,2,4.066133333333e+00,9.131484954456e-01
1.000000000000e-04,2000,2.250000000000e-03,2,4.566066666667e+00,9.421196902794e-01
1.000000000000e-04,2000,2.500000000000e-03,2,5.066000000000e+00,9.617380975034e-01
1.000000000000e-04,2000,2.750000000000e-03,2,5.565933333333e+00,9.748786869493e-01
1.000000000000e-04,2000,3.000000000000e-03,2,6.065866666667e+00,9.836019194004e-01
1.000000000000e-04,2000,3.250000000000e-03,2,6.565800000000e+00,9.893496434465e-01
1.000000000000e-04,2000,3.500000000000e-03,2,7.065733333333e+00,9.931129242122e-01
1.000000000000e-04,2000,3.750000000000e-03,2,7.565666666667e+00,9.955635674346e-01
1.000000000000e-04,2000,4.000000000000e-03,2,8.065600000000e+00,9.971519278989e-01
1.000000000000e-04,2000,4.250000000000e-03,2,8.565533333333e+00,9.981771735229e-01
1.000000000000e-04,2000,4.500000000000e-03,2,9.065466666667e+00,9.988365391722e-01
1.000000000000e-04,2000,4.750000000000e-03,2,9.565400000000e+00,9.992592263825e-01
1.000000000000e-04,2000,5.000000000000e-03,2,1.006533333333e+01,9.995294066606e-01
1.000000000000e-04,2000,5.250000000000e-03,2,1.056526666667e+01,9.997016550866e-01
1.000000000000e-04,2000,5.500000000000e-03,2,1.106520000000e+01,9.998112098966e-01
1.000000000000e-04,2000,5.750000000000e-03,2,1.156513333333e+01,9.998807403550e-01
1.000000000000e-04,2000,6.000000000000e-03,2,1.206506666667e+01,9.999247823513e-01
1.000000000000e-04,2000,6.250000000000e-03,2,1.256500000000e+01,9.999526293185e-01
1.000000000000e-04,2000,6.500000000000e-03,2,1.306493333333e+01,9.999702073438e-01
1.000000000000e-04,2000,6.750000000000e-03,2,1.356486666667e+01,9.999812862953e-01
1.000000000000e-04,2000,7.000000000000e-03,2,1.406480000000e+01,9.999882591824e-01
1.000000000000e-04,2000,7.250000000000e-03,2,1.456473333333e+01,9.999926420240e-01
1.000000000000e-04,2000,7.500000000000e-03,2,1.506466666667e+01,9.999953935102e-01
1.000000000000e-04,2000,7.750000000000e-03,2,1.556460000000e+01,9.999971188819e-01
1.000000000000e-04,2000,8.000000000000e-03,2,1.606453333333e+01,9.999981996529e-01
1.000000000000e-04,2000,8.250000000000e-03,2,1.656446666667e+01,9.999988759685e-01
1.000000000000e-04,2000,8.500000000000e-03,2,1.706440000000e+01,9.999992987889e-01
1.000000000000e-04,2000,8.750000000000e-03,2,1.756433333333e+01,9.999995628945e-01
1.000000000000e-04,2000,9.000000000000e-03,2,1.806426666667e+01,9.999997277244e-01
1.000000000000e-04,2000,9.250000000000e-03,2,1.856420000000e+01,9.999998305145e-01
1.000000000000e-04,2000,9.500000000000e-03,2,1.906413333333e+01,9.999998945680e-01
1.000000000000e-04,2000,9.750000000000e-03,2,1.956406666667e+01,9.999999344545e-01
1.000000000000e-04,2000,1.000000000000e-02,2,2.006400000000e+01,9.999999592754e-01
1.000000000000e-04,2000,1.025000000000e-02,2,2.056393333333e+01,9.999999747114e-01
1.000000000000e-04,2000,1.050000000000e-02,2,2.106386666667e+01,9.999999843050e-01
1.000000000000e-04,2000,1.075000000000e-02,2,2.156380000000e+01,9.999999902642e-01
1.000000000000e-04,2000,1.100000000000e-02,2,2.206373333333e+01,9.999999939637e-01
1.000000000000e-04,2000,1.125000000000e-02,2,2.256366666667e+01,9.999999962592e-01
1.000000000000e-04,2000,1.150000000000e-02,2,2.306360000000e+01,9.999999976828e-01
1.000000000000e-04,2000,1.175000000000e-02,2,2.356353333333e+01,9.999999985652e-01
1.000000000000e-04,2000,1.200000000000e-02,2,2.406346666667e+01,9.999999991120e-01
1.000000000000e-04,2000,1.225000000000e-02,2,2.456340000000e+01,9.999999994506e-01
1.000000000000e-04,2000,1.250000000000e-02,2,2.506333333333e+01,9.999999996602e-01
1.000000000000e-04,2000,1.275000000000e-02,2,2.556326666667e+01,9.999999997900e-01
1.000000000000e-04,2000,1.300000000000e-02,2,2.606320000000e+01,9.999999998702e-01
1.000000000000e-04,2000,1.325000000000e-02,2,2.656313333333e+01,9.999999999198e-01
1.000000000000e-04,2000,1.350000000000e-02,2,2.706306666667e+01,9.999999999505e-01
1.000000000000e-04,2000,1.375000000000e-02,2,2.756300000000e+01,9.999999999694e-01
1.000000000000e-04,2000,1.400000000000e-02,2,2.806293333333e+01,9.999999999811e-01
1.000000000000e-04,2000,1.425000000000e-02,2,2.856286666667e+01,9.999999999884e-01
1.000000000000e-04,2000,1.450000000000e-02,2,2.906280000000e+01,9.999999999928e-01
1.000000000000e-04,2000,1.475000000000e-02,2,2.956273333333e+01,9.999999999956e-01
1.000000000000e-04,2000,1.500000000000e-02,2,3.006266666667e+01,9.999999999973e-01
1.000000000000e-04,2000,1.525000000000e-02,2,3.056260000000e+01,9.999999999983e-01
1.000000000000e-04,2000,1.550000000000e-02,2,3.106253333333e+01,9.999999999990e-01
1.000000000000e-04,2000,1.575000000000e-02,2,3.156246666667e+01,9.999999999994e-01
1.000000000000e-04,2000,1.600000000000e-02,2,3.206240000000e+01,9.999999999996e-01
1.000000000000e-04,2000,1.625000000000e-02,2,3.256233333333e+01,9.999999999998e-01
1.000000000000e-04,2000,1.650000000000e-02,2,3.306226666667e+01,9.999999999998e-01
1.000000000000e-04,2000,1.675000000000e-02,2,3.356220000000e+01,9.999999999999e-01
1.000000000000e-04,2000,1.700000000000e-02,2,3.406213333333e+01,9.999999999999e-01
1.000000000000e-04,2000,1.725000000000e-02,2,3.456206666667e+01,1.000000000000e+00
1.000000000000e-04,2000,1.750000000000e-02,2,3.506200000000e+01,1.000000000000e+00
1.000000000000e-04,2000,1.775000000000e-02,2,3.556193333333e+01,1.000000000000e+00
1.000000000000e-04,2000,1.800000000000e-02,2,3.606186666667e+01,1.000000000000e+00
1.000000000000e-04,2000,1.825000000000e-02,2,3.656180000000e+01,1.000000000000e+00
1.000000000000e-04,2000,1.850000000000e-02,2,3.706173333333e+01,1.000000000000e+00
1.000000000000e-04,2000,1.875000000000e-02,2,3.756166666667e+01,1.000000000000e+00
1.000000000000e-04,2000,1.900000000000e-02,2,3.806160000000e+01,1.000000000000e+00
1.000000000000e-04,2000,1.925000000000e-02,2,3.856153333333e+01,1.000000000000e+00
1.000000000000e-04,2000,1.950000000000e-02,2,3.906146666667e+01,1.000000000000e+00
1.000000000000e-04,2000,1.975000000000e-02,2,3.956140000000e+01,1.000000000000e+00
1.000000000000e-04,2000,2.000000000000e-02,2,4.006133333333e+01,1.000000000000e+00
1.000000000000e-04,5000,0.000000000000e+00,2,1.666666666667e-01,1.243798762762e-02
1.000000000000e-04,5000,2.500000000000e-04,2,1.416500000000e+00,4.138501396401e-01
1.000000000000e-04,5000,5.000000000000e-04,2,2.666333333333e+00,7.451655760147e-01
1.000000000000e-04,5000,7.500000000000e-04,2,3.916166666667e+00,9.020832423142e-01
1.000000000000e-04,5000,1.000000000000e-03,2,5.166000000000e+00,9.648084636727e-01
1.000000000000e-04,5000,1.250000000000e-03,2,6.415833333333e+00,9.878717274707e-01
1.000000000000e-04,5000,1.500000000000e-03,2,7.665666666667e+00,9.959388853901e-01
1.000000000000e-04,5000,1.750000000000e-03,2,8.915500000000e+00,9.986684356310e-01
1.000000000000e-04,5000,2.000000000000e-03,2,1.016533333333e+01,9.995703413893e-01
1.000000000000e-04,5000,2.250000000000e-03,2,1.141516666667e+01,9.998630983568e-01
1.000000000000e-04,5000,2.500000000000e-03,2,1.266500000000e+01,9.999568212543e-01
1.000000000000e-04,5000,2.750000000000e-03,2,1.391483333333e+01,9.999864953581e-01
1.000000000000e-04,5000,3.000000000000e-03,2,1.516466666667e+01,9.999958059298e-01
1.000000000000e-04,5000,3.250000000000e-03,2,1.641450000000e+01,9.999987052550e-01
1.000000000000e-04,5000,3.500000000000e-03,2,1.766433333333e+01,9.999996023601e-01
1.000000000000e-04,5000,3.750000000000e-03,2,1.891416666667e+01,9.999998784251e-01
1.000000000000e-04,5000,4.000000000000e-03,2,2.016400000000e+01,9.999999629760e-01
1.000000000000e-04,5000,4.250000000000e-03,2,2.141383333333e+01,9.999999887641e-01
1.000000000000e-04,5000,4.500000000000e-03,2,2.266366666667e+01,9.999999966008e-01
1.000000000000e-04,5000,4.750000000000e-03,2,2.391350000000e+01,9.999999989745e-01
1.000000000000e-04,5000,5.000000000000e-03,2,2.516333333333e+01,9.999999996914e-01
1.000000000000e-04,5000,5.250000000000e-03,2,2.641316666667e+01,9.999999999073e-01
1.000000000000e-04,5000,5.500000000000e-03,2,2.766300000000e+01,9.999999999722e-01
1.000000000000e-04,5000,5.750000000000e-03,2,2.891283333333e+01,9.999999999917e-01
1.000000000000e-04,5000,6.000000000000e-03,2,3.016266666667e+01,9.999999999975e-01
1.000000000000e-04,5000,6.250000000000e-03,2,3.141250000000e+01,9.999999999993e-01
1.000000000000e-04,5000,6.500000000000e-03,2,3.266233333333e+01,9.999999999998e-01
1.000000000000e-04,5000,6.750000000000e-03,2,3.391216666667e+01,9.999999999999e-01
1.000000000000e-04,5000,7.000000000000e-03,2,3.516200000000e+01,1.000000000000e+00
1.000000000000e-04,5000,7.250000000000e-03,2,3.641183333333e+01,1.000000000000e+00
1.000000000000e-04,5000,7.500000000000e-03,2,3.766166666667e+01,1.000000000000e+00
1.000000000000e-04,5000,7.750000000000e-03,2,3.891150000000e+01,1.000000000000e+00
1.000000000000e-04,5000,8.000000000000e-03,2,4.016133333333e+01,1.000000000000e+00
1.000000000000e-04,5000,8.250000000000e-03,2,4.141116666667e+01,1.000000000000e+00
1.000000000000e-04,5000,8.500000000000e-03,2,4.266100000000e+01,1.000000000000e+00
1.000000000000e-04,5000,8.750000000000e-03,2,4.391083333333e+01,1.000000000000e+00
1.000000000000e-04,5000,9.000000000000e-03,2,4.516066666667e+01,1.000000000000e+00
1.000000000000e-04,5000,9.250000000000e-03,2,4.641050000000e+01,1.000000000000e+00
1.000000000000e-04,5000,9.500000000000e-03,2,4.766033333333e+01,1.000000000000e+00
1.000000000000e-04,5000,9.750000000000e-03,2,4.891016666667e+01,1.000000000000e+00
1.000000000000e-04,5000,1.000000000000e-02,2,5.016000000000e+01,1.000000000000e+00
1.000000000000e-04,5000,1.025000000000e-02,2,5.140983333333e+01,1.000000000000e+00
1.000000000000e-04,5000,1.050000000000e-02,2,5.265966666667e+01,1.000000000000e+00
1.000000000000e-04,5000,1.075000000000e-02,2,5.390950000000e+01,1.000000000000e+00
1.000000000000e-04,5000,1.100000000000e-02,2,5.515933333333e+01,1.000000000000e+00
1.000000000000e-04,5000,1.125000000000e-02,2,5.640916666667e+01,1.000000000000e+00
1.000000000000e-04,5000,1.150000000000e-02,2,5.765900000000e+01,1.000000000000e+00
1.000000000000e-04,5000,1.175000000000e-02,2,5.890883333333e+01,1.000000000000e+00
1.000000000000e-04,5000,1.200000000000e-02,2,6.015866666667e+01,1.000000000000e+00
1.000000000000e-04,5000,1.225000000000e-02,2,6.140850000000e+01,1.000000000000e+00
1.000000000000e-04,5000,1.250000000000e-02,2,6.265833333333e+01,1.000000000000e+00
1.000000000000e-04,5000,1.275000000000e-02,2,6.390816666667e+01,1.000000000000e+00
1.000000000000e-04,5000,1.300000000000e-02,2,6.515800000000e+01,1.000000000000e+00
1.000000000000e-04,5000,1.325000000000e-02,2,6.640783333333e+01,1.000000000000e+00
1.000000000000e-04,5000,1.350000000000e-02,2,6.765766666667e+01,1.000000000000e+00
1.000000000000e-04,5000,1.375000000000e-02,2,6.890750000000e+01,1.000000000000e+00
1.000000000000e-04,5000,1.400000000000e-02,2,7.015733333333e+01,1.000000000000e+00
1.000000000000e-04,5000,1.425000000000e-02,2,7.140716666667e+01,1.000000000000e+00
1.000000000000e-04,5000,1.450000000000e-02,2,7.265700000000e+01,1.000000000000e+00
1.000000000000e-04,5000,1.475000000000e-02,2,7.390683333333e+01,1.000000000000e+00
1.000000000000e-04,5000,1.500000000000e-02,2,7.515666666667e+01,1.000000000000e+00
1.000000000000e-04,5000,1.525000000000e-02,2,7.640650000000e+01,1.000000000000e+00
1.000000000000e-04,5000,1.550000000000e-02,2,7.765633333333e+01,1.000000000000e+00
1.000000000000e-04,5000,1.575000000000e-02,2,7.890616666667e+01,1.000000000000e+00
1.000000000000e-04,5000,1.600000000000e-02,2,8.015600000000e+01,1.000000000000e+00
1.000000000000e-04,5000,1.625000000000e-02,2,8.140583333333e+01,1.000000000000e+00
1.000000000000e-04,5000,1.650000000000e-02,2,8.265566666667e+01,1.000000000000e+00
1.000000000000e-04,5000,1.675000000000e-02,2,8.390550000000e+01,1.000000000000e+00
1.000000000000e-04,5000,1.700000000000e-02,2,8.515533333333e+01,1.000000000000e+00
1.000000000000e-04,5000,1.725000000000e-02,2,8.640516666667e+01,1.000000000000e+00
1.000000000000e-04,5000,1.750000000000e-02,2,8.765500000000e+01,1.000000000000e+00
1.000000000000e-04,5000,1.775000000000e-02,2,8.890483333333e+01,1.000000000000e+00
1.000000000000e-04,5000,1.800000000000e-02,2,9.015466666667e+01,1.000000000000e+00
1.000000000000e-04,5000,1.825000000000e-02,2,9.140450000000e+01,1.000000000000e+00
1.000000000000e-04,5000,1.850000000000e-02,2,9.265433333333e+01,1.000000000000e+00
1.000000000000e-04,5000,1.875000000000e-02,2,9.390416666667e+01,1.000000000000e+00
1.000000000000e-04,5000,1.900000000000e-02,2,9.515400000000e+01,1.000000000000e+00
1.000000000000e-04,5000,1.925000000000e-02,2,9.640383333333e+01,1.000000000000e+00
1.000000000000e-04,5000,1.950000000000e-02,2,9.765366666667e+01,1.000000000000e+00
1.000000000000e-04,5000,1.975000000000e-02,2,9.890350000000e+01,1.000000000000e+00
1.000000000000e-04,5000,2.000000000000e-02,2,1.001533333333e+02,1.000000000000e+00
5.000000000000e-04,200,0.000000000000e+00,1,3.333333333333e-02,3.278389951799e-02
5.000000000000e-04,200,2.500000000000e-04,1,8.330000000000e-02,7.992491671238e-02
5.000000000000e-04,200,5.000000000000e-04,1,1.332666666667e-01,1.247683341242e-01
5.000000000000e-04,200,7.500000000000e-04,1,1.832333333333e-01,1.674261341645e-01
5.000000000000e-04,200,1.000000000000e-03,1,2.332000000000e-01,2.080048413484e-01
5.000000000000e-04,200,1.250000000000e-03,1,2.831666666667e-01,2.466057883066e-01
5.000000000000e-04,200,1.500000000000e-03,1,3.331333333333e-01,2.833253688325e-01
5.000000000000e-04,200,1.750000000000e-03,1,3.831000000000e-01,3.182552785950e-01
5.000000000000e-04,200,2.000000000000e-03,1,4.330666666667e-01,3.514827441199e-01
5.000000000000e-04,200,2.250000000000e-03,1,4.830333333333e-01,3.830907406112e-01
5.000000000000e-04,200,2.500000000000e-03,1,5.330000000000e-01,4.131581991551e-01
5.000000000000e-04,200,2.750000000000e-03,1,5.829666666667e-01,4.417602038262e-01
5.000000000000e-04,200,3.000000000000e-03,1,6.329333333333e-01,4.689681791865e-01
5.000000000000e-04,200,3.250000000000e-03,1,6.829000000000e-01,4.948500686456e-01
5.000000000000e-04,200,3.500000000000e-03,1,7.328666666667e-01,5.194705041283e-01
5.000000000000e-04,200,3.750000000000e-03,1,7.828333333333e-01,5.428909674726e-01
5.000000000000e-04,200,4.000000000000e-03,1,8.328000000000e-01,5.651699439612e-01
5.000000000000e-04,200,4.250000000000e-03,1,8.827666666667e-01,5.863630683707e-01
5.000000000000e-04,200,4.500000000000e-03,1,9.327333333333e-01,6.065232639014e-01
5.000000000000e-04,200,4.750000000000e-03,1,9.827000000000e-01,6.257008743369e-01
5.000000000000e-04,200,5.000000000000e-03,1,1.032666666667e+00,6.439437897619e-01
5.000000000000e-04,200,5.250000000000e-03,1,1.082633333333e+00,6.612975661523e-01
5.000000000000e-04,200,5.500000000000e-03,1,1.132600000000e+00,6.778055391377e-01
5.000000000000e-04,200,5.750000000000e-03,1,1.182566666667e+00,6.935089322180e-01
5.000000000000e-04,200,6.000000000000e-03,1,1.232533333333e+00,7.084469597064e-01
5.000000000000e-04,200,6.250000000000e-03,1,1.282500000000e+00,7.226569246550e-01
5.000000000000e-04,200,6.500000000000e-03,1,1.332466666667e+00,7.361743120073e-01
5.000000000000e-04,200,6.750000000000e-03,1,1.382433333333e+00,7.490328772108e-01
5.000000000000e-04,200,7.000000000000e-03,1,1.432400000000e+00,7.612647305110e-01
5.000000000000e-04,200,7.250000000000e-03,1,1.482366666667e+00,7.729004171360e-01
5.000000000000e-04,200,7.500000000000e-03,1,1.532333333333e+00,7.839689935744e-01
5.000000000000e-04,200,7.750000000000e-03,1,1.582300000000e+00,7.944981001343e-01
5.000000000000e-04,200,8.000000000000e-03,1,1.632266666667e+00,8.045140299665e-01
5.000000000000e-04,200,8.250000000000e-03,1,1.682233333333e+00,8.140417947236e-01
5.000000000000e-04,200,8.500000000000e-03,1,1.732200000000e+00,8.231051870182e-01
5.000000000000e-04,200,8.750000000000e-03,1,1.782166666667e+00,8.317268398383e-01
5.000000000000e-04,200,9.000000000000e-03,1,1.832133333333e+00,8.399282830655e-01
5.000000000000e-04,200,9.250000000000e-03,1,1.882100000000e+00,8.477299972394e-01
5.000000000000e-04,200,9.500000000000e-03,1,1.932066666667e+00,8.551514647013e-01
5.000000000000e-04,200,9.750000000000e-03,1,1.982033333333e+00,8.622112182452e-01
5.000000000000e-04,200,1.000000000000e-02,1,2.032000000000e+00,8.689268873978e-01
5.000000000000e-04,200,1.025000000000e-02,1,2.081966666667e+00,8.753152424426e-01
5.000000000000e-04,200,1.050000000000e-02,1,2.131933333333e+00,8.813922362984e-01
5.000000000000e-04,200,1.075000000000e-02,1,2.181900000000e+00,8.871730443570e-01
5.000000000000e-04,200,1.100000000000e-02,1,2.231866666667e+00,8.926721023785e-01
5.000000000000e-04,200,1.125000000000e-02,1,2.281833333333e+00,8.979031425408e-01
5.000000000000e-04,200,1.150000000000e-02,1,2.331800000000e+00,9.028792277306e-01
5.000000000000e-04,200,1.175000000000e-02,1,2.381766666667e+00,9.076127841646e-01
5.000000000000e-04,200,1.200000000000e-02,1,2.431733333333e+00,9.121156324196e-01
5.000000000000e-04,200,1.225000000000e-02,1,2.481700000000e+00,9.163990169509e-01
5.000000000000e-04,200,1.250000000000e-02,1,2.531666666667e+00,9.204736341718e-01
5.000000000000e-04,200,1.275000000000e-02,1,2.581633333333e+00,9.243496591646e-01
5.000000000000e-04,200,1.300000000000e-02,1,2.631600000000e+00,9.280367710896e-01
5.000000000000e-04,200,1.325000000000e-02,1,2.681566666667e+00,9.315441773556e-01
5.000000000000e-04,200,1.350000000000e-02,1,2.731533333333e+00,9.348806366130e-01
5.000000000000e-04,200,1.375000000000e-02,1,2.781500000000e+00,9.380544806253e-01
5.000000000000e-04,200,1.400000000000e-02,1,2.831466666667e+00,9.410736350754e-01
5.000000000000e-04,200,1.425000000000e-02,1,2.881433333333e+00,9.439456393573e-01
5.000000000000e-04,200,1.450000000000e-02,1,2.931400000000e+00,9.466776654035e-01
5.000000000000e-04,200,1.475000000000e-02,1,2.981366666667e+00,9.492765355948e-01
5.000000000000e-04,200,1.500000000000e-02,1,3.031333333333e+00,9.517487397966e-01
5.000000000000e-04,200,1.525000000000e-02,1,3.081300000000e+00,9.541004515659e-01
5.000000000000e-04,200,1.550000000000e-02,1,3.131266666667e+00,9.563375435672e-01
5.000000000000e-04,200,1.575000000000e-02,1,3.181233333333e+00,9.584656022383e-01
5.000000000000e-04,200,1.600000000000e-02,1,3.231200000000e+00,9.604899417401e-01
5.000000000000e-04,200,1.625000000000e-02,1,3.281166666667e+00,9.624156172276e-01
5.000000000000e-04,200,1.650000000000e-02,1,3.331133333333e+00,9.642474374730e-01
5.000000000000e-04,200,1.675000000000e-02,1,3.381100000000e+00,9.659899768744e-01
5.000000000000e-04,200,1.700000000000e-02,1,3.431066666667e+00,9.676475868792e-01
5.000000000000e-04,200,1.725000000000e-02,1,3.481033333333e+00,9.692244068499e-01
5.000000000000e-04,200,1.750000000000e-02,1,3.531000000000e+00,9.707243744013e-01
5.000000000000e-04,200,1.775000000000e-02,1,3.580966666667e+00,9.721512352331e-01
5.000000000000e-04,200,1.800000000000e-02,1,3.630933333333e+00,9.735085524842e-01
5.000000000000e-04,200,1.825000000000e-02,1,3.680900000000e+00,9.747997156299e-01
5.000000000000e-04,200,1.850000000000e-02,1,3.730866666667e+00,9.760279489463e-01
5.000000000000e-04,200,1.875000000000e-02,1,3.780833333333e+00,9.771963195621e-01
5.000000000000e-04,200,1.900000000000e-02,1,3.830800000000e+00,9.783077451174e-01
5.000000000000e-04,200,1.925000000000e-02,1,3.880766666667e+00,9.793650010501e-01
5.000000000000e-04,200,1.950000000000e-02,1,3.930733333333e+00,9.803707275261e-01
5.000000000000e-04,200,1.975000000000e-02,1,3.980700000000e+00,9.813274360329e-01
5.000000000000e-04,200,2.000000000000e-02,1,4.030666666667e+00,9.822375156507e-01
5.000000000000e-04,500,0.000000000000e+00,2,8.333333333333e-02,3.285217484900e-03
5.000000000000e-04,500,2.500000000000e-04,2,2.082500000000e-01,1.889615451622e-02
5.000000000000e-04,500,5.000000000000e-04,2,3.331666666667e-01,4.458511857539e-02
5.000000000000e-04,500,7.500000000000e-04,2,4.580833333333e-01,7.776992310866e-02
5.000000000000e-04,500,1.000000000000e-03,2,5.830000000000e-01,1.163358586192e-01
5.000000000000e-04,500,1.250000000000e-03,2,7.079166666667e-01,1.585615090012e-01
5.000000000000e-04,500,1.500000000000e-03,2,8.328333333333e-01,2.030555442148e-01
5.000000000000e-04,500,1.750000000000e-03,2,9.577500000000e-01,2.487029343798e-01
5.000000000000e-04,500,2.000000000000e-03,2,1.082666666667e+00,2.946192441903e-01
5.000000000000e-04,500,2.250000000000e-03,2,1.207583333333e+00,3.401118516070e-01
5.000000000000e-04,500,2.500000000000e-03,2,1.332500000000e+00,3.846470948623e-01
5.000000000000e-04,500,2.750000000000e-03,2,1.457416666667e+00,4.278224902431e-01
5.000000000000e-04,500,3.000000000000e-03,2,1.582333333333e+00,4.693432827655e-01
5.000000000000e-04,500,3.250000000000e-03,2,1.707250000000e+00,5.090026952320e-01
5.000000000000e-04,500,3.500000000000e-03,2,1.832166666667e+00,5.466653304296e-01
5.000000000000e-04,500,3.750000000000e-03,2,1.957083333333e+00,5.822532582860e-01
5.000000000000e-04,500,4.000000000000e-03,2,2.082000000000e+00,6.157343862753e-01
5.000000000000e-04,500,4.250000000000e-03,2,2.206916666667e+00,6.471127686852e-01
5.000000000000e-04,500,4.500000000000e-03,2,2.331833333333e+00,6.764205597550e-01
5.000000000000e-04,500,4.750000000000e-03,2,2.456750000000e+00,7.037113582386e-01
5.000000000000e-04,500,5.000000000000e-03,2,2.581666666667e+00,7.290547275676e-01
5.000000000000e-04,500,5.250000000000e-03,2,2.706583333333e+00,7.525317072908e-01
5.000000000000e-04,500,5.500000000000e-03,2,2.831500000000e+00,7.742311585447e-01
5.000000000000e-04,500,5.750000000000e-03,2,2.956416666667e+00,7.942468095712e-01
5.000000000000e-04,500,6.000000000000e-03,2,3.081333333333e+00,8.126748872653e-01
5.000000000000e-04,500,6.250000000000e-03,2,3.206250000000e+00,8.296122378593e-01
5.000000000000e-04,500,6.500000000000e-03,2,3.331166666667e+00,8.451548545259e-01
5.000000000000e-04,500,6.750000000000e-03,2,3.456083333333e+00,8.593967422464e-01
5.000000000000e-04,500,7.000000000000e-03,2,3.581000000000e+00,8.724290610384e-01
5.000000000000e-04,500,7.250000000000e-03,2,3.705916666667e+00,8.843394978213e-01
5.000000000000e-04,500,7.500000000000e-03,2,3.830833333333e+00,8.952118250355e-01
5.000000000000e-04,500,7.750000000000e-03,2,3.955750000000e+00,9.051256108171e-01
5.000000000000e-04,500,8.000000000000e-03,2,4.080666666667e+00,9.141560512203e-01
5.000000000000e-04,500,8.250000000000e-03,2,4.205583333333e+00,9.223738998202e-01
5.000000000000e-04,500,8.500000000000e-03,2,4.330500000000e+00,9.298454741378e-01
5.000000000000e-04,500,8.750000000000e-03,2,4.455416666667e+00,9.366327218179e-01
5.000000000000e-04,500,9.000000000000e-03,2,4.580333333333e+00,9.427933324350e-01
5.000000000000e-04,500,9.250000000000e-03,2,4.705250000000e+00,9.483808833007e-01
5.000000000000e-04,500,9.500000000000e-03,2,4.830166666667e+00,9.534450097443e-01
5.000000000000e-04,500,9.750000000000e-03,2,4.955083333333e+00,9.580315921078e-01
5.000000000000e-04,500,1.000000000000e-02,2,5.080000000000e+00,9.621829531831e-01
5.000000000000e-04,500,1.025000000000e-02,2,5.204916666667e+00,9.659380610583e-01
5.000000000000e-04,500,1.050000000000e-02,2,5.329833333333e+00,9.693327333823e-01
5.000000000000e-04,500,1.075000000000e-02,2,5.454750000000e+00,9.723998399157e-01
5.000000000000e-04,500,1.100000000000e-02,2,5.579666666667e+00,9.751695009545e-01
5.000000000000e-04,500,1.125000000000e-02,2,5.704583333333e+00,9.776692798030e-01
5.000000000000e-04,500,1.150000000000e-02,2,5.829500000000e+00,9.799243679566e-01
5.000000000000e-04,500,1.175000000000e-02,2,5.954416666667e+00,9.819577620529e-01
5.000000000000e-04,500,1.200000000000e-02,2,6.079333333333e+00,9.837904319711e-01
5.000000000000e-04,500,1.225000000000e-02,2,6.204250000000e+00,9.854414797178e-01
5.000000000000e-04,500,1.250000000000e-02,2,6.329166666667e+00,9.869282889456e-01
5.000000000000e-04,500,1.275000000000e-02,2,6.454083333333e+00,9.882666651133e-01
5.000000000000e-04,500,1.300000000000e-02,2,6.579000000000e+00,9.894709664236e-01
5.000000000000e-04,500,1.325000000000e-02,2,6.703916666667e+00,9.905542257719e-01
5.000000000000e-04,500,1.350000000000e-02,2,6.828833333333e+00,9.915282640116e-01
5.000000000000e-04,500,1.375000000000e-02,2,6.953750000000e+00,9.924037948931e-01
5.000000000000e-04,500,1.400000000000e-02,2,7.078666666667e+00,9.931905220716e-01
5.000000000000e-04,500,1.425000000000e-02,2,7.203583333333e+00,9.938972285972e-01
5.000000000000e-04,500,1.450000000000e-02,2,7.328500000000e+00,9.945318593172e-01
5.000000000000e-04,500,1.475000000000e-02,2,7.453416666667e+00,9.951015966200e-01
5.000000000000e-04,500,1.500000000000e-02,2,7.578333333333e+00,9.956129299483e-01
5.000000000000e-04,500,1.525000000000e-02,2,7.703250000000e+00,9.960717195009e-01
5.000000000000e-04,500,1.550000000000e-02,2,7.828166666667e+00,9.964832545289e-01
5.000000000000e-04,500,1.575000000000e-02,2,7.953083333333e+00,9.968523066174e-01
5.000000000000e-04,500,1.600000000000e-02,2,8.078000000000e+00,9.971831783270e-01
5.000000000000e-04,500,1.625000000000e-02,2,8.202916666667e+00,9.974797475499e-01
5.000000000000e-04,500,1.650000000000e-02,2,8.327833333333e+00,9.977455079158e-01
5.000000000000e-04,500,1.675000000000e-02,2,8.452750000000e+00,9.979836055648e-01
5.000000000000e-04,500,1.700000000000e-02,2,8.577666666667e+00,9.981968725821e-01
5.000000000000e-04,500,1.725000000000e-02,2,8.702583333333e+00,9.983878573726e-01
5.000000000000e-04,500,1.750000000000e-02,2,8.827500000000e+00,9.985588522319e-01
5.000000000000e-04,500,1.775000000000e-02,2,8.952416666667e+00,9.987119183545e-01
5.000000000000e-04,500,1.800000000000e-02,2,9.077333333333e+00,9.988489084996e-01
5.000000000000e-04,500,1.825000000000e-02,2,9.202250000000e+00,9.989714875211e-01
5.000000000000e-04,500,1.850000000000e-02,2,9.327166666667e+00,9.990811509495e-01
5.000000000000e-04,500,1.875000000000e-02,2,9.452083333333e+00,9.991792418016e-01
5.000000000000e-04,500,1.900000000000e-02,2,9.577000000000e+00,9.992669657766e-01
5.000000000000e-04,500,1.925000000000e-02,2,9.701916666667e+00,9.993454049865e-01
5.000000000000e-04,500,1.950000000000e-02,2,9.826833333333e+00,9.994155303556e-01
5.000000000000e-04,500,1.975000000000e-02,2,9.951750000000e+00,9.994782128121e-01
5.000000000000e-04,500,2.000000000000e-02,2,1.007666666667e+01,9.995342333838e-01
5.000000000000e-04,1000,0.000000000000e+00,2,1.666666666667e-01,1.243798762762e-02
5.000000000000e-04,1000,2.500000000000e-04,2,4.165000000000e-01,6.602999862526e-02
5.000000000000e-04,1000,5.000000000000e-04,2,6.663333333333e-01,1.441907184312e-01
5.000000000000e-04,1000,7.500000000000e-04,2,9.161666666667e-01,2.334382355883e-01
5.000000000000e-04,1000,1.000000000000e-03,2,1.166000000000e+00,3.250508008236e-01
5.000000000000e-04,1000,1.250000000000e-03,2,1.415833333333e+00,4.136210582885e-01
5.000000000000e-04,1000,1.500000000000e-03,2,1.665666666667e+00,4.960168701471e-01
5.000000000000e-04,1000,1.750000000000e-03,2,1.915500000000e+00,5.706396209636e-01
5.000000000000e-04,1000,2.000000000000e-03,2,2.165333333333e+00,6.368992607757e-01
5.000000000000e-04,1000,2.250000000000e-03,2,2.415166666667e+00,6.948465061798e-01
5.000000000000e-04,1000,2.500000000000e-03,2,2.665000000000e+00,7.449183693006e-01
5.000000000000e-04,1000,2.750000000000e-03,2,2.914833333333e+00,7.877648829391e-01
5.000000000000e-04,1000,3.000000000000e-03,2,3.164666666667e+00,8.241335583469e-01
5.000000000000e-04,1000,3.250000000000e-03,2,3.414500000000e+00,8.547945180228e-01
5.000000000000e-04,1000,3.500000000000e-03,2,3.664333333333e+00,8.804939662708e-01
5.000000000000e-04,1000,3.750000000000e-03,2,3.914166666667e+00,9.019271271801e-01
5.000000000000e-04,1000,4.000000000000e-03,2,4.164000000000e+00,9.197243166970e-01
5.000000000000e-04,1000,4.250000000000e-03,2,4.413833333333e+00,9.344456642635e-01
5.000000000000e-04,1000,4.500000000000e-03,2,4.663666666667e+00,9.465813403941e-01
5.000000000000e-04,1000,4.750000000000e-03,2,4.913500000000e+00,9.565551137649e-01
5.000000000000e-04,1000,5.000000000000e-03,2,5.163333333333e+00,9.647297545858e-01
5.000000000000e-04,1000,5.250000000000e-03,2,5.413166666667e+00,9.714132941019e-01
5.000000000000e-04,1000,5.500000000000e-03,2,5.663000000000e+00,9.768654976238e-01
5.000000000000e-04,1000,5.750000000000e-03,2,5.912833333333e+00,9.813041507655e-01
5.000000000000e-04,1000,6.000000000000e-03,2,6.162666666667e+00,9.849109251298e-01
5.000000000000e-04,1000,6.250000000000e-03,2,6.412500000000e+00,9.878367021650e-01
5.000000000000e-04,1000,6.500000000000e-03,2,6.662333333333e+00,9.902063080905e-01
5.000000000000e-04,1000,6.750000000000e-03,2,6.912166666667e+00,9.921226600943e-01
5.000000000000e-04,1000,7.000000000000e-03,2,7.162000000000e+00,9.936703526990e-01
5.000000000000e-04,1000,7.250000000000e-03,2,7.411833333333e+00,9.949187291871e-01
5.000000000000e-04,1000,7.500000000000e-03,2,7.661666666667e+00,9.959244904896e-01
5.000000000000e-04,1000,7.750000000000e-03,2,7.911500000000e+00,9.967338959373e-01
5.000000000000e-04,1000,8.000000000000e-03,2,8.161333333333e+00,9.973846088279e-01
5.000000000000e-04,1000,8.250000000000e-03,2,8.411166666667e+00,9.979072362940e-01
5.000000000000e-04,1000,8.500000000000e-03,2,8.661000000000e+00,9.983266084395e-01
5.000000000000e-04,1000,8.750000000000e-03,2,8.910833333333e+00,9.986628367658e-01
5.000000000000e-04,1000,9.000000000000e-03,2,9.160666666667e+00,9.989321869599e-01
5.000000000000e-04,1000,9.250000000000e-03,2,9.410500000000e+00,9.991477963959e-01
5.000000000000e-04,1000,9.500000000000e-03,2,9.660333333333e+00,9.993202623517e-01
5.000000000000e-04,1000,9.750000000000e-03,2,9.910166666667e+00,9.994581230384e-01
5.000000000000e-04,1000,1.000000000000e-02,2,1.016000000000e+01,9.995682500873e-01
5.000000000000e-04,1000,1.025000000000e-02,2,1.040983333333e+01,9.996561681323e-01
5.000000000000e-04,1000,1.050000000000e-02,2,1.065966666667e+01,9.997263145418e-01
5.000000000000e-04,1000,1.075000000000e-02,2,1.090950000000e+01,9.997822501430e-01
5.000000000000e-04,1000,1.100000000000e-02,2,1.115933333333e+01,9.998268299127e-01
5.000000000000e-04,1000,1.125000000000e-02,2,1.140916666667e+01,9.998623410378e-01
5.000000000000e-04,1000,1.150000000000e-02,2,1.165900000000e+01,9.998906144297e-01
5.000000000000e-04,1000,1.175000000000e-02,2,1.190883333333e+01,9.999131146828e-01
5.000000000000e-04,1000,1.200000000000e-02,2,1.215866666667e+01,9.999310125575e-01
5.000000000000e-04,1000,1.225000000000e-02,2,1.240850000000e+01,9.999452433188e-01
5.000000000000e-04,1000,1.250000000000e-02,2,1.265833333333e+01,9.999565536406e-01
5.000000000000e-04,1000,1.275000000000e-02,2,1.290816666667e+01,9.999655392812e-01
5.000000000000e-04,1000,1.300000000000e-02,2,1.315800000000e+01,9.999726753181e-01
5.000000000000e-04,1000,1.325000000000e-02,2,1.340783333333e+01,9.999783403894e-01
5.000000000000e-04,1000,1.350000000000e-02,2,1.365766666667e+01,9.999828361159e-01
5.000000000000e-04,1000,1.375000000000e-02,2,1.390750000000e+01,9.999864026489e-01
5.000000000000e-04,1000,1.400000000000e-02,2,1.415733333333e+01,9.999892311071e-01
5.000000000000e-04,1000,1.425000000000e-02,2,1.440716666667e+01,9.999914735196e-01
5.000000000000e-04,1000,1.450000000000e-02,2,1.465700000000e+01,9.999932507684e-01
5.000000000000e-04,1000,1.475000000000e-02,2,1.490683333333e+01,9.999946589300e-01
5.000000000000e-04,1000,1.500000000000e-02,2,1.515666666667e+01,9.999957743350e-01
5.000000000000e-04,1000,1.525000000000e-02,2,1.540650000000e+01,9.999966576032e-01
5.000000000000e-04,1000,1.550000000000e-02,2,1.565633333333e+01,9.999973568596e-01
5.000000000000e-04,1000,1.575000000000e-02,2,1.590616666667e+01,9.999979102962e-01
5.000000000000e-04,1000,1.600000000000e-02,2,1.615600000000e+01,9.999983482117e-01
5.000000000000e-04,1000,1.625000000000e-02,2,1.640583333333e+01,9.999986946351e-01
5.000000000000e-04,1000,1.650000000000e-02,2,1.665566666667e+01,9.999989686169e-01
5.000000000000e-04,1000,1.675000000000e-02,2,1.690550000000e+01,9.999991852561e-01
5.000000000000e-04,1000,1.700000000000e-02,2,1.715533333333e+01,9.999993565162e-01
5.000000000000e-04,1000,1.725000000000e-02,2,1.740516666667e+01,9.999994918734e-01
5.000000000000e-04,1000,1.750000000000e-02,2,1.765500000000e+01,9.999995988321e-01
5.000000000000e-04,1000,1.775000000000e-02,2,1.790483333333e+01,9.999996833332e-01
5.000000000000e-04,1000,1.800000000000e-02,2,1.815466666667e+01,9.999997500788e-01
5.000000000000e-04,1000,1.825000000000e-02,2,1.840450000000e+01,9.999998027897e-01
5.000000000000e-04,1000,1.850000000000e-02,2,1.865433333333e+01,9.999998444091e-01
5.000000000000e-04,1000,1.875000000000e-02,2,1.890416666667e+01,9.999998772649e-01
5.000000000000e-04,1000,1.900000000000e-02,2,1.915400000000e+01,9.999999031979e-01
5.000000000000e-04,1000,1.925000000000e-02,2,1.940383333333e+01,9.999999236632e-01
5.000000000000e-04,1000,1.950000000000e-02,2,1.965366666667e+01,9.999999398109e-01
5.000000000000e-04,1000,1.975000000000e-02,2,1.990350000000e+01,9.999999525497e-01
5.000000000000e-04,1000,2.000000000000e-02,2,2.015333333333e+01,9.999999625978e-01
5.000000000000e-04,2000,0.000000000000e+00,2,3.333333333333e-01,4.462491923495e-02
5.000000000000e-04,2000,2.500000000000e-04,2,8.330000000000e-01,2.031159000396e-01
5.000000000000e-04,2000,5.000000000000e-04,2,1.332666666667e+00,3.847056829791e-01
5.000000000000e-04,2000,7.500000000000e-04,2,1.832333333333e+00,5.467142066276e-01
5.000000000000e-04,2000,1.000000000000e-03,2,2.332000000000e+00,6.764583016095e-01
5.000000000000e-04,2000,1.250000000000e-03,2,2.831666666667e+00,7.742589644526e-01
5.000000000000e-04,2000,1.500000000000e-03,2,3.331333333333e+00,8.451747023309e-01
5.000000000000e-04,2000,1.750000000000e-03,2,3.831000000000e+00,8.952256736232e-01
5.000000000000e-04,2000,2.000000000000e-03,2,4.330666666667e+00,9.298549724558e-01
5.000000000000e-04,2000,2.250000000000e-03,2,4.830333333333e+00,9.534514376195e-01
5.000000000000e-04,2000,2.500000000000e-03,2,5.330000000000e+00,9.693370368225e-01
5.000000000000e-04,2000,2.750000000000e-03,2,5.829666666667e+00,9.799272237737e-01
5.000000000000e-04,2000,3.000000000000e-03,2,6.329333333333e+00,9.869301701789e-01
5.000000000000e-04,2000,3.250000000000e-03,2,6.829000000000e+00,9.915294955267e-01
5.000000000000e-04,2000,3.500000000000e-03,2,7.328666666667e+00,9.945326611900e-01
5.000000000000e-04,2000,3.750000000000e-03,2,7.828333333333e+00,9.964837742228e-01
5.000000000000e-04,2000,4.000000000000e-03,2,8.328000000000e+00,9.977458433574e-01
5.000000000000e-04,2000,4.250000000000e-03,2,8.827666666667e+00,9.985590679665e-01
5.000000000000e-04,2000,4.500000000000e-03,2,9.327333333333e+00,9.990812892517e-01
5.000000000000e-04,2000,4.750000000000e-03,2,9.827000000000e+00,9.994156187634e-01
5.000000000000e-04,2000,5.000000000000e-03,2,1.032666666667e+01,9.996290735782e-01
5.000000000000e-04,2000,5.250000000000e-03,2,1.082633333333e+01,9.997650187067e-01
5.000000000000e-04,2000,5.500000000000e-03,2,1.132600000000e+01,9.998514054568e-01
5.000000000000e-04,2000,5.750000000000e-03,2,1.182566666667e+01,9.999061880485e-01
5.000000000000e-04,2000,6.000000000000e-03,2,1.232533333333e+01,9.999408637437e-01
5.000000000000e-04,2000,6.250000000000e-03,2,1.282500000000e+01,9.999627746826e-01
5.000000000000e-04,2000,6.500000000000e-03,2,1.332466666667e+01,9.999765978737e-01
5.000000000000e-04,2000,6.750000000000e-03,2,1.382433333333e+01,9.999853058831e-01
5.000000000000e-04,2000,7.000000000000e-03,2,1.432400000000e+01,9.999907840951e-01
5.000000000000e-04,2000,7.250000000000e-03,2,1.482366666667e+01,9.999942260836e-01
5.000000000000e-04,2000,7.500000000000e-03,2,1.532333333333e+01,9.999963861532e-01
5.000000000000e-04,2000,7.750000000000e-03,2,1.582300000000e+01,9.999977402424e-01
5.000000000000e-04,2000,8.000000000000e-03,2,1.632266666667e+01,9.999985882081e-01
5.000000000000e-04,2000,8.250000000000e-03,2,1.682233333333e+01,9.999991187117e-01
5.000000000000e-04,2000,8.500000000000e-03,2,1.732200000000e+01,9.999994503024e-01
5.000000000000e-04,2000,8.750000000000e-03,2,1.782166666667e+01,9.999996573848e-01
5.000000000000e-04,2000,9.000000000000e-03,2,1.832133333333e+01,9.999997866055e-01
5.000000000000e-04,2000,9.250000000000e-03,2,1.882100000000e+01,9.999998671783e-01
5.000000000000e-04,2000,9.500000000000e-03,2,1.932066666667e+01,9.999999173812e-01
5.000000000000e-04,2000,9.750000000000e-03,2,1.982033333333e+01,9.999999486398e-01
5.000000000000e-04,2000,1.000000000000e-02,2,2.032000000000e+01,9.999999680903e-01
5.000000000000e-04,2000,1.025000000000e-02,2,2.081966666667e+01,9.999999801856e-01
5.000000000000e-04,2000,1.050000000000e-02,2,2.131933333333e+01,9.999999877026e-01
5.000000000000e-04,2000,1.075000000000e-02,2,2.181900000000e+01,9.999999923717e-01
5.000000000000e-04,2000,1.100000000000e-02,2,2.231866666667e+01,9.999999952703e-01
5.000000000000e-04,2000,1.125000000000e-02,2,2.281833333333e+01,9.999999970689e-01
5.000000000000e-04,2000,1.150000000000e-02,2,2.331800000000e+01,9.999999981843e-01
5.000000000000e-04,2000,1.175000000000e-02,2,2.381766666667e+01,9.999999988757e-01
5.000000000000e-04,2000,1.200000000000e-02,2,2.431733333333e+01,9.999999993041e-01
5.000000000000e-04,2000,1.225000000000e-02,2,2.481700000000e+01,9.999999995694e-01
5.000000000000e-04,2000,1.250000000000e-02,2,2.531666666667e+01,9.999999997337e-01
5.000000000000e-04,2000,1.275000000000e-02,2,2.581633333333e+01,9.999999998354e-01
5.000000000000e-04,2000,1.300000000000e-02,2,2.631600000000e+01,9.999999998983e-01
5.000000000000e-04,2000,1.325000000000e-02,2,2.681566666667e+01,9.999999999371e-01
5.000000000000e-04,2000,1.350000000000e-02,2,2.731533333333e+01,9.999999999612e-01
5.000000000000e-04,2000,1.375000000000e-02,2,2.781500000000e+01,9.999999999760e-01
5.000000000000e-04,2000,1.400000000000e-02,2,2.831466666667e+01,9.999999999852e-01
5.000000000000e-04,2000,1.425000000000e-02,2,2.881433333333e+01,9.999999999909e-01
5.000000000000e-04,2000,1.450000000000e-02,2,2.931400000000e+01,9.999999999944e-01
5.000000000000e-04,2000,1.475000000000e-02,2,2.981366666667e+01,9.999999999965e-01
5.000000000000e-04,2000,1.500000000000e-02,2,3.031333333333e+01,9.999999999979e-01
5.000000000000e-04,2000,1.525000000000e-02,2,3.081300000000e+01,9.999999999987e-01
5.000000000000e-04,2000,1.550000000000e-02,2,3.131266666667e+01,9.999999999992e-01
5.000000000000e-04,2000,1.575000000000e-02,2,3.181233333333e+01,9.999999999995e-01
5.000000000000e-04,2000,1.600000000000e-02,2,3.231200000000e+01,9.999999999997e-01
5.000000000000e-04,2000,1.625000000000e-02,2,3.281166666667e+01,9.999999999998e-01
5.000000000000e-04,2000,1.650000000000e-02,2,3.331133333333e+01,9.999999999999e-01
5.000000000000e-04,2000,1.675000000000e-02,2,3.381100000000e+01,9.999999999999e-01
5.000000000000e-04,2000,1.700000000000e-02,2,3.431066666667e+01,1.000000000000e+00
5.000000000000e-04,2000,1.725000000000e-02,2,3.481033333333e+01,1.000000000000e+00
5.000000000000e-04,2000,1.750000000000e-02,2,3.531000000000e+01,1.000000000000e+00
5.000000000000e-04,2000,1.775000000000e-02,2,3.580966666667e+01,1.000000000000e+00
5.000000000000e-04,2000,1.800000000000e-02,2,3.630933333333e+01,1.000000000000e+00
5.000000000000e-04,2000,1.825000000000e-02,2,3.680900000000e+01,1.000000000000e+00
5.000000000000e-04,2000,1.850000000000e-02,2,3.730866666667e+01,1.000000000000e+00
5.000000000000e-04,2000,1.875000000000e-02,2,3.780833333333e+01,1.000000000000e+00
5.000000000000e-04,2000,1.900000000000e-02,2,3.830800000000e+01,1.000000000000e+00
5.000000000000e-04,2000,1.925000000000e-02,2,3.880766666667e+01,1.000000000000e+00
5.000000000000e-04,2000,1.950000000000e-02,2,3.930733333333e+01,1.000000000000e+00
5.000000000000e-04,2000,1.975000000000e-02,2,3.980700000000e+01,1.000000000000e+00
5.000000000000e-04,2000,2.000000000000e-02,2,4.030666666667e+01,1.000000000000e+00
5.000000000000e-04,5000,0.000000000000e+00,4,8.333333333333e-01,1.041719652439e-02
5.000000000000e-04,5000,2.500000000000e-04,4,2.082500000000e+00,1.580619375208e-01
5.000000000000e-04,5000,5.000000000000e-04,4,3.331666666667e+00,4.266469611562e-01
5.000000000000e-04,5000,7.500000000000e-04,4,4.580833333333e+00,6.711578409424e-01
5.000000000000e-04,5000,1.000000000000e-03,4,5.830000000000e+00,8.329693506811e-01
5.000000000000e-04,5000,1.250000000000e-03,4,7.079166666667e+00,9.222692745151e-01
5.000000000000e-04,5000,1.500000000000e-03,4,8.328333333333e+00,9.661105002316e-01
5.000000000000e-04,5000,1.750000000000e-03,4,9.577500000000e+00,9.859476726103e-01
5.000000000000e-04,5000,2.000000000000e-03,4,1.082666666667e+01,9.943997882616e-01
5.000000000000e-04,5000,2.250000000000e-03,4,1.207583333333e+01,9.978386511420e-01
5.000000000000e-04,5000,2.500000000000e-03,4,1.332500000000e+01,9.991876316520e-01
5.000000000000e-04,5000,2.750000000000e-03,4,1.457416666667e+01,9.997013595282e-01
5.000000000000e-04,5000,3.000000000000e-03,4,1.582333333333e+01,9.998922646513e-01
5.000000000000e-04,5000,3.250000000000e-03,4,1.707250000000e+01,9.999617591505e-01
5.000000000000e-04,5000,3.500000000000e-03,4,1.832166666667e+01,9.999866162076e-01
5.000000000000e-04,5000,3.750000000000e-03,4,1.957083333333e+01,9.999953733501e-01
5.000000000000e-04,5000,4.000000000000e-03,4,2.082000000000e+01,9.999984179767e-01
5.000000000000e-04,5000,4.250000000000e-03,4,2.206916666667e+01,9.999994642788e-01
5.000000000000e-04,5000,4.500000000000e-03,4,2.331833333333e+01,9.999998201608e-01
5.000000000000e-04,5000,4.750000000000e-03,4,2.456750000000e+01,9.999999401004e-01
5.000000000000e-04,5000,5.000000000000e-03,4,2.581666666667e+01,9.999999801902e-01
5.000000000000e-04,5000,5.250000000000e-03,4,2.706583333333e+01,9.999999934907e-01
5.000000000000e-04,5000,5.500000000000e-03,4,2.831500000000e+01,9.999999978737e-01
5.000000000000e-04,5000,5.750000000000e-03,4,2.956416666667e+01,9.999999993092e-01
5.000000000000e-04,5000,6.000000000000e-03,4,3.081333333333e+01,9.999999997767e-01
5.000000000000e-04,5000,6.250000000000e-03,4,3.206250000000e+01,9.999999999281e-01
5.000000000000e-04,5000,6.500000000000e-03,4,3.331166666667e+01,9.999999999770e-01
5.000000000000e-04,5000,6.750000000000e-03,4,3.456083333333e+01,9.999999999927e-01
5.000000000000e-04,5000,7.000000000000e-03,4,3.581000000000e+01,9.999999999977e-01
5.000000000000e-04,5000,7.250000000000e-03,4,3.705916666667e+01,9.999999999993e-01
5.000000000000e-04,5000,7.500000000000e-03,4,3.830833333333e+01,9.999999999998e-01
5.000000000000e-04,5000,7.750000000000e-03,4,3.955750000000e+01,9.999999999999e-01
5.000000000000e-04,5000,8.000000000000e-03,4,4.080666666667e+01,1.000000000000e+00
5.000000000000e-04,5000,8.250000000000e-03,4,4.205583333333e+01,1.000000000000e+00
5.000000000000e-04,5000,8.500000000000e-03,4,4.330500000000e+01,1.000000000000e+00
5.000000000000e-04,5000,8.750000000000e-03,4,4.455416666667e+01,1.000000000000e+00
5.000000000000e-04,5000,9.000000000000e-03,4,4.580333333333e+01,1.000000000000e+00
5.000000000000e-04,5000,9.250000000000e-03,4,4.705250000000e+01,1.000000000000e+00
5.000000000000e-04,5000,9.500000000000e-03,4,4.830166666667e+01,1.000000000000e+00
5.000000000000e-04,5000,9.750000000000e-03,4,4.955083333333e+01,1.000000000000e+00
5.000000000000e-04,5000,1.000000000000e-02,4,5.080000000000e+01,1.000000000000e+00
5.000000000000e-04,5000,1.025000000000e-02,4,5.204916666667e+01,1.000000000000e+00
5.000000000000e-04,5000,1.050000000000e-02,4,5.329833333333e+01,1.000000000000e+00
5.000000000000e-04,5000,1.075000000000e-02,4,5.454750000000e+01,1.000000000000e+00
5.000000000000e-04,5000,1.100000000000e-02,4,5.579666666667e+01,1.000000000000e+00
5.000000000000e-04,5000,1.125000000000e-02,4,5.704583333333e+01,1.000000000000e+00
5.000000000000e-04,5000,1.150000000000e-02,4,5.829500000000e+01,1.000000000000e+00
5.000000000000e-04,5000,1.175000000000e-02,4,5.954416666667e+01,1.000000000000e+00
5.000000000000e-04,5000,1.200000000000e-02,4,6.079333333333e+01,1.000000000000e+00
5.000000000000e-04,5000,1.225000000000e-02,4,6.204250000000e+01,1.000000000000e+00
5.000000000000e-04,5000,1.250000000000e-02,4,6.329166666667e+01,1.000000000000e+00
5.000000000000e-04,5000,1.275000000000e-02,4,6.454083333333e+01,1.000000000000e+00
5.000000000000e-04,5000,1.300000000000e-02,4,6.579000000000e+01,1.000000000000e+00
5.000000000000e-04,5000,1.325000000000e-02,4,6.703916666667e+01,1.000000000000e+00
5.000000000000e-04,5000,1.350000000000e-02,4,6.828833333333e+01,1.000000000000e+00
5.000000000000e-04,5000,1.375000000000e-02,4,6.953750000000e+01,1.000000000000e+00
5.000000000000e-04,5000,1.400000000000e-02,4,7.078666666667e+01,1.000000000000e+00
5.000000000000e-04,5000,1.425000000000e-02,4,7.203583333333e+01,1.000000000000e+00
5.000000000000e-04,5000,1.450000000000e-02,4,7.328500000000e+01,1.000000000000e+00
5.000000000000e-04,5000,1.475000000000e-02,4,7.453416666667e+01,1.000000000000e+00
5.000000000000e-04,5000,1.500000000000e-02,4,7.578333333333e+01,1.000000000000e+00
5.000000000000e-04,5000,1.525000000000e-02,4,7.703250000000e+01,1.000000000000e+00
5.000000000000e-04,5000,1.550000000000e-02,4,7.828166666667e+01,1.000000000000e+00
5.000000000000e-04,5000,1.575000000000e-02,4,7.953083333333e+01,1.000000000000e+00
5.000000000000e-04,5000,1.600000000000e-02,4,8.078000000000e+01,1.000000000000e+00
5.000000000000e-04,5000,1.625000000000e-02,4,8.202916666667e+01,1.000000000000e+00
5.000000000000e-04,5000,1.650000000000e-02,4,8.327833333333e+01,1.000000000000e+00
5.000000000000e-04,5000,1.675000000000e-02,4,8.452750000000e+01,1.000000000000e+00
5.000000000000e-04,5000,1.700000000000e-02,4,8.577666666667e+01,1.000000000000e+00
5.000000000000e-04,5000,1.725000000000e-02,4,8.702583333333e+01,1.000000000000e+00
5.000000000000e-04,5000,1.750000000000e-02,4,8.827500000000e+01,1.000000000000e+00
5.000000000000e-04,5000,1.775000000000e-02,4,8.952416666667e+01,1.000000000000e+00
5.000000000000e-04,5000,1.800000000000e-02,4,9.077333333333e+01,1.000000000000e+00
5.000000000000e-04,5000,1.825000000000e-02,4,9.202250000000e+01,1.000000000000e+00
5.000000000000e-04,5000,1.850000000000e-02,4,9.327166666667e+01,1.000000000000e+00
5.000000000000e-04,5000,1.875000000000e-02,4,9.452083333333e+01,1.000000000000e+00
5.000000000000e-04,5000,1.900000000000e-02,4,9.577000000000e+01,1.000000000000e+00
5.000000000000e-04,5000,1.925000000000e-02,4,9.701916666667e+01,1.000000000000e+00
5.000000000000e-04,5000,1.950000000000e-02,4,9.826833333333e+01,1.000000000000e+00
5.000000000000e-04,5000,1.975000000000e-02,4,9.951750000000e+01,1.000000000000e+00
5.000000000000e-04,5000,2.000000000000e-02,4,1.007666666667e+02,1.000000000000e+00
1.000000000000e-03,200,0.000000000000e+00,2,6.666666666667e-02,2.125882632941e-03
1.000000000000e-03,200,2.500000000000e-04,2,1.166000000000e-01,6.291769507598e-03
1.000000000000e-03,200,5.000000000000e-04,2,1.665333333333e-01,1.241918319347e-02
1.000000000000e-03,200,7.500000000000e-04,2,2.164666666667e-01,2.030715980066e-02
1.000000000000e-03,200,1.000000000000e-03,2,2.664000000000e-01,2.976965869801e-02
1.000000000000e-03,200,1.250000000000e-03,2,3.163333333333e-01,4.063458553817e-02
1.000000000000e-03,200,1.500000000000e-03,2,3.662666666667e-01,5.274287505038e-02
1.000000000000e-03,200,1.750000000000e-03,2,4.162000000000e-01,6.594763009628e-02
1.000000000000e-03,200,2.000000000000e-03,2,4.661333333333e-01,8.011331368403e-02
1.000000000000e-03,200,2.250000000000e-03,2,5.160666666667e-01,9.511499082434e-02
1.000000000000e-03,200,2.500000000000e-03,2,5.660000000000e-01,1.108376172898e-01
1.000000000000e-03,200,2.750000000000e-03,2,6.159333333333e-01,1.271753725074e-01
1.000000000000e-03,200,3.000000000000e-03,2,6.658666666667e-01,1.440310339718e-01
1.000000000000e-03,200,3.250000000000e-03,2,7.158000000000e-01,1.613153907179e-01
1.000000000000e-03,200,3.500000000000e-03,2,7.657333333333e-01,1.789466935318e-01
1.000000000000e-03,200,3.750000000000e-03,2,8.156666666667e-01,1.968501397118e-01
1.000000000000e-03,200,4.000000000000e-03,2,8.656000000000e-01,2.149573903202e-01
1.000000000000e-03,200,4.250000000000e-03,2,9.155333333333e-01,2.332061179804e-01
1.000000000000e-03,200,4.500000000000e-03,2,9.654666666667e-01,2.515395833918e-01
1.000000000000e-03,200,4.750000000000e-03,2,1.015400000000e+00,2.699062388354e-01
1.000000000000e-03,200,5.000000000000e-03,2,1.065333333333e+00,2.882593570473e-01
1.000000000000e-03,200,5.250000000000e-03,2,1.115266666667e+00,3.065566839286e-01
1.000000000000e-03,200,5.500000000000e-03,2,1.165200000000e+00,3.247601136499e-01
1.000000000000e-03,200,5.750000000000e-03,2,1.215133333333e+00,3.428353847939e-01
1.000000000000e-03,200,6.000000000000e-03,2,1.265066666667e+00,3.607517962561e-01
1.000000000000e-03,200,6.250000000000e-03,2,1.315000000000e+00,3.784819417012e-01
1.000000000000e-03,200,6.500000000000e-03,2,1.364933333333e+00,3.960014614395e-01
1.000000000000e-03,200,6.750000000000e-03,2,1.414866666667e+00,4.132888106595e-01
1.000000000000e-03,200,7.000000000000e-03,2,1.464800000000e+00,4.303250430080e-01
1.000000000000e-03,200,7.250000000000e-03,2,1.514733333333e+00,4.470936085766e-01
1.000000000000e-03,200,7.500000000000e-03,2,1.564666666667e+00,4.635801654012e-01
1.000000000000e-03,200,7.750000000000e-03,2,1.614600000000e+00,4.797724036395e-01
1.000000000000e-03,200,8.000000000000e-03,2,1.664533333333e+00,4.956598816383e-01
1.000000000000e-03,200,8.250000000000e-03,2,1.714466666667e+00,5.112338731483e-01
1.000000000000e-03,200,8.500000000000e-03,2,1.764400000000e+00,5.264872249913e-01
1.000000000000e-03,200,8.750000000000e-03,2,1.814333333333e+00,5.414142245222e-01
1.000000000000e-03,200,9.000000000000e-03,2,1.864266666667e+00,5.560104762709e-01
1.000000000000e-03,200,9.250000000000e-03,2,1.914200000000e+00,5.702727871832e-01
1.000000000000e-03,200,9.500000000000e-03,2,1.964133333333e+00,5.841990599157e-01
1.000000000000e-03,200,9.750000000000e-03,2,2.014066666667e+00,5.977881936733e-01
1.000000000000e-03,200,1.000000000000e-02,2,2.064000000000e+00,6.110399921070e-01
1.000000000000e-03,200,1.025000000000e-02,2,2.113933333333e+00,6.239550778188e-01
1.000000000000e-03,200,1.050000000000e-02,2,2.163866666667e+00,6.365348130509e-01
1.000000000000e-03,200,1.075000000000e-02,2,2.213800000000e+00,6.487812261561e-01
1.000000000000e-03,200,1.100000000000e-02,2,2.263733333333e+00,6.606969434780e-01
1.000000000000e-03,200,1.125000000000e-02,2,2.313666666667e+00,6.722851262860e-01
1.000000000000e-03,200,1.150000000000e-02,2,2.363600000000e+00,6.835494124349e-01
1.000000000000e-03,200,1.175000000000e-02,2,2.413533333333e+00,6.944938624391e-01
1.000000000000e-03,200,1.200000000000e-02,2,2.463466666667e+00,7.051229096692e-01
1.000000000000e-03,200,1.225000000000e-02,2,2.513400000000e+00,7.154413143969e-01
1.000000000000e-03,200,1.250000000000e-02,2,2.563333333333e+00,7.254541214333e-01
1.000000000000e-03,200,1.275000000000e-02,2,2.613266666667e+00,7.351666211165e-01
1.000000000000e-03,200,1.300000000000e-02,2,2.663200000000e+00,7.445843134264e-01
1.000000000000e-03,200,1.325000000000e-02,2,2.713133333333e+00,7.537128750111e-01
1.000000000000e-03,200,1.350000000000e-02,2,2.763066666667e+00,7.625581289294e-01
1.000000000000e-03,200,1.375000000000e-02,2,2.813000000000e+00,7.711260169207e-01
1.000000000000e-03,200,1.400000000000e-02,2,2.862933333333e+00,7.794225740297e-01
1.000000000000e-03,200,1.425000000000e-02,2,2.912866666667e+00,7.874539054204e-01
1.000000000000e-03,200,1.450000000000e-02,2,2.962800000000e+00,7.952261652284e-01
1.000000000000e-03,200,1.475000000000e-02,2,3.012733333333e+00,8.027455373068e-01
1.000000000000e-03,200,1.500000000000e-02,2,3.062666666667e+00,8.100182177306e-01
1.000000000000e-03,200,1.525000000000e-02,2,3.112600000000e+00,8.170503989363e-01
1.000000000000e-03,200,1.550000000000e-02,2,3.162533333333e+00,8.238482553764e-01
1.000000000000e-03,200,1.575000000000e-02,2,3.212466666667e+00,8.304179305807e-01
1.000000000000e-03,200,1.600000000000e-02,2,3.262400000000e+00,8.367655255203e-01
1.000000000000e-03,200,1.625000000000e-02,2,3.312333333333e+00,8.428970881787e-01
1.000000000000e-03,200,1.650000000000e-02,2,3.362266666667e+00,8.488186042395e-01
1.000000000000e-03,200,1.675000000000e-02,2,3.412200000000e+00,8.545359888073e-01
1.000000000000e-03,200,1.700000000000e-02,2,3.462133333333e+00,8.600550790827e-01
1.000000000000e-03,200,1.725000000000e-02,2,3.512066666667e+00,8.653816279184e-01
1.000000000000e-03,200,1.750000000000e-02,2,3.562000000000e+00,8.705212981876e-01
1.000000000000e-03,200,1.775000000000e-02,2,3.611933333333e+00,8.754796579016e-01
1.000000000000e-03,200,1.800000000000e-02,2,3.661866666667e+00,8.802621760159e-01
1.000000000000e-03,200,1.825000000000e-02,2,3.711800000000e+00,8.848742188704e-01
1.000000000000e-03,200,1.850000000000e-02,2,3.761733333333e+00,8.893210472108e-01
1.000000000000e-03,200,1.875000000000e-02,2,3.811666666667e+00,8.936078137445e-01
1.000000000000e-03,200,1.900000000000e-02,2,3.861600000000e+00,8.977395611841e-01
1.000000000000e-03,200,1.925000000000e-02,2,3.911533333333e+00,9.017212207383e-01
1.000000000000e-03,200,1.950000000000e-02,2,3.961466666667e+00,9.055576110109e-01
1.000000000000e-03,200,1.975000000000e-02,2,4.011400000000e+00,9.092534372713e-01
1.000000000000e-03,200,2.000000000000e-02,2,4.061333333333e+00,9.128132910632e-01
1.000000000000e-03,500,0.000000000000e+00,2,1.666666666667e-01,1.243798762762e-02
1.000000000000e-03,500,2.500000000000e-04,2,2.915000000000e-01,3.506608943176e-02
1.000000000000e-03,500,5.000000000000e-04,2,4.163333333333e-01,6.598423405479e-02
1.000000000000e-03,500,7.500000000000e-04,2,5.411666666667e-01,1.029350049506e-01
1.000000000000e-03,500,1.000000000000e-03,2,6.660000000000e-01,1.440766542908e-01
1.000000000000e-03,500,1.250000000000e-03,2,7.908333333333e-01,1.879166306414e-01
1.000000000000e-03,500,1.500000000000e-03,2,9.156666666667e-01,2.332549837219e-01
1.000000000000e-03,500,1.750000000000e-03,2,1.040500000000e+00,2.791362434644e-01
1.000000000000e-03,500,2.000000000000e-03,2,1.165333333333e+00,3.248085638055e-01
1.000000000000e-03,500,2.250000000000e-03,2,1.290166666667e+00,3.696890888340e-01
1.000000000000e-03,500,2.500000000000e-03,2,1.415000000000e+00,4.133346435213e-01
1.000000000000e-03,500,2.750000000000e-03,2,1.539833333333e+00,4.554169762850e-01
1.000000000000e-03,500,3.000000000000e-03,2,1.664666666667e+00,4.957018886737e-01
1.000000000000e-03,500,3.250000000000e-03,2,1.789500000000e+00,5.340316807905e-01
1.000000000000e-03,500,3.500000000000e-03,2,1.914333333333e+00,5.703104216462e-01
1.000000000000e-03,500,3.750000000000e-03,2,2.039166666667e+00,6.044916231658e-01
1.000000000000e-03,500,4.000000000000e-03,2,2.164000000000e+00,6.365679565462e-01
1.000000000000e-03,500,4.250000000000e-03,2,2.288833333333e+00,6.665627013589e-01
1.000000000000e-03,500,4.500000000000e-03,2,2.413666666667e+00,6.945226623320e-01
1.000000000000e-03,500,4.750000000000e-03,2,2.538500000000e+00,7.205123270978e-01
1.000000000000e-03,500,5.000000000000e-03,2,2.663333333333e+00,7.446090711877e-01
1.000000000000e-03,500,5.250000000000e-03,2,2.788166666667e+00,7.668992449362e-01
1.000000000000e-03,500,5.500000000000e-03,2,2.913000000000e+00,7.874750013374e-01
1.000000000000e-03,500,5.750000000000e-03,2,3.037833333333e+00,8.064317448376e-01
1.000000000000e-03,500,6.000000000000e-03,2,3.162666666667e+00,8.238660990091e-01
1.000000000000e-03,500,6.250000000000e-03,2,3.287500000000e+00,8.398743064559e-01
1.000000000000e-03,500,6.500000000000e-03,2,3.412333333333e+00,8.545509874900e-01
1.000000000000e-03,500,6.750000000000e-03,2,3.537166666667e+00,8.679881954078e-01
1.000000000000e-03,500,7.000000000000e-03,2,3.662000000000e+00,8.802747158483e-01
1.000000000000e-03,500,7.250000000000e-03,2,3.786833333333e+00,8.914955659532e-01
1.000000000000e-03,500,7.500000000000e-03,2,3.911666666667e+00,9.017316560849e-01
1.000000000000e-03,500,7.750000000000e-03,2,4.036500000000e+00,9.110595828437e-01
1.000000000000e-03,500,8.000000000000e-03,2,4.161333333333e+00,9.195515272276e-01
1.000000000000e-03,500,8.250000000000e-03,2,4.286166666667e+00,9.272752361052e-01
1.000000000000e-03,500,8.500000000000e-03,2,4.411000000000e+00,9.342940688519e-01
1.000000000000e-03,500,8.750000000000e-03,2,4.535833333333e+00,9.406670941076e-01
1.000000000000e-03,500,9.000000000000e-03,2,4.660666666667e+00,9.464492242514e-01
1.000000000000e-03,500,9.250000000000e-03,2,4.785500000000e+00,9.516913774072e-01
1.000000000000e-03,500,9.500000000000e-03,2,4.910333333333e+00,9.564406586662e-01
1.000000000000e-03,500,9.750000000000e-03,2,5.035166666667e+00,9.607405537853e-01
1.000000000000e-03,500,1.000000000000e-02,2,5.160000000000e+00,9.646311299364e-01
1.000000000000e-03,500,1.025000000000e-02,2,5.284833333333e+00,9.681492391850e-01
1.000000000000e-03,500,1.050000000000e-02,2,5.409666666667e+00,9.713287212918e-01
1.000000000000e-03,500,1.075000000000e-02,2,5.534500000000e+00,9.742006031941e-01
1.000000000000e-03,500,1.100000000000e-02,2,5.659333333333e+00,9.767932931538e-01
1.000000000000e-03,500,1.125000000000e-02,2,5.784166666667e+00,9.791327680753e-01
1.000000000000e-03,500,1.150000000000e-02,2,5.909000000000e+00,9.812427529235e-01
1.000000000000e-03,500,1.175000000000e-02,2,6.033833333333e+00,9.831448915159e-01
1.000000000000e-03,500,1.200000000000e-02,2,6.158666666667e+00,9.848589082425e-01
1.000000000000e-03,500,1.225000000000e-02,2,6.283500000000e+00,9.864027604906e-01
1.000000000000e-03,500,1.250000000000e-02,2,6.408333333333e+00,9.877927817284e-01
1.000000000000e-03,500,1.275000000000e-02,2,6.533166666667e+00,9.890438153418e-01
1.000000000000e-03,500,1.300000000000e-02,2,6.658000000000e+00,9.901693394227e-01
1.000000000000e-03,500,1.325000000000e-02,2,6.782833333333e+00,9.911815827906e-01
1.000000000000e-03,500,1.350000000000e-02,2,6.907666666667e+00,9.920916325856e-01
1.000000000000e-03,500,1.375000000000e-02,2,7.032500000000e+00,9.929095338140e-01
1.000000000000e-03,500,1.400000000000e-02,2,7.157333333333e+00,9.936443812522e-01
1.000000000000e-03,500,1.425000000000e-02,2,7.282166666667e+00,9.943044041334e-01
1.000000000000e-03,500,1.450000000000e-02,2,7.407000000000e+00,9.948970440435e-01
1.000000000000e-03,500,1.475000000000e-02,2,7.531833333333e+00,9.954290264550e-01
1.000000000000e-03,500,1.500000000000e-02,2,7.656666666667e+00,9.959064263184e-01
1.000000000000e-03,500,1.525000000000e-02,2,7.781500000000e+00,9.963347281220e-01
1.000000000000e-03,500,1.550000000000e-02,2,7.906333333333e+00,9.967188808128e-01
1.000000000000e-03,500,1.575000000000e-02,2,8.031166666667e+00,9.970633479606e-01
1.000000000000e-03,500,1.600000000000e-02,2,8.156000000000e+00,9.973721535221e-01
1.000000000000e-03,500,1.625000000000e-02,2,8.280833333333e+00,9.976489235496e-01
1.000000000000e-03,500,1.650000000000e-02,2,8.405666666667e+00,9.978969241642e-01
1.000000000000e-03,500,1.675000000000e-02,2,8.530500000000e+00,9.981190960962e-01
1.000000000000e-03,500,1.700000000000e-02,2,8.655333333333e+00,9.983180860762e-01
1.000000000000e-03,500,1.725000000000e-02,2,8.780166666667e+00,9.984962753387e-01
1.000000000000e-03,500,1.750000000000e-02,2,8.905000000000e+00,9.986558054862e-01
1.000000000000e-03,500,1.775000000000e-02,2,9.029833333333e+00,9.987986019376e-01
1.000000000000e-03,500,1.800000000000e-02,2,9.154666666667e+00,9.989263951741e-01
1.000000000000e-03,500,1.825000000000e-02,2,9.279500000000e+00,9.990407399762e-01
1.000000000000e-03,500,1.850000000000e-02,2,9.404333333333e+00,9.991430328293e-01
1.000000000000e-03,500,1.875000000000e-02,2,9.529166666667e+00,9.992345276645e-01
1.000000000000e-03,500,1.900000000000e-02,2,9.654000000000e+00,9.993163500850e-01
1.000000000000e-03,500,1.925000000000e-02,2,9.778833333333e+00,9.993895102163e-01
1.000000000000e-03,500,1.950000000000e-02,2,9.903666666667e+00,9.994549143080e-01
1.000000000000e-03,500,1.975000000000e-02,2,1.002850000000e+01,9.995133752028e-01
1.000000000000e-03,500,2.000000000000e-02,2,1.015333333333e+01,9.995656217790e-01
1.000000000000e-03,1000,0.000000000000e+00,2,3.333333333333e-01,4.462491923495e-02
1.000000000000e-03,1000,2.500000000000e-04,2,5.830000000000e-01,1.163358586192e-01
1.000000000000e-03,1000,5.000000000000e-04,2,8.326666666667e-01,2.029951904091e-01
1.000000000000e-03,1000,7.500000000000e-04,2,1.082333333333e+00,2.944970127661e-01
1.000000000000e-03,1000,1.000000000000e-03,2,1.332000000000e+00,3.844713158955e-01
1.000000000000e-03,1000,1.250000000000e-03,2,1.581666666667e+00,4.691264817323e-01
1.000000000000e-03,1000,1.500000000000e-03,2,1.831333333333e+00,5.464208939413e-01
1.000000000000e-03,1000,1.750000000000e-03,2,2.081000000000e+00,6.154747338091e-01
1.000000000000e-03,1000,2.000000000000e-03,2,2.330666666667e+00,6.761562661643e-01
1.000000000000e-03,1000,2.250000000000e-03,2,2.580333333333e+00,7.287942245907e-01
1.000000000000e-03,1000,2.500000000000e-03,2,2.830000000000e+00,7.739807704460e-01
1.000000000000e-03,1000,2.750000000000e-03,2,3.079666666667e+00,8.124390427239e-01
1.000000000000e-03,1000,3.000000000000e-03,2,3.329333333333e+00,8.449363758286e-01
1.000000000000e-03,1000,3.250000000000e-03,2,3.579000000000e+00,8.722294710242e-01
1.000000000000e-03,1000,3.500000000000e-03,2,3.828666666667e+00,8.950316381099e-01
1.000000000000e-03,1000,3.750000000000e-03,2,4.078333333333e+00,9.139950313643e-01
1.000000000000e-03,1000,4.000000000000e-03,2,4.328000000000e+00,9.297028531798e-01
1.000000000000e-03,1000,4.250000000000e-03,2,4.577666666667e+00,9.426679880119e-01
1.000000000000e-03,1000,4.500000000000e-03,2,4.827333333333e+00,9.533356057954e-01
1.000000000000e-03,1000,4.750000000000e-03,2,5.077000000000e+00,9.620880474859e-01
1.000000000000e-03,1000,5.000000000000e-03,2,5.326666666667e+00,9.692508572188e-01
1.000000000000e-03,1000,5.250000000000e-03,2,5.576333333333e+00,9.750992159359e-01
1.000000000000e-03,1000,5.500000000000e-03,2,5.826000000000e+00,9.798643046225e-01
1.000000000000e-03,1000,5.750000000000e-03,2,6.075666666667e+00,9.837393142072e-01
1.000000000000e-03,1000,6.000000000000e-03,2,6.325333333333e+00,9.868849476389e-01
1.000000000000e-03,1000,6.250000000000e-03,2,6.575000000000e+00,9.894343451683e-01
1.000000000000e-03,1000,6.500000000000e-03,2,6.824666666667e+00,9.914974191287e-01
1.000000000000e-03,1000,6.750000000000e-03,2,7.074333333333e+00,9.931646187205e-01
1.000000000000e-03,1000,7.000000000000e-03,2,7.324000000000e+00,9.945101650709e-01
1.000000000000e-03,1000,7.250000000000e-03,2,7.573666666667e+00,9.955948068668e-01
1.000000000000e-03,1000,7.500000000000e-03,2,7.823333333333e+00,9.964681504936e-01
1.000000000000e-03,1000,7.750000000000e-03,2,8.073000000000e+00,9.971706181813e-01
1.000000000000e-03,1000,8.000000000000e-03,2,8.322666666667e+00,9.977350847905e-01
1.000000000000e-03,1000,8.250000000000e-03,2,8.572333333333e+00,9.981882396551e-01
1.000000000000e-03,1000,8.500000000000e-03,2,8.822000000000e+00,9.985517150742e-01
1.000000000000e-03,1000,8.750000000000e-03,2,9.071666666667e+00,9.988430180893e-01
1.000000000000e-03,1000,9.000000000000e-03,2,9.321333333333e+00,9.990762973843e-01
1.000000000000e-03,1000,9.250000000000e-03,2,9.571000000000e+00,9.992629726800e-01
1.000000000000e-03,1000,9.500000000000e-03,2,9.820666666667e+00,9.994122499473e-01
1.000000000000e-03,1000,9.750000000000e-03,2,1.007033333333e+01,9.995315421722e-01
1.000000000000e-03,1000,1.000000000000e-02,2,1.032000000000e+01,9.996268122550e-01
1.000000000000e-03,1000,1.025000000000e-02,2,1.056966666667e+01,9.997028519136e-01
1.000000000000e-03,1000,1.050000000000e-02,2,1.081933333333e+01,9.997635081294e-01
1.000000000000e-03,1000,1.075000000000e-02,2,1.106900000000e+01,9.998118667027e-01
1.000000000000e-03,1000,1.100000000000e-02,2,1.131866666667e+01,9.998504008149e-01
1.000000000000e-03,1000,1.125000000000e-02,2,1.156833333333e+01,9.998810911007e-01
1.000000000000e-03,1000,1.150000000000e-02,2,1.181800000000e+01,9.999055225680e-01
1.000000000000e-03,1000,1.175000000000e-02,2,1.206766666667e+01,9.999249627335e-01
1.000000000000e-03,1000,1.200000000000e-02,2,1.231733333333e+01,9.999404245445e-01
1.000000000000e-03,1000,1.225000000000e-02,2,1.256700000000e+01,9.999527169949e-01
1.000000000000e-03,1000,1.250000000000e-02,2,1.281666666667e+01,9.999624858016e-01
1.000000000000e-03,1000,1.275000000000e-02,2,1.306633333333e+01,9.999702460630e-01
1.000000000000e-03,1000,1.300000000000e-02,2,1.331600000000e+01,9.999764084558e-01
1.000000000000e-03,1000,1.325000000000e-02,2,1.356566666667e+01,9.999813002332e-01
1.000000000000e-03,1000,1.350000000000e-02,2,1.381533333333e+01,9.999851820408e-01
1.000000000000e-03,1000,1.375000000000e-02,2,1.406500000000e+01,9.999882613745e-01
1.000000000000e-03,1000,1.400000000000e-02,2,1.431466666667e+01,9.999907033431e-01
1.000000000000e-03,1000,1.425000000000e-02,2,1.456433333333e+01,9.999926392694e-01
1.000000000000e-03,1000,1.450000000000e-02,2,1.481400000000e+01,9.999941735600e-01
1.000000000000e-03,1000,1.475000000000e-02,2,1.506366666667e+01,9.999953891884e-01
1.000000000000e-03,1000,1.500000000000e-02,2,1.531333333333e+01,9.999963520696e-01
1.000000000000e-03,1000,1.525000000000e-02,2,1.556300000000e+01,9.999971145472e-01
1.000000000000e-03,1000,1.550000000000e-02,2,1.581266666667e+01,9.999977181729e-01
1.000000000000e-03,1000,1.575000000000e-02,2,1.606233333333e+01,9.999981959204e-01
1.000000000000e-03,1000,1.600000000000e-02,2,1.631200000000e+01,9.999985739470e-01
1.000000000000e-03,1000,1.625000000000e-02,2,1.656166666667e+01,9.999988729964e-01
1.000000000000e-03,1000,1.650000000000e-02,2,1.681133333333e+01,9.999991095139e-01
1.000000000000e-03,1000,1.675000000000e-02,2,1.706100000000e+01,9.999992965331e-01
1.000000000000e-03,1000,1.700000000000e-02,2,1.731066666667e+01,9.999994443809e-01
1.000000000000e-03,1000,1.725000000000e-02,2,1.756033333333e+01,9.999995612371e-01
1.000000000000e-03,1000,1.750000000000e-02,2,1.781000000000e+01,9.999996535791e-01
1.000000000000e-03,1000,1.775000000000e-02,2,1.805966666667e+01,9.999997265350e-01
1.000000000000e-03,1000,1.800000000000e-02,2,1.830933333333e+01,9.999997841635e-01
1.000000000000e-03,1000,1.825000000000e-02,2,1.855900000000e+01,9.999998296762e-01
1.000000000000e-03,1000,1.850000000000e-02,2,1.880866666667e+01,9.999998656137e-01
1.000000000000e-03,1000,1.875000000000e-02,2,1.905833333333e+01,9.999998939854e-01
1.000000000000e-03,1000,1.900000000000e-02,2,1.930800000000e+01,9.999999163802e-01
1.000000000000e-03,1000,1.925000000000e-02,2,1.955766666667e+01,9.999999340542e-01
1.000000000000e-03,1000,1.950000000000e-02,2,1.980733333333e+01,9.999999480003e-01
1.000000000000e-03,1000,1.975000000000e-02,2,2.005700000000e+01,9.999999590030e-01
1.000000000000e-03,1000,2.000000000000e-02,2,2.030666666667e+01,9.999999676822e-01
1.000000000000e-03,2000,0.000000000000e+00,3,6.666666666667e-01,3.021210849399e-02
1.000000000000e-03,2000,2.500000000000e-04,3,1.166000000000e+00,1.132245696520e-01
1.000000000000e-03,2000,5.000000000000e-04,3,1.665333333333e+00,2.336547766748e-01
1.000000000000e-03,2000,7.500000000000e-04,3,2.164666666667e+00,3.677974316383e-01
1.000000000000e-03,2000,1.000000000000e-03,3,2.664000000000e+00,4.975160490149e-01
1.000000000000e-03,2000,1.250000000000e-03,3,3.163333333333e+00,6.123913224315e-01
1.000000000000e-03,2000,1.500000000000e-03,3,3.662666666667e+00,7.081945923121e-01
1.000000000000e-03,2000,1.750000000000e-03,3,4.162000000000e+00,7.846858819017e-01
1.000000000000e-03,2000,2.000000000000e-03,3,4.661333333333e+00,8.437718618056e-01
1.000000000000e-03,2000,2.250000000000e-03,3,5.160666666667e+00,8.882439786929e-01
1.000000000000e-03,2000,2.500000000000e-03,3,5.660000000000e+00,9.210241782857e-01
1.000000000000e-03,2000,2.750000000000e-03,3,6.159333333333e+00,9.447741847796e-01
1.000000000000e-03,2000,3.000000000000e-03,3,6.658666666667e+00,9.617355091425e-01
1.000000000000e-03,2000,3.250000000000e-03,3,7.158000000000e+00,9.737012860046e-01
1.000000000000e-03,2000,3.500000000000e-03,3,7.657333333333e+00,9.820544465901e-01
1.000000000000e-03,2000,3.750000000000e-03,3,8.156666666667e+00,9.878325771153e-01
1.000000000000e-03,2000,4.000000000000e-03,3,8.656000000000e+00,9.917975313723e-01
1.000000000000e-03,2000,4.250000000000e-03,3,9.155333333333e+00,9.944990405672e-01
1.000000000000e-03,2000,4.500000000000e-03,3,9.654666666667e+00,9.963281056778e-01
1.000000000000e-03,2000,4.750000000000e-03,3,1.015400000000e+01,9.975594823919e-01
1.000000000000e-03,2000,5.000000000000e-03,3,1.065333333333e+01,9.983842551305e-01
1.000000000000e-03,2000,5.250000000000e-03,3,1.115266666667e+01,9.989341347373e-01
1.000000000000e-03,2000,5.500000000000e-03,3,1.165200000000e+01,9.992992005874e-01
1.000000000000e-03,2000,5.750000000000e-03,3,1.215133333333e+01,9.995406366753e-01
1.000000000000e-03,2000,6.000000000000e-03,3,1.265066666667e+01,9.996997469565e-01
1.000000000000e-03,2000,6.250000000000e-03,3,1.315000000000e+01,9.998042624682e-01
1.000000000000e-03,2000,6.500000000000e-03,3,1.364933333333e+01,9.998727099112e-01
1.000000000000e-03,2000,6.750000000000e-03,3,1.414866666667e+01,9.999174115434e-01
1.000000000000e-03,2000,7.000000000000e-03,3,1.464800000000e+01,9.999465297591e-01
1.000000000000e-03,2000,7.250000000000e-03,3,1.514733333333e+01,9.999654513722e-01
1.000000000000e-03,2000,7.500000000000e-03,3,1.564666666667e+01,9.999777193439e-01
1.000000000000e-03,2000,7.750000000000e-03,3,1.614600000000e+01,9.999856566136e-01
1.000000000000e-03,2000,8.000000000000e-03,3,1.664533333333e+01,9.999907818042e-01
1.000000000000e-03,2000,8.250000000000e-03,3,1.714466666667e+01,9.999940850512e-01
1.000000000000e-03,2000,8.500000000000e-03,3,1.764400000000e+01,9.999962103075e-01
1.000000000000e-03,2000,8.750000000000e-03,3,1.814333333333e+01,9.999975754059e-01
1.000000000000e-03,2000,9.000000000000e-03,3,1.864266666667e+01,9.999984508703e-01
1.000000000000e-03,2000,9.250000000000e-03,3,1.914200000000e+01,9.999990114938e-01
1.000000000000e-03,2000,9.500000000000e-03,3,1.964133333333e+01,9.999993699994e-01
1.000000000000e-03,2000,9.750000000000e-03,3,2.014066666667e+01,9.999995989508e-01
1.000000000000e-03,2000,1.000000000000e-02,3,2.064000000000e+01,9.999997449808e-01
1.000000000000e-03,2000,1.025000000000e-02,3,2.113933333333e+01,9.999998380099e-01
1.000000000000e-03,2000,1.050000000000e-02,3,2.163866666667e+01,9.999998972067e-01
1.000000000000e-03,2000,1.075000000000e-02,3,2.213800000000e+01,9.999999348340e-01
1.000000000000e-03,2000,1.100000000000e-02,3,2.263733333333e+01,9.999999587262e-01
1.000000000000e-03,2000,1.125000000000e-02,3,2.313666666667e+01,9.999999738818e-01
1.000000000000e-03,2000,1.150000000000e-02,3,2.363600000000e+01,9.999999834864e-01
1.000000000000e-03,2000,1.175000000000e-02,3,2.413533333333e+01,9.999999895676e-01
1.000000000000e-03,2000,1.200000000000e-02,3,2.463466666667e+01,9.999999934145e-01
1.000000000000e-03,2000,1.225000000000e-02,3,2.513400000000e+01,9.999999958461e-01
1.000000000000e-03,2000,1.250000000000e-02,3,2.563333333333e+01,9.999999973817e-01
1.000000000000e-03,2000,1.275000000000e-02,3,2.613266666667e+01,9.999999983508e-01
1.000000000000e-03,2000,1.300000000000e-02,3,2.663200000000e+01,9.999999989619e-01
1.000000000000e-03,2000,1.325000000000e-02,3,2.713133333333e+01,9.999999993470e-01
1.000000000000e-03,2000,1.350000000000e-02,3,2.763066666667e+01,9.999999995895e-01
1.000000000000e-03,2000,1.375000000000e-02,3,2.813000000000e+01,9.999999997421e-01
1.000000000000e-03,2000,1.400000000000e-02,3,2.862933333333e+01,9.999999998381e-01
1.000000000000e-03,2000,1.425000000000e-02,3,2.912866666667e+01,9.999999998984e-01
1.000000000000e-03,2000,1.450000000000e-02,3,2.962800000000e+01,9.999999999363e-01
1.000000000000e-03,2000,1.475000000000e-02,3,3.012733333333e+01,9.999999999600e-01
1.000000000000e-03,2000,1.500000000000e-02,3,3.062666666667e+01,9.999999999750e-01
1.000000000000e-03,2000,1.525000000000e-02,3,3.112600000000e+01,9.999999999843e-01
1.000000000000e-03,2000,1.550000000000e-02,3,3.162533333333e+01,9.999999999902e-01
1.000000000000e-03,2000,1.575000000000e-02,3,3.212466666667e+01,9.999999999939e-01
1.000000000000e-03,2000,1.600000000000e-02,3,3.262400000000e+01,9.999999999962e-01
1.000000000000e-03,2000,1.625000000000e-02,3,3.312333333333e+01,9.999999999976e-01
1.000000000000e-03,2000,1.650000000000e-02,3,3.362266666667e+01,9.999999999985e-01
1.000000000000e-03,2000,1.675000000000e-02,3,3.412200000000e+01,9.999999999991e-01
1.000000000000e-03,2000,1.700000000000e-02,3,3.462133333333e+01,9.999999999994e-01
1.000000000000e-03,2000,1.725000000000e-02,3,3.512066666667e+01,9.999999999996e-01
1.000000000000e-03,2000,1.750000000000e-02,3,3.562000000000e+01,9.999999999998e-01
1.000000000000e-03,2000,1.775000000000e-02,3,3.611933333333e+01,9.999999999999e-01
1.000000000000e-03,2000,1.800000000000e-02,3,3.661866666667e+01,9.999999999999e-01
1.000000000000e-03,2000,1.825000000000e-02,3,3.711800000000e+01,1.000000000000e+00
1.000000000000e-03,2000,1.850000000000e-02,3,3.761733333333e+01,1.000000000000e+00
1.000000000000e-03,2000,1.875000000000e-02,3,3.811666666667e+01,1.000000000000e+00
1.000000000000e-03,2000,1.900000000000e-02,3,3.861600000000e+01,1.000000000000e+00
1.000000000000e-03,2000,1.925000000000e-02,3,3.911533333333e+01,1.000000000000e+00
1.000000000000e-03,2000,1.950000000000e-02,3,3.961466666667e+01,1.000000000000e+00
1.000000000000e-03,2000,1.975000000000e-02,3,4.011400000000e+01,1.000000000000e+00
1.000000000000e-03,2000,2.000000000000e-02,3,4.061333333333e+01,1.000000000000e+00
1.000000000000e-03,5000,0.000000000000e+00,5,1.666666666667e+00,2.754325678953e-02
1.000000000000e-03,5000,2.500000000000e-04,5,2.915000000000e+00,1.706621177371e-01
1.000000000000e-03,5000,5.000000000000e-04,5,4.163333333333e+00,4.030382484926e-01
1.000000000000e-03,5000,7.500000000000e-04,5,5.411666666667e+00,6.285532994951e-01
1.000000000000e-03,5000,1.000000000000e-03,5,6.660000000000e+00,7.936735317585e-01
1.000000000000e-03,5000,1.250000000000e-03,5,7.908333333333e+00,8.949978229606e-01
1.000000000000e-03,5000,1.500000000000e-03,5,9.156666666667e+00,9.500973685211e-01
1.000000000000e-03,5000,1.750000000000e-03,5,1.040500000000e+01,9.775418944800e-01
1.000000000000e-03,5000,2.000000000000e-03,5,1.165333333333e+01,9.903304980280e-01
1.000000000000e-03,5000,2.250000000000e-03,5,1.290166666667e+01,9.959861080877e-01
1.000000000000e-03,5000,2.500000000000e-03,5,1.415000000000e+01,9.983840635983e-01
1.000000000000e-03,5000,2.750000000000e-03,5,1.539833333333e+01,9.993661551640e-01
1.000000000000e-03,5000,3.000000000000e-03,5,1.664666666667e+01,9.997568739261e-01
1.000000000000e-03,5000,3.250000000000e-03,5,1.789500000000e+01,9.999085358461e-01
1.000000000000e-03,5000,3.500000000000e-03,5,1.914333333333e+01,9.999661711551e-01
1.000000000000e-03,5000,3.750000000000e-03,5,2.039166666667e+01,9.999876744896e-01
1.000000000000e-03,5000,4.000000000000e-03,5,2.164000000000e+01,9.999955687465e-01
1.000000000000e-03,5000,4.250000000000e-03,5,2.288833333333e+01,9.999984257933e-01
1.000000000000e-03,5000,4.500000000000e-03,5,2.413666666667e+01,9.999994467400e-01
1.000000000000e-03,5000,4.750000000000e-03,5,2.538500000000e+01,9.999998074364e-01
1.000000000000e-03,5000,5.000000000000e-03,5,2.663333333333e+01,9.999999335674e-01
1.000000000000e-03,5000,5.250000000000e-03,5,2.788166666667e+01,9.999999772655e-01
1.000000000000e-03,5000,5.500000000000e-03,5,2.913000000000e+01,9.999999922771e-01
1.000000000000e-03,5000,5.750000000000e-03,5,3.037833333333e+01,9.999999973943e-01
1.000000000000e-03,5000,6.000000000000e-03,5,3.162666666667e+01,9.999999991264e-01
1.000000000000e-03,5000,6.250000000000e-03,5,3.287500000000e+01,9.999999997088e-01
1.000000000000e-03,5000,6.500000000000e-03,5,3.412333333333e+01,9.999999999034e-01
1.000000000000e-03,5000,6.750000000000e-03,5,3.537166666667e+01,9.999999999681e-01
1.000000000000e-03,5000,7.000000000000e-03,5,3.662000000000e+01,9.999999999895e-01
1.000000000000e-03,5000,7.250000000000e-03,5,3.786833333333e+01,9.999999999966e-01
1.000000000000e-03,5000,7.500000000000e-03,5,3.911666666667e+01,9.999999999989e-01
1.000000000000e-03,5000,7.750000000000e-03,5,4.036500000000e+01,9.999999999996e-01
1.000000000000e-03,5000,8.000000000000e-03,5,4.161333333333e+01,9.999999999999e-01
1.000000000000e-03,5000,8.250000000000e-03,5,4.286166666667e+01,1.000000000000e+00
1.000000000000e-03,5000,8.500000000000e-03,5,4.411000000000e+01,1.000000000000e+00
1.000000000000e-03,5000,8.750000000000e-03,5,4.535833333333e+01,1.000000000000e+00
1.000000000000e-03,5000,9.000000000000e-03,5,4.660666666667e+01,1.000000000000e+00
1.000000000000e-03,5000,9.250000000000e-03,5,4.785500000000e+01,1.000000000000e+00
1.000000000000e-03,5000,9.500000000000e-03,5,4.910333333333e+01,1.000000000000e+00
1.000000000000e-03,5000,9.750000000000e-03,5,5.035166666667e+01,1.000000000000e+00
1.000000000000e-03,5000,1.000000000000e-02,5,5.160000000000e+01,1.000000000000e+00
1.000000000000e-03,5000,1.025000000000e-02,5,5.284833333333e+01,1.000000000000e+00
1.000000000000e-03,5000,1.050000000000e-02,5,5.409666666667e+01,1.000000000000e+00
1.000000000000e-03,5000,1.075000000000e-02,5,5.534500000000e+01,1.000000000000e+00
1.000000000000e-03,5000,1.100000000000e-02,5,5.659333333333e+01,1.000000000000e+00
1.000000000000e-03,5000,1.125000000000e-02,5,5.784166666667e+01,1.000000000000e+00
1.000000000000e-03,5000,1.150000000000e-02,5,5.909000000000e+01,1.000000000000e+00
1.000000000000e-03,5000,1.175000000000e-02,5,6.033833333333e+01,1.000000000000e+00
1.000000000000e-03,5000,1.200000000000e-02,5,6.158666666667e+01,1.000000000000e+00
1.000000000000e-03,5000,1.225000000000e-02,5,6.283500000000e+01,1.000000000000e+00
1.000000000000e-03,5000,1.250000000000e-02,5,6.408333333333e+01,1.000000000000e+00
1.000000000000e-03,5000,1.275000000000e-02,5,6.533166666667e+01,1.000000000000e+00
1.000000000000e-03,5000,1.300000000000e-02,5,6.658000000000e+01,1.000000000000e+00
1.000000000000e-03,5000,1.325000000000e-02,5,6.782833333333e+01,1.000000000000e+00
1.000000000000e-03,5000,1.350000000000e-02,5,6.907666666667e+01,1.000000000000e+00
1.000000000000e-03,5000,1.375000000000e-02,5,7.032500000000e+01,1.000000000000e+00
1.000000000000e-03,5000,1.400000000000e-02,5,7.157333333333e+01,1.000000000000e+00
1.000000000000e-03,5000,1.425000000000e-02,5,7.282166666667e+01,1.000000000000e+00
1.000000000000e-03,5000,1.450000000000e-02,5,7.407000000000e+01,1.000000000000e+00
1.000000000000e-03,5000,1.475000000000e-02,5,7.531833333333e+01,1.000000000000e+00
1.000000000000e-03,5000,1.500000000000e-02,5,7.656666666667e+01,1.000000000000e+00
1.000000000000e-03,5000,1.525000000000e-02,5,7.781500000000e+01,1.000000000000e+00
1.000000000000e-03,5000,1.550000000000e-02,5,7.906333333333e+01,1.000000000000e+00
1.000000000000e-03,5000,1.575000000000e-02,5,8.031166666667e+01,1.000000000000e+00
1.000000000000e-03,5000,1.600000000000e-02,5,8.156000000000e+01,1.000000000000e+00
1.000000000000e-03,5000,1.625000000000e-02,5,8.280833333333e+01,1.000000000000e+00
1.000000000000e-03,5000,1.650000000000e-02,5,8.405666666667e+01,1.000000000000e+00
1.000000000000e-03,5000,1.675000000000e-02,5,8.530500000000e+01,1.000000000000e+00
1.000000000000e-03,5000,1.700000000000e-02,5,8.655333333333e+01,1.000000000000e+00
1.000000000000e-03,5000,1.725000000000e-02,5,8.780166666667e+01,1.000000000000e+00
1.000000000000e-03,5000,1.750000000000e-02,5,8.905000000000e+01,1.000000000000e+00
1.000000000000e-03,5000,1.775000000000e-02,5,9.029833333333e+01,1.000000000000e+00
1.000000000000e-03,5000,1.800000000000e-02,5,9.154666666667e+01,1.000000000000e+00
1.000000000000e-03,5000,1.825000000000e-02,5,9.279500000000e+01,1.000000000000e+00
1.000000000000e-03,5000,1.850000000000e-02,5,9.404333333333e+01,1.000000000000e+00
1.000000000000e-03,5000,1.875000000000e-02,5,9.529166666667e+01,1.000000000000e+00
1.000000000000e-03,5000,1.900000000000e-02,5,9.654000000000e+01,1.000000000000e+00
1.000000000000e-03,5000,1.925000000000e-02,5,9.778833333333e+01,9.999999999999e-01
1.000000000000e-03,5000,1.950000000000e-02,5,9.903666666667e+01,1.000000000000e+00
1.000000000000e-03,5000,1.975000000000e-02,5,1.002850000000e+02,1.000000000000e+00
1.000000000000e-03,5000,2.000000000000e-02,5,1.015333333333e+02,1.000000000000e+00
2.000000000000e-03,200,0.000000000000e+00,2,1.333333333333e-01,8.136905084660e-03
2.000000000000e-03,200,2.500000000000e-04,2,1.832000000000e-01,1.486576468294e-02
2.000000000000e-03,200,5.000000000000e-04,2,2.330666666667e-01,2.328694998014e-02
2.000000000000e-03,200,7.500000000000e-04,2,2.829333333333e-01,3.321989696999e-02
2.000000000000e-03,200,1.000000000000e-03,2,3.328000000000e-01,4.449760385883e-02
2.000000000000e-03,200,1.250000000000e-03,2,3.826666666667e-01,5.696573888517e-02
2.000000000000e-03,200,1.500000000000e-03,2,4.325333333333e-01,7.048180284610e-02
2.000000000000e-03,200,1.750000000000e-03,2,4.824000000000e-01,8.491434311941e-02
2.000000000000e-03,200,2.000000000000e-03,2,5.322666666667e-01,1.001422161531e-01
2.000000000000e-03,200,2.250000000000e-03,2,5.821333333333e-01,1.160538955671e-01
2.000000000000e-03,200,2.500000000000e-03,2,6.320000000000e-01,1.325468231739e-01
2.000000000000e-03,200,2.750000000000e-03,2,6.818666666667e-01,1.495268003817e-01
2.000000000000e-03,200,3.000000000000e-03,2,7.317333333333e-01,1.669074175842e-01
2.000000000000e-03,200,3.250000000000e-03,2,7.816000000000e-01,1.846095192844e-01
2.000000000000e-03,200,3.500000000000e-03,2,8.314666666667e-01,2.025607028239e-01
2.000000000000e-03,200,3.750000000000e-03,2,8.813333333333e-01,2.206948487151e-01
2.000000000000e-03,200,4.000000000000e-03,2,9.312000000000e-01,2.389516806876e-01
2.000000000000e-03,200,4.250000000000e-03,2,9.810666666667e-01,2.572763536690e-01
2.000000000000e-03,200,4.500000000000e-03,2,1.030933333333e+00,2.756190680243e-01
2.000000000000e-03,200,4.750000000000e-03,2,1.080800000000e+00,2.939347084724e-01
2.000000000000e-03,200,5.000000000000e-03,2,1.130666666667e+00,3.121825061945e-01
2.000000000000e-03,200,5.250000000000e-03,2,1.180533333333e+00,3.303257227297e-01
2.000000000000e-03,200,5.500000000000e-03,2,1.230400000000e+00,3.483313543393e-01
2.000000000000e-03,200,5.750000000000e-03,2,1.280266666667e+00,3.661698555966e-01
2.000000000000e-03,200,6.000000000000e-03,2,1.330133333333e+00,3.838148810299e-01
2.000000000000e-03,200,6.250000000000e-03,2,1.380000000000e+00,4.012430437178e-01
2.000000000000e-03,200,6.500000000000e-03,2,1.429866666667e+00,4.184336897985e-01
2.000000000000e-03,200,6.750000000000e-03,2,1.479733333333e+00,4.353686879158e-01
2.000000000000e-03,200,7.000000000000e-03,2,1.529600000000e+00,4.520322326821e-01
2.000000000000e-03,200,7.250000000000e-03,2,1.579466666667e+00,4.684106612935e-01
2.000000000000e-03,200,7.500000000000e-03,2,1.629333333333e+00,4.844922824825e-01
2.000000000000e-03,200,7.750000000000e-03,2,1.679200000000e+00,5.002672170407e-01
2.000000000000e-03,200,8.000000000000e-03,2,1.729066666667e+00,5.157272491929e-01
2.000000000000e-03,200,8.250000000000e-03,2,1.778933333333e+00,5.308656881415e-01
2.000000000000e-03,200,8.500000000000e-03,2,1.828800000000e+00,5.456772391461e-01
2.000000000000e-03,200,8.750000000000e-03,2,1.878666666667e+00,5.601578835363e-01
2.000000000000e-03,200,9.000000000000e-03,2,1.928533333333e+00,5.743047670943e-01
2.000000000000e-03,200,9.250000000000e-03,2,1.978400000000e+00,5.881160962776e-01
2.000000000000e-03,200,9.500000000000e-03,2,2.028266666667e+00,6.015910417823e-01
2.000000000000e-03,200,9.750000000000e-03,2,2.078133333333e+00,6.147296489783e-01
2.000000000000e-03,200,1.000000000000e-02,2,2.128000000000e+00,6.275327547773e-01
2.000000000000e-03,200,1.025000000000e-02,2,2.177866666667e+00,6.400019105179e-01
2.000000000000e-03,200,1.050000000000e-02,2,2.227733333333e+00,6.521393104808e-01
2.000000000000e-03,200,1.075000000000e-02,2,2.277600000000e+00,6.639477256675e-01
2.000000000000e-03,200,1.100000000000e-02,2,2.327466666667e+00,6.754304425009e-01
2.000000000000e-03,200,1.125000000000e-02,2,2.377333333333e+00,6.865912061239e-01
2.000000000000e-03,200,1.150000000000e-02,2,2.427200000000e+00,6.974341679959e-01
2.000000000000e-03,200,1.175000000000e-02,2,2.477066666667e+00,7.079638375011e-01
2.000000000000e-03,200,1.200000000000e-02,2,2.526933333333e+00,7.181850373037e-01
2.000000000000e-03,200,1.225000000000e-02,2,2.576800000000e+00,7.281028621997e-01
2.000000000000e-03,200,1.250000000000e-02,2,2.626666666667e+00,7.377226412303e-01
2.000000000000e-03,200,1.275000000000e-02,2,2.676533333333e+00,7.470499028373e-01
2.000000000000e-03,200,1.300000000000e-02,2,2.726400000000e+00,7.560903428546e-01
2.000000000000e-03,200,1.325000000000e-02,2,2.776266666667e+00,7.648497951412e-01
2.000000000000e-03,200,1.350000000000e-02,2,2.826133333333e+00,7.733342046758e-01
2.000000000000e-03,200,1.375000000000e-02,2,2.876000000000e+00,7.815496029420e-01
2.000000000000e-03,200,1.400000000000e-02,2,2.925866666667e+00,7.895020854453e-01
2.000000000000e-03,200,1.425000000000e-02,2,2.975733333333e+00,7.971977912129e-01
2.000000000000e-03,200,1.450000000000e-02,2,3.025600000000e+00,8.046428841363e-01
2.000000000000e-03,200,1.475000000000e-02,2,3.075466666667e+00,8.118435360259e-01
2.000000000000e-03,200,1.500000000000e-02,2,3.125333333333e+00,8.188059112559e-01
2.000000000000e-03,200,1.525000000000e-02,2,3.175200000000e+00,8.255361528836e-01
2.000000000000e-03,200,1.550000000000e-02,2,3.225066666667e+00,8.320403701369e-01
2.000000000000e-03,200,1.575000000000e-02,2,3.274933333333e+00,8.383246271703e-01
2.000000000000e-03,200,1.600000000000e-02,2,3.324800000000e+00,8.443949329937e-01
2.000000000000e-03,200,1.625000000000e-02,2,3.374666666667e+00,8.502572324882e-01
2.000000000000e-03,200,1.650000000000e-02,2,3.424533333333e+00,8.559173984268e-01
2.000000000000e-03,200,1.675000000000e-02,2,3.474400000000e+00,8.613812244226e-01
2.000000000000e-03,200,1.700000000000e-02,2,3.524266666667e+00,8.666544187336e-01
2.000000000000e-03,200,1.725000000000e-02,2,3.574133333333e+00,8.717425988582e-01
2.000000000000e-03,200,1.750000000000e-02,2,3.624000000000e+00,8.766512868574e-01
2.000000000000e-03,200,1.775000000000e-02,2,3.673866666667e+00,8.813859053481e-01
2.000000000000e-03,200,1.800000000000e-02,2,3.723733333333e+00,8.859517741111e-01
2.000000000000e-03,200,1.825000000000e-02,2,3.773600000000e+00,8.903541072647e-01
2.000000000000e-03,200,1.850000000000e-02,2,3.823466666667e+00,8.945980109566e-01
2.000000000000e-03,200,1.875000000000e-02,2,3.873333333333e+00,8.986884815304e-01
2.000000000000e-03,200,1.900000000000e-02,2,3.923200000000e+00,9.026304041258e-01
2.000000000000e-03,200,1.925000000000e-02,2,3.973066666667e+00,9.064285516754e-01
2.000000000000e-03,200,1.950000000000e-02,2,4.022933333333e+00,9.100875842611e-01
2.000000000000e-03,200,1.975000000000e-02,2,4.072800000000e+00,9.136120487996e-01
2.000000000000e-03,200,2.000000000000e-02,2,4.122666666667e+00,9.170063790255e-01
2.000000000000e-03,500,0.000000000000e+00,2,3.333333333333e-01,4.462491923495e-02
2.000000000000e-03,500,2.500000000000e-04,2,4.580000000000e-01,7.774577968966e-02
2.000000000000e-03,500,5.000000000000e-04,2,5.826666666667e-01,1.162273905719e-01
2.000000000000e-03,500,7.500000000000e-04,2,7.073333333333e-01,1.583580849412e-01
2.000000000000e-03,500,1.000000000000e-03,2,8.320000000000e-01,2.027537954240e-01
2.000000000000e-03,500,1.250000000000e-03,2,9.566666666667e-01,2.483047738031e-01
2.000000000000e-03,500,1.500000000000e-03,2,1.081333333333e+00,2.941302999431e-01
2.000000000000e-03,500,1.750000000000e-03,2,1.206000000000e+00,3.395402391746e-01
2.000000000000e-03,500,2.000000000000e-03,2,1.330666666667e+00,3.840024649393e-01
2.000000000000e-03,500,2.250000000000e-03,2,1.455333333333e+00,4.271152998985e-01
2.000000000000e-03,500,2.500000000000e-03,2,1.580000000000e+00,4.685842466314e-01
2.000000000000e-03,500,2.750000000000e-03,2,1.704666666667e+00,5.082023809704e-01
2.000000000000e-03,500,3.000000000000e-03,2,1.829333333333e+00,5.458338690575e-01
2.000000000000e-03,500,3.250000000000e-03,2,1.954000000000e+00,5.814001452209e-01
2.000000000000e-03,500,3.500000000000e-03,2,2.078666666667e+00,6.148683533696e-01
2.000000000000e-03,500,3.750000000000e-03,2,2.203333333333e+00,6.462417111847e-01
2.000000000000e-03,500,4.000000000000e-03,2,2.328000000000e+00,6.755515051610e-01
2.000000000000e-03,500,4.250000000000e-03,2,2.452666666667e+00,7.028504665737e-01
2.000000000000e-03,500,4.500000000000e-03,2,2.577333333333e+00,7.282073146302e-01
2.000000000000e-03,500,4.750000000000e-03,2,2.702000000000e+00,7.517022841957e-01
2.000000000000e-03,500,5.000000000000e-03,2,2.826666666667e+00,7.734234822601e-01
2.000000000000e-03,500,5.250000000000e-03,2,2.951333333333e+00,7.934639403112e-01
2.000000000000e-03,500,5.500000000000e-03,2,3.076000000000e+00,8.119192495385e-01
2.000000000000e-03,500,5.750000000000e-03,2,3.200666666667e+00,8.288856827336e-01
2.000000000000e-03,500,6.000000000000e-03,2,3.325333333333e+00,8.444587212869e-01
2.000000000000e-03,500,6.250000000000e-03,2,3.450000000000e+00,8.587319181176e-01
2.000000000000e-03,500,6.500000000000e-03,2,3.574666666667e+00,8.717960380259e-01
2.000000000000e-03,500,6.750000000000e-03,2,3.699333333333e+00,8.837384260546e-01
2.000000000000e-03,500,7.000000000000e-03,2,3.824000000000e+00,8.946425622216e-01
2.000000000000e-03,500,7.250000000000e-03,2,3.948666666667e+00,9.045877676109e-01
2.000000000000e-03,500,7.500000000000e-03,2,4.073333333333e+00,9.136490324582e-01
2.000000000000e-03,500,7.750000000000e-03,2,4.198000000000e+00,9.218969416725e-01
2.000000000000e-03,500,8.000000000000e-03,2,4.322666666667e+00,9.293976773124e-01
2.000000000000e-03,500,8.250000000000e-03,2,4.447333333333e+00,9.362130810024e-01
2.000000000000e-03,500,8.500000000000e-03,2,4.572000000000e+00,9.424007622044e-01
2.000000000000e-03,500,8.750000000000e-03,2,4.696666666667e+00,9.480142407356e-01
2.000000000000e-03,500,9.000000000000e-03,2,4.821333333333e+00,9.531031140202e-01
2.000000000000e-03,500,9.250000000000e-03,2,4.946000000000e+00,9.577132413166e-01
2.000000000000e-03,500,9.500000000000e-03,2,5.070666666667e+00,9.618869386443e-01
2.000000000000e-03,500,9.750000000000e-03,2,5.195333333333e+00,9.656631793712e-01
2.000000000000e-03,500,1.000000000000e-02,2,5.320000000000e+00,9.690777964565e-01
2.000000000000e-03,500,1.025000000000e-02,2,5.444666666667e+00,9.721636832048e-01
2.000000000000e-03,500,1.050000000000e-02,2,5.569333333333e+00,9.749509901034e-01
2.000000000000e-03,500,1.075000000000e-02,2,5.694000000000e+00,9.774673159014e-01
2.000000000000e-03,500,1.100000000000e-02,2,5.818666666667e+00,9.797378915777e-01
2.000000000000e-03,500,1.125000000000e-02,2,5.943333333333e+00,9.817857562384e-01
2.000000000000e-03,500,1.150000000000e-02,2,6.068000000000e+00,9.836319243104e-01
2.000000000000e-03,500,1.175000000000e-02,2,6.192666666667e+00,9.852955436519e-01
2.000000000000e-03,500,1.200000000000e-02,2,6.317333333333e+00,9.867940444150e-01
2.000000000000e-03,500,1.225000000000e-02,2,6.442000000000e+00,9.881432786548e-01
2.000000000000e-03,500,1.250000000000e-02,2,6.566666666667e+00,9.893576508094e-01
2.000000000000e-03,500,1.275000000000e-02,2,6.691333333333e+00,9.904502392723e-01
2.000000000000e-03,500,1.300000000000e-02,2,6.816000000000e+00,9.914329093543e-01
2.000000000000e-03,500,1.325000000000e-02,2,6.940666666667e+00,9.923164179813e-01
2.000000000000e-03,500,1.350000000000e-02,2,7.065333333333e+00,9.931105105149e-01
2.000000000000e-03,500,1.375000000000e-02,2,7.190000000000e+00,9.938240101032e-01
2.000000000000e-03,500,1.400000000000e-02,2,7.314666666667e+00,9.944648999827e-01
2.000000000000e-03,500,1.425000000000e-02,2,7.439333333333e+00,9.950403991575e-01
2.000000000000e-03,500,1.450000000000e-02,2,7.564000000000e+00,9.955570318751e-01
2.000000000000e-03,500,1.475000000000e-02,2,7.688666666667e+00,9.960206913159e-01
2.000000000000e-03,500,1.500000000000e-02,2,7.813333333333e+00,9.964366978970e-01
2.000000000000e-03,500,1.525000000000e-02,2,7.938000000000e+00,9.968098525781e-01
2.000000000000e-03,500,1.550000000000e-02,2,8.062666666667e+00,9.971444855397e-01
2.000000000000e-03,500,1.575000000000e-02,2,8.187333333333e+00,9.974445005872e-01
2.000000000000e-03,500,1.600000000000e-02,2,8.312000000000e+00,9.977134156132e-01
2.000000000000e-03,500,1.625000000000e-02,2,8.436666666667e+00,9.979543994318e-01
2.000000000000e-03,500,1.650000000000e-02,2,8.561333333333e+00,9.981703052805e-01
2.000000000000e-03,500,1.675000000000e-02,2,8.686000000000e+00,9.983637012640e-01
2.000000000000e-03,500,1.700000000000e-02,2,8.810666666667e+00,9.985368979969e-01
2.000000000000e-03,500,1.725000000000e-02,2,8.935333333333e+00,9.986919736835e-01
2.000000000000e-03,500,1.750000000000e-02,2,9.060000000000e+00,9.988307968555e-01
2.000000000000e-03,500,1.775000000000e-02,2,9.184666666667e+00,9.989550469736e-01
2.000000000000e-03,500,1.800000000000e-02,2,9.309333333333e+00,9.990662330784e-01
2.000000000000e-03,500,1.825000000000e-02,2,9.434000000000e+00,9.991657106684e-01
2.000000000000e-03,500,1.850000000000e-02,2,9.558666666667e+00,9.992546969613e-01
2.000000000000e-03,500,1.875000000000e-02,2,9.683333333333e+00,9.993342846882e-01
2.000000000000e-03,500,1.900000000000e-02,2,9.808000000000e+00,9.994054545532e-01
2.000000000000e-03,500,1.925000000000e-02,2,9.932666666667e+00,9.994690864826e-01
2.000000000000e-03,500,1.950000000000e-02,2,1.005733333333e+01,9.995259697764e-01
2.000000000000e-03,500,1.975000000000e-02,2,1.018200000000e+01,9.995768122641e-01
2.000000000000e-03,500,2.000000000000e-02,2,1.030666666667e+01,9.996222485599e-01
2.000000000000e-03,1000,0.000000000000e+00,3,6.666666666667e-01,3.021210849399e-02
2.000000000000e-03,1000,2.500000000000e-04,3,9.160000000000e-01,6.551715554103e-02
2.000000000000e-03,1000,5.000000000000e-04,3,1.165333333333e+00,1.130833858439e-01
2.000000000000e-03,1000,7.500000000000e-04,3,1.414666666667e+00,1.700577156252e-01
2.000000000000e-03,1000,1.000000000000e-03,3,1.664000000000e+00,2.333051474413e-01
2.000000000000e-03,1000,1.250000000000e-03,3,1.913333333333e+00,2.998804690670e-01
2.000000000000e-03,1000,1.500000000000e-03,3,2.162666666667e+00,3.672595184598e-01
2.000000000000e-03,1000,1.750000000000e-03,3,2.412000000000e+00,4.334233066624e-01
2.000000000000e-03,1000,2.000000000000e-03,3,2.661333333333e+00,4.968565853516e-01
2.000000000000e-03,1000,2.250000000000e-03,3,2.910666666667e+00,5.565006847714e-01
2.000000000000e-03,1000,2.500000000000e-03,3,3.160000000000e+00,6.116856770383e-01
2.000000000000e-03,1000,2.750000000000e-03,3,3.409333333333e+00,6.620570288512e-01
2.000000000000e-03,1000,3.000000000000e-03,3,3.658666666667e+00,7.075053958364e-01
2.000000000000e-03,1000,3.250000000000e-03,3,3.908000000000e+00,7.481040167758e-01
2.000000000000e-03,1000,3.500000000000e-03,3,4.157333333333e+00,7.840555437033e-01
2.000000000000e-03,1000,3.750000000000e-03,3,4.406666666667e+00,8.156485725293e-01
2.000000000000e-03,1000,4.000000000000e-03,3,4.656000000000e+00,8.432232578930e-01
2.000000000000e-03,1000,4.250000000000e-03,3,4.905333333333e+00,8.671449581416e-01
2.000000000000e-03,1000,4.500000000000e-03,3,5.154666666667e+00,8.877846941615e-01
2.000000000000e-03,1000,4.750000000000e-03,3,5.404000000000e+00,9.055052073571e-01
2.000000000000e-03,1000,5.000000000000e-03,3,5.653333333333e+00,9.206514939949e-01
2.000000000000e-03,1000,5.250000000000e-03,3,5.902666666667e+00,9.335448284410e-01
2.000000000000e-03,1000,5.500000000000e-03,3,6.152000000000e+00,9.444794374047e-01
2.000000000000e-03,1000,5.750000000000e-03,3,6.401333333333e+00,9.537211340249e-01
2.000000000000e-03,1000,6.000000000000e-03,3,6.650666666667e+00,9.615073551325e-01
2.000000000000e-03,1000,6.250000000000e-03,3,6.900000000000e+00,9.680481629720e-01
2.000000000000e-03,1000,6.500000000000e-03,3,7.149333333333e+00,9.735278727892e-01
2.000000000000e-03,1000,6.750000000000e-03,3,7.398666666667e+00,9.781070505469e-01
2.000000000000e-03,1000,7.000000000000e-03,3,7.648000000000e+00,9.819246921357e-01
2.000000000000e-03,1000,7.250000000000e-03,3,7.897333333333e+00,9.851004487642e-01
2.000000000000e-03,1000,7.500000000000e-03,3,8.146666666667e+00,9.877368048073e-01
2.000000000000e-03,1000,7.750000000000e-03,3,8.396000000000e+00,9.899211462767e-01
2.000000000000e-03,1000,8.000000000000e-03,3,8.645333333333e+00,9.917276820419e-01
2.000000000000e-03,1000,8.250000000000e-03,3,8.894666666667e+00,9.932191975773e-01
2.000000000000e-03,1000,8.500000000000e-03,3,9.144000000000e+00,9.944486336856e-01
2.000000000000e-03,1000,8.750000000000e-03,3,9.393333333333e+00,9.954604914627e-01
2.000000000000e-03,1000,9.000000000000e-03,3,9.642666666667e+00,9.962920706595e-01
2.000000000000e-03,1000,9.250000000000e-03,3,9.892000000000e+00,9.969745522730e-01
2.000000000000e-03,1000,9.500000000000e-03,3,1.014133333333e+01,9.975339382740e-01
2.000000000000e-03,1000,9.750000000000e-03,3,1.039066666667e+01,9.979918622786e-01
2.000000000000e-03,1000,1.000000000000e-02,3,1.064000000000e+01,9.983662850702e-01
2.000000000000e-03,1000,1.025000000000e-02,3,1.088933333333e+01,9.986720884254e-01
2.000000000000e-03,1000,1.050000000000e-02,3,1.113866666667e+01,9.989215799043e-01
2.000000000000e-03,1000,1.075000000000e-02,3,1.138800000000e+01,9.991249202626e-01
2.000000000000e-03,1000,1.100000000000e-02,3,1.163733333333e+01,9.992904840563e-01
2.000000000000e-03,1000,1.125000000000e-02,3,1.188666666667e+01,9.994251628871e-01
2.000000000000e-03,1000,1.150000000000e-02,3,1.213600000000e+01,9.995346196513e-01
2.000000000000e-03,1000,1.175000000000e-02,3,1.238533333333e+01,9.996235011222e-01
2.000000000000e-03,1000,1.200000000000e-02,3,1.263466666667e+01,9.996956152428e-01
2.000000000000e-03,1000,1.225000000000e-02,3,1.288400000000e+01,9.997540786387e-01
2.000000000000e-03,1000,1.250000000000e-02,3,1.313333333333e+01,9.998014390846e-01
2.000000000000e-03,1000,1.275000000000e-02,3,1.338266666667e+01,9.998397769702e-01
2.000000000000e-03,1000,1.300000000000e-02,3,1.363200000000e+01,9.998707892051e-01
2.000000000000e-03,1000,1.325000000000e-02,3,1.388133333333e+01,9.998958584793e-01
2.000000000000e-03,1000,1.350000000000e-02,3,1.413066666667e+01,9.999161103378e-01
2.000000000000e-03,1000,1.375000000000e-02,3,1.438000000000e+01,9.999324601408e-01
2.000000000000e-03,1000,1.400000000000e-02,3,1.462933333333e+01,9.999456516422e-01
2.000000000000e-03,1000,1.425000000000e-02,3,1.487866666667e+01,9.999562886401e-01
2.000000000000e-03,1000,1.450000000000e-02,3,1.512800000000e+01,9.999648609066e-01
2.000000000000e-03,1000,1.475000000000e-02,3,1.537733333333e+01,9.999717654060e-01
2.000000000000e-03,1000,1.500000000000e-02,3,1.562666666667e+01,9.999773236350e-01
2.000000000000e-03,1000,1.525000000000e-02,3,1.587600000000e+01,9.999817957796e-01
2.000000000000e-03,1000,1.550000000000e-02,3,1.612533333333e+01,9.999853922576e-01
2.000000000000e-03,1000,1.575000000000e-02,3,1.637466666667e+01,9.999882831235e-01
2.000000000000e-03,1000,1.600000000000e-02,3,1.662400000000e+01,9.999906057205e-01
2.000000000000e-03,1000,1.625000000000e-02,3,1.687333333333e+01,9.999924709026e-01
2.000000000000e-03,1000,1.650000000000e-02,3,1.712266666667e+01,9.999939680896e-01
2.000000000000e-03,1000,1.675000000000e-02,3,1.737200000000e+01,9.999951693684e-01
2.000000000000e-03,1000,1.700000000000e-02,3,1.762133333333e+01,9.999961328201e-01
2.000000000000e-03,1000,1.725000000000e-02,3,1.787066666667e+01,9.999969052153e-01
2.000000000000e-03,1000,1.750000000000e-02,3,1.812000000000e+01,9.999975241968e-01
2.000000000000e-03,1000,1.775000000000e-02,3,1.836933333333e+01,9.999980200451e-01
2.000000000000e-03,1000,1.800000000000e-02,3,1.861866666667e+01,9.999984171066e-01
2.000000000000e-03,1000,1.825000000000e-02,3,1.886800000000e+01,9.999987349466e-01
2.000000000000e-03,1000,1.850000000000e-02,3,1.911733333333e+01,9.999989892814e-01
2.000000000000e-03,1000,1.875000000000e-02,3,1.936666666667e+01,9.999991927293e-01
2.000000000000e-03,1000,1.900000000000e-02,3,1.961600000000e+01,9.999993554170e-01
2.000000000000e-03,1000,1.925000000000e-02,3,1.986533333333e+01,9.999994854680e-01
2.000000000000e-03,1000,1.950000000000e-02,3,2.011466666667e+01,9.999995893964e-01
2.000000000000e-03,1000,1.975000000000e-02,3,2.036400000000e+01,9.999996724235e-01
2.000000000000e-03,1000,2.000000000000e-02,3,2.061333333333e+01,9.999997387326e-01
2.000000000000e-03,2000,0.000000000000e+00,4,1.333333333333e+00,4.649430286533e-02
2.000000000000e-03,2000,2.500000000000e-04,4,1.832000000000e+00,1.139042674061e-01
2.000000000000e-03,2000,5.000000000000e-04,4,2.330666666667e+00,2.069163664173e-01
2.000000000000e-03,2000,7.500000000000e-04,4,2.829333333333e+00,3.145952423164e-01
2.000000000000e-03,2000,1.000000000000e-03,4,3.328000000000e+00,4.258392438954e-01
2.000000000000e-03,2000,1.250000000000e-03,4,3.826666666667e+00,5.319554222705e-01
2.000000000000e-03,2000,1.500000000000e-03,4,4.325333333333e+00,6.273835095040e-01
2.000000000000e-03,2000,1.750000000000e-03,4,4.824000000000e+00,7.093942816001e-01
2.000000000000e-03,2000,2.000000000000e-03,4,5.322666666667e+00,7.773840399036e-01
2.000000000000e-03,2000,2.250000000000e-03,4,5.821333333333e+00,8.321266311676e-01
2.000000000000e-03,2000,2.500000000000e-03,4,6.320000000000e+00,8.751489682260e-01
2.000000000000e-03,2000,2.750000000000e-03,4,6.818666666667e+00,9.082781790138e-01
2.000000000000e-03,2000,3.000000000000e-03,4,7.317333333333e+00,9.333492768827e-01
2.000000000000e-03,2000,3.250000000000e-03,4,7.816000000000e+00,9.520393979304e-01
2.000000000000e-03,2000,3.500000000000e-03,4,8.314666666667e+00,9.657912465540e-01
2.000000000000e-03,2000,3.750000000000e-03,4,8.813333333333e+00,9.757936366717e-01
2.000000000000e-03,2000,4.000000000000e-03,4,9.312000000000e+00,9.829948819112e-01
2.000000000000e-03,2000,4.250000000000e-03,4,9.810666666667e+00,9.881323440143e-01
2.000000000000e-03,2000,4.500000000000e-03,4,1.030933333333e+01,9.917675607176e-01
2.000000000000e-03,2000,4.750000000000e-03,4,1.080800000000e+01,9.943208348110e-01
2.000000000000e-03,2000,5.000000000000e-03,4,1.130666666667e+01,9.961021758134e-01
2.000000000000e-03,2000,5.250000000000e-03,4,1.180533333333e+01,9.973373746378e-01
2.000000000000e-03,2000,5.500000000000e-03,4,1.230400000000e+01,9.981890848414e-01
2.000000000000e-03,2000,5.750000000000e-03,4,1.280266666667e+01,9.987733494973e-01
2.000000000000e-03,2000,6.000000000000e-03,4,1.330133333333e+01,9.991722500687e-01
2.000000000000e-03,2000,6.250000000000e-03,4,1.380000000000e+01,9.994434014537e-01
2.000000000000e-03,2000,6.500000000000e-03,4,1.429866666667e+01,9.996269661519e-01
2.000000000000e-03,2000,6.750000000000e-03,4,1.479733333333e+01,9.997507660415e-01
2.000000000000e-03,2000,7.000000000000e-03,4,1.529600000000e+01,9.998339646732e-01
2.000000000000e-03,2000,7.250000000000e-03,4,1.579466666667e+01,9.998896931469e-01
2.000000000000e-03,2000,7.500000000000e-03,4,1.629333333333e+01,9.999269060761e-01
2.000000000000e-03,2000,7.750000000000e-03,4,1.679200000000e+01,9.999516830735e-01
2.000000000000e-03,2000,8.000000000000e-03,4,1.729066666667e+01,9.999681349950e-01
2.000000000000e-03,2000,8.250000000000e-03,4,1.778933333333e+01,9.999790309736e-01
2.000000000000e-03,2000,8.500000000000e-03,4,1.828800000000e+01,9.999862297763e-01
2.000000000000e-03,2000,8.750000000000e-03,4,1.878666666667e+01,9.999909749963e-01
2.000000000000e-03,2000,9.000000000000e-03,4,1.928533333333e+01,9.999940960948e-01
2.000000000000e-03,2000,9.250000000000e-03,4,1.978400000000e+01,9.999961447205e-01
2.000000000000e-03,2000,9.500000000000e-03,4,2.028266666667e+01,9.999974867649e-01
2.000000000000e-03,2000,9.750000000000e-03,4,2.078133333333e+01,9.999983642955e-01
2.000000000000e-03,2000,1.000000000000e-02,4,2.128000000000e+01,9.999989370751e-01
2.000000000000e-03,2000,1.025000000000e-02,4,2.177866666667e+01,9.999993103071e-01
2.000000000000e-03,2000,1.050000000000e-02,4,2.227733333333e+01,9.999995531190e-01
2.000000000000e-03,2000,1.075000000000e-02,4,2.277600000000e+01,9.999997108408e-01
2.000000000000e-03,2000,1.100000000000e-02,4,2.327466666667e+01,9.999998131405e-01
2.000000000000e-03,2000,1.125000000000e-02,4,2.377333333333e+01,9.999998793995e-01
2.000000000000e-03,2000,1.150000000000e-02,4,2.427200000000e+01,9.999999222571e-01
2.000000000000e-03,2000,1.175000000000e-02,4,2.477066666667e+01,9.999999499424e-01
2.000000000000e-03,2000,1.200000000000e-02,4,2.526933333333e+01,9.999999678045e-01
2.000000000000e-03,2000,1.225000000000e-02,4,2.576800000000e+01,9.999999793150e-01
2.000000000000e-03,2000,1.250000000000e-02,4,2.626666666667e+01,9.999999867240e-01
2.000000000000e-03,2000,1.275000000000e-02,4,2.676533333333e+01,9.999999914877e-01
2.000000000000e-03,2000,1.300000000000e-02,4,2.726400000000e+01,9.999999945473e-01
2.000000000000e-03,2000,1.325000000000e-02,4,2.776266666667e+01,9.999999965104e-01
2.000000000000e-03,2000,1.350000000000e-02,4,2.826133333333e+01,9.999999977688e-01
2.000000000000e-03,2000,1.375000000000e-02,4,2.876000000000e+01,9.999999985746e-01
2.000000000000e-03,2000,1.400000000000e-02,4,2.925866666667e+01,9.999999990901e-01
2.000000000000e-03,2000,1.425000000000e-02,4,2.975733333333e+01,9.999999994197e-01
2.000000000000e-03,2000,1.450000000000e-02,4,3.025600000000e+01,9.999999996302e-01
2.000000000000e-03,2000,1.475000000000e-02,4,3.075466666667e+01,9.999999997645e-01
2.000000000000e-03,2000,1.500000000000e-02,4,3.125333333333e+01,9.999999998501e-01
2.000000000000e-03,2000,1.525000000000e-02,4,3.175200000000e+01,9.999999999047e-01
2.000000000000e-03,2000,1.550000000000e-02,4,3.225066666667e+01,9.999999999394e-01
2.000000000000e-03,2000,1.575000000000e-02,4,3.274933333333e+01,9.999999999615e-01
2.000000000000e-03,2000,1.600000000000e-02,4,3.324800000000e+01,9.999999999756e-01
2.000000000000e-03,2000,1.625000000000e-02,4,3.374666666667e+01,9.999999999845e-01
2.000000000000e-03,2000,1.650000000000e-02,4,3.424533333333e+01,9.999999999902e-01
2.000000000000e-03,2000,1.675000000000e-02,4,3.474400000000e+01,9.999999999938e-01
2.000000000000e-03,2000,1.700000000000e-02,4,3.524266666667e+01,9.999999999961e-01
2.000000000000e-03,2000,1.725000000000e-02,4,3.574133333333e+01,9.999999999975e-01
2.000000000000e-03,2000,1.750000000000e-02,4,3.624000000000e+01,9.999999999984e-01
2.000000000000e-03,2000,1.775000000000e-02,4,3.673866666667e+01,9.999999999990e-01
2.000000000000e-03,2000,1.800000000000e-02,4,3.723733333333e+01,9.999999999994e-01
2.000000000000e-03,2000,1.825000000000e-02,4,3.773600000000e+01,9.999999999996e-01
2.000000000000e-03,2000,1.850000000000e-02,4,3.823466666667e+01,9.999999999997e-01
2.000000000000e-03,2000,1.875000000000e-02,4,3.873333333333e+01,9.999999999998e-01
2.000000000000e-03,2000,1.900000000000e-02,4,3.923200000000e+01,9.999999999999e-01
2.000000000000e-03,2000,1.925000000000e-02,4,3.973066666667e+01,9.999999999999e-01
2.000000000000e-03,2000,1.950000000000e-02,4,4.022933333333e+01,1.000000000000e+00
2.000000000000e-03,2000,1.975000000000e-02,4,4.072800000000e+01,1.000000000000e+00
2.000000000000e-03,2000,2.000000000000e-02,4,4.122666666667e+01,1.000000000000e+00
2.000000000000e-03,5000,0.000000000000e+00,8,3.333333333333e+00,2.083625452737e-02
2.000000000000e-03,5000,2.500000000000e-04,8,4.580000000000e+00,9.332163516973e-02
2.000000000000e-03,5000,5.000000000000e-04,8,5.826666666667e+00,2.325206879189e-01
2.000000000000e-03,5000,7.500000000000e-04,8,7.073333333333e+00,4.122116433267e-01
2.000000000000e-03,5000,1.000000000000e-03,8,8.320000000000e+00,5.907461091917e-01
2.000000000000e-03,5000,1.250000000000e-03,8,9.566666666667e+00,7.381903917562e-01
2.000000000000e-03,5000,1.500000000000e-03,8,1.081333333333e+01,8.443398235195e-01
2.000000000000e-03,5000,1.750000000000e-03,8,1.206000000000e+01,9.130838693943e-01
2.000000000000e-03,5000,2.000000000000e-03,8,1.330666666667e+01,9.540138648930e-01
2.000000000000e-03,5000,2.250000000000e-03,8,1.455333333333e+01,9.767732796067e-01
2.000000000000e-03,5000,2.500000000000e-03,8,1.580000000000e+01,9.887316801804e-01
2.000000000000e-03,5000,2.750000000000e-03,8,1.704666666667e+01,9.947221342805e-01
2.000000000000e-03,5000,3.000000000000e-03,8,1.829333333333e+01,9.976032025806e-01
2.000000000000e-03,5000,3.250000000000e-03,8,1.954000000000e+01,9.989409313787e-01
2.000000000000e-03,5000,3.500000000000e-03,8,2.078666666667e+01,9.995432902814e-01
2.000000000000e-03,5000,3.750000000000e-03,8,2.203333333333e+01,9.998072977820e-01
2.000000000000e-03,5000,4.000000000000e-03,8,2.328000000000e+01,9.999202721844e-01
2.000000000000e-03,5000,4.250000000000e-03,8,2.452666666667e+01,9.999675940937e-01
2.000000000000e-03,5000,4.500000000000e-03,8,2.577333333333e+01,9.999870391062e-01
2.000000000000e-03,5000,4.750000000000e-03,8,2.702000000000e+01,9.999948919328e-01
2.000000000000e-03,5000,5.000000000000e-03,8,2.826666666667e+01,9.999980137803e-01
2.000000000000e-03,5000,5.250000000000e-03,8,2.951333333333e+01,9.999992371823e-01
2.000000000000e-03,5000,5.500000000000e-03,8,3.076000000000e+01,9.999997103615e-01
2.000000000000e-03,5000,5.750000000000e-03,8,3.200666666667e+01,9.999998911806e-01
2.000000000000e-03,5000,6.000000000000e-03,8,3.325333333333e+01,9.999999595141e-01
2.000000000000e-03,5000,6.250000000000e-03,8,3.450000000000e+01,9.999999850739e-01
2.000000000000e-03,5000,6.500000000000e-03,8,3.574666666667e+01,9.999999945437e-01
2.000000000000e-03,5000,6.750000000000e-03,8,3.699333333333e+01,9.999999980212e-01
2.000000000000e-03,5000,7.000000000000e-03,8,3.824000000000e+01,9.999999992877e-01
2.000000000000e-03,5000,7.250000000000e-03,8,3.948666666667e+01,9.999999997453e-01
2.000000000000e-03,5000,7.500000000000e-03,8,4.073333333333e+01,9.999999999096e-01
2.000000000000e-03,5000,7.750000000000e-03,8,4.198000000000e+01,9.999999999681e-01
2.000000000000e-03,5000,8.000000000000e-03,8,4.322666666667e+01,9.999999999888e-01
2.000000000000e-03,5000,8.250000000000e-03,8,4.447333333333e+01,9.999999999961e-01
2.000000000000e-03,5000,8.500000000000e-03,8,4.572000000000e+01,9.999999999987e-01
2.000000000000e-03,5000,8.750000000000e-03,8,4.696666666667e+01,9.999999999995e-01
2.000000000000e-03,5000,9.000000000000e-03,8,4.821333333333e+01,9.999999999998e-01
2.000000000000e-03,5000,9.250000000000e-03,8,4.946000000000e+01,9.999999999999e-01
2.000000000000e-03,5000,9.500000000000e-03,8,5.070666666667e+01,1.000000000000e+00
2.000000000000e-03,5000,9.750000000000e-03,8,5.195333333333e+01,1.000000000000e+00
2.000000000000e-03,5000,1.000000000000e-02,8,5.320000000000e+01,1.000000000000e+00
2.000000000000e-03,5000,1.025000000000e-02,8,5.444666666667e+01,1.000000000000e+00
2.000000000000e-03,5000,1.050000000000e-02,8,5.569333333333e+01,1.000000000000e+00
2.000000000000e-03,5000,1.075000000000e-02,8,5.694000000000e+01,1.000000000000e+00
2.000000000000e-03,5000,1.100000000000e-02,8,5.818666666667e+01,1.000000000000e+00
2.000000000000e-03,5000,1.125000000000e-02,8,5.943333333333e+01,1.000000000000e+00
2.000000000000e-03,5000,1.150000000000e-02,8,6.068000000000e+01,1.000000000000e+00
2.000000000000e-03,5000,1.175000000000e-02,8,6.192666666667e+01,1.000000000000e+00
2.000000000000e-03,5000,1.200000000000e-02,8,6.317333333333e+01,1.000000000000e+00
2.000000000000e-03,5000,1.225000000000e-02,8,6.442000000000e+01,1.000000000000e+00
2.000000000000e-03,5000,1.250000000000e-02,8,6.566666666667e+01,1.000000000000e+00
2.000000000000e-03,5000,1.275000000000e-02,8,6.691333333333e+01,1.000000000000e+00
2.000000000000e-03,5000,1.300000000000e-02,8,6.816000000000e+01,1.000000000000e+00
2.000000000000e-03,5000,1.325000000000e-02,8,6.940666666667e+01,1.000000000000e+00
2.000000000000e-03,5000,1.350000000000e-02,8,7.065333333333e+01,1.000000000000e+00
2.000000000000e-03,5000,1.375000000000e-02,8,7.190000000000e+01,1.000000000000e+00
2.000000000000e-03,5000,1.400000000000e-02,8,7.314666666667e+01,1.000000000000e+00
2.000000000000e-03,5000,1.425000000000e-02,8,7.439333333333e+01,1.000000000000e+00
2.000000000000e-03,5000,1.450000000000e-02,8,7.564000000000e+01,1.000000000000e+00
2.000000000000e-03,5000,1.475000000000e-02,8,7.688666666667e+01,1.000000000000e+00
2.000000000000e-03,5000,1.500000000000e-02,8,7.813333333333e+01,1.000000000000e+00
2.000000000000e-03,5000,1.525000000000e-02,8,7.938000000000e+01,1.000000000000e+00
2.000000000000e-03,5000,1.550000000000e-02,8,8.062666666667e+01,1.000000000000e+00
2.000000000000e-03,5000,1.575000000000e-02,8,8.187333333333e+01,1.000000000000e+00
2.000000000000e-03,5000,1.600000000000e-02,8,8.312000000000e+01,1.000000000000e+00
2.000000000000e-03,5000,1.625000000000e-02,8,8.436666666667e+01,1.000000000000e+00
2.000000000000e-03,5000,1.650000000000e-02,8,8.561333333333e+01,1.000000000000e+00
2.000000000000e-03,5000,1.675000000000e-02,8,8.686000000000e+01,1.000000000000e+00
2.000000000000e-03,5000,1.700000000000e-02,8,8.810666666667e+01,1.000000000000e+00
2.000000000000e-03,5000,1.725000000000e-02,8,8.935333333333e+01,1.000000000000e+00
2.000000000000e-03,5000,1.750000000000e-02,8,9.060000000000e+01,1.000000000000e+00
2.000000000000e-03,5000,1.775000000000e-02,8,9.184666666667e+01,1.000000000000e+00
2.000000000000e-03,5000,1.800000000000e-02,8,9.309333333333e+01,1.000000000000e+00
2.000000000000e-03,5000,1.825000000000e-02,8,9.434000000000e+01,1.000000000000e+00
2.000000000000e-03,5000,1.850000000000e-02,8,9.558666666667e+01,1.000000000000e+00
2.000000000000e-03,5000,1.875000000000e-02,8,9.683333333333e+01,1.000000000000e+00
2.000000000000e-03,5000,1.900000000000e-02,8,9.808000000000e+01,1.000000000000e+00
2.000000000000e-03,5000,1.925000000000e-02,8,9.932666666667e+01,1.000000000000e+00
2.000000000000e-03,5000,1.950000000000e-02,8,1.005733333333e+02,1.000000000000e+00
2.000000000000e-03,5000,1.975000000000e-02,8,1.018200000000e+02,1.000000000000e+00
2.000000000000e-03,5000,2.000000000000e-02,8,1.030666666667e+02,1.000000000000e+00
5.000000000000e-03,200,0.000000000000e+00,2,3.333333333333e-01,4.462491923495e-02
5.000000000000e-03,200,2.500000000000e-04,2,3.830000000000e-01,5.705276028748e-02
5.000000000000e-03,200,5.000000000000e-04,2,4.326666666667e-01,7.051922678175e-02
5.000000000000e-03,200,7.500000000000e-04,2,4.823333333333e-01,8.489449145851e-02
5.000000000000e-03,200,1.000000000000e-03,2,5.320000000000e-01,1.000588697960e-01
5.000000000000e-03,200,1.250000000000e-03,2,5.816666666667e-01,1.159021419087e-01
5.000000000000e-03,200,1.500000000000e-03,2,6.313333333333e-01,1.323229163470e-01
5.000000000000e-03,200,1.750000000000e-03,2,6.810000000000e-01,1.492280333279e-01
5.000000000000e-03,200,2.000000000000e-03,2,7.306666666667e-01,1.665320050701e-01
5.000000000000e-03,200,2.250000000000e-03,2,7.803333333333e-01,1.841564910389e-01
5.000000000000e-03,200,2.500000000000e-03,2,8.300000000000e-01,2.020298060316e-01
5.000000000000e-03,200,2.750000000000e-03,2,8.796666666667e-01,2.200864591526e-01
5.000000000000e-03,200,3.000000000000e-03,2,9.293333333333e-01,2.382667218407e-01
5.000000000000e-03,200,3.250000000000e-03,2,9.790000000000e-01,2.565162232143e-01
5.000000000000e-03,200,3.500000000000e-03,2,1.028666666667e+00,2.747855711022e-01
5.000000000000e-03,200,3.750000000000e-03,2,1.078333333333e+00,2.930299972208e-01
5.000000000000e-03,200,4.000000000000e-03,2,1.128000000000e+00,3.112090250476e-01
5.000000000000e-03,200,4.250000000000e-03,2,1.177666666667e+00,3.292861590235e-01
5.000000000000e-03,200,4.500000000000e-03,2,1.227333333333e+00,3.472285937989e-01
5.000000000000e-03,200,4.750000000000e-03,2,1.277000000000e+00,3.650069423084e-01
5.000000000000e-03,200,5.000000000000e-03,2,1.326666666667e+00,3.825949815341e-01
5.000000000000e-03,200,5.250000000000e-03,2,1.376333333333e+00,3.999694148805e-01
5.000000000000e-03,200,5.500000000000e-03,2,1.426000000000e+00,4.171096501488e-01
5.000000000000e-03,200,5.750000000000e-03,2,1.475666666667e+00,4.339975921565e-01
5.000000000000e-03,200,6.000000000000e-03,2,1.525333333333e+00,4.506174491046e-01
5.000000000000e-03,200,6.250000000000e-03,2,1.575000000000e+00,4.669555518460e-01
5.000000000000e-03,200,6.500000000000e-03,2,1.624666666667e+00,4.830001852615e-01
5.000000000000e-03,200,6.750000000000e-03,2,1.674333333333e+00,4.987414309921e-01
5.000000000000e-03,200,7.000000000000e-03,2,1.724000000000e+00,5.141710208250e-01
5.000000000000e-03,200,7.250000000000e-03,2,1.773666666667e+00,5.292822000683e-01
5.000000000000e-03,200,7.500000000000e-03,2,1.823333333333e+00,5.440696002924e-01
5.000000000000e-03,200,7.750000000000e-03,2,1.873000000000e+00,5.585291208496e-01
5.000000000000e-03,200,8.000000000000e-03,2,1.922666666667e+00,5.726578186211e-01
5.000000000000e-03,200,8.250000000000e-03,2,1.972333333333e+00,5.864538054714e-01
5.000000000000e-03,200,8.500000000000e-03,2,2.022000000000e+00,5.999161529234e-01
5.000000000000e-03,200,8.750000000000e-03,2,2.071666666667e+00,6.130448035932e-01
5.000000000000e-03,200,9.000000000000e-03,2,2.121333333333e+00,6.258404889551e-01
5.000000000000e-03,200,9.250000000000e-03,2,2.171000000000e+00,6.383046530307e-01
5.000000000000e-03,200,9.500000000000e-03,2,2.220666666667e+00,6.504393816207e-01
5.000000000000e-03,200,9.750000000000e-03,2,2.270333333333e+00,6.622473367221e-01
5.000000000000e-03,200,1.000000000000e-02,2,2.320000000000e+00,6.737316957935e-01
5.000000000000e-03,200,1.025000000000e-02,2,2.369666666667e+00,6.848960955540e-01
5.000000000000e-03,200,1.050000000000e-02,2,2.419333333333e+00,6.957445800178e-01
5.000000000000e-03,200,1.075000000000e-02,2,2.469000000000e+00,7.062815524863e-01
5.000000000000e-03,200,1.100000000000e-02,2,2.518666666667e+00,7.165117312366e-01
5.000000000000e-03,200,1.125000000000e-02,2,2.568333333333e+00,7.264401086601e-01
5.000000000000e-03,200,1.150000000000e-02,2,2.618000000000e+00,7.360719136220e-01
5.000000000000e-03,200,1.175000000000e-02,2,2.667666666667e+00,7.454125768245e-01
5.000000000000e-03,200,1.200000000000e-02,2,2.717333333333e+00,7.544676989711e-01
5.000000000000e-03,200,1.225000000000e-02,2,2.767000000000e+00,7.632430215427e-01
5.000000000000e-03,200,1.250000000000e-02,2,2.816666666667e+00,7.717444000064e-01
5.000000000000e-03,200,1.275000000000e-02,2,2.866333333333e+00,7.799777792897e-01
5.000000000000e-03,200,1.300000000000e-02,2,2.916000000000e+00,7.879491713643e-01
5.000000000000e-03,200,1.325000000000e-02,2,2.965666666667e+00,7.956646347917e-01
5.000000000000e-03,200,1.350000000000e-02,2,3.015333333333e+00,8.031302560942e-01
5.000000000000e-03,200,1.375000000000e-02,2,3.065000000000e+00,8.103521328209e-01
5.000000000000e-03,200,1.400000000000e-02,2,3.114666666667e+00,8.173363581900e-01
5.000000000000e-03,200,1.425000000000e-02,2,3.164333333333e+00,8.240890071929e-01
5.000000000000e-03,200,1.450000000000e-02,2,3.214000000000e+00,8.306161240550e-01
5.000000000000e-03,200,1.475000000000e-02,2,3.263666666667e+00,8.369237109551e-01
5.000000000000e-03,200,1.500000000000e-02,2,3.313333333333e+00,8.430177179095e-01
5.000000000000e-03,200,1.525000000000e-02,2,3.363000000000e+00,8.489040337352e-01
5.000000000000e-03,200,1.550000000000e-02,2,3.412666666667e+00,8.545884780119e-01
5.000000000000e-03,200,1.575000000000e-02,2,3.462333333333e+00,8.600767939659e-01
5.000000000000e-03,200,1.600000000000e-02,2,3.512000000000e+00,8.653746422065e-01
5.000000000000e-03,200,1.625000000000e-02,2,3.561666666667e+00,8.704875952484e-01
5.000000000000e-03,200,1.650000000000e-02,2,3.611333333333e+00,8.754211327593e-01
5.000000000000e-03,200,1.675000000000e-02,2,3.661000000000e+00,8.801806374746e-01
5.000000000000e-03,200,1.700000000000e-02,2,3.710666666667e+00,8.847713917259e-01
5.000000000000e-03,200,1.725000000000e-02,2,3.760333333333e+00,8.891985745335e-01
5.000000000000e-03,200,1.750000000000e-02,2,3.810000000000e+00,8.934672592167e-01
5.000000000000e-03,200,1.775000000000e-02,2,3.859666666667e+00,8.975824114776e-01
5.000000000000e-03,200,1.800000000000e-02,2,3.909333333333e+00,9.015488879196e-01
5.000000000000e-03,200,1.825000000000e-02,2,3.959000000000e+00,9.053714349614e-01
5.000000000000e-03,200,1.850000000000e-02,2,4.008666666667e+00,9.090546881125e-01
5.000000000000e-03,200,1.875000000000e-02,2,4.058333333333e+00,9.126031715779e-01
5.000000000000e-03,200,1.900000000000e-02,2,4.108000000000e+00,9.160212981615e-01
5.000000000000e-03,200,1.925000000000e-02,2,4.157666666667e+00,9.193133694396e-01
5.000000000000e-03,200,1.950000000000e-02,2,4.207333333333e+00,9.224835761797e-01
5.000000000000e-03,200,1.975000000000e-02,2,4.257000000000e+00,9.255359989799e-01
5.000000000000e-03,200,2.000000000000e-02,2,4.306666666667e+00,9.284746091057e-01
5.000000000000e-03,500,0.000000000000e+00,4,8.333333333333e-01,1.041719652439e-02
5.000000000000e-03,500,2.500000000000e-04,4,9.575000000000e-01,1.649227334661e-02
5.000000000000e-03,500,5.000000000000e-04,4,1.081666666667e+00,2.440944364714e-02
5.000000000000e-03,500,7.500000000000e-04,4,1.205833333333e+00,3.427718870684e-02
5.000000000000e-03,500,1.000000000000e-03,4,1.330000000000e+00,4.614790231601e-02
5.000000000000e-03,500,1.250000000000e-03,4,1.454166666667e+00,6.002235251809e-02
5.000000000000e-03,500,1.500000000000e-03,4,1.578333333333e+00,7.585561450529e-02
5.000000000000e-03,500,1.750000000000e-03,4,1.702500000000e+00,9.356375954664e-02
5.000000000000e-03,500,2.000000000000e-03,4,1.826666666667e+00,1.130307805010e-01
5.000000000000e-03,500,2.250000000000e-03,4,1.950833333333e+00,1.341153870515e-01
5.000000000000e-03,500,2.500000000000e-03,4,2.075000000000e+00,1.566574216899e-01
5.000000000000e-03,500,2.750000000000e-03,4,2.199166666667e+00,1.804837375743e-01
5.000000000000e-03,500,3.000000000000e-03,4,2.323333333333e+00,2.054134473011e-01
5.000000000000e-03,500,3.250000000000e-03,4,2.447500000000e+00,2.312625019837e-01
5.000000000000e-03,500,3.500000000000e-03,4,2.571666666667e+00,2.578475965336e-01
5.000000000000e-03,500,3.750000000000e-03,4,2.695833333333e+00,2.849894227355e-01
5.000000000000e-03,500,4.000000000000e-03,4,2.820000000000e+00,3.125153090172e-01
5.000000000000e-03,500,4.250000000000e-03,4,2.944166666667e+00,3.402612967260e-01
5.000000000000e-03,500,4.500000000000e-03,4,3.068333333333e+00,3.680737087687e-01
5.000000000000e-03,500,4.750000000000e-03,4,3.192500000000e+00,3.958102689339e-01
5.000000000000e-03,500,5.000000000000e-03,4,3.316666666667e+00,4.233408300439e-01
5.000000000000e-03,500,5.250000000000e-03,4,3.440833333333e+00,4.505477670757e-01
5.000000000000e-03,500,5.500000000000e-03,4,3.565000000000e+00,4.773260881299e-01
5.000000000000e-03,500,5.750000000000e-03,4,3.689166666667e+00,5.035833120800e-01
5.000000000000e-03,500,6.000000000000e-03,4,3.813333333333e+00,5.292391572498e-01
5.000000000000e-03,500,6.250000000000e-03,4,3.937500000000e+00,5.542250808061e-01
5.000000000000e-03,500,6.500000000000e-03,4,4.061666666667e+00,5.784837039086e-01
5.000000000000e-03,500,6.750000000000e-03,4,4.185833333333e+00,6.019681531583e-01
5.000000000000e-03,500,7.000000000000e-03,4,4.310000000000e+00,6.246413446354e-01
5.000000000000e-03,500,7.250000000000e-03,4,4.434166666667e+00,6.464752328618e-01
5.000000000000e-03,500,7.500000000000e-03,4,4.558333333333e+00,6.674500434073e-01
5.000000000000e-03,500,7.750000000000e-03,4,4.682500000000e+00,6.875535045905e-01
5.000000000000e-03,500,8.000000000000e-03,4,4.806666666667e+00,7.067800908115e-01
5.000000000000e-03,500,8.250000000000e-03,4,4.930833333333e+00,7.251302874761e-01
5.000000000000e-03,500,8.500000000000e-03,4,5.055000000000e+00,7.426098852252e-01
5.000000000000e-03,500,8.750000000000e-03,4,5.179166666667e+00,7.592293092364e-01
5.000000000000e-03,500,9.000000000000e-03,4,5.303333333333e+00,7.750029877018e-01
5.000000000000e-03,500,9.250000000000e-03,4,5.427500000000e+00,7.899487621760e-01
5.000000000000e-03,500,9.500000000000e-03,4,5.551666666667e+00,8.040873413115e-01
5.000000000000e-03,500,9.750000000000e-03,4,5.675833333333e+00,8.174417985232e-01
5.000000000000e-03,500,1.000000000000e-02,4,5.800000000000e+00,8.300371133343e-01
5.000000000000e-03,500,1.025000000000e-02,4,5.924166666667e+00,8.418997555194e-01
5.000000000000e-03,500,1.050000000000e-02,4,6.048333333333e+00,8.530573106692e-01
5.000000000000e-03,500,1.075000000000e-02,4,6.172500000000e+00,8.635381454213e-01
5.000000000000e-03,500,1.100000000000e-02,4,6.296666666667e+00,8.733711103274e-01
5.000000000000e-03,500,1.125000000000e-02,4,6.420833333333e+00,8.825852781395e-01
5.000000000000e-03,500,1.150000000000e-02,4,6.545000000000e+00,8.912097151764e-01
5.000000000000e-03,500,1.175000000000e-02,4,6.669166666667e+00,8.992732833749e-01
5.000000000000e-03,500,1.200000000000e-02,4,6.793333333333e+00,9.068044706199e-01
5.000000000000e-03,500,1.225000000000e-02,4,6.917500000000e+00,9.138312469745e-01
5.000000000000e-03,500,1.250000000000e-02,4,7.041666666667e+00,9.203809444920e-01
5.000000000000e-03,500,1.275000000000e-02,4,7.165833333333e+00,9.264801583731e-01
5.000000000000e-03,500,1.300000000000e-02,4,7.290000000000e+00,9.321546673322e-01
5.000000000000e-03,500,1.325000000000e-02,4,7.414166666667e+00,9.374293711516e-01
5.000000000000e-03,500,1.350000000000e-02,4,7.538333333333e+00,9.423282435198e-01
5.000000000000e-03,500,1.375000000000e-02,4,7.662500000000e+00,9.468742983811e-01
5.000000000000e-03,500,1.400000000000e-02,4,7.786666666667e+00,9.510895681475e-01
5.000000000000e-03,500,1.425000000000e-02,4,7.910833333333e+00,9.549950922550e-01
5.000000000000e-03,500,1.450000000000e-02,4,8.035000000000e+00,9.586109146693e-01
5.000000000000e-03,500,1.475000000000e-02,4,8.159166666667e+00,9.619560890711e-01
5.000000000000e-03,500,1.500000000000e-02,4,8.283333333333e+00,9.650486905634e-01
5.000000000000e-03,500,1.525000000000e-02,4,8.407500000000e+00,9.679058328614e-01
5.000000000000e-03,500,1.550000000000e-02,4,8.531666666667e+00,9.705436900241e-01
5.000000000000e-03,500,1.575000000000e-02,4,8.655833333333e+00,9.729775218915e-01
5.000000000000e-03,500,1.600000000000e-02,4,8.780000000000e+00,9.752217024806e-01
5.000000000000e-03,500,1.625000000000e-02,4,8.904166666667e+00,9.772897506794e-01
5.000000000000e-03,500,1.650000000000e-02,4,9.028333333333e+00,9.791943626582e-01
5.000000000000e-03,500,1.675000000000e-02,4,9.152500000000e+00,9.809474454893e-01
5.000000000000e-03,500,1.700000000000e-02,4,9.276666666667e+00,9.825601515329e-01
5.000000000000e-03,500,1.725000000000e-02,4,9.400833333333e+00,9.840429132071e-01
5.000000000000e-03,500,1.750000000000e-02,4,9.525000000000e+00,9.854054778139e-01
5.000000000000e-03,500,1.775000000000e-02,4,9.649166666667e+00,9.866569421446e-01
5.000000000000e-03,500,1.800000000000e-02,4,9.773333333333e+00,9.878057866287e-01
5.000000000000e-03,500,1.825000000000e-02,4,9.897500000000e+00,9.888599088334e-01
5.000000000000e-03,500,1.850000000000e-02,4,1.002166666667e+01,9.898266561529e-01
5.000000000000e-03,500,1.875000000000e-02,4,1.014583333333e+01,9.907128575602e-01
5.000000000000e-03,500,1.900000000000e-02,4,1.027000000000e+01,9.915248543201e-01
5.000000000000e-03,500,1.925000000000e-02,4,1.039416666667e+01,9.922685295868e-01
5.000000000000e-03,500,1.950000000000e-02,4,1.051833333333e+01,9.929493368295e-01
5.000000000000e-03,500,1.975000000000e-02,4,1.064250000000e+01,9.935723270486e-01
5.000000000000e-03,500,2.000000000000e-02,4,1.076666666667e+01,9.941421747618e-01
5.000000000000e-03,1000,0.000000000000e+00,5,1.666666666667e+00,2.754325678953e-02
5.000000000000e-03,1000,2.500000000000e-04,5,1.915000000000e+00,4.530975260047e-02
5.000000000000e-03,1000,5.000000000000e-04,5,2.163333333333e+00,6.859037905990e-02
5.000000000000e-03,1000,7.500000000000e-04,5,2.411666666667e+00,9.733737096980e-02
5.000000000000e-03,1000,1.000000000000e-03,5,2.660000000000e+00,1.311973300016e-01
5.000000000000e-03,1000,1.250000000000e-03,5,2.908333333333e+00,1.695763346211e-01
5.000000000000e-03,1000,1.500000000000e-03,5,3.156666666667e+00,2.117127287371e-01
5.000000000000e-03,1000,1.750000000000e-03,5,3.405000000000e+00,2.567478843418e-01
5.000000000000e-03,1000,2.000000000000e-03,5,3.653333333333e+00,3.037888650591e-01
5.000000000000e-03,1000,2.250000000000e-03,5,3.901666666667e+00,3.519598283927e-01
5.000000000000e-03,1000,2.500000000000e-03,5,4.150000000000e+00,4.004411396358e-01
5.000000000000e-03,1000,2.750000000000e-03,5,4.398333333333e+00,4.484966072163e-01
5.000000000000e-03,1000,3.000000000000e-03,5,4.646666666667e+00,4.954901176184e-01
5.000000000000e-03,1000,3.250000000000e-03,5,4.895000000000e+00,5.408933868221e-01
5.000000000000e-03,1000,3.500000000000e-03,5,5.143333333333e+00,5.842866804978e-01
5.000000000000e-03,1000,3.750000000000e-03,5,5.391666666667e+00,6.253542913547e-01
5.000000000000e-03,1000,4.000000000000e-03,5,5.640000000000e+00,6.638763799607e-01
5.000000000000e-03,1000,4.250000000000e-03,5,5.888333333333e+00,6.997185442481e-01
5.000000000000e-03,1000,4.500000000000e-03,5,6.136666666667e+00,7.328202237898e-01
5.000000000000e-03,1000,4.750000000000e-03,5,6.385000000000e+00,7.631827943055e-01
5.000000000000e-03,1000,5.000000000000e-03,5,6.633333333333e+00,7.908579813549e-01
5.000000000000e-03,1000,5.250000000000e-03,5,6.881666666667e+00,8.159370276067e-01
5.000000000000e-03,1000,5.500000000000e-03,5,7.130000000000e+00,8.385408878729e-01
5.000000000000e-03,1000,5.750000000000e-03,5,7.378333333333e+00,8.588115992673e-01
5.000000000000e-03,1000,6.000000000000e-03,5,7.626666666667e+00,8.769048773628e-01
5.000000000000e-03,1000,6.250000000000e-03,5,7.875000000000e+00,8.929839190412e-01
5.000000000000e-03,1000,6.500000000000e-03,5,8.123333333333e+00,9.072143444677e-01
5.000000000000e-03,1000,6.750000000000e-03,5,8.371666666667e+00,9.197601800146e-01
5.000000000000e-03,1000,7.000000000000e-03,5,8.620000000000e+00,9.307807670819e-01
5.000000000000e-03,1000,7.250000000000e-03,5,8.868333333333e+00,9.404284752124e-01
5.000000000000e-03,1000,7.500000000000e-03,5,9.116666666667e+00,9.488470987804e-01
5.000000000000e-03,1000,7.750000000000e-03,5,9.365000000000e+00,9.561708225158e-01
5.000000000000e-03,1000,8.000000000000e-03,5,9.613333333333e+00,9.625236503385e-01
5.000000000000e-03,1000,8.250000000000e-03,5,9.861666666667e+00,9.680192030061e-01
5.000000000000e-03,1000,8.500000000000e-03,5,1.011000000000e+01,9.727608018464e-01
5.000000000000e-03,1000,8.750000000000e-03,5,1.035833333333e+01,9.768417676141e-01
5.000000000000e-03,1000,9.000000000000e-03,5,1.060666666667e+01,9.803458747394e-01
5.000000000000e-03,1000,9.250000000000e-03,5,1.085500000000e+01,9.833479116178e-01
5.000000000000e-03,1000,9.500000000000e-03,5,1.110333333333e+01,9.859143069237e-01
5.000000000000e-03,1000,9.750000000000e-03,5,1.135166666667e+01,9.881037901439e-01
5.000000000000e-03,1000,1.000000000000e-02,5,1.160000000000e+01,9.899680616176e-01
5.000000000000e-03,1000,1.025000000000e-02,5,1.184833333333e+01,9.915524533795e-01
5.000000000000e-03,1000,1.050000000000e-02,5,1.209666666667e+01,9.928965671145e-01
5.000000000000e-03,1000,1.075000000000e-02,5,1.234500000000e+01,9.940348796423e-01
5.000000000000e-03,1000,1.100000000000e-02,5,1.259333333333e+01,9.949973096670e-01
5.000000000000e-03,1000,1.125000000000e-02,5,1.284166666667e+01,9.958097421492e-01
5.000000000000e-03,1000,1.150000000000e-02,5,1.309000000000e+01,9.964945086979e-01
5.000000000000e-03,1000,1.175000000000e-02,5,1.333833333333e+01,9.970708239222e-01
5.000000000000e-03,1000,1.200000000000e-02,5,1.358666666667e+01,9.975551788208e-01
5.000000000000e-03,1000,1.225000000000e-02,5,1.383500000000e+01,9.979616930920e-01
5.000000000000e-03,1000,1.250000000000e-02,5,1.408333333333e+01,9.983024287872e-01
5.000000000000e-03,1000,1.275000000000e-02,5,1.433166666667e+01,9.985876680585e-01
5.000000000000e-03,1000,1.300000000000e-02,5,1.458000000000e+01,9.988261579216e-01
5.000000000000e-03,1000,1.325000000000e-02,5,1.482833333333e+01,9.990253249966e-01
5.000000000000e-03,1000,1.350000000000e-02,5,1.507666666667e+01,9.991914631453e-01
5.000000000000e-03,1000,1.375000000000e-02,5,1.532500000000e+01,9.993298968130e-01
5.000000000000e-03,1000,1.400000000000e-02,5,1.557333333333e+01,9.994451227271e-01
5.000000000000e-03,1000,1.425000000000e-02,5,1.582166666667e+01,9.995409324263e-01
5.000000000000e-03,1000,1.450000000000e-02,5,1.607000000000e+01,9.996205178935e-01
5.000000000000e-03,1000,1.475000000000e-02,5,1.631833333333e+01,9.996865623681e-01
5.000000000000e-03,1000,1.500000000000e-02,5,1.656666666667e+01,9.997413182110e-01
5.000000000000e-03,1000,1.525000000000e-02,5,1.681500000000e+01,9.997866735028e-01
5.000000000000e-03,1000,1.550000000000e-02,5,1.706333333333e+01,9.998242088718e-01
5.000000000000e-03,1000,1.575000000000e-02,5,1.731166666667e+01,9.998552458798e-01
5.000000000000e-03,1000,1.600000000000e-02,5,1.756000000000e+01,9.998808881312e-01
5.000000000000e-03,1000,1.625000000000e-02,5,1.780833333333e+01,9.999020561338e-01
5.000000000000e-03,1000,1.650000000000e-02,5,1.805666666667e+01,9.999195168018e-01
5.000000000000e-03,1000,1.675000000000e-02,5,1.830500000000e+01,9.999339083829e-01
5.000000000000e-03,1000,1.700000000000e-02,5,1.855333333333e+01,9.999457614813e-01
5.000000000000e-03,1000,1.725000000000e-02,5,1.880166666667e+01,9.999555167600e-01
5.000000000000e-03,1000,1.750000000000e-02,5,1.905000000000e+01,9.999635398232e-01
5.000000000000e-03,1000,1.775000000000e-02,5,1.929833333333e+01,9.999701337104e-01
5.000000000000e-03,1000,1.800000000000e-02,5,1.954666666667e+01,9.999755493689e-01
5.000000000000e-03,1000,1.825000000000e-02,5,1.979500000000e+01,9.999799944214e-01
5.000000000000e-03,1000,1.850000000000e-02,5,2.004333333333e+01,9.999836404958e-01
5.000000000000e-03,1000,1.875000000000e-02,5,2.029166666667e+01,9.999866293452e-01
5.000000000000e-03,1000,1.900000000000e-02,5,2.054000000000e+01,9.999890779516e-01
5.000000000000e-03,1000,1.925000000000e-02,5,2.078833333333e+01,9.999910827783e-01
5.000000000000e-03,1000,1.950000000000e-02,5,2.103666666667e+01,9.999927233062e-01
5.000000000000e-03,1000,1.975000000000e-02,5,2.128500000000e+01,9.999940649753e-01
5.000000000000e-03,1000,2.000000000000e-02,5,2.153333333333e+01,9.999951616246e-01
5.000000000000e-03,2000,0.000000000000e+00,8,3.333333333333e+00,2.083625452737e-02
5.000000000000e-03,2000,2.500000000000e-04,8,3.830000000000e+00,4.165022370487e-02
5.000000000000e-03,2000,5.000000000000e-04,8,4.326666666667e+00,7.299946682584e-02
5.000000000000e-03,2000,7.500000000000e-04,8,4.823333333333e+00,1.155825409598e-01
5.000000000000e-03,2000,1.000000000000e-03,8,5.320000000000e+00,1.688576268860e-01
5.000000000000e-03,2000,1.250000000000e-03,8,5.816666666667e+00,2.311884468978e-01
5.000000000000e-03,2000,1.500000000000e-03,8,6.313333333333e+00,3.001665606755e-01
5.000000000000e-03,2000,1.750000000000e-03,8,6.810000000000e+00,3.730002862366e-01
5.000000000000e-03,2000,2.000000000000e-03,8,7.306666666667e+00,4.468804141636e-01
5.000000000000e-03,2000,2.250000000000e-03,8,7.803333333333e+00,5.192669085890e-01
5.000000000000e-03,2000,2.500000000000e-03,8,8.300000000000e+00,5.880742170218e-01
5.000000000000e-03,2000,2.750000000000e-03,8,8.796666666667e+00,6.517580473068e-01
5.000000000000e-03,2000,3.000000000000e-03,8,9.293333333333e+00,7.093214903229e-01
5.000000000000e-03,2000,3.250000000000e-03,8,9.790000000000e+00,7.602644372343e-01
5.000000000000e-03,2000,3.500000000000e-03,8,1.028666666667e+01,8.044999771126e-01
5.000000000000e-03,2000,3.750000000000e-03,8,1.078333333333e+01,8.422575763416e-01
5.000000000000e-03,2000,4.000000000000e-03,8,1.128000000000e+01,8.739875156760e-01
5.000000000000e-03,2000,4.250000000000e-03,8,1.177666666667e+01,9.002757565050e-01
5.000000000000e-03,2000,4.500000000000e-03,8,1.227333333333e+01,9.217739298507e-01
5.000000000000e-03,2000,4.750000000000e-03,8,1.277000000000e+01,9.391458008981e-01
5.000000000000e-03,2000,5.000000000000e-03,8,1.326666666667e+01,9.530293528115e-01
5.000000000000e-03,2000,5.250000000000e-03,8,1.376333333333e+01,9.640123826479e-01
5.000000000000e-03,2000,5.500000000000e-03,8,1.426000000000e+01,9.726189734796e-01
5.000000000000e-03,2000,5.750000000000e-03,8,1.475666666667e+01,9.793041673674e-01
5.000000000000e-03,2000,6.000000000000e-03,8,1.525333333333e+01,9.844544166562e-01
5.000000000000e-03,2000,6.250000000000e-03,8,1.575000000000e+01,9.883917871052e-01
5.000000000000e-03,2000,6.500000000000e-03,8,1.624666666667e+01,9.913803231826e-01
5.000000000000e-03,2000,6.750000000000e-03,8,1.674333333333e+01,9.936334002779e-01
5.000000000000e-03,2000,7.000000000000e-03,8,1.724000000000e+01,9.953212471704e-01
5.000000000000e-03,2000,7.250000000000e-03,8,1.773666666667e+01,9.965781119830e-01
5.000000000000e-03,2000,7.500000000000e-03,8,1.823333333333e+01,9.975087661518e-01
5.000000000000e-03,2000,7.750000000000e-03,8,1.873000000000e+01,9.981942009308e-01
5.000000000000e-03,2000,8.000000000000e-03,8,1.922666666667e+01,9.986964800964e-01
5.000000000000e-03,2000,8.250000000000e-03,8,1.972333333333e+01,9.990627818789e-01
5.000000000000e-03,2000,8.500000000000e-03,8,2.022000000000e+01,9.993287029675e-01
5.000000000000e-03,2000,8.750000000000e-03,8,2.071666666667e+01,9.995209163885e-01
5.000000000000e-03,2000,9.000000000000e-03,8,2.121333333333e+01,9.996592800728e-01
5.000000000000e-03,2000,9.250000000000e-03,8,2.171000000000e+01,9.997584892774e-01
5.000000000000e-03,2000,9.500000000000e-03,8,2.220666666667e+01,9.998293574860e-01
5.000000000000e-03,2000,9.750000000000e-03,8,2.270333333333e+01,9.998797996287e-01
5.000000000000e-03,2000,1.000000000000e-02,8,2.320000000000e+01,9.999155801239e-01
5.000000000000e-03,2000,1.025000000000e-02,8,2.369666666667e+01,9.999408773962e-01
5.000000000000e-03,2000,1.050000000000e-02,8,2.419333333333e+01,9.999587067396e-01
5.000000000000e-03,2000,1.075000000000e-02,8,2.469000000000e+01,9.999712349025e-01
5.000000000000e-03,2000,1.100000000000e-02,8,2.518666666667e+01,9.999800126390e-01
5.000000000000e-03,2000,1.125000000000e-02,8,2.568333333333e+01,9.999861456023e-01
5.000000000000e-03,2000,1.150000000000e-02,8,2.618000000000e+01,9.999904192388e-01
5.000000000000e-03,2000,1.175000000000e-02,8,2.667666666667e+01,9.999933895931e-01
5.000000000000e-03,2000,1.200000000000e-02,8,2.717333333333e+01,9.999954490085e-01
5.000000000000e-03,2000,1.225000000000e-02,8,2.767000000000e+01,9.999968734480e-01
5.000000000000e-03,2000,1.250000000000e-02,8,2.816666666667e+01,9.999978564301e-01
5.000000000000e-03,2000,1.275000000000e-02,8,2.866333333333e+01,9.999985332668e-01
5.000000000000e-03,2000,1.300000000000e-02,8,2.916000000000e+01,9.999989983091e-01
5.000000000000e-03,2000,1.325000000000e-02,8,2.965666666667e+01,9.999993171710e-01
5.000000000000e-03,2000,1.350000000000e-02,8,3.015333333333e+01,9.999995353661e-01
5.000000000000e-03,2000,1.375000000000e-02,8,3.065000000000e+01,9.999996843873e-01
5.000000000000e-03,2000,1.400000000000e-02,8,3.114666666667e+01,9.999997859743e-01
5.000000000000e-03,2000,1.425000000000e-02,8,3.164333333333e+01,9.999998551005e-01
5.000000000000e-03,2000,1.450000000000e-02,8,3.214000000000e+01,9.999999020558e-01
5.000000000000e-03,2000,1.475000000000e-02,8,3.263666666667e+01,9.999999338971e-01
5.000000000000e-03,2000,1.500000000000e-02,8,3.313333333333e+01,9.999999554536e-01
5.000000000000e-03,2000,1.525000000000e-02,8,3.363000000000e+01,9.999999700240e-01
5.000000000000e-03,2000,1.550000000000e-02,8,3.412666666667e+01,9.999999798572e-01
5.000000000000e-03,2000,1.575000000000e-02,8,3.462333333333e+01,9.999999864834e-01
5.000000000000e-03,2000,1.600000000000e-02,8,3.512000000000e+01,9.999999909419e-01
5.000000000000e-03,2000,1.625000000000e-02,8,3.561666666667e+01,9.999999939377e-01
5.000000000000e-03,2000,1.650000000000e-02,8,3.611333333333e+01,9.999999959478e-01
5.000000000000e-03,2000,1.675000000000e-02,8,3.661000000000e+01,9.999999972947e-01
5.000000000000e-03,2000,1.700000000000e-02,8,3.710666666667e+01,9.999999981961e-01
5.000000000000e-03,2000,1.725000000000e-02,8,3.760333333333e+01,9.999999987986e-01
5.000000000000e-03,2000,1.750000000000e-02,8,3.810000000000e+01,9.999999992008e-01
5.000000000000e-03,2000,1.775000000000e-02,8,3.859666666667e+01,9.999999994689e-01
5.000000000000e-03,2000,1.800000000000e-02,8,3.909333333333e+01,9.999999996475e-01
5.000000000000e-03,2000,1.825000000000e-02,8,3.959000000000e+01,9.999999997662e-01
5.000000000000e-03,2000,1.850000000000e-02,8,4.008666666667e+01,9.999999998451e-01
5.000000000000e-03,2000,1.875000000000e-02,8,4.058333333333e+01,9.999999998975e-01
5.000000000000e-03,2000,1.900000000000e-02,8,4.108000000000e+01,9.999999999323e-01
5.000000000000e-03,2000,1.925000000000e-02,8,4.157666666667e+01,9.999999999553e-01
5.000000000000e-03,2000,1.950000000000e-02,8,4.207333333333e+01,9.999999999705e-01
5.000000000000e-03,2000,1.975000000000e-02,8,4.257000000000e+01,9.999999999805e-01
5.000000000000e-03,2000,2.000000000000e-02,8,4.306666666667e+01,9.999999999872e-01
5.000000000000e-03,5000,0.000000000000e+00,14,8.333333333333e+00,4.511409509531e-02
5.000000000000e-03,5000,2.500000000000e-04,14,9.575000000000e+00,1.065559328352e-01
5.000000000000e-03,5000,5.000000000000e-04,14,1.081666666667e+01,2.020230183945e-01
5.000000000000e-03,5000,7.500000000000e-04,14,1.205833333333e+01,3.246373168909e-01
5.000000000000e-03,5000,1.000000000000e-03,14,1.330000000000e+01,4.598997984541e-01
5.000000000000e-03,5000,1.250000000000e-03,14,1.454166666667e+01,5.916898156765e-01
5.000000000000e-03,5000,1.500000000000e-03,14,1.578333333333e+01,7.074988820190e-01
5.000000000000e-03,5000,1.750000000000e-03,14,1.702500000000e+01,8.007681086300e-01
5.000000000000e-03,5000,2.000000000000e-03,14,1.826666666667e+01,8.704863286452e-01
5.000000000000e-03,5000,2.250000000000e-03,14,1.950833333333e+01,9.193447718128e-01
5.000000000000e-03,5000,2.500000000000e-03,14,2.075000000000e+01,9.517089929745e-01
5.000000000000e-03,5000,2.750000000000e-03,14,2.199166666667e+01,9.721093794335e-01
5.000000000000e-03,5000,3.000000000000e-03,14,2.323333333333e+01,9.844144617057e-01
5.000000000000e-03,5000,3.250000000000e-03,14,2.447500000000e+01,9.915502547745e-01
5.000000000000e-03,5000,3.500000000000e-03,14,2.571666666667e+01,9.955445630022e-01
5.000000000000e-03,5000,3.750000000000e-03,14,2.695833333333e+01,9.977100870046e-01
5.000000000000e-03,5000,4.000000000000e-03,14,2.820000000000e+01,9.988505552687e-01
5.000000000000e-03,5000,4.250000000000e-03,14,2.944166666667e+01,9.994354944928e-01
5.000000000000e-03,5000,4.500000000000e-03,14,3.068333333333e+01,9.997283236350e-01
5.000000000000e-03,5000,4.750000000000e-03,14,3.192500000000e+01,9.998716893130e-01
5.000000000000e-03,5000,5.000000000000e-03,14,3.316666666667e+01,9.999404524415e-01
5.000000000000e-03,5000,5.250000000000e-03,14,3.440833333333e+01,9.999728128087e-01
5.000000000000e-03,5000,5.500000000000e-03,14,3.565000000000e+01,9.999877756569e-01
5.000000000000e-03,5000,5.750000000000e-03,14,3.689166666667e+01,9.999945816512e-01
5.000000000000e-03,5000,6.000000000000e-03,14,3.813333333333e+01,9.999976304238e-01
5.000000000000e-03,5000,6.250000000000e-03,14,3.937500000000e+01,9.999989767411e-01
5.000000000000e-03,5000,6.500000000000e-03,14,4.061666666667e+01,9.999995633528e-01
5.000000000000e-03,5000,6.750000000000e-03,14,4.185833333333e+01,9.999998157537e-01
5.000000000000e-03,5000,7.000000000000e-03,14,4.310000000000e+01,9.999999230765e-01
5.000000000000e-03,5000,7.250000000000e-03,14,4.434166666667e+01,9.999999682050e-01
5.000000000000e-03,5000,7.500000000000e-03,14,4.558333333333e+01,9.999999869825e-01
5.000000000000e-03,5000,7.750000000000e-03,14,4.682500000000e+01,9.999999947183e-01
5.000000000000e-03,5000,8.000000000000e-03,14,4.806666666667e+01,9.999999978753e-01
5.000000000000e-03,5000,8.250000000000e-03,14,4.930833333333e+01,9.999999991522e-01
5.000000000000e-03,5000,8.500000000000e-03,14,5.055000000000e+01,9.999999996643e-01
5.000000000000e-03,5000,8.750000000000e-03,14,5.179166666667e+01,9.999999998681e-01
5.000000000000e-03,5000,9.000000000000e-03,14,5.303333333333e+01,9.999999999485e-01
5.000000000000e-03,5000,9.250000000000e-03,14,5.427500000000e+01,9.999999999800e-01
5.000000000000e-03,5000,9.500000000000e-03,14,5.551666666667e+01,9.999999999923e-01
5.000000000000e-03,5000,9.750000000000e-03,14,5.675833333333e+01,9.999999999971e-01
5.000000000000e-03,5000,1.000000000000e-02,14,5.800000000000e+01,9.999999999989e-01
5.000000000000e-03,5000,1.025000000000e-02,14,5.924166666667e+01,9.999999999996e-01
5.000000000000e-03,5000,1.050000000000e-02,14,6.048333333333e+01,9.999999999999e-01
5.000000000000e-03,5000,1.075000000000e-02,14,6.172500000000e+01,9.999999999999e-01
5.000000000000e-03,5000,1.100000000000e-02,14,6.296666666667e+01,1.000000000000e+00
5.000000000000e-03,5000,1.125000000000e-02,14,6.420833333333e+01,1.000000000000e+00
5.000000000000e-03,5000,1.150000000000e-02,14,6.545000000000e+01,1.000000000000e+00
5.000000000000e-03,5000,1.175000000000e-02,14,6.669166666667e+01,1.000000000000e+00
5.000000000000e-03,5000,1.200000000000e-02,14,6.793333333333e+01,1.000000000000e+00
5.000000000000e-03,5000,1.225000000000e-02,14,6.917500000000e+01,1.000000000000e+00
5.000000000000e-03,5000,1.250000000000e-02,14,7.041666666667e+01,1.000000000000e+00
5.000000000000e-03,5000,1.275000000000e-02,14,7.165833333333e+01,1.000000000000e+00
5.000000000000e-03,5000,1.300000000000e-02,14,7.290000000000e+01,1.000000000000e+00
5.000000000000e-03,5000,1.325000000000e-02,14,7.414166666667e+01,1.000000000000e+00
5.000000000000e-03,5000,1.350000000000e-02,14,7.538333333333e+01,1.000000000000e+00
5.000000000000e-03,5000,1.375000000000e-02,14,7.662500000000e+01,1.000000000000e+00
5.000000000000e-03,5000,1.400000000000e-02,14,7.786666666667e+01,1.000000000000e+00
5.000000000000e-03,5000,1.425000000000e-02,14,7.910833333333e+01,1.000000000000e+00
5.000000000000e-03,5000,1.450000000000e-02,14,8.035000000000e+01,1.000000000000e+00
5.000000000000e-03,5000,1.475000000000e-02,14,8.159166666667e+01,1.000000000000e+00
5.000000000000e-03,5000,1.500000000000e-02,14,8.283333333333e+01,1.000000000000e+00
5.000000000000e-03,5000,1.525000000000e-02,14,8.407500000000e+01,1.000000000000e+00
5.000000000000e-03,5000,1.550000000000e-02,14,8.531666666667e+01,1.000000000000e+00
5.000000000000e-03,5000,1.575000000000e-02,14,8.655833333333e+01,1.000000000000e+00
5.000000000000e-03,5000,1.600000000000e-02,14,8.780000000000e+01,1.000000000000e+00
5.000000000000e-03,5000,1.625000000000e-02,14,8.904166666667e+01,1.000000000000e+00
5.000000000000e-03,5000,1.650000000000e-02,14,9.028333333333e+01,1.000000000000e+00
5.000000000000e-03,5000,1.675000000000e-02,14,9.152500000000e+01,1.000000000000e+00
5.000000000000e-03,5000,1.700000000000e-02,14,9.276666666667e+01,1.000000000000e+00
5.000000000000e-03,5000,1.725000000000e-02,14,9.400833333333e+01,1.000000000000e+00
5.000000000000e-03,5000,1.750000000000e-02,14,9.525000000000e+01,1.000000000000e+00
5.000000000000e-03,5000,1.775000000000e-02,14,9.649166666667e+01,1.000000000000e+00
5.000000000000e-03,5000,1.800000000000e-02,14,9.773333333333e+01,1.000000000000e+00
5.000000000000e-03,5000,1.825000000000e-02,14,9.897500000000e+01,1.000000000000e+00
5.000000000000e-03,5000,1.850000000000e-02,14,1.002166666667e+02,1.000000000000e+00
5.000000000000e-03,5000,1.875000000000e-02,14,1.014583333333e+02,1.000000000000e+00
5.000000000000e-03,5000,1.900000000000e-02,14,1.027000000000e+02,1.000000000000e+00
5.000000000000e-03,5000,1.925000000000e-02,14,1.039416666667e+02,1.000000000000e+00
5.000000000000e-03,5000,1.950000000000e-02,14,1.051833333333e+02,1.000000000000e+00
5.000000000000e-03,5000,1.975000000000e-02,14,1.064250000000e+02,1.000000000000e+00
5.000000000000e-03,5000,2.000000000000e-02,14,1.076666666667e+02,1.000000000000e+00
1.000000000000e-02,200,0.000000000000e+00,3,6.666666666667e-01,3.021210849399e-02
1.000000000000e-02,200,2.500000000000e-04,3,7.160000000000e-01,3.611706556156e-02
1.000000000000e-02,200,5.000000000000e-04,3,7.653333333333e-01,4.256848667283e-02
1.000000000000e-02,200,7.500000000000e-04,3,8.146666666667e-01,4.955457708852e-02
1.000000000000e-02,200,1.000000000000e-03,3,8.640000000000e-01,5.706078808821e-02
1.000000000000e-02,200,1.250000000000e-03,3,9.133333333333e-01,6.507023570713e-02
1.000000000000e-02,200,1.500000000000e-03,3,9.626666666667e-01,7.356407946292e-02
1.000000000000e-02,200,1.750000000000e-03,3,1.012000000000e+00,8.252186424664e-02
1.000000000000e-02,200,2.000000000000e-03,3,1.061333333333e+00,9.192182832526e-02
1.000000000000e-02,200,2.250000000000e-03,3,1.110666666667e+00,1.017411801911e-01
1.000000000000e-02,200,2.500000000000e-03,3,1.160000000000e+00,1.119563467958e-01
1.000000000000e-02,200,2.750000000000e-03,3,1.209333333333e+00,1.225431955230e-01
1.000000000000e-02,200,3.000000000000e-03,3,1.258666666667e+00,1.334772320810e-01
1.000000000000e-02,200,3.250000000000e-03,3,1.308000000000e+00,1.447337763362e-01
1.000000000000e-02,200,3.500000000000e-03,3,1.357333333333e+00,1.562881179619e-01
1.000000000000e-02,200,3.750000000000e-03,3,1.406666666667e+00,1.681156536323e-01
1.000000000000e-02,200,4.000000000000e-03,3,1.456000000000e+00,1.801920073685e-01
1.000000000000e-02,200,4.250000000000e-03,3,1.505333333333e+00,1.924931355168e-01
1.000000000000e-02,200,4.500000000000e-03,3,1.554666666667e+00,2.049954177315e-01
1.000000000000e-02,200,4.750000000000e-03,3,1.604000000000e+00,2.176757352278e-01
1.000000000000e-02,200,5.000000000000e-03,3,1.653333333333e+00,2.305115374731e-01
1.000000000000e-02,200,5.250000000000e-03,3,1.702666666667e+00,2.434808983960e-01
1.000000000000e-02,200,5.500000000000e-03,3,1.752000000000e+00,2.565625631063e-01
1.000000000000e-02,200,5.750000000000e-03,3,1.801333333333e+00,2.697359860430e-01
1.000000000000e-02,200,6.000000000000e-03,3,1.850666666667e+00,2.829813613930e-01
1.000000000000e-02,200,6.250000000000e-03,3,1.900000000000e+00,2.962796465575e-01
1.000000000000e-02,200,6.500000000000e-03,3,1.949333333333e+00,3.096125793785e-01
1.000000000000e-02,200,6.750000000000e-03,3,1.998666666667e+00,3.229626897818e-01
1.000000000000e-02,200,7.000000000000e-03,3,2.048000000000e+00,3.363133064372e-01
1.000000000000e-02,200,7.250000000000e-03,3,2.097333333333e+00,3.496485589881e-01
1.000000000000e-02,200,7.500000000000e-03,3,2.146666666667e+00,3.629533763552e-01
1.000000000000e-02,200,7.750000000000e-03,3,2.196000000000e+00,3.762134815768e-01
1.000000000000e-02,200,8.000000000000e-03,3,2.245333333333e+00,3.894153836085e-01
1.000000000000e-02,200,8.250000000000e-03,3,2.294666666667e+00,4.025463664675e-01
1.000000000000e-02,200,8.500000000000e-03,3,2.344000000000e+00,4.155944760746e-01
1.000000000000e-02,200,8.750000000000e-03,3,2.393333333333e+00,4.285485051125e-01
1.000000000000e-02,200,9.000000000000e-03,3,2.442666666667e+00,4.413979761934e-01
1.000000000000e-02,200,9.250000000000e-03,3,2.492000000000e+00,4.541331235994e-01
1.000000000000e-02,200,9.500000000000e-03,3,2.541333333333e+00,4.667448738360e-01
1.000000000000e-02,200,9.750000000000e-03,3,2.590666666667e+00,4.792248252152e-01
1.000000000000e-02,200,1.000000000000e-02,3,2.640000000000e+00,4.915652266647e-01
1.000000000000e-02,200,1.025000000000e-02,3,2.689333333333e+00,5.037589559390e-01
1.000000000000e-02,200,1.050000000000e-02,3,2.738666666667e+00,5.157994973917e-01
1.000000000000e-02,200,1.075000000000e-02,3,2.788000000000e+00,5.276809194509e-01
1.000000000000e-02,200,1.100000000000e-02,3,2.837333333333e+00,5.393978519254e-01
1.000000000000e-02,200,1.125000000000e-02,3,2.886666666667e+00,5.509454632539e-01
1.000000000000e-02,200,1.150000000000e-02,3,2.936000000000e+00,5.623194378004e-01
1.000000000000e-02,200,1.175000000000e-02,3,2.985333333333e+00,5.735159532813e-01
1.000000000000e-02,200,1.200000000000e-02,3,3.034666666667e+00,5.845316584064e-01
1.000000000000e-02,200,1.225000000000e-02,3,3.084000000000e+00,5.953636507996e-01
1.000000000000e-02,200,1.250000000000e-02,3,3.133333333333e+00,6.060094552608e-01
1.000000000000e-02,200,1.275000000000e-02,3,3.182666666667e+00,6.164670024200e-01
1.000000000000e-02,200,1.300000000000e-02,3,3.232000000000e+00,6.267346078286e-01
1.000000000000e-02,200,1.325000000000e-02,3,3.281333333333e+00,6.368109515248e-01
1.000000000000e-02,200,1.350000000000e-02,3,3.330666666667e+00,6.466950581050e-01
1.000000000000e-02,200,1.375000000000e-02,3,3.380000000000e+00,6.563862773275e-01
1.000000000000e-02,200,1.400000000000e-02,3,3.429333333333e+00,6.658842652694e-01
1.000000000000e-02,200,1.425000000000e-02,3,3.478666666667e+00,6.751889660527e-01
1.000000000000e-02,200,1.450000000000e-02,3,3.528000000000e+00,6.843005941528e-01
1.000000000000e-02,200,1.475000000000e-02,3,3.577333333333e+00,6.932196172980e-01
1.000000000000e-02,200,1.500000000000e-02,3,3.626666666667e+00,7.019467399650e-01
1.000000000000e-02,200,1.525000000000e-02,3,3.676000000000e+00,7.104828874737e-01
1.000000000000e-02,200,1.550000000000e-02,3,3.725333333333e+00,7.188291906810e-01
1.000000000000e-02,200,1.575000000000e-02,3,3.774666666667e+00,7.269869712713e-01
1.000000000000e-02,200,1.600000000000e-02,3,3.824000000000e+00,7.349577276389e-01
1.000000000000e-02,200,1.625000000000e-02,3,3.873333333333e+00,7.427431213565e-01
1.000000000000e-02,200,1.650000000000e-02,3,3.922666666667e+00,7.503449642226e-01
1.000000000000e-02,200,1.675000000000e-02,3,3.972000000000e+00,7.577652058771e-01
1.000000000000e-02,200,1.700000000000e-02,3,4.021333333333e+00,7.650059219765e-01
1.000000000000e-02,200,1.725000000000e-02,3,4.070666666667e+00,7.720693029157e-01
1.000000000000e-02,200,1.750000000000e-02,3,4.120000000000e+00,7.789576430855e-01
1.000000000000e-02,200,1.775000000000e-02,3,4.169333333333e+00,7.856733306525e-01
1.000000000000e-02,200,1.800000000000e-02,3,4.218666666667e+00,7.922188378469e-01
1.000000000000e-02,200,1.825000000000e-02,3,4.268000000000e+00,7.985967117462e-01
1.000000000000e-02,200,1.850000000000e-02,3,4.317333333333e+00,8.048095655377e-01
1.000000000000e-02,200,1.875000000000e-02,3,4.366666666667e+00,8.108600702481e-01
1.000000000000e-02,200,1.900000000000e-02,3,4.416000000000e+00,8.167509469226e-01
1.000000000000e-02,200,1.925000000000e-02,3,4.465333333333e+00,8.224849592412e-01
1.000000000000e-02,200,1.950000000000e-02,3,4.514666666667e+00,8.280649065539e-01
1.000000000000e-02,200,1.975000000000e-02,3,4.564000000000e+00,8.334936173238e-01
1.000000000000e-02,200,2.000000000000e-02,3,4.613333333333e+00,8.387739429591e-01
1.000000000000e-02,500,0.000000000000e+00,5,1.666666666667e+00,2.754325678953e-02
1.000000000000e-02,500,2.500000000000e-04,5,1.790000000000e+00,3.568805893908e-02
1.000000000000e-02,500,5.000000000000e-04,5,1.913333333333e+00,4.517227102873e-02
1.000000000000e-02,500,7.500000000000e-04,5,2.036666666667e+00,5.602185664301e-02
1.000000000000e-02,500,1.000000000000e-03,5,2.160000000000e+00,6.824122067603e-02
1.000000000000e-02,500,1.250000000000e-03,5,2.283333333333e+00,8.181436831513e-02
1.000000000000e-02,500,1.500000000000e-03,5,2.406666666667e+00,9.670650334405e-02
1.000000000000e-02,500,1.750000000000e-03,5,2.530000000000e+00,1.128659399342e-01
1.000000000000e-02,500,2.000000000000e-03,5,2.653333333333e+00,1.302262168356e-01
1.000000000000e-02,500,2.250000000000e-03,5,2.776666666667e+00,1.487083185490e-01
1.000000000000e-02,500,2.500000000000e-03,5,2.900000000000e+00,1.682229236806e-01
1.000000000000e-02,500,2.750000000000e-03,5,3.023333333333e+00,1.886726155832e-01
1.000000000000e-02,500,3.000000000000e-03,5,3.146666666667e+00,2.099540041609e-01
1.000000000000e-02,500,3.250000000000e-03,5,3.270000000000e+00,2.319597200998e-01
1.000000000000e-02,500,3.500000000000e-03,5,3.393333333333e+00,2.545802536936e-01
1.000000000000e-02,500,3.750000000000e-03,5,3.516666666667e+00,2.777056198214e-01
1.000000000000e-02,500,4.000000000000e-03,5,3.640000000000e+00,3.012268385687e-01
1.000000000000e-02,500,4.250000000000e-03,5,3.763333333333e+00,3.250372275392e-01
1.000000000000e-02,500,4.500000000000e-03,5,3.886666666667e+00,3.490335072078e-01
1.000000000000e-02,500,4.750000000000e-03,5,4.010000000000e+00,3.731167248382e-01
1.000000000000e-02,500,5.000000000000e-03,5,4.133333333333e+00,3.971930056684e-01
1.000000000000e-02,500,5.250000000000e-03,5,4.256666666667e+00,4.211741423899e-01
1.000000000000e-02,500,5.500000000000e-03,5,4.380000000000e+00,4.449780355289e-01
1.000000000000e-02,500,5.750000000000e-03,5,4.503333333333e+00,4.685289983117e-01
1.000000000000e-02,500,6.000000000000e-03,5,4.626666666667e+00,4.917579400609e-01
1.000000000000e-02,500,6.250000000000e-03,5,4.750000000000e+00,5.146024422214e-01
1.000000000000e-02,500,6.500000000000e-03,5,4.873333333333e+00,5.370067408483e-01
1.000000000000e-02,500,6.750000000000e-03,5,4.996666666667e+00,5.589216288686e-01
1.000000000000e-02,500,7.000000000000e-03,5,5.120000000000e+00,5.803042907245e-01
1.000000000000e-02,500,7.250000000000e-03,5,5.243333333333e+00,6.011180811743e-01
1.000000000000e-02,500,7.500000000000e-03,5,5.366666666667e+00,6.213322591045e-01
1.000000000000e-02,500,7.750000000000e-03,5,5.490000000000e+00,6.409216862442e-01
1.000000000000e-02,500,8.000000000000e-03,5,5.613333333333e+00,6.598664996875e-01
1.000000000000e-02,500,8.250000000000e-03,5,5.736666666667e+00,6.781517661559e-01
1.000000000000e-02,500,8.500000000000e-03,5,5.860000000000e+00,6.957671249822e-01
1.000000000000e-02,500,8.750000000000e-03,5,5.983333333333e+00,7.127064258919e-01
1.000000000000e-02,500,9.000000000000e-03,5,6.106666666667e+00,7.289673667982e-01
1.000000000000e-02,500,9.250000000000e-03,5,6.230000000000e+00,7.445511360296e-01
1.000000000000e-02,500,9.500000000000e-03,5,6.353333333333e+00,7.594620626704e-01
1.000000000000e-02,500,9.750000000000e-03,5,6.476666666667e+00,7.737072780251e-01
1.000000000000e-02,500,1.000000000000e-02,5,6.600000000000e+00,7.872963906059e-01
1.000000000000e-02,500,1.025000000000e-02,5,6.723333333333e+00,8.002411765046e-01
1.000000000000e-02,500,1.050000000000e-02,5,6.846666666667e+00,8.125552865221e-01
1.000000000000e-02,500,1.075000000000e-02,5,6.970000000000e+00,8.242539710108e-01
1.000000000000e-02,500,1.100000000000e-02,5,7.093333333333e+00,8.353538230154e-01
1.000000000000e-02,500,1.125000000000e-02,5,7.216666666667e+00,8.458725399814e-01
1.000000000000e-02,500,1.150000000000e-02,5,7.340000000000e+00,8.558287040326e-01
1.000000000000e-02,500,1.175000000000e-02,5,7.463333333333e+00,8.652415805953e-01
1.000000000000e-02,500,1.200000000000e-02,5,7.586666666667e+00,8.741309349588e-01
1.000000000000e-02,500,1.225000000000e-02,5,7.710000000000e+00,8.825168662140e-01
1.000000000000e-02,500,1.250000000000e-02,5,7.833333333333e+00,8.904196578918e-01
1.000000000000e-02,500,1.275000000000e-02,5,7.956666666667e+00,8.978596445330e-01
1.000000000000e-02,500,1.300000000000e-02,5,8.080000000000e+00,9.048570933537e-01
1.000000000000e-02,500,1.325000000000e-02,5,8.203333333333e+00,9.114321001274e-01
1.000000000000e-02,500,1.350000000000e-02,5,8.326666666667e+00,9.176044983746e-01
1.000000000000e-02,500,1.375000000000e-02,5,8.450000000000e+00,9.233937809409e-01
1.000000000000e-02,500,1.400000000000e-02,5,8.573333333333e+00,9.288190330473e-01
1.000000000000e-02,500,1.425000000000e-02,5,8.696666666667e+00,9.338988759051e-01
1.000000000000e-02,500,1.450000000000e-02,5,8.820000000000e+00,9.386514200125e-01
1.000000000000e-02,500,1.475000000000e-02,5,8.943333333333e+00,9.430942272758e-01
1.000000000000e-02,500,1.500000000000e-02,5,9.066666666667e+00,9.472442811327e-01
1.000000000000e-02,500,1.525000000000e-02,5,9.190000000000e+00,9.511179638928e-01
1.000000000000e-02,500,1.550000000000e-02,5,9.313333333333e+00,9.547310405523e-01
1.000000000000e-02,500,1.575000000000e-02,5,9.436666666667e+00,9.580986483802e-01
1.000000000000e-02,500,1.600000000000e-02,5,9.560000000000e+00,9.612352916208e-01
1.000000000000e-02,500,1.625000000000e-02,5,9.683333333333e+00,9.641548406988e-01
1.000000000000e-02,500,1.650000000000e-02,5,9.806666666667e+00,9.668705353597e-01
1.000000000000e-02,500,1.675000000000e-02,5,9.930000000000e+00,9.693949912190e-01
1.000000000000e-02,500,1.700000000000e-02,5,1.005333333333e+01,9.717402092403e-01
1.000000000000e-02,500,1.725000000000e-02,5,1.017666666667e+01,9.739175876992e-01
1.000000000000e-02,500,1.750000000000e-02,5,1.030000000000e+01,9.759379362318e-01
1.000000000000e-02,500,1.775000000000e-02,5,1.042333333333e+01,9.778114916035e-01
1.000000000000e-02,500,1.800000000000e-02,5,1.054666666667e+01,9.795479348690e-01
1.000000000000e-02,500,1.825000000000e-02,5,1.067000000000e+01,9.811564096289e-01
1.000000000000e-02,500,1.850000000000e-02,5,1.079333333333e+01,9.826455411184e-01
1.000000000000e-02,500,1.875000000000e-02,5,1.091666666667e+01,9.840234558929e-01
1.000000000000e-02,500,1.900000000000e-02,5,1.104000000000e+01,9.852978019055e-01
1.000000000000e-02,500,1.925000000000e-02,5,1.116333333333e+01,9.864757687907e-01
1.000000000000e-02,500,1.950000000000e-02,5,1.128666666667e+01,9.875641081986e-01
1.000000000000e-02,500,1.975000000000e-02,5,1.141000000000e+01,9.885691540389e-01
1.000000000000e-02,500,2.000000000000e-02,5,1.153333333333e+01,9.894968425184e-01
1.000000000000e-02,1000,0.000000000000e+00,8,3.333333333333e+00,2.083625452737e-02
1.000000000000e-02,1000,2.500000000000e-04,8,3.580000000000e+00,2.994759729602e-02
1.000000000000e-02,1000,5.000000000000e-04,8,3.826666666667e+00,4.147688624703e-02
1.000000000000e-02,1000,7.500000000000e-04,8,4.073333333333e+00,5.562044654495e-02
1.000000000000e-02,1000,1.000000000000e-03,8,4.320000000000e+00,7.250446197936e-02
1.000000000000e-02,1000,1.250000000000e-03,8,4.566666666667e+00,9.217885000146e-02
1.000000000000e-02,1000,1.500000000000e-03,8,4.813333333333e+00,1.146158857425e-01
1.000000000000e-02,1000,1.750000000000e-03,8,5.060000000000e+00,1.397131059939e-01
1.000000000000e-02,1000,2.000000000000e-03,8,5.306666666667e+00,1.672997762501e-01
1.000000000000e-02,1000,2.250000000000e-03,8,5.553333333333e+00,1.971460700280e-01
1.000000000000e-02,1000,2.500000000000e-03,8,5.800000000000e+00,2.289740728118e-01
1.000000000000e-02,1000,2.750000000000e-03,8,6.046666666667e+00,2.624697616095e-01
1.000000000000e-02,1000,3.000000000000e-03,8,6.293333333333e+00,2.972952029172e-01
1.000000000000e-02,1000,3.250000000000e-03,8,6.540000000000e+00,3.331003362097e-01
1.000000000000e-02,1000,3.500000000000e-03,8,6.786666666667e+00,3.695338493527e-01
1.000000000000e-02,1000,3.750000000000e-03,8,7.033333333333e+00,4.062527927188e-01
1.000000000000e-02,1000,4.000000000000e-03,8,7.280000000000e+00,4.429307102300e-01
1.000000000000e-02,1000,4.250000000000e-03,8,7.526666666667e+00,4.792641814507e-01
1.000000000000e-02,1000,4.500000000000e-03,8,7.773333333333e+00,5.149777655450e-01
1.000000000000e-02,1000,4.750000000000e-03,8,8.020000000000e+00,5.498274141022e-01
1.000000000000e-02,1000,5.000000000000e-03,8,8.266666666667e+00,5.836024759330e-01
1.000000000000e-02,1000,5.250000000000e-03,8,8.513333333333e+00,6.161264545929e-01
1.000000000000e-02,1000,5.500000000000e-03,8,8.760000000000e+00,6.472567009481e-01
1.000000000000e-02,1000,5.750000000000e-03,8,9.006666666667e+00,6.768832312853e-01
1.000000000000e-02,1000,6.000000000000e-03,8,9.253333333333e+00,7.049268590782e-01
1.000000000000e-02,1000,6.250000000000e-03,8,9.500000000000e+00,7.313368182162e-01
1.000000000000e-02,1000,6.500000000000e-03,8,9.746666666667e+00,7.560880397030e-01
1.000000000000e-02,1000,6.750000000000e-03,8,9.993333333333e+00,7.791782246101e-01
1.000000000000e-02,1000,7.000000000000e-03,8,1.024000000000e+01,8.006248351563e-01
1.000000000000e-02,1000,7.250000000000e-03,8,1.048666666667e+01,8.204621045382e-01
1.000000000000e-02,1000,7.500000000000e-03,8,1.073333333333e+01,8.387381455843e-01
1.000000000000e-02,1000,7.750000000000e-03,8,1.098000000000e+01,8.555122191839e-01
1.000000000000e-02,1000,8.000000000000e-03,8,1.122666666667e+01,8.708522062203e-01
1.000000000000e-02,1000,8.250000000000e-03,8,1.147333333333e+01,8.848323116823e-01
1.000000000000e-02,1000,8.500000000000e-03,8,1.172000000000e+01,8.975310168417e-01
1.000000000000e-02,1000,8.750000000000e-03,8,1.196666666667e+01,9.090292848306e-01
1.000000000000e-02,1000,9.000000000000e-03,8,1.221333333333e+01,9.194090165265e-01
1.000000000000e-02,1000,9.250000000000e-03,8,1.246000000000e+01,9.287517471593e-01
1.000000000000e-02,1000,9.500000000000e-03,8,1.270666666667e+01,9.371375692966e-01
1.000000000000e-02,1000,9.750000000000e-03,8,1.295333333333e+01,9.446442645934e-01
1.000000000000e-02,1000,1.000000000000e-02,8,1.320000000000e+01,9.513466246852e-01
1.000000000000e-02,1000,1.025000000000e-02,8,1.344666666667e+01,9.573159406383e-01
1.000000000000e-02,1000,1.050000000000e-02,8,1.369333333333e+01,9.626196402225e-01
1.000000000000e-02,1000,1.075000000000e-02,8,1.394000000000e+01,9.673210527736e-01
1.000000000000e-02,1000,1.100000000000e-02,8,1.418666666667e+01,9.714792823804e-01
1.000000000000e-02,1000,1.125000000000e-02,8,1.443333333333e+01,9.751491714385e-01
1.000000000000e-02,1000,1.150000000000e-02,8,1.468000000000e+01,9.783813381251e-01
1.000000000000e-02,1000,1.175000000000e-02,8,1.492666666667e+01,9.812222729889e-01
1.000000000000e-02,1000,1.200000000000e-02,8,1.517333333333e+01,9.837144815181e-01
1.000000000000e-02,1000,1.225000000000e-02,8,1.542000000000e+01,9.858966612078e-01
1.000000000000e-02,1000,1.250000000000e-02,8,1.566666666667e+01,9.878039032341e-01
1.000000000000e-02,1000,1.275000000000e-02,8,1.591333333333e+01,9.894679103410e-01
1.000000000000e-02,1000,1.300000000000e-02,8,1.616000000000e+01,9.909172239194e-01
1.000000000000e-02,1000,1.325000000000e-02,8,1.640666666667e+01,9.921774545136e-01
1.000000000000e-02,1000,1.350000000000e-02,8,1.665333333333e+01,9.932715111010e-01
1.000000000000e-02,1000,1.375000000000e-02,8,1.690000000000e+01,9.942198254809e-01
1.000000000000e-02,1000,1.400000000000e-02,8,1.714666666667e+01,9.950405689584e-01
1.000000000000e-02,1000,1.425000000000e-02,8,1.739333333333e+01,9.957498592471e-01
1.000000000000e-02,1000,1.450000000000e-02,8,1.764000000000e+01,9.963619561307e-01
1.000000000000e-02,1000,1.475000000000e-02,8,1.788666666667e+01,9.968894449467e-01
1.000000000000e-02,1000,1.500000000000e-02,8,1.813333333333e+01,9.973434073750e-01
1.000000000000e-02,1000,1.525000000000e-02,8,1.838000000000e+01,9.977335793634e-01
1.000000000000e-02,1000,1.550000000000e-02,8,1.862666666667e+01,9.980684962907e-01
1.000000000000e-02,1000,1.575000000000e-02,8,1.887333333333e+01,9.983556256809e-01
1.000000000000e-02,1000,1.600000000000e-02,8,1.912000000000e+01,9.986014879392e-01
1.000000000000e-02,1000,1.625000000000e-02,8,1.936666666667e+01,9.988117656945e-01
1.000000000000e-02,1000,1.650000000000e-02,8,1.961333333333e+01,9.989914024113e-01
1.000000000000e-02,1000,1.675000000000e-02,8,1.986000000000e+01,9.991446909788e-01
1.000000000000e-02,1000,1.700000000000e-02,8,2.010666666667e+01,9.992753530094e-01
1.000000000000e-02,1000,1.725000000000e-02,8,2.035333333333e+01,9.993866095822e-01
1.000000000000e-02,1000,1.750000000000e-02,8,2.060000000000e+01,9.994812441538e-01
1.000000000000e-02,1000,1.775000000000e-02,8,2.084666666667e+01,9.995616583381e-01
1.000000000000e-02,1000,1.800000000000e-02,8,2.109333333333e+01,9.996299212235e-01
1.000000000000e-02,1000,1.825000000000e-02,8,2.134000000000e+01,9.996878128621e-01
1.000000000000e-02,1000,1.850000000000e-02,8,2.158666666667e+01,9.997368625207e-01
1.000000000000e-02,1000,1.875000000000e-02,8,2.183333333333e+01,9.997783822466e-01
1.000000000000e-02,1000,1.900000000000e-02,8,2.208000000000e+01,9.998134962530e-01
1.000000000000e-02,1000,1.925000000000e-02,8,2.232666666667e+01,9.998431665902e-01
1.000000000000e-02,1000,1.950000000000e-02,8,2.257333333333e+01,9.998682155242e-01
1.000000000000e-02,1000,1.975000000000e-02,8,2.282000000000e+01,9.998893450083e-01
1.000000000000e-02,1000,2.000000000000e-02,8,2.306666666667e+01,9.999071535906e-01
1.000000000000e-02,2000,0.000000000000e+00,12,6.666666666667e+00,3.969510674427e-02
1.000000000000e-02,2000,2.500000000000e-04,12,7.160000000000e+00,6.091038415002e-02
1.000000000000e-02,2000,5.000000000000e-04,12,7.653333333333e+00,8.853614382257e-02
1.000000000000e-02,2000,7.500000000000e-04,12,8.146666666667e+00,1.228017434922e-01
1.000000000000e-02,2000,1.000000000000e-03,12,8.640000000000e+00,1.635231653581e-01
1.000000000000e-02,2000,1.250000000000e-03,12,9.133333333333e+00,2.101158960406e-01
1.000000000000e-02,2000,1.500000000000e-03,12,9.626666666667e+00,2.616523761750e-01
1.000000000000e-02,2000,1.750000000000e-03,12,1.012000000000e+01,3.169508267522e-01
1.000000000000e-02,2000,2.000000000000e-03,12,1.061333333333e+01,3.746799426194e-01
1.000000000000e-02,2000,2.250000000000e-03,12,1.110666666667e+01,4.334647125916e-01
1.000000000000e-02,2000,2.500000000000e-03,12,1.160000000000e+01,4.919815006362e-01
1.000000000000e-02,2000,2.750000000000e-03,12,1.209333333333e+01,5.490344295262e-01
1.000000000000e-02,2000,3.000000000000e-03,12,1.258666666667e+01,6.036091275322e-01
1.000000000000e-02,2000,3.250000000000e-03,12,1.308000000000e+01,6.549033863715e-01
1.000000000000e-02,2000,3.500000000000e-03,12,1.357333333333e+01,7.023368868224e-01
1.000000000000e-02,2000,3.750000000000e-03,12,1.406666666667e+01,7.455437805564e-01
1.000000000000e-02,2000,4.000000000000e-03,12,1.456000000000e+01,7.843526541214e-01
1.000000000000e-02,2000,4.250000000000e-03,12,1.505333333333e+01,8.187584260401e-01
1.000000000000e-02,2000,4.500000000000e-03,12,1.554666666667e+01,8.488902599393e-01
1.000000000000e-02,2000,4.750000000000e-03,12,1.604000000000e+01,8.749788259526e-01
1.000000000000e-02,2000,5.000000000000e-03,12,1.653333333333e+01,8.973253843070e-01
1.000000000000e-02,2000,5.250000000000e-03,12,1.702666666667e+01,9.162743273785e-01
1.000000000000e-02,2000,5.500000000000e-03,12,1.752000000000e+01,9.321900813762e-01
1.000000000000e-02,2000,5.750000000000e-03,12,1.801333333333e+01,9.454386779171e-01
1.000000000000e-02,2000,6.000000000000e-03,12,1.850666666667e+01,9.563738702777e-01
1.000000000000e-02,2000,6.250000000000e-03,12,1.900000000000e+01,9.653273795672e-01
1.000000000000e-02,2000,6.500000000000e-03,12,1.949333333333e+01,9.726026910036e-01
1.000000000000e-02,2000,6.750000000000e-03,12,1.998666666667e+01,9.784717533066e-01
1.000000000000e-02,2000,7.000000000000e-03,12,2.048000000000e+01,9.831739380477e-01
1.000000000000e-02,2000,7.250000000000e-03,12,2.097333333333e+01,9.869166664049e-01
1.000000000000e-02,2000,7.500000000000e-03,12,2.146666666667e+01,9.898771881348e-01
1.000000000000e-02,2000,7.750000000000e-03,12,2.196000000000e+01,9.922050863556e-01
1.000000000000e-02,2000,8.000000000000e-03,12,2.245333333333e+01,9.940251710385e-01
1.000000000000e-02,2000,8.250000000000e-03,12,2.294666666667e+01,9.954405068873e-01
1.000000000000e-02,2000,8.500000000000e-03,12,2.344000000000e+01,9.965353935597e-01
1.000000000000e-02,2000,8.750000000000e-03,12,2.393333333333e+01,9.973781762839e-01
1.000000000000e-02,2000,9.000000000000e-03,12,2.442666666667e+01,9.980238127339e-01
1.000000000000e-02,2000,9.250000000000e-03,12,2.492000000000e+01,9.985161584755e-01
1.000000000000e-02,2000,9.500000000000e-03,12,2.541333333333e+01,9.988899598162e-01
1.000000000000e-02,2000,9.750000000000e-03,12,2.590666666667e+01,9.991725611808e-01
1.000000000000e-02,2000,1.000000000000e-02,12,2.640000000000e+01,9.993853458605e-01
1.000000000000e-02,2000,1.025000000000e-02,12,2.689333333333e+01,9.995449356885e-01
1.000000000000e-02,2000,1.050000000000e-02,12,2.738666666667e+01,9.996641782293e-01
1.000000000000e-02,2000,1.075000000000e-02,12,2.788000000000e+01,9.997529505235e-01
1.000000000000e-02,2000,1.100000000000e-02,12,2.837333333333e+01,9.998188071956e-01
1.000000000000e-02,2000,1.125000000000e-02,12,2.886666666667e+01,9.998674984798e-01
1.000000000000e-02,2000,1.150000000000e-02,12,2.936000000000e+01,9.999033809276e-01
1.000000000000e-02,2000,1.175000000000e-02,12,2.985333333333e+01,9.999297406011e-01
1.000000000000e-02,2000,1.200000000000e-02,12,3.034666666667e+01,9.999490456317e-01
1.000000000000e-02,2000,1.225000000000e-02,12,3.084000000000e+01,9.999631423050e-01
1.000000000000e-02,2000,1.250000000000e-02,12,3.133333333333e+01,9.999734063733e-01
1.000000000000e-02,2000,1.275000000000e-02,12,3.182666666667e+01,9.999808591542e-01
1.000000000000e-02,2000,1.300000000000e-02,12,3.232000000000e+01,9.999862561293e-01
1.000000000000e-02,2000,1.325000000000e-02,12,3.281333333333e+01,9.999901542146e-01
1.000000000000e-02,2000,1.350000000000e-02,12,3.330666666667e+01,9.999929625900e-01
1.000000000000e-02,2000,1.375000000000e-02,12,3.380000000000e+01,9.999949809302e-01
1.000000000000e-02,2000,1.400000000000e-02,12,3.429333333333e+01,9.999964280351e-01
1.000000000000e-02,2000,1.425000000000e-02,12,3.478666666667e+01,9.999974631818e-01
1.000000000000e-02,2000,1.450000000000e-02,12,3.528000000000e+01,9.999982019845e-01
1.000000000000e-02,2000,1.475000000000e-02,12,3.577333333333e+01,9.999987281314e-01
1.000000000000e-02,2000,1.500000000000e-02,12,3.626666666667e+01,9.999991020385e-01
1.000000000000e-02,2000,1.525000000000e-02,12,3.676000000000e+01,9.999993672079e-01
1.000000000000e-02,2000,1.550000000000e-02,12,3.725333333333e+01,9.999995548847e-01
1.000000000000e-02,2000,1.575000000000e-02,12,3.774666666667e+01,9.999996874555e-01
1.000000000000e-02,2000,1.600000000000e-02,12,3.824000000000e+01,9.999997809225e-01
1.000000000000e-02,2000,1.625000000000e-02,12,3.873333333333e+01,9.999998466977e-01
1.000000000000e-02,2000,1.650000000000e-02,12,3.922666666667e+01,9.999998929019e-01
1.000000000000e-02,2000,1.675000000000e-02,12,3.972000000000e+01,9.999999253010e-01
1.000000000000e-02,2000,1.700000000000e-02,12,4.021333333333e+01,9.999999479808e-01
1.000000000000e-02,2000,1.725000000000e-02,12,4.070666666667e+01,9.999999638304e-01
1.000000000000e-02,2000,1.750000000000e-02,12,4.120000000000e+01,9.999999748886e-01
1.000000000000e-02,2000,1.775000000000e-02,12,4.169333333333e+01,9.999999825916e-01
1.000000000000e-02,2000,1.800000000000e-02,12,4.218666666667e+01,9.999999879489e-01
1.000000000000e-02,2000,1.825000000000e-02,12,4.268000000000e+01,9.999999916693e-01
1.000000000000e-02,2000,1.850000000000e-02,12,4.317333333333e+01,9.999999942491e-01
1.000000000000e-02,2000,1.875000000000e-02,12,4.366666666667e+01,9.999999960353e-01
1.000000000000e-02,2000,1.900000000000e-02,12,4.416000000000e+01,9.999999972703e-01
1.000000000000e-02,2000,1.925000000000e-02,12,4.465333333333e+01,9.999999981230e-01
1.000000000000e-02,2000,1.950000000000e-02,12,4.514666666667e+01,9.999999987110e-01
1.000000000000e-02,2000,1.975000000000e-02,12,4.564000000000e+01,9.999999991159e-01
1.000000000000e-02,2000,2.000000000000e-02,12,4.613333333333e+01,9.999999993943e-01
1.000000000000e-02,5000,0.000000000000e+00,25,1.666666666667e+01,3.360221205059e-02
1.000000000000e-02,5000,2.500000000000e-04,25,1.790000000000e+01,6.502976774461e-02
1.000000000000e-02,5000,5.000000000000e-04,25,1.913333333333e+01,1.127474490055e-01
1.000000000000e-02,5000,7.500000000000e-04,25,2.036666666667e+01,1.779478727247e-01
1.000000000000e-02,5000,1.000000000000e-03,25,2.160000000000e+01,2.591348739383e-01
1.000000000000e-02,5000,1.250000000000e-03,25,2.283333333333e+01,3.522313428706e-01
1.000000000000e-02,5000,1.500000000000e-03,25,2.406666666667e+01,4.514087103512e-01
1.000000000000e-02,5000,1.750000000000e-03,25,2.530000000000e+01,5.503023159752e-01
1.000000000000e-02,5000,2.000000000000e-03,25,2.653333333333e+01,6.431938084637e-01
1.000000000000e-02,5000,2.250000000000e-03,25,2.776666666667e+01,7.258412278235e-01
1.000000000000e-02,5000,2.500000000000e-03,25,2.900000000000e+01,7.958264583203e-01
1.000000000000e-02,5000,2.750000000000e-03,25,3.023333333333e+01,8.524664068735e-01
1.000000000000e-02,5000,3.000000000000e-03,25,3.146666666667e+01,8.964381877150e-01
1.000000000000e-02,5000,3.250000000000e-03,25,3.270000000000e+01,9.292907560956e-01
1.000000000000e-02,5000,3.500000000000e-03,25,3.393333333333e+01,9.529804629263e-01
1.000000000000e-02,5000,3.750000000000e-03,25,3.516666666667e+01,9.695099980958e-01
1.000000000000e-02,5000,4.000000000000e-03,25,3.640000000000e+01,9.806959009174e-01
1.000000000000e-02,5000,4.250000000000e-03,25,3.763333333333e+01,9.880526977717e-01
1.000000000000e-02,5000,4.500000000000e-03,25,3.886666666667e+01,9.927638142786e-01
1.000000000000e-02,5000,4.750000000000e-03,25,4.010000000000e+01,9.957062674522e-01
1.000000000000e-02,5000,5.000000000000e-03,25,4.133333333333e+01,9.975014631960e-01
1.000000000000e-02,5000,5.250000000000e-03,25,4.256666666667e+01,9.985728273504e-01
1.000000000000e-02,5000,5.500000000000e-03,25,4.380000000000e+01,9.991990653949e-01
1.000000000000e-02,5000,5.750000000000e-03,25,4.503333333333e+01,9.995580089446e-01
1.000000000000e-02,5000,6.000000000000e-03,25,4.626666666667e+01,9.997599678475e-01
1.000000000000e-02,5000,6.250000000000e-03,25,4.750000000000e+01,9.998716229625e-01
1.000000000000e-02,5000,6.500000000000e-03,25,4.873333333333e+01,9.999323340955e-01
1.000000000000e-02,5000,6.750000000000e-03,25,4.996666666667e+01,9.999648276724e-01
1.000000000000e-02,5000,7.000000000000e-03,25,5.120000000000e+01,9.999819595340e-01
1.000000000000e-02,5000,7.250000000000e-03,25,5.243333333333e+01,9.999908639083e-01
1.000000000000e-02,5000,7.500000000000e-03,25,5.366666666667e+01,9.999954293831e-01
1.000000000000e-02,5000,7.750000000000e-03,25,5.490000000000e+01,9.999977399786e-01
1.000000000000e-02,5000,8.000000000000e-03,25,5.613333333333e+01,9.999988949490e-01
1.000000000000e-02,5000,8.250000000000e-03,25,5.736666666667e+01,9.999994654592e-01
1.000000000000e-02,5000,8.500000000000e-03,25,5.860000000000e+01,9.999997440863e-01
1.000000000000e-02,5000,8.750000000000e-03,25,5.983333333333e+01,9.999998786904e-01
1.000000000000e-02,5000,9.000000000000e-03,25,6.106666666667e+01,9.999999430424e-01
1.000000000000e-02,5000,9.250000000000e-03,25,6.230000000000e+01,9.999999735016e-01
1.000000000000e-02,5000,9.500000000000e-03,25,6.353333333333e+01,9.999999877808e-01
1.000000000000e-02,5000,9.750000000000e-03,25,6.476666666667e+01,9.999999944131e-01
1.000000000000e-02,5000,1.000000000000e-02,25,6.600000000000e+01,9.999999974665e-01
1.000000000000e-02,5000,1.025000000000e-02,25,6.723333333333e+01,9.999999988602e-01
1.000000000000e-02,5000,1.050000000000e-02,25,6.846666666667e+01,9.999999994911e-01
1.000000000000e-02,5000,1.075000000000e-02,25,6.970000000000e+01,9.999999997745e-01
1.000000000000e-02,5000,1.100000000000e-02,25,7.093333333333e+01,9.999999999007e-01
1.000000000000e-02,5000,1.125000000000e-02,25,7.216666666667e+01,9.999999999566e-01
1.000000000000e-02,5000,1.150000000000e-02,25,7.340000000000e+01,9.999999999812e-01
1.000000000000e-02,5000,1.175000000000e-02,25,7.463333333333e+01,9.999999999919e-01
1.000000000000e-02,5000,1.200000000000e-02,25,7.586666666667e+01,9.999999999966e-01
1.000000000000e-02,5000,1.225000000000e-02,25,7.710000000000e+01,9.999999999985e-01
1.000000000000e-02,5000,1.250000000000e-02,25,7.833333333333e+01,9.999999999994e-01
1.000000000000e-02,5000,1.275000000000e-02,25,7.956666666667e+01,9.999999999997e-01
1.000000000000e-02,5000,1.300000000000e-02,25,8.080000000000e+01,9.999999999999e-01
1.000000000000e-02,5000,1.325000000000e-02,25,8.203333333333e+01,1.000000000000e+00
1.000000000000e-02,5000,1.350000000000e-02,25,8.326666666667e+01,1.000000000000e+00
1.000000000000e-02,5000,1.375000000000e-02,25,8.450000000000e+01,1.000000000000e+00
1.000000000000e-02,5000,1.400000000000e-02,25,8.573333333333e+01,1.000000000000e+00
1.000000000000e-02,5000,1.425000000000e-02,25,8.696666666667e+01,1.000000000000e+00
1.000000000000e-02,5000,1.450000000000e-02,25,8.820000000000e+01,1.000000000000e+00
1.000000000000e-02,5000,1.475000000000e-02,25,8.943333333333e+01,1.000000000000e+00
1.000000000000e-02,5000,1.500000000000e-02,25,9.066666666667e+01,1.000000000000e+00
1.000000000000e-02,5000,1.525000000000e-02,25,9.190000000000e+01,1.000000000000e+00
1.000000000000e-02,5000,1.550000000000e-02,25,9.313333333333e+01,1.000000000000e+00
1.000000000000e-02,5000,1.575000000000e-02,25,9.436666666667e+01,1.000000000000e+00
1.000000000000e-02,5000,1.600000000000e-02,25,9.560000000000e+01,1.000000000000e+00
1.000000000000e-02,5000,1.625000000000e-02,25,9.683333333333e+01,1.000000000000e+00
1.000000000000e-02,5000,1.650000000000e-02,25,9.806666666667e+01,1.000000000000e+00
1.000000000000e-02,5000,1.675000000000e-02,25,9.930000000000e+01,1.000000000000e+00
1.000000000000e-02,5000,1.700000000000e-02,25,1.005333333333e+02,1.000000000000e+00
1.000000000000e-02,5000,1.725000000000e-02,25,1.017666666667e+02,1.000000000000e+00
1.000000000000e-02,5000,1.750000000000e-02,25,1.030000000000e+02,1.000000000000e+00
1.000000000000e-02,5000,1.775000000000e-02,25,1.042333333333e+02,1.000000000000e+00
1.000000000000e-02,5000,1.800000000000e-02,25,1.054666666667e+02,1.000000000000e+00
1.000000000000e-02,5000,1.825000000000e-02,25,1.067000000000e+02,1.000000000000e+00
1.000000000000e-02,5000,1.850000000000e-02,25,1.079333333333e+02,1.000000000000e+00
1.000000000000e-02,5000,1.875000000000e-02,25,1.091666666667e+02,1.000000000000e+00
1.000000000000e-02,5000,1.900000000000e-02,25,1.104000000000e+02,1.000000000000e+00
1.000000000000e-02,5000,1.925000000000e-02,25,1.116333333333e+02,1.000000000000e+00
1.000000000000e-02,5000,1.950000000000e-02,25,1.128666666667e+02,1.000000000000e+00
1.000000000000e-02,5000,1.975000000000e-02,25,1.141000000000e+02,1.000000000000e+00
1.000000000000e-02,5000,2.000000000000e-02,25,1.153333333333e+02,1.000000000000e+00
