site_id,error_rate,true_vaf,depth,alt_reads
1,1.000000000000e-03,0.000000000000e+00,200,0
2,1.000000000000e-03,0.000000000000e+00,200,0
3,1.000000000000e-03,0.000000000000e+00,200,0
4,1.000000000000e-03,0.000000000000e+00,200,0
5,1.000000000000e-03,0.000000000000e+00,200,0
6,1.000000000000e-03,0.000000000000e+00,200,0
7,1.000000000000e-03,0.000000000000e+00,200,0
8,1.000000000000e-03,0.000000000000e+00,200,0
9,1.000000000000e-03,0.000000000000e+00,200,0
10,1.000000000000e-03,0.000000000000e+00,200,0
11,1.000000000000e-03,0.000000000000e+00,200,1
12,1.000000000000e-03,0.000000000000e+00,200,0
13,1.000000000000e-03,0.000000000000e+00,200,0
14,1.000000000000e-03,0.000000000000e+00,200,0
15,1.000000000000e-03,0.000000000000e+00,200,0
16,1.000000000000e-03,0.000000000000e+00,200,0
17,1.000000000000e-03,0.000000000000e+00,200,0
18,1.000000000000e-03,0.000000000000e+00,200,0
19,1.000000000000e-03,0.000000000000e+00,200,0
20,1.000000000000e-03,0.000000000000e+00,200,0
21,1.000000000000e-03,0.000000000000e+00,200,0
22,1.000000000000e-03,0.000000000000e+00,200,0
23,1.000000000000e-03,0.000000000000e+00,200,0
24,1.000000000000e-03,0.000000000000e+00,200,2
25,1.000000000000e-03,0.000000000000e+00,200,0
26,1.000000000000e-03,0.000000000000e+00,200,1
27,1.000000000000e-03,0.000000000000e+00,200,0
28,1.000000000000e-03,0.000000000000e+00,200,0
29,1.000000000000e-03,0.000000000000e+00,200,0
30,1.000000000000e-03,0.000000000000e+00,200,0
31,1.000000000000e-03,0.000000000000e+00,200,0
32,1.000000000000e-03,0.000000000000e+00,200,0
33,1.000000000000e-03,0.000000000000e+00,200,1
34,1.000000000000e-03,0.000000000000e+00,200,0
35,1.000000000000e-03,0.000000000000e+00,200,0
36,1.000000000000e-03,0.000000000000e+00,200,0
37,1.000000000000e-03,0.000000000000e+00,200,0
38,1.000000000000e-03,0.000000000000e+00,200,0
39,1.000000000000e-03,0.000000000000e+00,200,0
40,1.000000000000e-03,0.000000000000e+00,200,0
41,1.000000000000e-03,0.000000000000e+00,200,0
42,1.000000000000e-03,0.000000000000e+00,200,0
43,1.000000000000e-03,0.000000000000e+00,200,0
44,1.000000000000e-03,0.000000000000e+00,200,0
45,1.000000000000e-03,0.000000000000e+00,200,0
46,1.000000000000e-03,0.000000000000e+00,200,0
47,1.000000000000e-03,0.000000000000e+00,200,0
48,1.000000000000e-03,0.000000000000e+00,200,0
49,1.000000000000e-03,0.000000000000e+00,200,0
50,1.000000000000e-03,0.000000000000e+00,200,0
51,1.000000000000e-03,0.000000000000e+00,200,0
52,1.000000000000e-03,0.000000000000e+00,200,0
53,1.000000000000e-03,0.000000000000e+00,200,0
54,1.000000000000e-03,0.000000000000e+00,200,0
55,1.000000000000e-03,0.000000000000e+00,200,0
56,1.000000000000e-03,0.000000000000e+00,200,0
57,1.000000000000e-03,0.000000000000e+00,200,0
58,1.000000000000e-03,0.000000000000e+00,200,0
59,1.000000000000e-03,0.000000000000e+00,200,0
60,1.000000000000e-03,0.000000000000e+00,200,0
61,1.000000000000e-03,0.000000000000e+00,200,0
62,1.000000000000e-03,0.000000000000e+00,200,0
63,1.000000000000e-03,0.000000000000e+00,200,0
64,1.000000000000e-03,0.000000000000e+00,200,0
65,1.000000000000e-03,0.000000000000e+00,200,0
66,1.000000000000e-03,0.000000000000e+00,200,0
67,1.000000000000e-03,0.000000000000e+00,200,0
68,1.000000000000e-03,0.000000000000e+00,200,0
69,1.000000000000e-03,0.000000000000e+00,200,0
70,1.000000000000e-03,0.000000000000e+00,200,0
71,1.000000000000e-03,0.000000000000e+00,200,0
72,1.000000000000e-03,0.000000000000e+00,200,0
73,1.000000000000e-03,0.000000000000e+00,200,0
74,1.000000000000e-03,0.000000000000e+00,200,0
75,1.000000000000e-03,0.000000000000e+00,200,0
76,1.000000000000e-03,0.000000000000e+00,200,0
77,1.000000000000e-03,0.000000000000e+00,200,0
78,1.000000000000e-03,0.000000000000e+00,200,0
79,1.000000000000e-03,0.000000000000e+00,200,0
80,1.000000000000e-03,0.000000000000e+00,200,0
81,1.000000000000e-03,0.000000000000e+00,200,0
82,1.000000000000e-03,0.000000000000e+00,200,0
83,1.000000000000e-03,0.000000000000e+00,200,0
84,1.000000000000e-03,0.000000000000e+00,200,0
85,1.000000000000e-03,0.000000000000e+00,200,0
86,1.000000000000e-03,0.000000000000e+00,200,0
87,1.000000000000e-03,0.000000000000e+00,200,0
88,1.000000000000e-03,0.000000000000e+00,200,1
89,1.000000000000e-03,0.000000000000e+00,200,0
90,1.000000000000e-03,0.000000000000e+00,200,0
91,1.000000000000e-03,0.000000000000e+00,200,0
92,1.000000000000e-03,0.000000000000e+00,200,0
93,1.000000000000e-03,0.000000000000e+00,200,0
94,1.000000000000e-03,0.000000000000e+00,200,0
95,1.000000000000e-03,0.000000000000e+00,200,0
96,1.000000000000e-03,0.000000000000e+00,200,0
97,1.000000000000e-03,0.000000000000e+00,200,0
98,1.000000000000e-03,0.000000000000e+00,200,0
99,1.000000000000e-03,0.000000000000e+00,200,0
100,1.000000000000e-03,0.000000000000e+00,200,0
101,1.000000000000e-03,0.000000000000e+00,200,0
102,1.000000000000e-03,0.000000000000e+00,200,0
103,1.000000000000e-03,0.000000000000e+00,200,0
104,1.000000000000e-03,0.000000000000e+00,200,0
105,1.000000000000e-03,0.000000000000e+00,200,0
106,1.000000000000e-03,0.000000000000e+00,200,0
107,1.000000000000e-03,0.000000000000e+00,200,0
108,1.000000000000e-03,0.000000000000e+00,200,0
109,1.000000000000e-03,0.000000000000e+00,200,0
110,1.000000000000e-03,0.000000000000e+00,200,0
111,1.000000000000e-03,0.000000000000e+00,200,1
112,1.000000000000e-03,0.000000000000e+00,200,0
113,1.000000000000e-03,0.000000000000e+00,200,0
114,1.000000000000e-03,0.000000000000e+00,200,0
115,1.000000000000e-03,0.000000000000e+00,200,0
116,1.000000000000e-03,0.000000000000e+00,200,0
117,1.000000000000e-03,0.000000000000e+00,200,0
118,1.000000000000e-03,0.000000000000e+00,200,0
119,1.000000000000e-03,0.000000000000e+00,200,0
120,1.000000000000e-03,0.000000000000e+00,200,0
121,1.000000000000e-03,0.000000000000e+00,200,0
122,1.000000000000e-03,0.000000000000e+00,200,0
123,1.000000000000e-03,0.000000000000e+00,200,0
124,1.000000000000e-03,0.000000000000e+00,200,0
125,1.000000000000e-03,0.000000000000e+00,200,0
126,1.000000000000e-03,0.000000000000e+00,200,0
127,1.000000000000e-03,0.000000000000e+00,200,0
128,1.000000000000e-03,0.000000000000e+00,200,0
129,1.000000000000e-03,0.000000000000e+00,200,0
130,1.000000000000e-03,0.000000000000e+00,200,0
131,1.000000000000e-03,0.000000000000e+00,200,0
132,1.000000000000e-03,0.000000000000e+00,200,0
133,1.000000000000e-03,0.000000000000e+00,200,0
134,1.000000000000e-03,0.000000000000e+00,200,1
135,1.000000000000e-03,0.000000000000e+00,200,0
136,1.000000000000e-03,0.000000000000e+00,200,0
137,1.000000000000e-03,0.000000000000e+00,200,0
138,1.000000000000e-03,0.000000000000e+00,200,0
139,1.000000000000e-03,0.000000000000e+00,200,0
140,1.000000000000e-03,0.000000000000e+00,200,0
141,1.000000000000e-03,0.000000000000e+00,200,0
142,1.000000000000e-03,0.000000000000e+00,200,0
143,1.000000000000e-03,0.000000000000e+00,200,0
144,1.000000000000e-03,0.000000000000e+00,200,0
145,1.000000000000e-03,0.000000000000e+00,200,0
146,1.000000000000e-03,0.000000000000e+00,200,0
147,1.000000000000e-03,0.000000000000e+00,200,0
148,1.000000000000e-03,0.000000000000e+00,200,0
149,1.000000000000e-03,0.000000000000e+00,200,1
150,1.000000000000e-03,0.000000000000e+00,200,0
151,1.000000000000e-03,0.000000000000e+00,200,0
152,1.000000000000e-03,0.000000000000e+00,200,0
153,1.000000000000e-03,0.000000000000e+00,200,0
154,1.000000000000e-03,0.000000000000e+00,200,0
155,1.000000000000e-03,0.000000000000e+00,200,0
156,1.000000000000e-03,0.000000000000e+00,200,0
157,1.000000000000e-03,0.000000000000e+00,200,0
158,1.000000000000e-03,0.000000000000e+00,200,1
159,1.000000000000e-03,0.000000000000e+00,200,0
160,1.000000000000e-03,0.000000000000e+00,200,0
161,1.000000000000e-03,0.000000000000e+00,200,0
162,1.000000000000e-03,0.000000000000e+00,200,0
163,1.000000000000e-03,0.000000000000e+00,200,0
164,1.000000000000e-03,0.000000000000e+00,200,0
165,1.000000000000e-03,0.000000000000e+00,200,0
166,1.000000000000e-03,0.000000000000e+00,200,0
167,1.000000000000e-03,0.000000000000e+00,200,0
168,1.000000000000e-03,0.000000000000e+00,200,0
169,1.000000000000e-03,0.000000000000e+00,200,0
170,1.000000000000e-03,0.000000000000e+00,200,0
171,1.000000000000e-03,0.000000000000e+00,200,0
172,1.000000000000e-03,0.000000000000e+00,200,0
173,1.000000000000e-03,0.000000000000e+00,200,0
174,1.000000000000e-03,0.000000000000e+00,200,0
175,1.000000000000e-03,0.000000000000e+00,200,1
176,1.000000000000e-03,0.000000000000e+00,200,0
177,1.000000000000e-03,0.000000000000e+00,200,0
178,1.000000000000e-03,0.000000000000e+00,200,0
179,1.000000000000e-03,0.000000000000e+00,200,0
180,1.000000000000e-03,0.000000000000e+00,200,0
181,1.000000000000e-03,0.000000000000e+00,200,0
182,1.000000000000e-03,0.000000000000e+00,200,0
183,1.000000000000e-03,0.000000000000e+00,200,0
184,1.000000000000e-03,0.000000000000e+00,200,0
185,1.000000000000e-03,0.000000000000e+00,200,0
186,1.000000000000e-03,0.000000000000e+00,200,0
187,1.000000000000e-03,0.000000000000e+00,200,0
188,1.000000000000e-03,0.000000000000e+00,200,1
189,1.000000000000e-03,0.000000000000e+00,200,0
190,1.000000000000e-03,0.000000000000e+00,200,0
191,1.000000000000e-03,0.000000000000e+00,200,0
192,1.000000000000e-03,0.000000000000e+00,200,0
193,1.000000000000e-03,0.000000000000e+00,200,0
194,1.000000000000e-03,0.000000000000e+00,200,0
195,1.000000000000e-03,0.000000000000e+00,200,0
196,1.000000000000e-03,0.000000000000e+00,200,0
197,1.000000000000e-03,0.000000000000e+00,200,0
198,1.000000000000e-03,0.000000000000e+00,200,0
199,1.000000000000e-03,0.000000000000e+00,200,0
200,1.000000000000e-03,0.000000000000e+00,200,0
201,1.000000000000e-03,0.000000000000e+00,200,0
202,1.000000000000e-03,0.000000000000e+00,200,0
203,1.000000000000e-03,0.000000000000e+00,200,0
204,1.000000000000e-03,0.000000000000e+00,200,0
205,1.000000000000e-03,0.000000000000e+00,200,0
206,1.000000000000e-03,0.000000000000e+00,200,0
207,1.000000000000e-03,0.000000000000e+00,200,0
208,1.000000000000e-03,0.000000000000e+00,200,0
209,1.000000000000e-03,0.000000000000e+00,200,0
210,1.000000000000e-03,0.000000000000e+00,200,1
211,1.000000000000e-03,0.000000000000e+00,200,0
212,1.000000000000e-03,0.000000000000e+00,200,0
213,1.000000000000e-03,0.000000000000e+00,200,0
214,1.000000000000e-03,0.000000000000e+00,200,0
215,1.000000000000e-03,0.000000000000e+00,200,0
216,1.000000000000e-03,0.000000000000e+00,200,0
217,1.000000000000e-03,0.000000000000e+00,200,0
218,1.000000000000e-03,0.000000000000e+00,200,1
219,1.000000000000e-03,0.000000000000e+00,200,1
220,1.000000000000e-03,0.000000000000e+00,200,0
221,1.000000000000e-03,0.000000000000e+00,200,0
222,1.000000000000e-03,0.000000000000e+00,200,0
223,1.000000000000e-03,0.000000000000e+00,200,0
224,1.000000000000e-03,0.000000000000e+00,200,0
225,1.000000000000e-03,0.000000000000e+00,200,0
226,1.000000000000e-03,0.000000000000e+00,200,0
227,1.000000000000e-03,0.000000000000e+00,200,0
228,1.000000000000e-03,0.000000000000e+00,200,0
229,1.000000000000e-03,0.000000000000e+00,200,0
230,1.000000000000e-03,0.000000000000e+00,200,1
231,1.000000000000e-03,0.000000000000e+00,200,0
232,1.000000000000e-03,0.000000000000e+00,200,0
233,1.000000000000e-03,0.000000000000e+00,200,0
234,1.000000000000e-03,0.000000000000e+00,200,0
235,1.000000000000e-03,0.000000000000e+00,200,0
236,1.000000000000e-03,0.000000000000e+00,200,0
237,1.000000000000e-03,0.000000000000e+00,200,2
238,1.000000000000e-03,0.000000000000e+00,200,0
239,1.000000000000e-03,0.000000000000e+00,200,0
240,1.000000000000e-03,0.000000000000e+00,200,0
241,1.000000000000e-03,0.000000000000e+00,200,0
242,1.000000000000e-03,0.000000000000e+00,200,0
243,1.000000000000e-03,0.000000000000e+00,200,0
244,1.000000000000e-03,0.000000000000e+00,200,0
245,1.000000000000e-03,0.000000000000e+00,200,0
246,1.000000000000e-03,0.000000000000e+00,200,0
247,1.000000000000e-03,0.000000000000e+00,200,0
248,1.000000000000e-03,0.000000000000e+00,200,0
249,1.000000000000e-03,0.000000000000e+00,200,0
250,1.000000000000e-03,0.000000000000e+00,200,0
251,1.000000000000e-03,0.000000000000e+00,200,0
252,1.000000000000e-03,0.000000000000e+00,200,1
253,1.000000000000e-03,0.000000000000e+00,200,0
254,1.000000000000e-03,0.000000000000e+00,200,0
255,1.000000000000e-03,0.000000000000e+00,200,0
256,1.000000000000e-03,0.000000000000e+00,200,1
257,1.000000000000e-03,0.000000000000e+00,200,0
258,1.000000000000e-03,0.000000000000e+00,200,0
259,1.000000000000e-03,0.000000000000e+00,200,0
260,1.000000000000e-03,0.000000000000e+00,200,0
261,1.000000000000e-03,0.000000000000e+00,200,0
262,1.000000000000e-03,0.000000000000e+00,200,0
263,1.000000000000e-03,0.000000000000e+00,200,0
264,1.000000000000e-03,0.000000000000e+00,200,0
265,1.000000000000e-03,0.000000000000e+00,200,0
266,1.000000000000e-03,0.000000000000e+00,200,0
267,1.000000000000e-03,0.000000000000e+00,200,1
268,1.000000000000e-03,0.000000000000e+00,200,0
269,1.000000000000e-03,0.000000000000e+00,200,0
270,1.000000000000e-03,0.000000000000e+00,200,0
271,1.000000000000e-03,0.000000000000e+00,200,0
272,1.000000000000e-03,0.000000000000e+00,200,0
273,1.000000000000e-03,0.000000000000e+00,200,0
274,1.000000000000e-03,0.000000000000e+00,200,0
275,1.000000000000e-03,0.000000000000e+00,200,0
276,1.000000000000e-03,0.000000000000e+00,200,0
277,1.000000000000e-03,0.000000000000e+00,200,0
278,1.000000000000e-03,0.000000000000e+00,200,0
279,1.000000000000e-03,0.000000000000e+00,200,0
280,1.000000000000e-03,0.000000000000e+00,200,0
281,1.000000000000e-03,0.000000000000e+00,200,0
282,1.000000000000e-03,0.000000000000e+00,200,0
283,1.000000000000e-03,0.000000000000e+00,200,0
284,1.000000000000e-03,0.000000000000e+00,200,0
285,1.000000000000e-03,0.000000000000e+00,200,0
286,1.000000000000e-03,0.000000000000e+00,200,0
287,1.000000000000e-03,0.000000000000e+00,200,0
288,1.000000000000e-03,0.000000000000e+00,200,0
289,1.000000000000e-03,0.000000000000e+00,200,0
290,1.000000000000e-03,0.000000000000e+00,200,0
291,1.000000000000e-03,0.000000000000e+00,200,1
292,1.000000000000e-03,0.000000000000e+00,200,0
293,1.000000000000e-03,0.000000000000e+00,200,0
294,1.000000000000e-03,0.000000000000e+00,200,0
295,1.000000000000e-03,0.000000000000e+00,200,0
296,1.000000000000e-03,0.000000000000e+00,200,0
297,1.000000000000e-03,0.000000000000e+00,200,0
298,1.000000000000e-03,0.000000000000e+00,200,0
299,1.000000000000e-03,0.000000000000e+00,200,0
300,1.000000000000e-03,0.000000000000e+00,200,1
301,1.000000000000e-03,0.000000000000e+00,200,0
302,1.000000000000e-03,0.000000000000e+00,200,1
303,1.000000000000e-03,0.000000000000e+00,200,0
304,1.000000000000e-03,0.000000000000e+00,200,0
305,1.000000000000e-03,0.000000000000e+00,200,0
306,1.000000000000e-03,0.000000000000e+00,200,0
307,1.000000000000e-03,0.000000000000e+00,200,0
308,1.000000000000e-03,0.000000000000e+00,200,0
309,1.000000000000e-03,0.000000000000e+00,200,0
310,1.000000000000e-03,0.000000000000e+00,200,0
311,1.000000000000e-03,0.000000000000e+00,200,0
312,1.000000000000e-03,0.000000000000e+00,200,0
313,1.000000000000e-03,0.000000000000e+00,200,0
314,1.000000000000e-03,0.000000000000e+00,200,0
315,1.000000000000e-03,0.000000000000e+00,200,0
316,1.000000000000e-03,0.000000000000e+00,200,1
317,1.000000000000e-03,0.000000000000e+00,200,0
318,1.000000000000e-03,0.000000000000e+00,200,0
319,1.000000000000e-03,0.000000000000e+00,200,0
320,1.000000000000e-03,0.000000000000e+00,200,0
321,1.000000000000e-03,0.000000000000e+00,200,0
322,1.000000000000e-03,0.000000000000e+00,200,0
323,1.000000000000e-03,0.000000000000e+00,200,0
324,1.000000000000e-03,0.000000000000e+00,200,0
325,1.000000000000e-03,0.000000000000e+00,200,0
326,1.000000000000e-03,0.000000000000e+00,200,0
327,1.000000000000e-03,0.000000000000e+00,200,0
328,1.000000000000e-03,0.000000000000e+00,200,0
329,1.000000000000e-03,0.000000000000e+00,200,0
330,1.000000000000e-03,0.000000000000e+00,200,0
331,1.000000000000e-03,0.000000000000e+00,200,0
332,1.000000000000e-03,0.000000000000e+00,200,0
333,1.000000000000e-03,0.000000000000e+00,200,0
334,1.000000000000e-03,0.000000000000e+00,200,0
335,1.000000000000e-03,0.000000000000e+00,200,0
336,1.000000000000e-03,0.000000000000e+00,200,0
337,1.000000000000e-03,0.000000000000e+00,200,0
338,1.000000000000e-03,0.000000000000e+00,200,0
339,1.000000000000e-03,0.000000000000e+00,200,0
340,1.000000000000e-03,0.000000000000e+00,200,1
341,1.000000000000e-03,0.000000000000e+00,200,0
342,1.000000000000e-03,0.000000000000e+00,200,0
343,1.000000000000e-03,0.000000000000e+00,200,0
344,1.000000000000e-03,0.000000000000e+00,200,0
345,1.000000000000e-03,0.000000000000e+00,200,0
346,1.000000000000e-03,0.000000000000e+00,200,0
347,1.000000000000e-03,0.000000000000e+00,200,0
348,1.000000000000e-03,0.000000000000e+00,200,0
349,1.000000000000e-03,0.000000000000e+00,200,1
350,1.000000000000e-03,0.000000000000e+00,200,0
351,1.000000000000e-03,0.000000000000e+00,200,0
352,1.000000000000e-03,0.000000000000e+00,200,0
353,1.000000000000e-03,0.000000000000e+00,200,0
354,1.000000000000e-03,0.000000000000e+00,200,0
355,1.000000000000e-03,0.000000000000e+00,200,0
356,1.000000000000e-03,0.000000000000e+00,200,0
357,1.000000000000e-03,0.000000000000e+00,200,0
358,1.000000000000e-03,0.000000000000e+00,200,0
359,1.000000000000e-03,0.000000000000e+00,200,0
360,1.000000000000e-03,0.000000000000e+00,200,0
361,1.000000000000e-03,0.000000000000e+00,200,0
362,1.000000000000e-03,0.000000000000e+00,200,0
363,1.000000000000e-03,0.000000000000e+00,200,0
364,1.000000000000e-03,0.000000000000e+00,200,0
365,1.000000000000e-03,0.000000000000e+00,200,0
366,1.000000000000e-03,0.000000000000e+00,200,0
367,1.000000000000e-03,0.000000000000e+00,200,0
368,1.000000000000e-03,0.000000000000e+00,200,0
369,1.000000000000e-03,0.000000000000e+00,200,0
370,1.000000000000e-03,0.000000000000e+00,200,0
371,1.000000000000e-03,0.000000000000e+00,200,0
372,1.000000000000e-03,0.000000000000e+00,200,0
373,1.000000000000e-03,0.000000000000e+00,200,0
374,1.000000000000e-03,0.000000000000e+00,200,0
375,1.000000000000e-03,0.000000000000e+00,200,0
376,1.000000000000e-03,0.000000000000e+00,200,0
377,1.000000000000e-03,0.000000000000e+00,200,0
378,1.000000000000e-03,0.000000000000e+00,200,0
379,1.000000000000e-03,0.000000000000e+00,200,0
380,1.000000000000e-03,0.000000000000e+00,200,0
381,1.000000000000e-03,0.000000000000e+00,200,0
382,1.000000000000e-03,0.000000000000e+00,200,0
383,1.000000000000e-03,0.000000000000e+00,200,0
384,1.000000000000e-03,0.000000000000e+00,200,0
385,1.000000000000e-03,0.000000000000e+00,200,0
386,1.000000000000e-03,0.000000000000e+00,200,0
387,1.000000000000e-03,0.000000000000e+00,200,0
388,1.000000000000e-03,0.000000000000e+00,200,0
389,1.000000000000e-03,0.000000000000e+00,200,0
390,1.000000000000e-03,0.000000000000e+00,200,0
391,1.000000000000e-03,0.000000000000e+00,200,0
392,1.000000000000e-03,0.000000000000e+00,200,0
393,1.000000000000e-03,0.000000000000e+00,200,0
394,1.000000000000e-03,0.000000000000e+00,200,1
395,1.000000000000e-03,0.000000000000e+00,200,0
396,1.000000000000e-03,0.000000000000e+00,200,0
397,1.000000000000e-03,0.000000000000e+00,200,0
398,1.000000000000e-03,0.000000000000e+00,200,0
399,1.000000000000e-03,0.000000000000e+00,200,0
400,1.000000000000e-03,0.000000000000e+00,200,0
401,1.000000000000e-03,0.000000000000e+00,500,0
402,1.000000000000e-03,0.000000000000e+00,500,0
403,1.000000000000e-03,0.000000000000e+00,500,0
404,1.000000000000e-03,0.000000000000e+00,500,0
405,1.000000000000e-03,0.000000000000e+00,500,0
406,1.000000000000e-03,0.000000000000e+00,500,0
407,1.000000000000e-03,0.000000000000e+00,500,0
408,1.000000000000e-03,0.000000000000e+00,500,0
409,1.000000000000e-03,0.000000000000e+00,500,0
410,1.000000000000e-03,0.000000000000e+00,500,0
411,1.000000000000e-03,0.000000000000e+00,500,0
412,1.000000000000e-03,0.000000000000e+00,500,0
413,1.000000000000e-03,0.000000000000e+00,500,2
414,1.000000000000e-03,0.000000000000e+00,500,1
415,1.000000000000e-03,0.000000000000e+00,500,0
416,1.000000000000e-03,0.000000000000e+00,500,0
417,1.000000000000e-03,0.000000000000e+00,500,0
418,1.000000000000e-03,0.000000000000e+00,500,0
419,1.000000000000e-03,0.000000000000e+00,500,1
420,1.000000000000e-03,0.000000000000e+00,500,0
421,1.000000000000e-03,0.000000000000e+00,500,0
422,1.000000000000e-03,0.000000000000e+00,500,0
423,1.000000000000e-03,0.000000000000e+00,500,0
424,1.000000000000e-03,0.000000000000e+00,500,0
425,1.000000000000e-03,0.000000000000e+00,500,0
426,1.000000000000e-03,0.000000000000e+00,500,0
427,1.000000000000e-03,0.000000000000e+00,500,0
428,1.000000000000e-03,0.000000000000e+00,500,0
429,1.000000000000e-03,0.000000000000e+00,500,0
430,1.000000000000e-03,0.000000000000e+00,500,0
431,1.000000000000e-03,0.000000000000e+00,500,0
432,1.000000000000e-03,0.000000000000e+00,500,0
433,1.000000000000e-03,0.000000000000e+00,500,0
434,1.000000000000e-03,0.000000000000e+00,500,0
435,1.000000000000e-03,0.000000000000e+00,500,0
436,1.000000000000e-03,0.000000000000e+00,500,0
437,1.000000000000e-03,0.000000000000e+00,500,2
438,1.000000000000e-03,0.000000000000e+00,500,0
439,1.000000000000e-03,0.000000000000e+00,500,0
440,1.000000000000e-03,0.000000000000e+00,500,0
441,1.000000000000e-03,0.000000000000e+00,500,0
442,1.000000000000e-03,0.000000000000e+00,500,0
443,1.000000000000e-03,0.000000000000e+00,500,0
444,1.000000000000e-03,0.000000000000e+00,500,0
445,1.000000000000e-03,0.000000000000e+00,500,0
446,1.000000000000e-03,0.000000000000e+00,500,0
447,1.000000000000e-03,0.000000000000e+00,500,0
448,1.000000000000e-03,0.000000000000e+00,500,0
449,1.000000000000e-03,0.000000000000e+00,500,0
450,1.000000000000e-03,0.000000000000e+00,500,0
451,1.000000000000e-03,0.000000000000e+00,500,0
452,1.000000000000e-03,0.000000000000e+00,500,0
453,1.000000000000e-03,0.000000000000e+00,500,0
454,1.000000000000e-03,0.000000000000e+00,500,0
455,1.000000000000e-03,0.000000000000e+00,500,0
456,1.000000000000e-03,0.000000000000e+00,500,0
457,1.000000000000e-03,0.000000000000e+00,500,0
458,1.000000000000e-03,0.000000000000e+00,500,0
459,1.000000000000e-03,0.000000000000e+00,500,0
460,1.000000000000e-03,0.000000000000e+00,500,0
461,1.000000000000e-03,0.000000000000e+00,500,0
462,1.000000000000e-03,0.000000000000e+00,500,0
463,1.000000000000e-03,0.000000000000e+00,500,2
464,1.000000000000e-03,0.000000000000e+00,500,0
465,1.000000000000e-03,0.000000000000e+00,500,0
466,1.000000000000e-03,0.000000000000e+00,500,0
467,1.000000000000e-03,0.000000000000e+00,500,0
468,1.000000000000e-03,0.000000000000e+00,500,0
469,1.000000000000e-03,0.000000000000e+00,500,0
470,1.000000000000e-03,0.000000000000e+00,500,0
471,1.000000000000e-03,0.000000000000e+00,500,0
472,1.000000000000e-03,0.000000000000e+00,500,0
473,1.000000000000e-03,0.000000000000e+00,500,0
474,1.000000000000e-03,0.000000000000e+00,500,0
475,1.000000000000e-03,0.000000000000e+00,500,0
476,1.000000000000e-03,0.000000000000e+00,500,1
477,1.000000000000e-03,0.000000000000e+00,500,1
478,1.000000000000e-03,0.000000000000e+00,500,1
479,1.000000000000e-03,0.000000000000e+00,500,0
480,1.000000000000e-03,0.000000000000e+00,500,0
481,1.000000000000e-03,0.000000000000e+00,500,0
482,1.000000000000e-03,0.000000000000e+00,500,0
483,1.000000000000e-03,0.000000000000e+00,500,0
484,1.000000000000e-03,0.000000000000e+00,500,0
485,1.000000000000e-03,0.000000000000e+00,500,0
486,1.000000000000e-03,0.000000000000e+00,500,0
487,1.000000000000e-03,0.000000000000e+00,500,0
488,1.000000000000e-03,0.000000000000e+00,500,0
489,1.000000000000e-03,0.000000000000e+00,500,0
490,1.000000000000e-03,0.000000000000e+00,500,0
491,1.000000000000e-03,0.000000000000e+00,500,0
492,1.000000000000e-03,0.000000000000e+00,500,0
493,1.000000000000e-03,0.000000000000e+00,500,0
494,1.000000000000e-03,0.000000000000e+00,500,0
495,1.000000000000e-03,0.000000000000e+00,500,0
496,1.000000000000e-03,0.000000000000e+00,500,0
497,1.000000000000e-03,0.000000000000e+00,500,0
498,1.000000000000e-03,0.000000000000e+00,500,0
499,1.000000000000e-03,0.000000000000e+00,500,0
500,1.000000000000e-03,0.000000000000e+00,500,0
501,1.000000000000e-03,0.000000000000e+00,500,0
502,1.000000000000e-03,0.000000000000e+00,500,0
503,1.000000000000e-03,0.000000000000e+00,500,0
504,1.000000000000e-03,0.000000000000e+00,500,0
505,1.000000000000e-03,0.000000000000e+00,500,0
506,1.000000000000e-03,0.000000000000e+00,500,1
507,1.000000000000e-03,0.000000000000e+00,500,0
508,1.000000000000e-03,0.000000000000e+00,500,0
509,1.000000000000e-03,0.000000000000e+00,500,0
510,1.000000000000e-03,0.000000000000e+00,500,0
511,1.000000000000e-03,0.000000000000e+00,500,1
512,1.000000000000e-03,0.000000000000e+00,500,0
513,1.000000000000e-03,0.000000000000e+00,500,0
514,1.000000000000e-03,0.000000000000e+00,500,0
515,1.000000000000e-03,0.000000000000e+00,500,0
516,1.000000000000e-03,0.000000000000e+00,500,0
517,1.000000000000e-03,0.000000000000e+00,500,0
518,1.000000000000e-03,0.000000000000e+00,500,0
519,1.000000000000e-03,0.000000000000e+00,500,0
520,1.000000000000e-03,0.000000000000e+00,500,0
521,1.000000000000e-03,0.000000000000e+00,500,0
522,1.000000000000e-03,0.000000000000e+00,500,0
523,1.000000000000e-03,0.000000000000e+00,500,0
524,1.000000000000e-03,0.000000000000e+00,500,0
525,1.000000000000e-03,0.000000000000e+00,500,1
526,1.000000000000e-03,0.000000000000e+00,500,0
527,1.000000000000e-03,0.000000000000e+00,500,0
528,1.000000000000e-03,0.000000000000e+00,500,0
529,1.000000000000e-03,0.000000000000e+00,500,0
530,1.000000000000e-03,0.000000000000e+00,500,0
531,1.000000000000e-03,0.000000000000e+00,500,0
532,1.000000000000e-03,0.000000000000e+00,500,0
533,1.000000000000e-03,0.000000000000e+00,500,1
534,1.000000000000e-03,0.000000000000e+00,500,0
535,1.000000000000e-03,0.000000000000e+00,500,1
536,1.000000000000e-03,0.000000000000e+00,500,1
537,1.000000000000e-03,0.000000000000e+00,500,0
538,1.000000000000e-03,0.000000000000e+00,500,0
539,1.000000000000e-03,0.000000000000e+00,500,0
540,1.000000000000e-03,0.000000000000e+00,500,0
541,1.000000000000e-03,0.000000000000e+00,500,0
542,1.000000000000e-03,0.000000000000e+00,500,0
543,1.000000000000e-03,0.000000000000e+00,500,0
544,1.000000000000e-03,0.000000000000e+00,500,1
545,1.000000000000e-03,0.000000000000e+00,500,0
546,1.000000000000e-03,0.000000000000e+00,500,1
547,1.000000000000e-03,0.000000000000e+00,500,1
548,1.000000000000e-03,0.000000000000e+00,500,0
549,1.000000000000e-03,0.000000000000e+00,500,0
550,1.000000000000e-03,0.000000000000e+00,500,0
551,1.000000000000e-03,0.000000000000e+00,500,1
552,1.000000000000e-03,0.000000000000e+00,500,1
553,1.000000000000e-03,0.000000000000e+00,500,0
554,1.000000000000e-03,0.000000000000e+00,500,1
555,1.000000000000e-03,0.000000000000e+00,500,0
556,1.000000000000e-03,0.000000000000e+00,500,1
557,1.000000000000e-03,0.000000000000e+00,500,0
558,1.000000000000e-03,0.000000000000e+00,500,0
559,1.000000000000e-03,0.000000000000e+00,500,0
560,1.000000000000e-03,0.000000000000e+00,500,0
561,1.000000000000e-03,0.000000000000e+00,500,0
562,1.000000000000e-03,0.000000000000e+00,500,0
563,1.000000000000e-03,0.000000000000e+00,500,0
564,1.000000000000e-03,0.000000000000e+00,500,0
565,1.000000000000e-03,0.000000000000e+00,500,0
566,1.000000000000e-03,0.000000000000e+00,500,0
567,1.000000000000e-03,0.000000000000e+00,500,0
568,1.000000000000e-03,0.000000000000e+00,500,1
569,1.000000000000e-03,0.000000000000e+00,500,0
570,1.000000000000e-03,0.000000000000e+00,500,0
571,1.000000000000e-03,0.000000000000e+00,500,0
572,1.000000000000e-03,0.000000000000e+00,500,0
573,1.000000000000e-03,0.000000000000e+00,500,0
574,1.000000000000e-03,0.000000000000e+00,500,0
575,1.000000000000e-03,0.000000000000e+00,500,0
576,1.000000000000e-03,0.000000000000e+00,500,1
577,1.000000000000e-03,0.000000000000e+00,500,0
578,1.000000000000e-03,0.000000000000e+00,500,0
579,1.000000000000e-03,0.000000000000e+00,500,0
580,1.000000000000e-03,0.000000000000e+00,500,0
581,1.000000000000e-03,0.000000000000e+00,500,0
582,1.000000000000e-03,0.000000000000e+00,500,1
583,1.000000000000e-03,0.000000000000e+00,500,0
584,1.000000000000e-03,0.000000000000e+00,500,1
585,1.000000000000e-03,0.000000000000e+00,500,1
586,1.000000000000e-03,0.000000000000e+00,500,0
587,1.000000000000e-03,0.000000000000e+00,500,0
588,1.000000000000e-03,0.000000000000e+00,500,0
589,1.000000000000e-03,0.000000000000e+00,500,0
590,1.000000000000e-03,0.000000000000e+00,500,1
591,1.000000000000e-03,0.000000000000e+00,500,0
592,1.000000000000e-03,0.000000000000e+00,500,1
593,1.000000000000e-03,0.000000000000e+00,500,1
594,1.000000000000e-03,0.000000000000e+00,500,0
595,1.000000000000e-03,0.000000000000e+00,500,1
596,1.000000000000e-03,0.000000000000e+00,500,0
597,1.000000000000e-03,0.000000000000e+00,500,0
598,1.000000000000e-03,0.000000000000e+00,500,0
599,1.000000000000e-03,0.000000000000e+00,500,0
600,1.000000000000e-03,0.000000000000e+00,500,0
601,1.000000000000e-03,0.000000000000e+00,500,0
602,1.000000000000e-03,0.000000000000e+00,500,0
603,1.000000000000e-03,0.000000000000e+00,500,0
604,1.000000000000e-03,0.000000000000e+00,500,0
605,1.000000000000e-03,0.000000000000e+00,500,0
606,1.000000000000e-03,0.000000000000e+00,500,0
607,1.000000000000e-03,0.000000000000e+00,500,1
608,1.000000000000e-03,0.000000000000e+00,500,0
609,1.000000000000e-03,0.000000000000e+00,500,0
610,1.000000000000e-03,0.000000000000e+00,500,0
611,1.000000000000e-03,0.000000000000e+00,500,0
612,1.000000000000e-03,0.000000000000e+00,500,0
613,1.000000000000e-03,0.000000000000e+00,500,0
614,1.000000000000e-03,0.000000000000e+00,500,0
615,1.000000000000e-03,0.000000000000e+00,500,0
616,1.000000000000e-03,0.000000000000e+00,500,0
617,1.000000000000e-03,0.000000000000e+00,500,0
618,1.000000000000e-03,0.000000000000e+00,500,0
619,1.000000000000e-03,0.000000000000e+00,500,1
620,1.000000000000e-03,0.000000000000e+00,500,0
621,1.000000000000e-03,0.000000000000e+00,500,0
622,1.000000000000e-03,0.000000000000e+00,500,0
623,1.000000000000e-03,0.000000000000e+00,500,1
624,1.000000000000e-03,0.000000000000e+00,500,0
625,1.000000000000e-03,0.000000000000e+00,500,0
626,1.000000000000e-03,0.000000000000e+00,500,0
627,1.000000000000e-03,0.000000000000e+00,500,2
628,1.000000000000e-03,0.000000000000e+00,500,0
629,1.000000000000e-03,0.000000000000e+00,500,2
630,1.000000000000e-03,0.000000000000e+00,500,0
631,1.000000000000e-03,0.000000000000e+00,500,0
632,1.000000000000e-03,0.000000000000e+00,500,0
633,1.000000000000e-03,0.000000000000e+00,500,1
634,1.000000000000e-03,0.000000000000e+00,500,0
635,1.000000000000e-03,0.000000000000e+00,500,0
636,1.000000000000e-03,0.000000000000e+00,500,0
637,1.000000000000e-03,0.000000000000e+00,500,1
638,1.000000000000e-03,0.000000000000e+00,500,0
639,1.000000000000e-03,0.000000000000e+00,500,0
640,1.000000000000e-03,0.000000000000e+00,500,0
641,1.000000000000e-03,0.000000000000e+00,500,0
642,1.000000000000e-03,0.000000000000e+00,500,0
643,1.000000000000e-03,0.000000000000e+00,500,0
644,1.000000000000e-03,0.000000000000e+00,500,0
645,1.000000000000e-03,0.000000000000e+00,500,0
646,1.000000000000e-03,0.000000000000e+00,500,0
647,1.000000000000e-03,0.000000000000e+00,500,0
648,1.000000000000e-03,0.000000000000e+00,500,0
649,1.000000000000e-03,0.000000000000e+00,500,0
650,1.000000000000e-03,0.000000000000e+00,500,0
651,1.000000000000e-03,0.000000000000e+00,500,0
652,1.000000000000e-03,0.000000000000e+00,500,0
653,1.000000000000e-03,0.000000000000e+00,500,0
654,1.000000000000e-03,0.000000000000e+00,500,0
655,1.000000000000e-03,0.000000000000e+00,500,0
656,1.000000000000e-03,0.000000000000e+00,500,0
657,1.000000000000e-03,0.000000000000e+00,500,0
658,1.000000000000e-03,0.000000000000e+00,500,0
659,1.000000000000e-03,0.000000000000e+00,500,1
660,1.000000000000e-03,0.000000000000e+00,500,0
661,1.000000000000e-03,0.000000000000e+00,500,0
662,1.000000000000e-03,0.000000000000e+00,500,0
663,1.000000000000e-03,0.000000000000e+00,500,0
664,1.000000000000e-03,0.000000000000e+00,500,0
665,1.000000000000e-03,0.000000000000e+00,500,0
666,1.000000000000e-03,0.000000000000e+00,500,0
667,1.000000000000e-03,0.000000000000e+00,500,0
668,1.000000000000e-03,0.000000000000e+00,500,0
669,1.000000000000e-03,0.000000000000e+00,500,1
670,1.000000000000e-03,0.000000000000e+00,500,0
671,1.000000000000e-03,0.000000000000e+00,500,0
672,1.000000000000e-03,0.000000000000e+00,500,0
673,1.000000000000e-03,0.000000000000e+00,500,0
674,1.000000000000e-03,0.000000000000e+00,500,0
675,1.000000000000e-03,0.000000000000e+00,500,1
676,1.000000000000e-03,0.000000000000e+00,500,0
677,1.000000000000e-03,0.000000000000e+00,500,0
678,1.000000000000e-03,0.000000000000e+00,500,0
679,1.000000000000e-03,0.000000000000e+00,500,0
680,1.000000000000e-03,0.000000000000e+00,500,1
681,1.000000000000e-03,0.000000000000e+00,500,0
682,1.000000000000e-03,0.000000000000e+00,500,0
683,1.000000000000e-03,0.000000000000e+00,500,0
684,1.000000000000e-03,0.000000000000e+00,500,0
685,1.000000000000e-03,0.000000000000e+00,500,0
686,1.000000000000e-03,0.000000000000e+00,500,1
687,1.000000000000e-03,0.000000000000e+00,500,0
688,1.000000000000e-03,0.000000000000e+00,500,0
689,1.000000000000e-03,0.000000000000e+00,500,0
690,1.000000000000e-03,0.000000000000e+00,500,0
691,1.000000000000e-03,0.000000000000e+00,500,0
692,1.000000000000e-03,0.000000000000e+00,500,0
693,1.000000000000e-03,0.000000000000e+00,500,0
694,1.000000000000e-03,0.000000000000e+00,500,0
695,1.000000000000e-03,0.000000000000e+00,500,0
696,1.000000000000e-03,0.000000000000e+00,500,0
697,1.000000000000e-03,0.000000000000e+00,500,0
698,1.000000000000e-03,0.000000000000e+00,500,0
699,1.000000000000e-03,0.000000000000e+00,500,1
700,1.000000000000e-03,0.000000000000e+00,500,0
701,1.000000000000e-03,0.000000000000e+00,500,0
702,1.000000000000e-03,0.000000000000e+00,500,0
703,1.000000000000e-03,0.000000000000e+00,500,0
704,1.000000000000e-03,0.000000000000e+00,500,0
705,1.000000000000e-03,0.000000000000e+00,500,0
706,1.000000000000e-03,0.000000000000e+00,500,0
707,1.000000000000e-03,0.000000000000e+00,500,0
708,1.000000000000e-03,0.000000000000e+00,500,0
709,1.000000000000e-03,0.000000000000e+00,500,0
710,1.000000000000e-03,0.000000000000e+00,500,0
711,1.000000000000e-03,0.000000000000e+00,500,1
712,1.000000000000e-03,0.000000000000e+00,500,0
713,1.000000000000e-03,0.000000000000e+00,500,0
714,1.000000000000e-03,0.000000000000e+00,500,0
715,1.000000000000e-03,0.000000000000e+00,500,1
716,1.000000000000e-03,0.000000000000e+00,500,0
717,1.000000000000e-03,0.000000000000e+00,500,1
718,1.000000000000e-03,0.000000000000e+00,500,0
719,1.000000000000e-03,0.000000000000e+00,500,0
720,1.000000000000e-03,0.000000000000e+00,500,0
721,1.000000000000e-03,0.000000000000e+00,500,0
722,1.000000000000e-03,0.000000000000e+00,500,0
723,1.000000000000e-03,0.000000000000e+00,500,1
724,1.000000000000e-03,0.000000000000e+00,500,0
725,1.000000000000e-03,0.000000000000e+00,500,0
726,1.000000000000e-03,0.000000000000e+00,500,0
727,1.000000000000e-03,0.000000000000e+00,500,1
728,1.000000000000e-03,0.000000000000e+00,500,0
729,1.000000000000e-03,0.000000000000e+00,500,0
730,1.000000000000e-03,0.000000000000e+00,500,0
731,1.000000000000e-03,0.000000000000e+00,500,0
732,1.000000000000e-03,0.000000000000e+00,500,1
733,1.000000000000e-03,0.000000000000e+00,500,0
734,1.000000000000e-03,0.000000000000e+00,500,0
735,1.000000000000e-03,0.000000000000e+00,500,0
736,1.000000000000e-03,0.000000000000e+00,500,0
737,1.000000000000e-03,0.000000000000e+00,500,0
738,1.000000000000e-03,0.000000000000e+00,500,1
739,1.000000000000e-03,0.000000000000e+00,500,0
740,1.000000000000e-03,0.000000000000e+00,500,0
741,1.000000000000e-03,0.000000000000e+00,500,1
742,1.000000000000e-03,0.000000000000e+00,500,1
743,1.000000000000e-03,0.000000000000e+00,500,0
744,1.000000000000e-03,0.000000000000e+00,500,0
745,1.000000000000e-03,0.000000000000e+00,500,0
746,1.000000000000e-03,0.000000000000e+00,500,0
747,1.000000000000e-03,0.000000000000e+00,500,0
748,1.000000000000e-03,0.000000000000e+00,500,0
749,1.000000000000e-03,0.000000000000e+00,500,0
750,1.000000000000e-03,0.000000000000e+00,500,0
751,1.000000000000e-03,0.000000000000e+00,500,0
752,1.000000000000e-03,0.000000000000e+00,500,0
753,1.000000000000e-03,0.000000000000e+00,500,0
754,1.000000000000e-03,0.000000000000e+00,500,0
755,1.000000000000e-03,0.000000000000e+00,500,0
756,1.000000000000e-03,0.000000000000e+00,500,1
757,1.000000000000e-03,0.000000000000e+00,500,0
758,1.000000000000e-03,0.000000000000e+00,500,0
759,1.000000000000e-03,0.000000000000e+00,500,0
760,1.000000000000e-03,0.000000000000e+00,500,0
761,1.000000000000e-03,0.000000000000e+00,500,0
762,1.000000000000e-03,0.000000000000e+00,500,1
763,1.000000000000e-03,0.000000000000e+00,500,1
764,1.000000000000e-03,0.000000000000e+00,500,0
765,1.000000000000e-03,0.000000000000e+00,500,1
766,1.000000000000e-03,0.000000000000e+00,500,1
767,1.000000000000e-03,0.000000000000e+00,500,1
768,1.000000000000e-03,0.000000000000e+00,500,1
769,1.000000000000e-03,0.000000000000e+00,500,0
770,1.000000000000e-03,0.000000000000e+00,500,0
771,1.000000000000e-03,0.000000000000e+00,500,0
772,1.000000000000e-03,0.000000000000e+00,500,0
773,1.000000000000e-03,0.000000000000e+00,500,0
774,1.000000000000e-03,0.000000000000e+00,500,0
775,1.000000000000e-03,0.000000000000e+00,500,1
776,1.000000000000e-03,0.000000000000e+00,500,1
777,1.000000000000e-03,0.000000000000e+00,500,0
778,1.000000000000e-03,0.000000000000e+00,500,0
779,1.000000000000e-03,0.000000000000e+00,500,0
780,1.000000000000e-03,0.000000000000e+00,500,0
781,1.000000000000e-03,0.000000000000e+00,500,0
782,1.000000000000e-03,0.000000000000e+00,500,0
783,1.000000000000e-03,0.000000000000e+00,500,0
784,1.000000000000e-03,0.000000000000e+00,500,0
785,1.000000000000e-03,0.000000000000e+00,500,0
786,1.000000000000e-03,0.000000000000e+00,500,0
787,1.000000000000e-03,0.000000000000e+00,500,0
788,1.000000000000e-03,0.000000000000e+00,500,1
789,1.000000000000e-03,0.000000000000e+00,500,0
790,1.000000000000e-03,0.000000000000e+00,500,0
791,1.000000000000e-03,0.000000000000e+00,500,0
792,1.000000000000e-03,0.000000000000e+00,500,0
793,1.000000000000e-03,0.000000000000e+00,500,1
794,1.000000000000e-03,0.000000000000e+00,500,0
795,1.000000000000e-03,0.000000000000e+00,500,1
796,1.000000000000e-03,0.000000000000e+00,500,0
797,1.000000000000e-03,0.000000000000e+00,500,0
798,1.000000000000e-03,0.000000000000e+00,500,1
799,1.000000000000e-03,0.000000000000e+00,500,0
800,1.000000000000e-03,0.000000000000e+00,500,0
801,1.000000000000e-03,0.000000000000e+00,1000,0
802,1.000000000000e-03,0.000000000000e+00,1000,1
803,1.000000000000e-03,0.000000000000e+00,1000,1
804,1.000000000000e-03,0.000000000000e+00,1000,1
805,1.000000000000e-03,0.000000000000e+00,1000,0
806,1.000000000000e-03,0.000000000000e+00,1000,0
807,1.000000000000e-03,0.000000000000e+00,1000,0
808,1.000000000000e-03,0.000000000000e+00,1000,0
809,1.000000000000e-03,0.000000000000e+00,1000,0
810,1.000000000000e-03,0.000000000000e+00,1000,0
811,1.000000000000e-03,0.000000000000e+00,1000,0
812,1.000000000000e-03,0.000000000000e+00,1000,0
813,1.000000000000e-03,0.000000000000e+00,1000,0
814,1.000000000000e-03,0.000000000000e+00,1000,1
815,1.000000000000e-03,0.000000000000e+00,1000,0
816,1.000000000000e-03,0.000000000000e+00,1000,0
817,1.000000000000e-03,0.000000000000e+00,1000,0
818,1.000000000000e-03,0.000000000000e+00,1000,0
819,1.000000000000e-03,0.000000000000e+00,1000,0
820,1.000000000000e-03,0.000000000000e+00,1000,1
821,1.000000000000e-03,0.000000000000e+00,1000,2
822,1.000000000000e-03,0.000000000000e+00,1000,2
823,1.000000000000e-03,0.000000000000e+00,1000,1
824,1.000000000000e-03,0.000000000000e+00,1000,0
825,1.000000000000e-03,0.000000000000e+00,1000,0
826,1.000000000000e-03,0.000000000000e+00,1000,1
827,1.000000000000e-03,0.000000000000e+00,1000,1
828,1.000000000000e-03,0.000000000000e+00,1000,0
829,1.000000000000e-03,0.000000000000e+00,1000,0
830,1.000000000000e-03,0.000000000000e+00,1000,0
831,1.000000000000e-03,0.000000000000e+00,1000,0
832,1.000000000000e-03,0.000000000000e+00,1000,0
833,1.000000000000e-03,0.000000000000e+00,1000,1
834,1.000000000000e-03,0.000000000000e+00,1000,0
835,1.000000000000e-03,0.000000000000e+00,1000,0
836,1.000000000000e-03,0.000000000000e+00,1000,0
837,1.000000000000e-03,0.000000000000e+00,1000,0
838,1.000000000000e-03,0.000000000000e+00,1000,0
839,1.000000000000e-03,0.000000000000e+00,1000,1
840,1.000000000000e-03,0.000000000000e+00,1000,0
841,1.000000000000e-03,0.000000000000e+00,1000,0
842,1.000000000000e-03,0.000000000000e+00,1000,0
843,1.000000000000e-03,0.000000000000e+00,1000,0
844,1.000000000000e-03,0.000000000000e+00,1000,0
845,1.000000000000e-03,0.000000000000e+00,1000,1
846,1.000000000000e-03,0.000000000000e+00,1000,0
847,1.000000000000e-03,0.000000000000e+00,1000,0
848,1.000000000000e-03,0.000000000000e+00,1000,1
849,1.000000000000e-03,0.000000000000e+00,1000,0
850,1.000000000000e-03,0.000000000000e+00,1000,0
851,1.000000000000e-03,0.000000000000e+00,1000,1
852,1.000000000000e-03,0.000000000000e+00,1000,0
853,1.000000000000e-03,0.000000000000e+00,1000,2
854,1.000000000000e-03,0.000000000000e+00,1000,2
855,1.000000000000e-03,0.000000000000e+00,1000,0
856,1.000000000000e-03,0.000000000000e+00,1000,0
857,1.000000000000e-03,0.000000000000e+00,1000,0
858,1.000000000000e-03,0.000000000000e+00,1000,0
859,1.000000000000e-03,0.000000000000e+00,1000,0
860,1.000000000000e-03,0.000000000000e+00,1000,1
861,1.000000000000e-03,0.000000000000e+00,1000,1
862,1.000000000000e-03,0.000000000000e+00,1000,0
863,1.000000000000e-03,0.000000000000e+00,1000,1
864,1.000000000000e-03,0.000000000000e+00,1000,0
865,1.000000000000e-03,0.000000000000e+00,1000,0
866,1.000000000000e-03,0.000000000000e+00,1000,1
867,1.000000000000e-03,0.000000000000e+00,1000,0
868,1.000000000000e-03,0.000000000000e+00,1000,1
869,1.000000000000e-03,0.000000000000e+00,1000,1
870,1.000000000000e-03,0.000000000000e+00,1000,0
871,1.000000000000e-03,0.000000000000e+00,1000,1
872,1.000000000000e-03,0.000000000000e+00,1000,1
873,1.000000000000e-03,0.000000000000e+00,1000,1
874,1.000000000000e-03,0.000000000000e+00,1000,0
875,1.000000000000e-03,0.000000000000e+00,1000,1
876,1.000000000000e-03,0.000000000000e+00,1000,0
877,1.000000000000e-03,0.000000000000e+00,1000,0
878,1.000000000000e-03,0.000000000000e+00,1000,0
879,1.000000000000e-03,0.000000000000e+00,1000,0
880,1.000000000000e-03,0.000000000000e+00,1000,0
881,1.000000000000e-03,0.000000000000e+00,1000,1
882,1.000000000000e-03,0.000000000000e+00,1000,0
883,1.000000000000e-03,0.000000000000e+00,1000,0
884,1.000000000000e-03,0.000000000000e+00,1000,0
885,1.000000000000e-03,0.000000000000e+00,1000,0
886,1.000000000000e-03,0.000000000000e+00,1000,0
887,1.000000000000e-03,0.000000000000e+00,1000,0
888,1.000000000000e-03,0.000000000000e+00,1000,0
889,1.000000000000e-03,0.000000000000e+00,1000,3
890,1.000000000000e-03,0.000000000000e+00,1000,0
891,1.000000000000e-03,0.000000000000e+00,1000,0
892,1.000000000000e-03,0.000000000000e+00,1000,0
893,1.000000000000e-03,0.000000000000e+00,1000,0
894,1.000000000000e-03,0.000000000000e+00,1000,3
895,1.000000000000e-03,0.000000000000e+00,1000,0
896,1.000000000000e-03,0.000000000000e+00,1000,0
897,1.000000000000e-03,0.000000000000e+00,1000,0
898,1.000000000000e-03,0.000000000000e+00,1000,0
899,1.000000000000e-03,0.000000000000e+00,1000,1
900,1.000000000000e-03,0.000000000000e+00,1000,1
901,1.000000000000e-03,0.000000000000e+00,1000,0
902,1.000000000000e-03,0.000000000000e+00,1000,0
903,1.000000000000e-03,0.000000000000e+00,1000,0
904,1.000000000000e-03,0.000000000000e+00,1000,0
905,1.000000000000e-03,0.000000000000e+00,1000,0
906,1.000000000000e-03,0.000000000000e+00,1000,0
907,1.000000000000e-03,0.000000000000e+00,1000,1
908,1.000000000000e-03,0.000000000000e+00,1000,0
909,1.000000000000e-03,0.000000000000e+00,1000,1
910,1.000000000000e-03,0.000000000000e+00,1000,1
911,1.000000000000e-03,0.000000000000e+00,1000,0
912,1.000000000000e-03,0.000000000000e+00,1000,0
913,1.000000000000e-03,0.000000000000e+00,1000,0
914,1.000000000000e-03,0.000000000000e+00,1000,0
915,1.000000000000e-03,0.000000000000e+00,1000,1
916,1.000000000000e-03,0.000000000000e+00,1000,0
917,1.000000000000e-03,0.000000000000e+00,1000,0
918,1.000000000000e-03,0.000000000000e+00,1000,0
919,1.000000000000e-03,0.000000000000e+00,1000,0
920,1.000000000000e-03,0.000000000000e+00,1000,0
921,1.000000000000e-03,0.000000000000e+00,1000,0
922,1.000000000000e-03,0.000000000000e+00,1000,0
923,1.000000000000e-03,0.000000000000e+00,1000,0
924,1.000000000000e-03,0.000000000000e+00,1000,1
925,1.000000000000e-03,0.000000000000e+00,1000,0
926,1.000000000000e-03,0.000000000000e+00,1000,0
927,1.000000000000e-03,0.000000000000e+00,1000,0
928,1.000000000000e-03,0.000000000000e+00,1000,0
929,1.000000000000e-03,0.000000000000e+00,1000,1
930,1.000000000000e-03,0.000000000000e+00,1000,0
931,1.000000000000e-03,0.000000000000e+00,1000,1
932,1.000000000000e-03,0.000000000000e+00,1000,1
933,1.000000000000e-03,0.000000000000e+00,1000,0
934,1.000000000000e-03,0.000000000000e+00,1000,0
935,1.000000000000e-03,0.000000000000e+00,1000,0
936,1.000000000000e-03,0.000000000000e+00,1000,1
937,1.000000000000e-03,0.000000000000e+00,1000,0
938,1.000000000000e-03,0.000000000000e+00,1000,0
939,1.000000000000e-03,0.000000000000e+00,1000,1
940,1.000000000000e-03,0.000000000000e+00,1000,0
941,1.000000000000e-03,0.000000000000e+00,1000,0
942,1.000000000000e-03,0.000000000000e+00,1000,2
943,1.000000000000e-03,0.000000000000e+00,1000,0
944,1.000000000000e-03,0.000000000000e+00,1000,2
945,1.000000000000e-03,0.000000000000e+00,1000,0
946,1.000000000000e-03,0.000000000000e+00,1000,0
947,1.000000000000e-03,0.000000000000e+00,1000,1
948,1.000000000000e-03,0.000000000000e+00,1000,0
949,1.000000000000e-03,0.000000000000e+00,1000,1
950,1.000000000000e-03,0.000000000000e+00,1000,1
951,1.000000000000e-03,0.000000000000e+00,1000,1
952,1.000000000000e-03,0.000000000000e+00,1000,3
953,1.000000000000e-03,0.000000000000e+00,1000,0
954,1.000000000000e-03,0.000000000000e+00,1000,0
955,1.000000000000e-03,0.000000000000e+00,1000,0
956,1.000000000000e-03,0.000000000000e+00,1000,0
957,1.000000000000e-03,0.000000000000e+00,1000,0
958,1.000000000000e-03,0.000000000000e+00,1000,0
959,1.000000000000e-03,0.000000000000e+00,1000,0
960,1.000000000000e-03,0.000000000000e+00,1000,0
961,1.000000000000e-03,0.000000000000e+00,1000,0
962,1.000000000000e-03,0.000000000000e+00,1000,0
963,1.000000000000e-03,0.000000000000e+00,1000,2
964,1.000000000000e-03,0.000000000000e+00,1000,0
965,1.000000000000e-03,0.000000000000e+00,1000,0
966,1.000000000000e-03,0.000000000000e+00,1000,0
967,1.000000000000e-03,0.000000000000e+00,1000,2
968,1.000000000000e-03,0.000000000000e+00,1000,0
969,1.000000000000e-03,0.000000000000e+00,1000,0
970,1.000000000000e-03,0.000000000000e+00,1000,2
971,1.000000000000e-03,0.000000000000e+00,1000,0
972,1.000000000000e-03,0.000000000000e+00,1000,0
973,1.000000000000e-03,0.000000000000e+00,1000,0
974,1.000000000000e-03,0.000000000000e+00,1000,0
975,1.000000000000e-03,0.000000000000e+00,1000,0
976,1.000000000000e-03,0.000000000000e+00,1000,0
977,1.000000000000e-03,0.000000000000e+00,1000,1
978,1.000000000000e-03,0.000000000000e+00,1000,1
979,1.000000000000e-03,0.000000000000e+00,1000,0
980,1.000000000000e-03,0.000000000000e+00,1000,0
981,1.000000000000e-03,0.000000000000e+00,1000,0
982,1.000000000000e-03,0.000000000000e+00,1000,0
983,1.000000000000e-03,0.000000000000e+00,1000,0
984,1.000000000000e-03,0.000000000000e+00,1000,0
985,1.000000000000e-03,0.000000000000e+00,1000,0
986,1.000000000000e-03,0.000000000000e+00,1000,1
987,1.000000000000e-03,0.000000000000e+00,1000,0
988,1.000000000000e-03,0.000000000000e+00,1000,0
989,1.000000000000e-03,0.000000000000e+00,1000,0
990,1.000000000000e-03,0.000000000000e+00,1000,1
991,1.000000000000e-03,0.000000000000e+00,1000,0
992,1.000000000000e-03,0.000000000000e+00,1000,0
993,1.000000000000e-03,0.000000000000e+00,1000,1
994,1.000000000000e-03,0.000000000000e+00,1000,0
995,1.000000000000e-03,0.000000000000e+00,1000,0
996,1.000000000000e-03,0.000000000000e+00,1000,0
997,1.000000000000e-03,0.000000000000e+00,1000,0
998,1.000000000000e-03,0.000000000000e+00,1000,1
999,1.000000000000e-03,0.000000000000e+00,1000,1
1000,1.000000000000e-03,0.000000000000e+00,1000,0
1001,1.000000000000e-03,0.000000000000e+00,1000,1
1002,1.000000000000e-03,0.000000000000e+00,1000,0
1003,1.000000000000e-03,0.000000000000e+00,1000,1
1004,1.000000000000e-03,0.000000000000e+00,1000,0
1005,1.000000000000e-03,0.000000000000e+00,1000,0
1006,1.000000000000e-03,0.000000000000e+00,1000,1
1007,1.000000000000e-03,0.000000000000e+00,1000,0
1008,1.000000000000e-03,0.000000000000e+00,1000,0
1009,1.000000000000e-03,0.000000000000e+00,1000,2
1010,1.000000000000e-03,0.000000000000e+00,1000,1
1011,1.000000000000e-03,0.000000000000e+00,1000,0
1012,1.000000000000e-03,0.000000000000e+00,1000,0
1013,1.000000000000e-03,0.000000000000e+00,1000,0
1014,1.000000000000e-03,0.000000000000e+00,1000,0
1015,1.000000000000e-03,0.000000000000e+00,1000,0
1016,1.000000000000e-03,0.000000000000e+00,1000,0
1017,1.000000000000e-03,0.000000000000e+00,1000,1
1018,1.000000000000e-03,0.000000000000e+00,1000,1
1019,1.000000000000e-03,0.000000000000e+00,1000,0
1020,1.000000000000e-03,0.000000000000e+00,1000,1
1021,1.000000000000e-03,0.000000000000e+00,1000,1
1022,1.000000000000e-03,0.000000000000e+00,1000,1
1023,1.000000000000e-03,0.000000000000e+00,1000,0
1024,1.000000000000e-03,0.000000000000e+00,1000,0
1025,1.000000000000e-03,0.000000000000e+00,1000,1
1026,1.000000000000e-03,0.000000000000e+00,1000,0
1027,1.000000000000e-03,0.000000000000e+00,1000,1
1028,1.000000000000e-03,0.000000000000e+00,1000,0
1029,1.000000000000e-03,0.000000000000e+00,1000,0
1030,1.000000000000e-03,0.000000000000e+00,1000,1
1031,1.000000000000e-03,0.000000000000e+00,1000,0
1032,1.000000000000e-03,0.000000000000e+00,1000,1
1033,1.000000000000e-03,0.000000000000e+00,1000,0
1034,1.000000000000e-03,0.000000000000e+00,1000,0
1035,1.000000000000e-03,0.000000000000e+00,1000,0
1036,1.000000000000e-03,0.000000000000e+00,1000,0
1037,1.000000000000e-03,0.000000000000e+00,1000,0
1038,1.000000000000e-03,0.000000000000e+00,1000,1
1039,1.000000000000e-03,0.000000000000e+00,1000,2
1040,1.000000000000e-03,0.000000000000e+00,1000,0
1041,1.000000000000e-03,0.000000000000e+00,1000,0
1042,1.000000000000e-03,0.000000000000e+00,1000,2
1043,1.000000000000e-03,0.000000000000e+00,1000,0
1044,1.000000000000e-03,0.000000000000e+00,1000,0
1045,1.000000000000e-03,0.000000000000e+00,1000,0
1046,1.000000000000e-03,0.000000000000e+00,1000,1
1047,1.000000000000e-03,0.000000000000e+00,1000,0
1048,1.000000000000e-03,0.000000000000e+00,1000,0
1049,1.000000000000e-03,0.000000000000e+00,1000,1
1050,1.000000000000e-03,0.000000000000e+00,1000,0
1051,1.000000000000e-03,0.000000000000e+00,1000,0
1052,1.000000000000e-03,0.000000000000e+00,1000,0
1053,1.000000000000e-03,0.000000000000e+00,1000,0
1054,1.000000000000e-03,0.000000000000e+00,1000,0
1055,1.000000000000e-03,0.000000000000e+00,1000,0
1056,1.000000000000e-03,0.000000000000e+00,1000,0
1057,1.000000000000e-03,0.000000000000e+00,1000,0
1058,1.000000000000e-03,0.000000000000e+00,1000,0
1059,1.000000000000e-03,0.000000000000e+00,1000,0
1060,1.000000000000e-03,0.000000000000e+00,1000,1
1061,1.000000000000e-03,0.000000000000e+00,1000,0
1062,1.000000000000e-03,0.000000000000e+00,1000,1
1063,1.000000000000e-03,0.000000000000e+00,1000,0
1064,1.000000000000e-03,0.000000000000e+00,1000,0
1065,1.000000000000e-03,0.000000000000e+00,1000,1
1066,1.000000000000e-03,0.000000000000e+00,1000,0
1067,1.000000000000e-03,0.000000000000e+00,1000,0
1068,1.000000000000e-03,0.000000000000e+00,1000,2
1069,1.000000000000e-03,0.000000000000e+00,1000,0
1070,1.000000000000e-03,0.000000000000e+00,1000,0
1071,1.000000000000e-03,0.000000000000e+00,1000,2
1072,1.000000000000e-03,0.000000000000e+00,1000,1
1073,1.000000000000e-03,0.000000000000e+00,1000,0
1074,1.000000000000e-03,0.000000000000e+00,1000,0
1075,1.000000000000e-03,0.000000000000e+00,1000,0
1076,1.000000000000e-03,0.000000000000e+00,1000,0
1077,1.000000000000e-03,0.000000000000e+00,1000,0
1078,1.000000000000e-03,0.000000000000e+00,1000,0
1079,1.000000000000e-03,0.000000000000e+00,1000,1
1080,1.000000000000e-03,0.000000000000e+00,1000,0
1081,1.000000000000e-03,0.000000000000e+00,1000,0
1082,1.000000000000e-03,0.000000000000e+00,1000,0
1083,1.000000000000e-03,0.000000000000e+00,1000,1
1084,1.000000000000e-03,0.000000000000e+00,1000,0
1085,1.000000000000e-03,0.000000000000e+00,1000,1
1086,1.000000000000e-03,0.000000000000e+00,1000,0
1087,1.000000000000e-03,0.000000000000e+00,1000,0
1088,1.000000000000e-03,0.000000000000e+00,1000,1
1089,1.000000000000e-03,0.000000000000e+00,1000,0
1090,1.000000000000e-03,0.000000000000e+00,1000,0
1091,1.000000000000e-03,0.000000000000e+00,1000,0
1092,1.000000000000e-03,0.000000000000e+00,1000,0
1093,1.000000000000e-03,0.000000000000e+00,1000,0
1094,1.000000000000e-03,0.000000000000e+00,1000,1
1095,1.000000000000e-03,0.000000000000e+00,1000,1
1096,1.000000000000e-03,0.000000000000e+00,1000,0
1097,1.000000000000e-03,0.000000000000e+00,1000,0
1098,1.000000000000e-03,0.000000000000e+00,1000,0
1099,1.000000000000e-03,0.000000000000e+00,1000,1
1100,1.000000000000e-03,0.000000000000e+00,1000,0
1101,1.000000000000e-03,0.000000000000e+00,1000,1
1102,1.000000000000e-03,0.000000000000e+00,1000,1
1103,1.000000000000e-03,0.000000000000e+00,1000,0
1104,1.000000000000e-03,0.000000000000e+00,1000,1
1105,1.000000000000e-03,0.000000000000e+00,1000,1
1106,1.000000000000e-03,0.000000000000e+00,1000,2
1107,1.000000000000e-03,0.000000000000e+00,1000,0
1108,1.000000000000e-03,0.000000000000e+00,1000,0
1109,1.000000000000e-03,0.000000000000e+00,1000,0
1110,1.000000000000e-03,0.000000000000e+00,1000,0
1111,1.000000000000e-03,0.000000000000e+00,1000,1
1112,1.000000000000e-03,0.000000000000e+00,1000,0
1113,1.000000000000e-03,0.000000000000e+00,1000,2
1114,1.000000000000e-03,0.000000000000e+00,1000,0
1115,1.000000000000e-03,0.000000000000e+00,1000,1
1116,1.000000000000e-03,0.000000000000e+00,1000,0
1117,1.000000000000e-03,0.000000000000e+00,1000,0
1118,1.000000000000e-03,0.000000000000e+00,1000,0
1119,1.000000000000e-03,0.000000000000e+00,1000,0
1120,1.000000000000e-03,0.000000000000e+00,1000,0
1121,1.000000000000e-03,0.000000000000e+00,1000,0
1122,1.000000000000e-03,0.000000000000e+00,1000,0
1123,1.000000000000e-03,0.000000000000e+00,1000,2
1124,1.000000000000e-03,0.000000000000e+00,1000,0
1125,1.000000000000e-03,0.000000000000e+00,1000,0
1126,1.000000000000e-03,0.000000000000e+00,1000,0
1127,1.000000000000e-03,0.000000000000e+00,1000,1
1128,1.000000000000e-03,0.000000000000e+00,1000,0
1129,1.000000000000e-03,0.000000000000e+00,1000,0
1130,1.000000000000e-03,0.000000000000e+00,1000,0
1131,1.000000000000e-03,0.000000000000e+00,1000,2
1132,1.000000000000e-03,0.000000000000e+00,1000,0
1133,1.000000000000e-03,0.000000000000e+00,1000,1
1134,1.000000000000e-03,0.000000000000e+00,1000,0
1135,1.000000000000e-03,0.000000000000e+00,1000,0
1136,1.000000000000e-03,0.000000000000e+00,1000,1
1137,1.000000000000e-03,0.000000000000e+00,1000,0
1138,1.000000000000e-03,0.000000000000e+00,1000,0
1139,1.000000000000e-03,0.000000000000e+00,1000,1
1140,1.000000000000e-03,0.000000000000e+00,1000,0
1141,1.000000000000e-03,0.000000000000e+00,1000,0
1142,1.000000000000e-03,0.000000000000e+00,1000,0
1143,1.000000000000e-03,0.000000000000e+00,1000,1
1144,1.000000000000e-03,0.000000000000e+00,1000,0
1145,1.000000000000e-03,0.000000000000e+00,1000,0
1146,1.000000000000e-03,0.000000000000e+00,1000,0
1147,1.000000000000e-03,0.000000000000e+00,1000,0
1148,1.000000000000e-03,0.000000000000e+00,1000,2
1149,1.000000000000e-03,0.000000000000e+00,1000,0
1150,1.000000000000e-03,0.000000000000e+00,1000,1
1151,1.000000000000e-03,0.000000000000e+00,1000,0
1152,1.000000000000e-03,0.000000000000e+00,1000,0
1153,1.000000000000e-03,0.000000000000e+00,1000,0
1154,1.000000000000e-03,0.000000000000e+00,1000,0
1155,1.000000000000e-03,0.000000000000e+00,1000,0
1156,1.000000000000e-03,0.000000000000e+00,1000,1
1157,1.000000000000e-03,0.000000000000e+00,1000,0
1158,1.000000000000e-03,0.000000000000e+00,1000,0
1159,1.000000000000e-03,0.000000000000e+00,1000,0
1160,1.000000000000e-03,0.000000000000e+00,1000,0
1161,1.000000000000e-03,0.000000000000e+00,1000,0
1162,1.000000000000e-03,0.000000000000e+00,1000,0
1163,1.000000000000e-03,0.000000000000e+00,1000,0
1164,1.000000000000e-03,0.000000000000e+00,1000,0
1165,1.000000000000e-03,0.000000000000e+00,1000,0
1166,1.000000000000e-03,0.000000000000e+00,1000,0
1167,1.000000000000e-03,0.000000000000e+00,1000,1
1168,1.000000000000e-03,0.000000000000e+00,1000,0
1169,1.000000000000e-03,0.000000000000e+00,1000,0
1170,1.000000000000e-03,0.000000000000e+00,1000,0
1171,1.000000000000e-03,0.000000000000e+00,1000,1
1172,1.000000000000e-03,0.000000000000e+00,1000,1
1173,1.000000000000e-03,0.000000000000e+00,1000,2
1174,1.000000000000e-03,0.000000000000e+00,1000,1
1175,1.000000000000e-03,0.000000000000e+00,1000,0
1176,1.000000000000e-03,0.000000000000e+00,1000,0
1177,1.000000000000e-03,0.000000000000e+00,1000,0
1178,1.000000000000e-03,0.000000000000e+00,1000,0
1179,1.000000000000e-03,0.000000000000e+00,1000,2
1180,1.000000000000e-03,0.000000000000e+00,1000,0
1181,1.000000000000e-03,0.000000000000e+00,1000,1
1182,1.000000000000e-03,0.000000000000e+00,1000,0
1183,1.000000000000e-03,0.000000000000e+00,1000,1
1184,1.000000000000e-03,0.000000000000e+00,1000,0
1185,1.000000000000e-03,0.000000000000e+00,1000,0
1186,1.000000000000e-03,0.000000000000e+00,1000,0
1187,1.000000000000e-03,0.000000000000e+00,1000,0
1188,1.000000000000e-03,0.000000000000e+00,1000,0
1189,1.000000000000e-03,0.000000000000e+00,1000,0
1190,1.000000000000e-03,0.000000000000e+00,1000,0
1191,1.000000000000e-03,0.000000000000e+00,1000,0
1192,1.000000000000e-03,0.000000000000e+00,1000,1
1193,1.000000000000e-03,0.000000000000e+00,1000,1
1194,1.000000000000e-03,0.000000000000e+00,1000,1
1195,1.000000000000e-03,0.000000000000e+00,1000,0
1196,1.000000000000e-03,0.000000000000e+00,1000,0
1197,1.000000000000e-03,0.000000000000e+00,1000,1
1198,1.000000000000e-03,0.000000000000e+00,1000,0
1199,1.000000000000e-03,0.000000000000e+00,1000,0
1200,1.000000000000e-03,0.000000000000e+00,1000,1
1201,1.000000000000e-03,0.000000000000e+00,2000,2
1202,1.000000000000e-03,0.000000000000e+00,2000,1
1203,1.000000000000e-03,0.000000000000e+00,2000,0
1204,1.000000000000e-03,0.000000000000e+00,2000,1
1205,1.000000000000e-03,0.000000000000e+00,2000,1
1206,1.000000000000e-03,0.000000000000e+00,2000,0
1207,1.000000000000e-03,0.000000000000e+00,2000,0
1208,1.000000000000e-03,0.000000000000e+00,2000,1
1209,1.000000000000e-03,0.000000000000e+00,2000,1
1210,1.000000000000e-03,0.000000000000e+00,2000,1
1211,1.000000000000e-03,0.000000000000e+00,2000,0
1212,1.000000000000e-03,0.000000000000e+00,2000,2
1213,1.000000000000e-03,0.000000000000e+00,2000,0
1214,1.000000000000e-03,0.000000000000e+00,2000,0
1215,1.000000000000e-03,0.000000000000e+00,2000,1
1216,1.000000000000e-03,0.000000000000e+00,2000,0
1217,1.000000000000e-03,0.000000000000e+00,2000,0
1218,1.000000000000e-03,0.000000000000e+00,2000,0
1219,1.000000000000e-03,0.000000000000e+00,2000,0
1220,1.000000000000e-03,0.000000000000e+00,2000,0
1221,1.000000000000e-03,0.000000000000e+00,2000,0
1222,1.000000000000e-03,0.000000000000e+00,2000,1
1223,1.000000000000e-03,0.000000000000e+00,2000,2
1224,1.000000000000e-03,0.000000000000e+00,2000,0
1225,1.000000000000e-03,0.000000000000e+00,2000,1
1226,1.000000000000e-03,0.000000000000e+00,2000,1
1227,1.000000000000e-03,0.000000000000e+00,2000,1
1228,1.000000000000e-03,0.000000000000e+00,2000,1
1229,1.000000000000e-03,0.000000000000e+00,2000,0
1230,1.000000000000e-03,0.000000000000e+00,2000,0
1231,1.000000000000e-03,0.000000000000e+00,2000,0
1232,1.000000000000e-03,0.000000000000e+00,2000,0
1233,1.000000000000e-03,0.000000000000e+00,2000,1
1234,1.000000000000e-03,0.000000000000e+00,2000,1
1235,1.000000000000e-03,0.000000000000e+00,2000,0
1236,1.000000000000e-03,0.000000000000e+00,2000,0
1237,1.000000000000e-03,0.000000000000e+00,2000,0
1238,1.000000000000e-03,0.000000000000e+00,2000,2
1239,1.000000000000e-03,0.000000000000e+00,2000,2
1240,1.000000000000e-03,0.000000000000e+00,2000,0
1241,1.000000000000e-03,0.000000000000e+00,2000,0
1242,1.000000000000e-03,0.000000000000e+00,2000,3
1243,1.000000000000e-03,0.000000000000e+00,2000,0
1244,1.000000000000e-03,0.000000000000e+00,2000,2
1245,1.000000000000e-03,0.000000000000e+00,2000,0
1246,1.000000000000e-03,0.000000000000e+00,2000,1
1247,1.000000000000e-03,0.000000000000e+00,2000,0
1248,1.000000000000e-03,0.000000000000e+00,2000,0
1249,1.000000000000e-03,0.000000000000e+00,2000,0
1250,1.000000000000e-03,0.000000000000e+00,2000,0
1251,1.000000000000e-03,0.000000000000e+00,2000,0
1252,1.000000000000e-03,0.000000000000e+00,2000,1
1253,1.000000000000e-03,0.000000000000e+00,2000,1
1254,1.000000000000e-03,0.000000000000e+00,2000,0
1255,1.000000000000e-03,0.000000000000e+00,2000,0
1256,1.000000000000e-03,0.000000000000e+00,2000,2
1257,1.000000000000e-03,0.000000000000e+00,2000,1
1258,1.000000000000e-03,0.000000000000e+00,2000,2
1259,1.000000000000e-03,0.000000000000e+00,2000,0
1260,1.000000000000e-03,0.000000000000e+00,2000,0
1261,1.000000000000e-03,0.000000000000e+00,2000,0
1262,1.000000000000e-03,0.000000000000e+00,2000,1
1263,1.000000000000e-03,0.000000000000e+00,2000,1
1264,1.000000000000e-03,0.000000000000e+00,2000,2
1265,1.000000000000e-03,0.000000000000e+00,2000,0
1266,1.000000000000e-03,0.000000000000e+00,2000,0
1267,1.000000000000e-03,0.000000000000e+00,2000,2
1268,1.000000000000e-03,0.000000000000e+00,2000,1
1269,1.000000000000e-03,0.000000000000e+00,2000,2
1270,1.000000000000e-03,0.000000000000e+00,2000,1
1271,1.000000000000e-03,0.000000000000e+00,2000,0
1272,1.000000000000e-03,0.000000000000e+00,2000,2
1273,1.000000000000e-03,0.000000000000e+00,2000,0
1274,1.000000000000e-03,0.000000000000e+00,2000,4
1275,1.000000000000e-03,0.000000000000e+00,2000,1
1276,1.000000000000e-03,0.000000000000e+00,2000,0
1277,1.000000000000e-03,0.000000000000e+00,2000,1
1278,1.000000000000e-03,0.000000000000e+00,2000,0
1279,1.000000000000e-03,0.000000000000e+00,2000,1
1280,1.000000000000e-03,0.000000000000e+00,2000,1
1281,1.000000000000e-03,0.000000000000e+00,2000,1
1282,1.000000000000e-03,0.000000000000e+00,2000,0
1283,1.000000000000e-03,0.000000000000e+00,2000,0
1284,1.000000000000e-03,0.000000000000e+00,2000,1
1285,1.000000000000e-03,0.000000000000e+00,2000,1
1286,1.000000000000e-03,0.000000000000e+00,2000,1
1287,1.000000000000e-03,0.000000000000e+00,2000,0
1288,1.000000000000e-03,0.000000000000e+00,2000,0
1289,1.000000000000e-03,0.000000000000e+00,2000,1
1290,1.000000000000e-03,0.000000000000e+00,2000,0
1291,1.000000000000e-03,0.000000000000e+00,2000,1
1292,1.000000000000e-03,0.000000000000e+00,2000,0
1293,1.000000000000e-03,0.000000000000e+00,2000,2
1294,1.000000000000e-03,0.000000000000e+00,2000,0
1295,1.000000000000e-03,0.000000000000e+00,2000,0
1296,1.000000000000e-03,0.000000000000e+00,2000,0
1297,1.000000000000e-03,0.000000000000e+00,2000,0
1298,1.000000000000e-03,0.000000000000e+00,2000,1
1299,1.000000000000e-03,0.000000000000e+00,2000,1
1300,1.000000000000e-03,0.000000000000e+00,2000,0
1301,1.000000000000e-03,0.000000000000e+00,2000,0
1302,1.000000000000e-03,0.000000000000e+00,2000,0
1303,1.000000000000e-03,0.000000000000e+00,2000,2
1304,1.000000000000e-03,0.000000000000e+00,2000,0
1305,1.000000000000e-03,0.000000000000e+00,2000,0
1306,1.000000000000e-03,0.000000000000e+00,2000,0
1307,1.000000000000e-03,0.000000000000e+00,2000,2
1308,1.000000000000e-03,0.000000000000e+00,2000,1
1309,1.000000000000e-03,0.000000000000e+00,2000,0
1310,1.000000000000e-03,0.000000000000e+00,2000,1
1311,1.000000000000e-03,0.000000000000e+00,2000,2
1312,1.000000000000e-03,0.000000000000e+00,2000,0
1313,1.000000000000e-03,0.000000000000e+00,2000,2
1314,1.000000000000e-03,0.000000000000e+00,2000,1
1315,1.000000000000e-03,0.000000000000e+00,2000,1
1316,1.000000000000e-03,0.000000000000e+00,2000,0
1317,1.000000000000e-03,0.000000000000e+00,2000,2
1318,1.000000000000e-03,0.000000000000e+00,2000,1
1319,1.000000000000e-03,0.000000000000e+00,2000,0
1320,1.000000000000e-03,0.000000000000e+00,2000,0
1321,1.000000000000e-03,0.000000000000e+00,2000,0
1322,1.000000000000e-03,0.000000000000e+00,2000,0
1323,1.000000000000e-03,0.000000000000e+00,2000,0
1324,1.000000000000e-03,0.000000000000e+00,2000,1
1325,1.000000000000e-03,0.000000000000e+00,2000,0
1326,1.000000000000e-03,0.000000000000e+00,2000,1
1327,1.000000000000e-03,0.000000000000e+00,2000,0
1328,1.000000000000e-03,0.000000000000e+00,2000,0
1329,1.000000000000e-03,0.000000000000e+00,2000,0
1330,1.000000000000e-03,0.000000000000e+00,2000,1
1331,1.000000000000e-03,0.000000000000e+00,2000,0
1332,1.000000000000e-03,0.000000000000e+00,2000,1
1333,1.000000000000e-03,0.000000000000e+00,2000,1
1334,1.000000000000e-03,0.000000000000e+00,2000,0
1335,1.000000000000e-03,0.000000000000e+00,2000,2
1336,1.000000000000e-03,0.000000000000e+00,2000,0
1337,1.000000000000e-03,0.000000000000e+00,2000,1
1338,1.000000000000e-03,0.000000000000e+00,2000,2
1339,1.000000000000e-03,0.000000000000e+00,2000,1
1340,1.000000000000e-03,0.000000000000e+00,2000,0
1341,1.000000000000e-03,0.000000000000e+00,2000,2
1342,1.000000000000e-03,0.000000000000e+00,2000,2
1343,1.000000000000e-03,0.000000000000e+00,2000,1
1344,1.000000000000e-03,0.000000000000e+00,2000,0
1345,1.000000000000e-03,0.000000000000e+00,2000,1
1346,1.000000000000e-03,0.000000000000e+00,2000,2
1347,1.000000000000e-03,0.000000000000e+00,2000,0
1348,1.000000000000e-03,0.000000000000e+00,2000,0
1349,1.000000000000e-03,0.000000000000e+00,2000,0
1350,1.000000000000e-03,0.000000000000e+00,2000,1
1351,1.000000000000e-03,0.000000000000e+00,2000,1
1352,1.000000000000e-03,0.000000000000e+00,2000,1
1353,1.000000000000e-03,0.000000000000e+00,2000,0
1354,1.000000000000e-03,0.000000000000e+00,2000,0
1355,1.000000000000e-03,0.000000000000e+00,2000,2
1356,1.000000000000e-03,0.000000000000e+00,2000,0
1357,1.000000000000e-03,0.000000000000e+00,2000,3
1358,1.000000000000e-03,0.000000000000e+00,2000,2
1359,1.000000000000e-03,0.000000000000e+00,2000,0
1360,1.000000000000e-03,0.000000000000e+00,2000,0
1361,1.000000000000e-03,0.000000000000e+00,2000,0
1362,1.000000000000e-03,0.000000000000e+00,2000,0
1363,1.000000000000e-03,0.000000000000e+00,2000,0
1364,1.000000000000e-03,0.000000000000e+00,2000,2
1365,1.000000000000e-03,0.000000000000e+00,2000,2
1366,1.000000000000e-03,0.000000000000e+00,2000,2
1367,1.000000000000e-03,0.000000000000e+00,2000,1
1368,1.000000000000e-03,0.000000000000e+00,2000,0
1369,1.000000000000e-03,0.000000000000e+00,2000,0
1370,1.000000000000e-03,0.000000000000e+00,2000,0
1371,1.000000000000e-03,0.000000000000e+00,2000,1
1372,1.000000000000e-03,0.000000000000e+00,2000,0
1373,1.000000000000e-03,0.000000000000e+00,2000,0
1374,1.000000000000e-03,0.000000000000e+00,2000,0
1375,1.000000000000e-03,0.000000000000e+00,2000,1
1376,1.000000000000e-03,0.000000000000e+00,2000,0
1377,1.000000000000e-03,0.000000000000e+00,2000,1
1378,1.000000000000e-03,0.000000000000e+00,2000,0
1379,1.000000000000e-03,0.000000000000e+00,2000,0
1380,1.000000000000e-03,0.000000000000e+00,2000,1
1381,1.000000000000e-03,0.000000000000e+00,2000,0
1382,1.000000000000e-03,0.000000000000e+00,2000,1
1383,1.000000000000e-03,0.000000000000e+00,2000,1
1384,1.000000000000e-03,0.000000000000e+00,2000,1
1385,1.000000000000e-03,0.000000000000e+00,2000,0
1386,1.000000000000e-03,0.000000000000e+00,2000,0
1387,1.000000000000e-03,0.000000000000e+00,2000,1
1388,1.000000000000e-03,0.000000000000e+00,2000,1
1389,1.000000000000e-03,0.000000000000e+00,2000,0
1390,1.000000000000e-03,0.000000000000e+00,2000,0
1391,1.000000000000e-03,0.000000000000e+00,2000,2
1392,1.000000000000e-03,0.000000000000e+00,2000,0
1393,1.000000000000e-03,0.000000000000e+00,2000,3
1394,1.000000000000e-03,0.000000000000e+00,2000,0
1395,1.000000000000e-03,0.000000000000e+00,2000,1
1396,1.000000000000e-03,0.000000000000e+00,2000,0
1397,1.000000000000e-03,0.000000000000e+00,2000,1
1398,1.000000000000e-03,0.000000000000e+00,2000,0
1399,1.000000000000e-03,0.000000000000e+00,2000,0
1400,1.000000000000e-03,0.000000000000e+00,2000,1
1401,1.000000000000e-03,0.000000000000e+00,2000,1
1402,1.000000000000e-03,0.000000000000e+00,2000,1
1403,1.000000000000e-03,0.000000000000e+00,2000,2
1404,1.000000000000e-03,0.000000000000e+00,2000,0
1405,1.000000000000e-03,0.000000000000e+00,2000,0
1406,1.000000000000e-03,0.000000000000e+00,2000,0
1407,1.000000000000e-03,0.000000000000e+00,2000,0
1408,1.000000000000e-03,0.000000000000e+00,2000,0
1409,1.000000000000e-03,0.000000000000e+00,2000,1
1410,1.000000000000e-03,0.000000000000e+00,2000,0
1411,1.000000000000e-03,0.000000000000e+00,2000,3
1412,1.000000000000e-03,0.000000000000e+00,2000,0
1413,1.000000000000e-03,0.000000000000e+00,2000,1
1414,1.000000000000e-03,0.000000000000e+00,2000,0
1415,1.000000000000e-03,0.000000000000e+00,2000,0
1416,1.000000000000e-03,0.000000000000e+00,2000,1
1417,1.000000000000e-03,0.000000000000e+00,2000,1
1418,1.000000000000e-03,0.000000000000e+00,2000,1
1419,1.000000000000e-03,0.000000000000e+00,2000,0
1420,1.000000000000e-03,0.000000000000e+00,2000,0
1421,1.000000000000e-03,0.000000000000e+00,2000,0
1422,1.000000000000e-03,0.000000000000e+00,2000,0
1423,1.000000000000e-03,0.000000000000e+00,2000,1
1424,1.000000000000e-03,0.000000000000e+00,2000,0
1425,1.000000000000e-03,0.000000000000e+00,2000,0
1426,1.000000000000e-03,0.000000000000e+00,2000,1
1427,1.000000000000e-03,0.000000000000e+00,2000,0
1428,1.000000000000e-03,0.000000000000e+00,2000,0
1429,1.000000000000e-03,0.000000000000e+00,2000,0
1430,1.000000000000e-03,0.000000000000e+00,2000,1
1431,1.000000000000e-03,0.000000000000e+00,2000,0
1432,1.000000000000e-03,0.000000000000e+00,2000,1
1433,1.000000000000e-03,0.000000000000e+00,2000,0
1434,1.000000000000e-03,0.000000000000e+00,2000,0
1435,1.000000000000e-03,0.000000000000e+00,2000,1
1436,1.000000000000e-03,0.000000000000e+00,2000,1
1437,1.000000000000e-03,0.000000000000e+00,2000,3
1438,1.000000000000e-03,0.000000000000e+00,2000,0
1439,1.000000000000e-03,0.000000000000e+00,2000,1
1440,1.000000000000e-03,0.000000000000e+00,2000,2
1441,1.000000000000e-03,0.000000000000e+00,2000,0
1442,1.000000000000e-03,0.000000000000e+00,2000,1
1443,1.000000000000e-03,0.000000000000e+00,2000,1
1444,1.000000000000e-03,0.000000000000e+00,2000,2
1445,1.000000000000e-03,0.000000000000e+00,2000,0
1446,1.000000000000e-03,0.000000000000e+00,2000,1
1447,1.000000000000e-03,0.000000000000e+00,2000,0
1448,1.000000000000e-03,0.000000000000e+00,2000,1
1449,1.000000000000e-03,0.000000000000e+00,2000,0
1450,1.000000000000e-03,0.000000000000e+00,2000,3
1451,1.000000000000e-03,0.000000000000e+00,2000,1
1452,1.000000000000e-03,0.000000000000e+00,2000,1
1453,1.000000000000e-03,0.000000000000e+00,2000,1
1454,1.000000000000e-03,0.000000000000e+00,2000,1
1455,1.000000000000e-03,0.000000000000e+00,2000,1
1456,1.000000000000e-03,0.000000000000e+00,2000,0
1457,1.000000000000e-03,0.000000000000e+00,2000,0
1458,1.000000000000e-03,0.000000000000e+00,2000,1
1459,1.000000000000e-03,0.000000000000e+00,2000,1
1460,1.000000000000e-03,0.000000000000e+00,2000,0
1461,1.000000000000e-03,0.000000000000e+00,2000,1
1462,1.000000000000e-03,0.000000000000e+00,2000,0
1463,1.000000000000e-03,0.000000000000e+00,2000,0
1464,1.000000000000e-03,0.000000000000e+00,2000,0
1465,1.000000000000e-03,0.000000000000e+00,2000,2
1466,1.000000000000e-03,0.000000000000e+00,2000,0
1467,1.000000000000e-03,0.000000000000e+00,2000,0
1468,1.000000000000e-03,0.000000000000e+00,2000,0
1469,1.000000000000e-03,0.000000000000e+00,2000,1
1470,1.000000000000e-03,0.000000000000e+00,2000,0
1471,1.000000000000e-03,0.000000000000e+00,2000,0
1472,1.000000000000e-03,0.000000000000e+00,2000,1
1473,1.000000000000e-03,0.000000000000e+00,2000,0
1474,1.000000000000e-03,0.000000000000e+00,2000,2
1475,1.000000000000e-03,0.000000000000e+00,2000,1
1476,1.000000000000e-03,0.000000000000e+00,2000,0
1477,1.000000000000e-03,0.000000000000e+00,2000,0
1478,1.000000000000e-03,0.000000000000e+00,2000,1
1479,1.000000000000e-03,0.000000000000e+00,2000,1
1480,1.000000000000e-03,0.000000000000e+00,2000,0
1481,1.000000000000e-03,0.000000000000e+00,2000,0
1482,1.000000000000e-03,0.000000000000e+00,2000,3
1483,1.000000000000e-03,0.000000000000e+00,2000,1
1484,1.000000000000e-03,0.000000000000e+00,2000,0
1485,1.000000000000e-03,0.000000000000e+00,2000,0
1486,1.000000000000e-03,0.000000000000e+00,2000,1
1487,1.000000000000e-03,0.000000000000e+00,2000,1
1488,1.000000000000e-03,0.000000000000e+00,2000,0
1489,1.000000000000e-03,0.000000000000e+00,2000,0
1490,1.000000000000e-03,0.000000000000e+00,2000,2
1491,1.000000000000e-03,0.000000000000e+00,2000,2
1492,1.000000000000e-03,0.000000000000e+00,2000,0
1493,1.000000000000e-03,0.000000000000e+00,2000,3
1494,1.000000000000e-03,0.000000000000e+00,2000,0
1495,1.000000000000e-03,0.000000000000e+00,2000,0
1496,1.000000000000e-03,0.000000000000e+00,2000,0
1497,1.000000000000e-03,0.000000000000e+00,2000,0
1498,1.000000000000e-03,0.000000000000e+00,2000,1
1499,1.000000000000e-03,0.000000000000e+00,2000,2
1500,1.000000000000e-03,0.000000000000e+00,2000,0
1501,1.000000000000e-03,0.000000000000e+00,2000,0
1502,1.000000000000e-03,0.000000000000e+00,2000,1
1503,1.000000000000e-03,0.000000000000e+00,2000,0
1504,1.000000000000e-03,0.000000000000e+00,2000,0
1505,1.000000000000e-03,0.000000000000e+00,2000,0
1506,1.000000000000e-03,0.000000000000e+00,2000,1
1507,1.000000000000e-03,0.000000000000e+00,2000,0
1508,1.000000000000e-03,0.000000000000e+00,2000,0
1509,1.000000000000e-03,0.000000000000e+00,2000,0
1510,1.000000000000e-03,0.000000000000e+00,2000,0
1511,1.000000000000e-03,0.000000000000e+00,2000,1
1512,1.000000000000e-03,0.000000000000e+00,2000,0
1513,1.000000000000e-03,0.000000000000e+00,2000,0
1514,1.000000000000e-03,0.000000000000e+00,2000,1
1515,1.000000000000e-03,0.000000000000e+00,2000,1
1516,1.000000000000e-03,0.000000000000e+00,2000,0
1517,1.000000000000e-03,0.000000000000e+00,2000,0
1518,1.000000000000e-03,0.000000000000e+00,2000,0
1519,1.000000000000e-03,0.000000000000e+00,2000,0
1520,1.000000000000e-03,0.000000000000e+00,2000,3
1521,1.000000000000e-03,0.000000000000e+00,2000,1
1522,1.000000000000e-03,0.000000000000e+00,2000,1
1523,1.000000000000e-03,0.000000000000e+00,2000,0
1524,1.000000000000e-03,0.000000000000e+00,2000,0
1525,1.000000000000e-03,0.000000000000e+00,2000,0
1526,1.000000000000e-03,0.000000000000e+00,2000,0
1527,1.000000000000e-03,0.000000000000e+00,2000,0
1528,1.000000000000e-03,0.000000000000e+00,2000,1
1529,1.000000000000e-03,0.000000000000e+00,2000,0
1530,1.000000000000e-03,0.000000000000e+00,2000,1
1531,1.000000000000e-03,0.000000000000e+00,2000,0
1532,1.000000000000e-03,0.000000000000e+00,2000,0
1533,1.000000000000e-03,0.000000000000e+00,2000,1
1534,1.000000000000e-03,0.000000000000e+00,2000,1
1535,1.000000000000e-03,0.000000000000e+00,2000,0
1536,1.000000000000e-03,0.000000000000e+00,2000,0
1537,1.000000000000e-03,0.000000000000e+00,2000,1
1538,1.000000000000e-03,0.000000000000e+00,2000,2
1539,1.000000000000e-03,0.000000000000e+00,2000,0
1540,1.000000000000e-03,0.000000000000e+00,2000,0
1541,1.000000000000e-03,0.000000000000e+00,2000,0
1542,1.000000000000e-03,0.000000000000e+00,2000,0
1543,1.000000000000e-03,0.000000000000e+00,2000,0
1544,1.000000000000e-03,0.000000000000e+00,2000,0
1545,1.000000000000e-03,0.000000000000e+00,2000,1
1546,1.000000000000e-03,0.000000000000e+00,2000,1
1547,1.000000000000e-03,0.000000000000e+00,2000,0
1548,1.000000000000e-03,0.000000000000e+00,2000,2
1549,1.000000000000e-03,0.000000000000e+00,2000,0
1550,1.000000000000e-03,0.000000000000e+00,2000,0
1551,1.000000000000e-03,0.000000000000e+00,2000,0
1552,1.000000000000e-03,0.000000000000e+00,2000,1
1553,1.000000000000e-03,0.000000000000e+00,2000,2
1554,1.000000000000e-03,0.000000000000e+00,2000,1
1555,1.000000000000e-03,0.000000000000e+00,2000,2
1556,1.000000000000e-03,0.000000000000e+00,2000,0
1557,1.000000000000e-03,0.000000000000e+00,2000,0
1558,1.000000000000e-03,0.000000000000e+00,2000,1
1559,1.000000000000e-03,0.000000000000e+00,2000,0
1560,1.000000000000e-03,0.000000000000e+00,2000,0
1561,1.000000000000e-03,0.000000000000e+00,2000,0
1562,1.000000000000e-03,0.000000000000e+00,2000,2
1563,1.000000000000e-03,0.000000000000e+00,2000,1
1564,1.000000000000e-03,0.000000000000e+00,2000,1
1565,1.000000000000e-03,0.000000000000e+00,2000,0
1566,1.000000000000e-03,0.000000000000e+00,2000,2
1567,1.000000000000e-03,0.000000000000e+00,2000,0
1568,1.000000000000e-03,0.000000000000e+00,2000,1
1569,1.000000000000e-03,0.000000000000e+00,2000,4
1570,1.000000000000e-03,0.000000000000e+00,2000,1
1571,1.000000000000e-03,0.000000000000e+00,2000,0
1572,1.000000000000e-03,0.000000000000e+00,2000,0
1573,1.000000000000e-03,0.000000000000e+00,2000,0
1574,1.000000000000e-03,0.000000000000e+00,2000,0
1575,1.000000000000e-03,0.000000000000e+00,2000,1
1576,1.000000000000e-03,0.000000000000e+00,2000,0
1577,1.000000000000e-03,0.000000000000e+00,2000,1
1578,1.000000000000e-03,0.000000000000e+00,2000,1
1579,1.000000000000e-03,0.000000000000e+00,2000,2
1580,1.000000000000e-03,0.000000000000e+00,2000,1
1581,1.000000000000e-03,0.000000000000e+00,2000,1
1582,1.000000000000e-03,0.000000000000e+00,2000,2
1583,1.000000000000e-03,0.000000000000e+00,2000,0
1584,1.000000000000e-03,0.000000000000e+00,2000,0
1585,1.000000000000e-03,0.000000000000e+00,2000,1
1586,1.000000000000e-03,0.000000000000e+00,2000,1
1587,1.000000000000e-03,0.000000000000e+00,2000,0
1588,1.000000000000e-03,0.000000000000e+00,2000,0
1589,1.000000000000e-03,0.000000000000e+00,2000,0
1590,1.000000000000e-03,0.000000000000e+00,2000,0
1591,1.000000000000e-03,0.000000000000e+00,2000,2
1592,1.000000000000e-03,0.000000000000e+00,2000,0
1593,1.000000000000e-03,0.000000000000e+00,2000,1
1594,1.000000000000e-03,0.000000000000e+00,2000,2
1595,1.000000000000e-03,0.000000000000e+00,2000,1
1596,1.000000000000e-03,0.000000000000e+00,2000,1
1597,1.000000000000e-03,0.000000000000e+00,2000,2
1598,1.000000000000e-03,0.000000000000e+00,2000,1
1599,1.000000000000e-03,0.000000000000e+00,2000,0
1600,1.000000000000e-03,0.000000000000e+00,2000,0
1601,1.000000000000e-03,1.000000000000e-03,200,0
1602,1.000000000000e-03,1.000000000000e-03,200,1
1603,1.000000000000e-03,1.000000000000e-03,200,0
1604,1.000000000000e-03,1.000000000000e-03,200,0
1605,1.000000000000e-03,1.000000000000e-03,200,0
1606,1.000000000000e-03,1.000000000000e-03,200,0
1607,1.000000000000e-03,1.000000000000e-03,200,0
1608,1.000000000000e-03,1.000000000000e-03,200,0
1609,1.000000000000e-03,1.000000000000e-03,200,0
1610,1.000000000000e-03,1.000000000000e-03,200,0
1611,1.000000000000e-03,1.000000000000e-03,200,0
1612,1.000000000000e-03,1.000000000000e-03,200,1
1613,1.000000000000e-03,1.000000000000e-03,200,0
1614,1.000000000000e-03,1.000000000000e-03,200,0
1615,1.000000000000e-03,1.000000000000e-03,200,0
1616,1.000000000000e-03,1.000000000000e-03,200,0
1617,1.000000000000e-03,1.000000000000e-03,200,0
1618,1.000000000000e-03,1.000000000000e-03,200,0
1619,1.000000000000e-03,1.000000000000e-03,200,0
1620,1.000000000000e-03,1.000000000000e-03,200,0
1621,1.000000000000e-03,1.000000000000e-03,200,0
1622,1.000000000000e-03,1.000000000000e-03,200,0
1623,1.000000000000e-03,1.000000000000e-03,200,0
1624,1.000000000000e-03,1.000000000000e-03,200,0
1625,1.000000000000e-03,1.000000000000e-03,200,0
1626,1.000000000000e-03,1.000000000000e-03,200,1
1627,1.000000000000e-03,1.000000000000e-03,200,0
1628,1.000000000000e-03,1.000000000000e-03,200,0
1629,1.000000000000e-03,1.000000000000e-03,200,0
1630,1.000000000000e-03,1.000000000000e-03,200,0
1631,1.000000000000e-03,1.000000000000e-03,200,0
1632,1.000000000000e-03,1.000000000000e-03,200,0
1633,1.000000000000e-03,1.000000000000e-03,200,0
1634,1.000000000000e-03,1.000000000000e-03,200,0
1635,1.000000000000e-03,1.000000000000e-03,200,0
1636,1.000000000000e-03,1.000000000000e-03,200,0
1637,1.000000000000e-03,1.000000000000e-03,200,0
1638,1.000000000000e-03,1.000000000000e-03,200,0
1639,1.000000000000e-03,1.000000000000e-03,200,0
1640,1.000000000000e-03,1.000000000000e-03,200,0
1641,1.000000000000e-03,1.000000000000e-03,200,0
1642,1.000000000000e-03,1.000000000000e-03,200,0
1643,1.000000000000e-03,1.000000000000e-03,200,0
1644,1.000000000000e-03,1.000000000000e-03,200,1
1645,1.000000000000e-03,1.000000000000e-03,200,0
1646,1.000000000000e-03,1.000000000000e-03,200,0
1647,1.000000000000e-03,1.000000000000e-03,200,0
1648,1.000000000000e-03,1.000000000000e-03,200,0
1649,1.000000000000e-03,1.000000000000e-03,200,0
1650,1.000000000000e-03,1.000000000000e-03,200,0
1651,1.000000000000e-03,1.000000000000e-03,200,0
1652,1.000000000000e-03,1.000000000000e-03,200,0
1653,1.000000000000e-03,1.000000000000e-03,200,1
1654,1.000000000000e-03,1.000000000000e-03,200,0
1655,1.000000000000e-03,1.000000000000e-03,200,0
1656,1.000000000000e-03,1.000000000000e-03,200,0
1657,1.000000000000e-03,1.000000000000e-03,200,2
1658,1.000000000000e-03,1.000000000000e-03,200,0
1659,1.000000000000e-03,1.000000000000e-03,200,1
1660,1.000000000000e-03,1.000000000000e-03,200,1
1661,1.000000000000e-03,1.000000000000e-03,200,0
1662,1.000000000000e-03,1.000000000000e-03,200,0
1663,1.000000000000e-03,1.000000000000e-03,200,0
1664,1.000000000000e-03,1.000000000000e-03,200,0
1665,1.000000000000e-03,1.000000000000e-03,200,1
1666,1.000000000000e-03,1.000000000000e-03,200,1
1667,1.000000000000e-03,1.000000000000e-03,200,0
1668,1.000000000000e-03,1.000000000000e-03,200,0
1669,1.000000000000e-03,1.000000000000e-03,200,0
1670,1.000000000000e-03,1.000000000000e-03,200,0
1671,1.000000000000e-03,1.000000000000e-03,200,0
1672,1.000000000000e-03,1.000000000000e-03,200,0
1673,1.000000000000e-03,1.000000000000e-03,200,0
1674,1.000000000000e-03,1.000000000000e-03,200,0
1675,1.000000000000e-03,1.000000000000e-03,200,0
1676,1.000000000000e-03,1.000000000000e-03,200,1
1677,1.000000000000e-03,1.000000000000e-03,200,0
1678,1.000000000000e-03,1.000000000000e-03,200,0
1679,1.000000000000e-03,1.000000000000e-03,200,0
1680,1.000000000000e-03,1.000000000000e-03,200,1
1681,1.000000000000e-03,1.000000000000e-03,200,0
1682,1.000000000000e-03,1.000000000000e-03,200,0
1683,1.000000000000e-03,1.000000000000e-03,200,1
1684,1.000000000000e-03,1.000000000000e-03,200,0
1685,1.000000000000e-03,1.000000000000e-03,200,0
1686,1.000000000000e-03,1.000000000000e-03,200,0
1687,1.000000000000e-03,1.000000000000e-03,200,0
1688,1.000000000000e-03,1.000000000000e-03,200,1
1689,1.000000000000e-03,1.000000000000e-03,200,0
1690,1.000000000000e-03,1.000000000000e-03,200,0
1691,1.000000000000e-03,1.000000000000e-03,200,1
1692,1.000000000000e-03,1.000000000000e-03,200,0
1693,1.000000000000e-03,1.000000000000e-03,200,0
1694,1.000000000000e-03,1.000000000000e-03,200,0
1695,1.000000000000e-03,1.000000000000e-03,200,0
1696,1.000000000000e-03,1.000000000000e-03,200,1
1697,1.000000000000e-03,1.000000000000e-03,200,0
1698,1.000000000000e-03,1.000000000000e-03,200,0
1699,1.000000000000e-03,1.000000000000e-03,200,0
1700,1.000000000000e-03,1.000000000000e-03,200,0
1701,1.000000000000e-03,1.000000000000e-03,200,0
1702,1.000000000000e-03,1.000000000000e-03,200,0
1703,1.000000000000e-03,1.000000000000e-03,200,0
1704,1.000000000000e-03,1.000000000000e-03,200,0
1705,1.000000000000e-03,1.000000000000e-03,200,1
1706,1.000000000000e-03,1.000000000000e-03,200,1
1707,1.000000000000e-03,1.000000000000e-03,200,0
1708,1.000000000000e-03,1.000000000000e-03,200,0
1709,1.000000000000e-03,1.000000000000e-03,200,0
1710,1.000000000000e-03,1.000000000000e-03,200,0
1711,1.000000000000e-03,1.000000000000e-03,200,1
1712,1.000000000000e-03,1.000000000000e-03,200,0
1713,1.000000000000e-03,1.000000000000e-03,200,0
1714,1.000000000000e-03,1.000000000000e-03,200,0
1715,1.000000000000e-03,1.000000000000e-03,200,1
1716,1.000000000000e-03,1.000000000000e-03,200,0
1717,1.000000000000e-03,1.000000000000e-03,200,1
1718,1.000000000000e-03,1.000000000000e-03,200,0
1719,1.000000000000e-03,1.000000000000e-03,200,0
1720,1.000000000000e-03,1.000000000000e-03,200,0
1721,1.000000000000e-03,1.000000000000e-03,200,1
1722,1.000000000000e-03,1.000000000000e-03,200,0
1723,1.000000000000e-03,1.000000000000e-03,200,0
1724,1.000000000000e-03,1.000000000000e-03,200,0
1725,1.000000000000e-03,1.000000000000e-03,200,1
1726,1.000000000000e-03,1.000000000000e-03,200,0
1727,1.000000000000e-03,1.000000000000e-03,200,0
1728,1.000000000000e-03,1.000000000000e-03,200,0
1729,1.000000000000e-03,1.000000000000e-03,200,0
1730,1.000000000000e-03,1.000000000000e-03,200,0
1731,1.000000000000e-03,1.000000000000e-03,200,0
1732,1.000000000000e-03,1.000000000000e-03,200,1
1733,1.000000000000e-03,1.000000000000e-03,200,0
1734,1.000000000000e-03,1.000000000000e-03,200,1
1735,1.000000000000e-03,1.000000000000e-03,200,1
1736,1.000000000000e-03,1.000000000000e-03,200,0
1737,1.000000000000e-03,1.000000000000e-03,200,0
1738,1.000000000000e-03,1.000000000000e-03,200,1
1739,1.000000000000e-03,1.000000000000e-03,200,0
1740,1.000000000000e-03,1.000000000000e-03,200,0
1741,1.000000000000e-03,1.000000000000e-03,200,0
1742,1.000000000000e-03,1.000000000000e-03,200,0
1743,1.000000000000e-03,1.000000000000e-03,200,0
1744,1.000000000000e-03,1.000000000000e-03,200,0
1745,1.000000000000e-03,1.000000000000e-03,200,2
1746,1.000000000000e-03,1.000000000000e-03,200,2
1747,1.000000000000e-03,1.000000000000e-03,200,0
1748,1.000000000000e-03,1.000000000000e-03,200,0
1749,1.000000000000e-03,1.000000000000e-03,200,0
1750,1.000000000000e-03,1.000000000000e-03,200,0
1751,1.000000000000e-03,1.000000000000e-03,200,0
1752,1.000000000000e-03,1.000000000000e-03,200,0
1753,1.000000000000e-03,1.000000000000e-03,200,1
1754,1.000000000000e-03,1.000000000000e-03,200,1
1755,1.000000000000e-03,1.000000000000e-03,200,0
1756,1.000000000000e-03,1.000000000000e-03,200,0
1757,1.000000000000e-03,1.000000000000e-03,200,0
1758,1.000000000000e-03,1.000000000000e-03,200,1
1759,1.000000000000e-03,1.000000000000e-03,200,0
1760,1.000000000000e-03,1.000000000000e-03,200,0
1761,1.000000000000e-03,1.000000000000e-03,200,0
1762,1.000000000000e-03,1.000000000000e-03,200,1
1763,1.000000000000e-03,1.000000000000e-03,200,0
1764,1.000000000000e-03,1.000000000000e-03,200,0
1765,1.000000000000e-03,1.000000000000e-03,200,0
1766,1.000000000000e-03,1.000000000000e-03,200,0
1767,1.000000000000e-03,1.000000000000e-03,200,1
1768,1.000000000000e-03,1.000000000000e-03,200,1
1769,1.000000000000e-03,1.000000000000e-03,200,1
1770,1.000000000000e-03,1.000000000000e-03,200,0
1771,1.000000000000e-03,1.000000000000e-03,200,0
1772,1.000000000000e-03,1.000000000000e-03,200,1
1773,1.000000000000e-03,1.000000000000e-03,200,1
1774,1.000000000000e-03,1.000000000000e-03,200,0
1775,1.000000000000e-03,1.000000000000e-03,200,0
1776,1.000000000000e-03,1.000000000000e-03,200,0
1777,1.000000000000e-03,1.000000000000e-03,200,0
1778,1.000000000000e-03,1.000000000000e-03,200,1
1779,1.000000000000e-03,1.000000000000e-03,200,1
1780,1.000000000000e-03,1.000000000000e-03,200,1
1781,1.000000000000e-03,1.000000000000e-03,200,0
1782,1.000000000000e-03,1.000000000000e-03,200,0
1783,1.000000000000e-03,1.000000000000e-03,200,1
1784,1.000000000000e-03,1.000000000000e-03,200,0
1785,1.000000000000e-03,1.000000000000e-03,200,0
1786,1.000000000000e-03,1.000000000000e-03,200,0
1787,1.000000000000e-03,1.000000000000e-03,200,1
1788,1.000000000000e-03,1.000000000000e-03,200,0
1789,1.000000000000e-03,1.000000000000e-03,200,0
1790,1.000000000000e-03,1.000000000000e-03,200,0
1791,1.000000000000e-03,1.000000000000e-03,200,0
1792,1.000000000000e-03,1.000000000000e-03,200,0
1793,1.000000000000e-03,1.000000000000e-03,200,0
1794,1.000000000000e-03,1.000000000000e-03,200,1
1795,1.000000000000e-03,1.000000000000e-03,200,0
1796,1.000000000000e-03,1.000000000000e-03,200,0
1797,1.000000000000e-03,1.000000000000e-03,200,0
1798,1.000000000000e-03,1.000000000000e-03,200,0
1799,1.000000000000e-03,1.000000000000e-03,200,0
1800,1.000000000000e-03,1.000000000000e-03,200,1
1801,1.000000000000e-03,1.000000000000e-03,200,0
1802,1.000000000000e-03,1.000000000000e-03,200,1
1803,1.000000000000e-03,1.000000000000e-03,200,0
1804,1.000000000000e-03,1.000000000000e-03,200,1
1805,1.000000000000e-03,1.000000000000e-03,200,1
1806,1.000000000000e-03,1.000000000000e-03,200,2
1807,1.000000000000e-03,1.000000000000e-03,200,0
1808,1.000000000000e-03,1.000000000000e-03,200,0
1809,1.000000000000e-03,1.000000000000e-03,200,0
1810,1.000000000000e-03,1.000000000000e-03,200,0
1811,1.000000000000e-03,1.000000000000e-03,200,0
1812,1.000000000000e-03,1.000000000000e-03,200,0
1813,1.000000000000e-03,1.000000000000e-03,200,0
1814,1.000000000000e-03,1.000000000000e-03,200,0
1815,1.000000000000e-03,1.000000000000e-03,200,0
1816,1.000000000000e-03,1.000000000000e-03,200,0
1817,1.000000000000e-03,1.000000000000e-03,200,1
1818,1.000000000000e-03,1.000000000000e-03,200,1
1819,1.000000000000e-03,1.000000000000e-03,200,0
1820,1.000000000000e-03,1.000000000000e-03,200,0
1821,1.000000000000e-03,1.000000000000e-03,200,0
1822,1.000000000000e-03,1.000000000000e-03,200,0
1823,1.000000000000e-03,1.000000000000e-03,200,0
1824,1.000000000000e-03,1.000000000000e-03,200,0
1825,1.000000000000e-03,1.000000000000e-03,200,1
1826,1.000000000000e-03,1.000000000000e-03,200,0
1827,1.000000000000e-03,1.000000000000e-03,200,0
1828,1.000000000000e-03,1.000000000000e-03,200,1
1829,1.000000000000e-03,1.000000000000e-03,200,1
1830,1.000000000000e-03,1.000000000000e-03,200,0
1831,1.000000000000e-03,1.000000000000e-03,200,0
1832,1.000000000000e-03,1.000000000000e-03,200,2
1833,1.000000000000e-03,1.000000000000e-03,200,0
1834,1.000000000000e-03,1.000000000000e-03,200,0
1835,1.000000000000e-03,1.000000000000e-03,200,1
1836,1.000000000000e-03,1.000000000000e-03,200,0
1837,1.000000000000e-03,1.000000000000e-03,200,0
1838,1.000000000000e-03,1.000000000000e-03,200,1
1839,1.000000000000e-03,1.000000000000e-03,200,0
1840,1.000000000000e-03,1.000000000000e-03,200,0
1841,1.000000000000e-03,1.000000000000e-03,200,0
1842,1.000000000000e-03,1.000000000000e-03,200,0
1843,1.000000000000e-03,1.000000000000e-03,200,0
1844,1.000000000000e-03,1.000000000000e-03,200,0
1845,1.000000000000e-03,1.000000000000e-03,200,1
1846,1.000000000000e-03,1.000000000000e-03,200,0
1847,1.000000000000e-03,1.000000000000e-03,200,0
1848,1.000000000000e-03,1.000000000000e-03,200,0
1849,1.000000000000e-03,1.000000000000e-03,200,0
1850,1.000000000000e-03,1.000000000000e-03,200,1
1851,1.000000000000e-03,1.000000000000e-03,200,0
1852,1.000000000000e-03,1.000000000000e-03,200,0
1853,1.000000000000e-03,1.000000000000e-03,200,0
1854,1.000000000000e-03,1.000000000000e-03,200,0
1855,1.000000000000e-03,1.000000000000e-03,200,0
1856,1.000000000000e-03,1.000000000000e-03,200,0
1857,1.000000000000e-03,1.000000000000e-03,200,0
1858,1.000000000000e-03,1.000000000000e-03,200,0
1859,1.000000000000e-03,1.000000000000e-03,200,0
1860,1.000000000000e-03,1.000000000000e-03,200,0
1861,1.000000000000e-03,1.000000000000e-03,200,0
1862,1.000000000000e-03,1.000000000000e-03,200,0
1863,1.000000000000e-03,1.000000000000e-03,200,1
1864,1.000000000000e-03,1.000000000000e-03,200,0
1865,1.000000000000e-03,1.000000000000e-03,200,0
1866,1.000000000000e-03,1.000000000000e-03,200,0
1867,1.000000000000e-03,1.000000000000e-03,200,0
1868,1.000000000000e-03,1.000000000000e-03,200,0
1869,1.000000000000e-03,1.000000000000e-03,200,0
1870,1.000000000000e-03,1.000000000000e-03,200,0
1871,1.000000000000e-03,1.000000000000e-03,200,1
1872,1.000000000000e-03,1.000000000000e-03,200,0
1873,1.000000000000e-03,1.000000000000e-03,200,0
1874,1.000000000000e-03,1.000000000000e-03,200,1
1875,1.000000000000e-03,1.000000000000e-03,200,0
1876,1.000000000000e-03,1.000000000000e-03,200,2
1877,1.000000000000e-03,1.000000000000e-03,200,0
1878,1.000000000000e-03,1.000000000000e-03,200,0
1879,1.000000000000e-03,1.000000000000e-03,200,0
1880,1.000000000000e-03,1.000000000000e-03,200,0
1881,1.000000000000e-03,1.000000000000e-03,200,2
1882,1.000000000000e-03,1.000000000000e-03,200,0
1883,1.000000000000e-03,1.000000000000e-03,200,1
1884,1.000000000000e-03,1.000000000000e-03,200,2
1885,1.000000000000e-03,1.000000000000e-03,200,0
1886,1.000000000000e-03,1.000000000000e-03,200,0
1887,1.000000000000e-03,1.000000000000e-03,200,0
1888,1.000000000000e-03,1.000000000000e-03,200,0
1889,1.000000000000e-03,1.000000000000e-03,200,1
1890,1.000000000000e-03,1.000000000000e-03,200,0
1891,1.000000000000e-03,1.000000000000e-03,200,0
1892,1.000000000000e-03,1.000000000000e-03,200,0
1893,1.000000000000e-03,1.000000000000e-03,200,1
1894,1.000000000000e-03,1.000000000000e-03,200,1
1895,1.000000000000e-03,1.000000000000e-03,200,2
1896,1.000000000000e-03,1.000000000000e-03,200,0
1897,1.000000000000e-03,1.000000000000e-03,200,0
1898,1.000000000000e-03,1.000000000000e-03,200,0
1899,1.000000000000e-03,1.000000000000e-03,200,1
1900,1.000000000000e-03,1.000000000000e-03,200,0
1901,1.000000000000e-03,1.000000000000e-03,200,0
1902,1.000000000000e-03,1.000000000000e-03,200,0
1903,1.000000000000e-03,1.000000000000e-03,200,0
1904,1.000000000000e-03,1.000000000000e-03,200,1
1905,1.000000000000e-03,1.000000000000e-03,200,0
1906,1.000000000000e-03,1.000000000000e-03,200,0
1907,1.000000000000e-03,1.000000000000e-03,200,1
1908,1.000000000000e-03,1.000000000000e-03,200,0
1909,1.000000000000e-03,1.000000000000e-03,200,0
1910,1.000000000000e-03,1.000000000000e-03,200,1
1911,1.000000000000e-03,1.000000000000e-03,200,0
1912,1.000000000000e-03,1.000000000000e-03,200,0
1913,1.000000000000e-03,1.000000000000e-03,200,1
1914,1.000000000000e-03,1.000000000000e-03,200,0
1915,1.000000000000e-03,1.000000000000e-03,200,0
1916,1.000000000000e-03,1.000000000000e-03,200,0
1917,1.000000000000e-03,1.000000000000e-03,200,0
1918,1.000000000000e-03,1.000000000000e-03,200,1
1919,1.000000000000e-03,1.000000000000e-03,200,1
1920,1.000000000000e-03,1.000000000000e-03,200,1
1921,1.000000000000e-03,1.000000000000e-03,200,0
1922,1.000000000000e-03,1.000000000000e-03,200,1
1923,1.000000000000e-03,1.000000000000e-03,200,0
1924,1.000000000000e-03,1.000000000000e-03,200,0
1925,1.000000000000e-03,1.000000000000e-03,200,0
1926,1.000000000000e-03,1.000000000000e-03,200,0
1927,1.000000000000e-03,1.000000000000e-03,200,0
1928,1.000000000000e-03,1.000000000000e-03,200,0
1929,1.000000000000e-03,1.000000000000e-03,200,0
1930,1.000000000000e-03,1.000000000000e-03,200,0
1931,1.000000000000e-03,1.000000000000e-03,200,0
1932,1.000000000000e-03,1.000000000000e-03,200,1
1933,1.000000000000e-03,1.000000000000e-03,200,0
1934,1.000000000000e-03,1.000000000000e-03,200,0
1935,1.000000000000e-03,1.000000000000e-03,200,0
1936,1.000000000000e-03,1.000000000000e-03,200,0
1937,1.000000000000e-03,1.000000000000e-03,200,0
1938,1.000000000000e-03,1.000000000000e-03,200,1
1939,1.000000000000e-03,1.000000000000e-03,200,0
1940,1.000000000000e-03,1.000000000000e-03,200,0
1941,1.000000000000e-03,1.000000000000e-03,200,0
1942,1.000000000000e-03,1.000000000000e-03,200,0
1943,1.000000000000e-03,1.000000000000e-03,200,0
1944,1.000000000000e-03,1.000000000000e-03,200,0
1945,1.000000000000e-03,1.000000000000e-03,200,0
1946,1.000000000000e-03,1.000000000000e-03,200,0
1947,1.000000000000e-03,1.000000000000e-03,200,0
1948,1.000000000000e-03,1.000000000000e-03,200,0
1949,1.000000000000e-03,1.000000000000e-03,200,0
1950,1.000000000000e-03,1.000000000000e-03,200,0
1951,1.000000000000e-03,1.000000000000e-03,200,0
1952,1.000000000000e-03,1.000000000000e-03,200,0
1953,1.000000000000e-03,1.000000000000e-03,200,0
1954,1.000000000000e-03,1.000000000000e-03,200,0
1955,1.000000000000e-03,1.000000000000e-03,200,1
1956,1.000000000000e-03,1.000000000000e-03,200,0
1957,1.000000000000e-03,1.000000000000e-03,200,0
1958,1.000000000000e-03,1.000000000000e-03,200,1
1959,1.000000000000e-03,1.000000000000e-03,200,0
1960,1.000000000000e-03,1.000000000000e-03,200,0
1961,1.000000000000e-03,1.000000000000e-03,200,0
1962,1.000000000000e-03,1.000000000000e-03,200,1
1963,1.000000000000e-03,1.000000000000e-03,200,1
1964,1.000000000000e-03,1.000000000000e-03,200,0
1965,1.000000000000e-03,1.000000000000e-03,200,0
1966,1.000000000000e-03,1.000000000000e-03,200,0
1967,1.000000000000e-03,1.000000000000e-03,200,1
1968,1.000000000000e-03,1.000000000000e-03,200,0
1969,1.000000000000e-03,1.000000000000e-03,200,0
1970,1.000000000000e-03,1.000000000000e-03,200,0
1971,1.000000000000e-03,1.000000000000e-03,200,1
1972,1.000000000000e-03,1.000000000000e-03,200,0
1973,1.000000000000e-03,1.000000000000e-03,200,0
1974,1.000000000000e-03,1.000000000000e-03,200,0
1975,1.000000000000e-03,1.000000000000e-03,200,0
1976,1.000000000000e-03,1.000000000000e-03,200,0
1977,1.000000000000e-03,1.000000000000e-03,200,0
1978,1.000000000000e-03,1.000000000000e-03,200,0
1979,1.000000000000e-03,1.000000000000e-03,200,0
1980,1.000000000000e-03,1.000000000000e-03,200,0
1981,1.000000000000e-03,1.000000000000e-03,200,0
1982,1.000000000000e-03,1.000000000000e-03,200,0
1983,1.000000000000e-03,1.000000000000e-03,200,1
1984,1.000000000000e-03,1.000000000000e-03,200,2
1985,1.000000000000e-03,1.000000000000e-03,200,0
1986,1.000000000000e-03,1.000000000000e-03,200,0
1987,1.000000000000e-03,1.000000000000e-03,200,0
1988,1.000000000000e-03,1.000000000000e-03,200,0
1989,1.000000000000e-03,1.000000000000e-03,200,0
1990,1.000000000000e-03,1.000000000000e-03,200,1
1991,1.000000000000e-03,1.000000000000e-03,200,0
1992,1.000000000000e-03,1.000000000000e-03,200,1
1993,1.000000000000e-03,1.000000000000e-03,200,0
1994,1.000000000000e-03,1.000000000000e-03,200,0
1995,1.000000000000e-03,1.000000000000e-03,200,1
1996,1.000000000000e-03,1.000000000000e-03,200,0
1997,1.000000000000e-03,1.000000000000e-03,200,0
1998,1.000000000000e-03,1.000000000000e-03,200,1
1999,1.000000000000e-03,1.000000000000e-03,200,0
2000,1.000000000000e-03,1.000000000000e-03,200,0
2001,1.000000000000e-03,1.000000000000e-03,500,0
2002,1.000000000000e-03,1.000000000000e-03,500,1
2003,1.000000000000e-03,1.000000000000e-03,500,0
2004,1.000000000000e-03,1.000000000000e-03,500,0
2005,1.000000000000e-03,1.000000000000e-03,500,1
2006,1.000000000000e-03,1.000000000000e-03,500,1
2007,1.000000000000e-03,1.000000000000e-03,500,1
2008,1.000000000000e-03,1.000000000000e-03,500,0
2009,1.000000000000e-03,1.000000000000e-03,500,0
2010,1.000000000000e-03,1.000000000000e-03,500,1
2011,1.000000000000e-03,1.000000000000e-03,500,0
2012,1.000000000000e-03,1.000000000000e-03,500,0
2013,1.000000000000e-03,1.000000000000e-03,500,0
2014,1.000000000000e-03,1.000000000000e-03,500,0
2015,1.000000000000e-03,1.000000000000e-03,500,1
2016,1.000000000000e-03,1.000000000000e-03,500,0
2017,1.000000000000e-03,1.000000000000e-03,500,0
2018,1.000000000000e-03,1.000000000000e-03,500,0
2019,1.000000000000e-03,1.000000000000e-03,500,0
2020,1.000000000000e-03,1.000000000000e-03,500,0
2021,1.000000000000e-03,1.000000000000e-03,500,0
2022,1.000000000000e-03,1.000000000000e-03,500,0
2023,1.000000000000e-03,1.000000000000e-03,500,1
2024,1.000000000000e-03,1.000000000000e-03,500,0
2025,1.000000000000e-03,1.000000000000e-03,500,1
2026,1.000000000000e-03,1.000000000000e-03,500,0
2027,1.000000000000e-03,1.000000000000e-03,500,0
2028,1.000000000000e-03,1.000000000000e-03,500,0
2029,1.000000000000e-03,1.000000000000e-03,500,3
2030,1.000000000000e-03,1.000000000000e-03,500,0
2031,1.000000000000e-03,1.000000000000e-03,500,1
2032,1.000000000000e-03,1.000000000000e-03,500,1
2033,1.000000000000e-03,1.000000000000e-03,500,0
2034,1.000000000000e-03,1.000000000000e-03,500,0
2035,1.000000000000e-03,1.000000000000e-03,500,0
2036,1.000000000000e-03,1.000000000000e-03,500,0
2037,1.000000000000e-03,1.000000000000e-03,500,2
2038,1.000000000000e-03,1.000000000000e-03,500,0
2039,1.000000000000e-03,1.000000000000e-03,500,2
2040,1.000000000000e-03,1.000000000000e-03,500,0
2041,1.000000000000e-03,1.000000000000e-03,500,0
2042,1.000000000000e-03,1.000000000000e-03,500,0
2043,1.000000000000e-03,1.000000000000e-03,500,0
2044,1.000000000000e-03,1.000000000000e-03,500,1
2045,1.000000000000e-03,1.000000000000e-03,500,0
2046,1.000000000000e-03,1.000000000000e-03,500,0
2047,1.000000000000e-03,1.000000000000e-03,500,1
2048,1.000000000000e-03,1.000000000000e-03,500,1
2049,1.000000000000e-03,1.000000000000e-03,500,1
2050,1.000000000000e-03,1.000000000000e-03,500,0
2051,1.000000000000e-03,1.000000000000e-03,500,0
2052,1.000000000000e-03,1.000000000000e-03,500,0
2053,1.000000000000e-03,1.000000000000e-03,500,1
2054,1.000000000000e-03,1.000000000000e-03,500,0
2055,1.000000000000e-03,1.000000000000e-03,500,2
2056,1.000000000000e-03,1.000000000000e-03,500,1
2057,1.000000000000e-03,1.000000000000e-03,500,1
2058,1.000000000000e-03,1.000000000000e-03,500,1
2059,1.000000000000e-03,1.000000000000e-03,500,0
2060,1.000000000000e-03,1.000000000000e-03,500,0
2061,1.000000000000e-03,1.000000000000e-03,500,1
2062,1.000000000000e-03,1.000000000000e-03,500,0
2063,1.000000000000e-03,1.000000000000e-03,500,1
2064,1.000000000000e-03,1.000000000000e-03,500,1
2065,1.000000000000e-03,1.000000000000e-03,500,0
2066,1.000000000000e-03,1.000000000000e-03,500,0
2067,1.000000000000e-03,1.000000000000e-03,500,0
2068,1.000000000000e-03,1.000000000000e-03,500,1
2069,1.000000000000e-03,1.000000000000e-03,500,2
2070,1.000000000000e-03,1.000000000000e-03,500,0
2071,1.000000000000e-03,1.000000000000e-03,500,1
2072,1.000000000000e-03,1.000000000000e-03,500,0
2073,1.000000000000e-03,1.000000000000e-03,500,1
2074,1.000000000000e-03,1.000000000000e-03,500,0
2075,1.000000000000e-03,1.000000000000e-03,500,0
2076,1.000000000000e-03,1.000000000000e-03,500,3
2077,1.000000000000e-03,1.000000000000e-03,500,1
2078,1.000000000000e-03,1.000000000000e-03,500,1
2079,1.000000000000e-03,1.000000000000e-03,500,1
2080,1.000000000000e-03,1.000000000000e-03,500,0
2081,1.000000000000e-03,1.000000000000e-03,500,1
2082,1.000000000000e-03,1.000000000000e-03,500,0
2083,1.000000000000e-03,1.000000000000e-03,500,1
2084,1.000000000000e-03,1.000000000000e-03,500,2
2085,1.000000000000e-03,1.000000000000e-03,500,0
2086,1.000000000000e-03,1.000000000000e-03,500,1
2087,1.000000000000e-03,1.000000000000e-03,500,0
2088,1.000000000000e-03,1.000000000000e-03,500,0
2089,1.000000000000e-03,1.000000000000e-03,500,1
2090,1.000000000000e-03,1.000000000000e-03,500,1
2091,1.000000000000e-03,1.000000000000e-03,500,0
2092,1.000000000000e-03,1.000000000000e-03,500,2
2093,1.000000000000e-03,1.000000000000e-03,500,1
2094,1.000000000000e-03,1.000000000000e-03,500,1
2095,1.000000000000e-03,1.000000000000e-03,500,0
2096,1.000000000000e-03,1.000000000000e-03,500,0
2097,1.000000000000e-03,1.000000000000e-03,500,0
2098,1.000000000000e-03,1.000000000000e-03,500,0
2099,1.000000000000e-03,1.000000000000e-03,500,0
2100,1.000000000000e-03,1.000000000000e-03,500,0
2101,1.000000000000e-03,1.000000000000e-03,500,0
2102,1.000000000000e-03,1.000000000000e-03,500,0
2103,1.000000000000e-03,1.000000000000e-03,500,1
2104,1.000000000000e-03,1.000000000000e-03,500,0
2105,1.000000000000e-03,1.000000000000e-03,500,0
2106,1.000000000000e-03,1.000000000000e-03,500,1
2107,1.000000000000e-03,1.000000000000e-03,500,1
2108,1.000000000000e-03,1.000000000000e-03,500,0
2109,1.000000000000e-03,1.000000000000e-03,500,1
2110,1.000000000000e-03,1.000000000000e-03,500,0
2111,1.000000000000e-03,1.000000000000e-03,500,1
2112,1.000000000000e-03,1.000000000000e-03,500,0
2113,1.000000000000e-03,1.000000000000e-03,500,0
2114,1.000000000000e-03,1.000000000000e-03,500,0
2115,1.000000000000e-03,1.000000000000e-03,500,0
2116,1.000000000000e-03,1.000000000000e-03,500,0
2117,1.000000000000e-03,1.000000000000e-03,500,0
2118,1.000000000000e-03,1.000000000000e-03,500,1
2119,1.000000000000e-03,1.000000000000e-03,500,0
2120,1.000000000000e-03,1.000000000000e-03,500,0
2121,1.000000000000e-03,1.000000000000e-03,500,0
2122,1.000000000000e-03,1.000000000000e-03,500,2
2123,1.000000000000e-03,1.000000000000e-03,500,2
2124,1.000000000000e-03,1.000000000000e-03,500,1
2125,1.000000000000e-03,1.000000000000e-03,500,1
2126,1.000000000000e-03,1.000000000000e-03,500,1
2127,1.000000000000e-03,1.000000000000e-03,500,1
2128,1.000000000000e-03,1.000000000000e-03,500,2
2129,1.000000000000e-03,1.000000000000e-03,500,1
2130,1.000000000000e-03,1.000000000000e-03,500,0
2131,1.000000000000e-03,1.000000000000e-03,500,0
2132,1.000000000000e-03,1.000000000000e-03,500,0
2133,1.000000000000e-03,1.000000000000e-03,500,0
2134,1.000000000000e-03,1.000000000000e-03,500,1
2135,1.000000000000e-03,1.000000000000e-03,500,1
2136,1.000000000000e-03,1.000000000000e-03,500,1
2137,1.000000000000e-03,1.000000000000e-03,500,0
2138,1.000000000000e-03,1.000000000000e-03,500,0
2139,1.000000000000e-03,1.000000000000e-03,500,1
2140,1.000000000000e-03,1.000000000000e-03,500,1
2141,1.000000000000e-03,1.000000000000e-03,500,1
2142,1.000000000000e-03,1.000000000000e-03,500,1
2143,1.000000000000e-03,1.000000000000e-03,500,1
2144,1.000000000000e-03,1.000000000000e-03,500,0
2145,1.000000000000e-03,1.000000000000e-03,500,0
2146,1.000000000000e-03,1.000000000000e-03,500,0
2147,1.000000000000e-03,1.000000000000e-03,500,0
2148,1.000000000000e-03,1.000000000000e-03,500,0
2149,1.000000000000e-03,1.000000000000e-03,500,0
2150,1.000000000000e-03,1.000000000000e-03,500,0
2151,1.000000000000e-03,1.000000000000e-03,500,0
2152,1.000000000000e-03,1.000000000000e-03,500,1
2153,1.000000000000e-03,1.000000000000e-03,500,2
2154,1.000000000000e-03,1.000000000000e-03,500,1
2155,1.000000000000e-03,1.000000000000e-03,500,1
2156,1.000000000000e-03,1.000000000000e-03,500,0
2157,1.000000000000e-03,1.000000000000e-03,500,0
2158,1.000000000000e-03,1.000000000000e-03,500,0
2159,1.000000000000e-03,1.000000000000e-03,500,1
2160,1.000000000000e-03,1.000000000000e-03,500,0
2161,1.000000000000e-03,1.000000000000e-03,500,1
2162,1.000000000000e-03,1.000000000000e-03,500,0
2163,1.000000000000e-03,1.000000000000e-03,500,1
2164,1.000000000000e-03,1.000000000000e-03,500,1
2165,1.000000000000e-03,1.000000000000e-03,500,0
2166,1.000000000000e-03,1.000000000000e-03,500,0
2167,1.000000000000e-03,1.000000000000e-03,500,0
2168,1.000000000000e-03,1.000000000000e-03,500,1
2169,1.000000000000e-03,1.000000000000e-03,500,0
2170,1.000000000000e-03,1.000000000000e-03,500,0
2171,1.000000000000e-03,1.000000000000e-03,500,1
2172,1.000000000000e-03,1.000000000000e-03,500,1
2173,1.000000000000e-03,1.000000000000e-03,500,1
2174,1.000000000000e-03,1.000000000000e-03,500,1
2175,1.000000000000e-03,1.000000000000e-03,500,1
2176,1.000000000000e-03,1.000000000000e-03,500,1
2177,1.000000000000e-03,1.000000000000e-03,500,0
2178,1.000000000000e-03,1.000000000000e-03,500,0
2179,1.000000000000e-03,1.000000000000e-03,500,0
2180,1.000000000000e-03,1.000000000000e-03,500,2
2181,1.000000000000e-03,1.000000000000e-03,500,0
2182,1.000000000000e-03,1.000000000000e-03,500,1
2183,1.000000000000e-03,1.000000000000e-03,500,0
2184,1.000000000000e-03,1.000000000000e-03,500,1
2185,1.000000000000e-03,1.000000000000e-03,500,2
2186,1.000000000000e-03,1.000000000000e-03,500,2
2187,1.000000000000e-03,1.000000000000e-03,500,0
2188,1.000000000000e-03,1.000000000000e-03,500,0
2189,1.000000000000e-03,1.000000000000e-03,500,2
2190,1.000000000000e-03,1.000000000000e-03,500,0
2191,1.000000000000e-03,1.000000000000e-03,500,2
2192,1.000000000000e-03,1.000000000000e-03,500,0
2193,1.000000000000e-03,1.000000000000e-03,500,1
2194,1.000000000000e-03,1.000000000000e-03,500,0
2195,1.000000000000e-03,1.000000000000e-03,500,0
2196,1.000000000000e-03,1.000000000000e-03,500,1
2197,1.000000000000e-03,1.000000000000e-03,500,1
2198,1.000000000000e-03,1.000000000000e-03,500,1
2199,1.000000000000e-03,1.000000000000e-03,500,0
2200,1.000000000000e-03,1.000000000000e-03,500,0
2201,1.000000000000e-03,1.000000000000e-03,500,1
2202,1.000000000000e-03,1.000000000000e-03,500,1
2203,1.000000000000e-03,1.000000000000e-03,500,2
2204,1.000000000000e-03,1.000000000000e-03,500,0
2205,1.000000000000e-03,1.000000000000e-03,500,0
2206,1.000000000000e-03,1.000000000000e-03,500,1
2207,1.000000000000e-03,1.000000000000e-03,500,0
2208,1.000000000000e-03,1.000000000000e-03,500,1
2209,1.000000000000e-03,1.000000000000e-03,500,0
2210,1.000000000000e-03,1.000000000000e-03,500,0
2211,1.000000000000e-03,1.000000000000e-03,500,1
2212,1.000000000000e-03,1.000000000000e-03,500,0
2213,1.000000000000e-03,1.000000000000e-03,500,0
2214,1.000000000000e-03,1.000000000000e-03,500,1
2215,1.000000000000e-03,1.000000000000e-03,500,4
2216,1.000000000000e-03,1.000000000000e-03,500,0
2217,1.000000000000e-03,1.000000000000e-03,500,3
2218,1.000000000000e-03,1.000000000000e-03,500,1
2219,1.000000000000e-03,1.000000000000e-03,500,1
2220,1.000000000000e-03,1.000000000000e-03,500,0
2221,1.000000000000e-03,1.000000000000e-03,500,0
2222,1.000000000000e-03,1.000000000000e-03,500,0
2223,1.000000000000e-03,1.000000000000e-03,500,0
2224,1.000000000000e-03,1.000000000000e-03,500,0
2225,1.000000000000e-03,1.000000000000e-03,500,1
2226,1.000000000000e-03,1.000000000000e-03,500,0
2227,1.000000000000e-03,1.000000000000e-03,500,0
2228,1.000000000000e-03,1.000000000000e-03,500,2
2229,1.000000000000e-03,1.000000000000e-03,500,1
2230,1.000000000000e-03,1.000000000000e-03,500,1
2231,1.000000000000e-03,1.000000000000e-03,500,1
2232,1.000000000000e-03,1.000000000000e-03,500,3
2233,1.000000000000e-03,1.000000000000e-03,500,0
2234,1.000000000000e-03,1.000000000000e-03,500,1
2235,1.000000000000e-03,1.000000000000e-03,500,0
2236,1.000000000000e-03,1.000000000000e-03,500,1
2237,1.000000000000e-03,1.000000000000e-03,500,0
2238,1.000000000000e-03,1.000000000000e-03,500,2
2239,1.000000000000e-03,1.000000000000e-03,500,0
2240,1.000000000000e-03,1.000000000000e-03,500,1
2241,1.000000000000e-03,1.000000000000e-03,500,2
2242,1.000000000000e-03,1.000000000000e-03,500,0
2243,1.000000000000e-03,1.000000000000e-03,500,0
2244,1.000000000000e-03,1.000000000000e-03,500,1
2245,1.000000000000e-03,1.000000000000e-03,500,1
2246,1.000000000000e-03,1.000000000000e-03,500,2
2247,1.000000000000e-03,1.000000000000e-03,500,0
2248,1.000000000000e-03,1.000000000000e-03,500,0
2249,1.000000000000e-03,1.000000000000e-03,500,3
2250,1.000000000000e-03,1.000000000000e-03,500,2
2251,1.000000000000e-03,1.000000000000e-03,500,0
2252,1.000000000000e-03,1.000000000000e-03,500,0
2253,1.000000000000e-03,1.000000000000e-03,500,0
2254,1.000000000000e-03,1.000000000000e-03,500,1
2255,1.000000000000e-03,1.000000000000e-03,500,0
2256,1.000000000000e-03,1.000000000000e-03,500,1
2257,1.000000000000e-03,1.000000000000e-03,500,0
2258,1.000000000000e-03,1.000000000000e-03,500,1
2259,1.000000000000e-03,1.000000000000e-03,500,1
2260,1.000000000000e-03,1.000000000000e-03,500,1
2261,1.000000000000e-03,1.000000000000e-03,500,2
2262,1.000000000000e-03,1.000000000000e-03,500,0
2263,1.000000000000e-03,1.000000000000e-03,500,1
2264,1.000000000000e-03,1.000000000000e-03,500,2
2265,1.000000000000e-03,1.000000000000e-03,500,1
2266,1.000000000000e-03,1.000000000000e-03,500,3
2267,1.000000000000e-03,1.000000000000e-03,500,1
2268,1.000000000000e-03,1.000000000000e-03,500,0
2269,1.000000000000e-03,1.000000000000e-03,500,1
2270,1.000000000000e-03,1.000000000000e-03,500,0
2271,1.000000000000e-03,1.000000000000e-03,500,0
2272,1.000000000000e-03,1.000000000000e-03,500,1
2273,1.000000000000e-03,1.000000000000e-03,500,0
2274,1.000000000000e-03,1.000000000000e-03,500,1
2275,1.000000000000e-03,1.000000000000e-03,500,0
2276,1.000000000000e-03,1.000000000000e-03,500,1
2277,1.000000000000e-03,1.000000000000e-03,500,0
2278,1.000000000000e-03,1.000000000000e-03,500,0
2279,1.000000000000e-03,1.000000000000e-03,500,0
2280,1.000000000000e-03,1.000000000000e-03,500,0
2281,1.000000000000e-03,1.000000000000e-03,500,0
2282,1.000000000000e-03,1.000000000000e-03,500,0
2283,1.000000000000e-03,1.000000000000e-03,500,2
2284,1.000000000000e-03,1.000000000000e-03,500,0
2285,1.000000000000e-03,1.000000000000e-03,500,1
2286,1.000000000000e-03,1.000000000000e-03,500,1
2287,1.000000000000e-03,1.000000000000e-03,500,1
2288,1.000000000000e-03,1.000000000000e-03,500,0
2289,1.000000000000e-03,1.000000000000e-03,500,0
2290,1.000000000000e-03,1.000000000000e-03,500,0
2291,1.000000000000e-03,1.000000000000e-03,500,0
2292,1.000000000000e-03,1.000000000000e-03,500,1
2293,1.000000000000e-03,1.000000000000e-03,500,0
2294,1.000000000000e-03,1.000000000000e-03,500,2
2295,1.000000000000e-03,1.000000000000e-03,500,1
2296,1.000000000000e-03,1.000000000000e-03,500,0
2297,1.000000000000e-03,1.000000000000e-03,500,0
2298,1.000000000000e-03,1.000000000000e-03,500,0
2299,1.000000000000e-03,1.000000000000e-03,500,0
2300,1.000000000000e-03,1.000000000000e-03,500,2
2301,1.000000000000e-03,1.000000000000e-03,500,0
2302,1.000000000000e-03,1.000000000000e-03,500,2
2303,1.000000000000e-03,1.000000000000e-03,500,0
2304,1.000000000000e-03,1.000000000000e-03,500,1
2305,1.000000000000e-03,1.000000000000e-03,500,1
2306,1.000000000000e-03,1.000000000000e-03,500,1
2307,1.000000000000e-03,1.000000000000e-03,500,0
2308,1.000000000000e-03,1.000000000000e-03,500,0
2309,1.000000000000e-03,1.000000000000e-03,500,1
2310,1.000000000000e-03,1.000000000000e-03,500,0
2311,1.000000000000e-03,1.000000000000e-03,500,0
2312,1.000000000000e-03,1.000000000000e-03,500,1
2313,1.000000000000e-03,1.000000000000e-03,500,0
2314,1.000000000000e-03,1.000000000000e-03,500,1
2315,1.000000000000e-03,1.000000000000e-03,500,2
2316,1.000000000000e-03,1.000000000000e-03,500,0
2317,1.000000000000e-03,1.000000000000e-03,500,0
2318,1.000000000000e-03,1.000000000000e-03,500,1
2319,1.000000000000e-03,1.000000000000e-03,500,1
2320,1.000000000000e-03,1.000000000000e-03,500,2
2321,1.000000000000e-03,1.000000000000e-03,500,0
2322,1.000000000000e-03,1.000000000000e-03,500,0
2323,1.000000000000e-03,1.000000000000e-03,500,1
2324,1.000000000000e-03,1.000000000000e-03,500,0
2325,1.000000000000e-03,1.000000000000e-03,500,2
2326,1.000000000000e-03,1.000000000000e-03,500,1
2327,1.000000000000e-03,1.000000000000e-03,500,0
2328,1.000000000000e-03,1.000000000000e-03,500,0
2329,1.000000000000e-03,1.000000000000e-03,500,0
2330,1.000000000000e-03,1.000000000000e-03,500,1
2331,1.000000000000e-03,1.000000000000e-03,500,0
2332,1.000000000000e-03,1.000000000000e-03,500,0
2333,1.000000000000e-03,1.000000000000e-03,500,0
2334,1.000000000000e-03,1.000000000000e-03,500,1
2335,1.000000000000e-03,1.000000000000e-03,500,1
2336,1.000000000000e-03,1.000000000000e-03,500,1
2337,1.000000000000e-03,1.000000000000e-03,500,0
2338,1.000000000000e-03,1.000000000000e-03,500,0
2339,1.000000000000e-03,1.000000000000e-03,500,0
2340,1.000000000000e-03,1.000000000000e-03,500,0
2341,1.000000000000e-03,1.000000000000e-03,500,0
2342,1.000000000000e-03,1.000000000000e-03,500,1
2343,1.000000000000e-03,1.000000000000e-03,500,1
2344,1.000000000000e-03,1.000000000000e-03,500,2
2345,1.000000000000e-03,1.000000000000e-03,500,0
2346,1.000000000000e-03,1.000000000000e-03,500,2
2347,1.000000000000e-03,1.000000000000e-03,500,1
2348,1.000000000000e-03,1.000000000000e-03,500,0
2349,1.000000000000e-03,1.000000000000e-03,500,0
2350,1.000000000000e-03,1.000000000000e-03,500,0
2351,1.000000000000e-03,1.000000000000e-03,500,1
2352,1.000000000000e-03,1.000000000000e-03,500,0
2353,1.000000000000e-03,1.000000000000e-03,500,0
2354,1.000000000000e-03,1.000000000000e-03,500,0
2355,1.000000000000e-03,1.000000000000e-03,500,0
2356,1.000000000000e-03,1.000000000000e-03,500,1
2357,1.000000000000e-03,1.000000000000e-03,500,0
2358,1.000000000000e-03,1.000000000000e-03,500,0
2359,1.000000000000e-03,1.000000000000e-03,500,2
2360,1.000000000000e-03,1.000000000000e-03,500,1
2361,1.000000000000e-03,1.000000000000e-03,500,1
2362,1.000000000000e-03,1.000000000000e-03,500,1
2363,1.000000000000e-03,1.000000000000e-03,500,1
2364,1.000000000000e-03,1.000000000000e-03,500,0
2365,1.000000000000e-03,1.000000000000e-03,500,1
2366,1.000000000000e-03,1.000000000000e-03,500,1
2367,1.000000000000e-03,1.000000000000e-03,500,0
2368,1.000000000000e-03,1.000000000000e-03,500,0
2369,1.000000000000e-03,1.000000000000e-03,500,1
2370,1.000000000000e-03,1.000000000000e-03,500,0
2371,1.000000000000e-03,1.000000000000e-03,500,1
2372,1.000000000000e-03,1.000000000000e-03,500,1
2373,1.000000000000e-03,1.000000000000e-03,500,0
2374,1.000000000000e-03,1.000000000000e-03,500,1
2375,1.000000000000e-03,1.000000000000e-03,500,0
2376,1.000000000000e-03,1.000000000000e-03,500,0
2377,1.000000000000e-03,1.000000000000e-03,500,2
2378,1.000000000000e-03,1.000000000000e-03,500,2
2379,1.000000000000e-03,1.000000000000e-03,500,1
2380,1.000000000000e-03,1.000000000000e-03,500,0
2381,1.000000000000e-03,1.000000000000e-03,500,0
2382,1.000000000000e-03,1.000000000000e-03,500,0
2383,1.000000000000e-03,1.000000000000e-03,500,1
2384,1.000000000000e-03,1.000000000000e-03,500,0
2385,1.000000000000e-03,1.000000000000e-03,500,2
2386,1.000000000000e-03,1.000000000000e-03,500,1
2387,1.000000000000e-03,1.000000000000e-03,500,2
2388,1.000000000000e-03,1.000000000000e-03,500,3
2389,1.000000000000e-03,1.000000000000e-03,500,0
2390,1.000000000000e-03,1.000000000000e-03,500,0
2391,1.000000000000e-03,1.000000000000e-03,500,0
2392,1.000000000000e-03,1.000000000000e-03,500,1
2393,1.000000000000e-03,1.000000000000e-03,500,1
2394,1.000000000000e-03,1.000000000000e-03,500,1
2395,1.000000000000e-03,1.000000000000e-03,500,3
2396,1.000000000000e-03,1.000000000000e-03,500,2
2397,1.000000000000e-03,1.000000000000e-03,500,0
2398,1.000000000000e-03,1.000000000000e-03,500,1
2399,1.000000000000e-03,1.000000000000e-03,500,0
2400,1.000000000000e-03,1.000000000000e-03,500,0
2401,1.000000000000e-03,1.000000000000e-03,1000,3
2402,1.000000000000e-03,1.000000000000e-03,1000,0
2403,1.000000000000e-03,1.000000000000e-03,1000,1
2404,1.000000000000e-03,1.000000000000e-03,1000,2
2405,1.000000000000e-03,1.000000000000e-03,1000,2
2406,1.000000000000e-03,1.000000000000e-03,1000,1
2407,1.000000000000e-03,1.000000000000e-03,1000,0
2408,1.000000000000e-03,1.000000000000e-03,1000,1
2409,1.000000000000e-03,1.000000000000e-03,1000,1
2410,1.000000000000e-03,1.000000000000e-03,1000,0
2411,1.000000000000e-03,1.000000000000e-03,1000,2
2412,1.000000000000e-03,1.000000000000e-03,1000,2
2413,1.000000000000e-03,1.000000000000e-03,1000,1
2414,1.000000000000e-03,1.000000000000e-03,1000,1
2415,1.000000000000e-03,1.000000000000e-03,1000,2
2416,1.000000000000e-03,1.000000000000e-03,1000,4
2417,1.000000000000e-03,1.000000000000e-03,1000,0
2418,1.000000000000e-03,1.000000000000e-03,1000,1
2419,1.000000000000e-03,1.000000000000e-03,1000,3
2420,1.000000000000e-03,1.000000000000e-03,1000,3
2421,1.000000000000e-03,1.000000000000e-03,1000,1
2422,1.000000000000e-03,1.000000000000e-03,1000,1
2423,1.000000000000e-03,1.000000000000e-03,1000,2
2424,1.000000000000e-03,1.000000000000e-03,1000,0
2425,1.000000000000e-03,1.000000000000e-03,1000,1
2426,1.000000000000e-03,1.000000000000e-03,1000,1
2427,1.000000000000e-03,1.000000000000e-03,1000,3
2428,1.000000000000e-03,1.000000000000e-03,1000,0
2429,1.000000000000e-03,1.000000000000e-03,1000,0
2430,1.000000000000e-03,1.000000000000e-03,1000,2
2431,1.000000000000e-03,1.000000000000e-03,1000,1
2432,1.000000000000e-03,1.000000000000e-03,1000,1
2433,1.000000000000e-03,1.000000000000e-03,1000,1
2434,1.000000000000e-03,1.000000000000e-03,1000,1
2435,1.000000000000e-03,1.000000000000e-03,1000,2
2436,1.000000000000e-03,1.000000000000e-03,1000,6
2437,1.000000000000e-03,1.000000000000e-03,1000,0
2438,1.000000000000e-03,1.000000000000e-03,1000,1
2439,1.000000000000e-03,1.000000000000e-03,1000,2
2440,1.000000000000e-03,1.000000000000e-03,1000,0
2441,1.000000000000e-03,1.000000000000e-03,1000,1
2442,1.000000000000e-03,1.000000000000e-03,1000,0
2443,1.000000000000e-03,1.000000000000e-03,1000,4
2444,1.000000000000e-03,1.000000000000e-03,1000,1
2445,1.000000000000e-03,1.000000000000e-03,1000,1
2446,1.000000000000e-03,1.000000000000e-03,1000,1
2447,1.000000000000e-03,1.000000000000e-03,1000,2
2448,1.000000000000e-03,1.000000000000e-03,1000,4
2449,1.000000000000e-03,1.000000000000e-03,1000,2
2450,1.000000000000e-03,1.000000000000e-03,1000,1
2451,1.000000000000e-03,1.000000000000e-03,1000,1
2452,1.000000000000e-03,1.000000000000e-03,1000,2
2453,1.000000000000e-03,1.000000000000e-03,1000,1
2454,1.000000000000e-03,1.000000000000e-03,1000,2
2455,1.000000000000e-03,1.000000000000e-03,1000,0
2456,1.000000000000e-03,1.000000000000e-03,1000,2
2457,1.000000000000e-03,1.000000000000e-03,1000,5
2458,1.000000000000e-03,1.000000000000e-03,1000,1
2459,1.000000000000e-03,1.000000000000e-03,1000,1
2460,1.000000000000e-03,1.000000000000e-03,1000,3
2461,1.000000000000e-03,1.000000000000e-03,1000,1
2462,1.000000000000e-03,1.000000000000e-03,1000,1
2463,1.000000000000e-03,1.000000000000e-03,1000,0
2464,1.000000000000e-03,1.000000000000e-03,1000,1
2465,1.000000000000e-03,1.000000000000e-03,1000,1
2466,1.000000000000e-03,1.000000000000e-03,1000,4
2467,1.000000000000e-03,1.000000000000e-03,1000,1
2468,1.000000000000e-03,1.000000000000e-03,1000,2
2469,1.000000000000e-03,1.000000000000e-03,1000,3
2470,1.000000000000e-03,1.000000000000e-03,1000,0
2471,1.000000000000e-03,1.000000000000e-03,1000,0
2472,1.000000000000e-03,1.000000000000e-03,1000,2
2473,1.000000000000e-03,1.000000000000e-03,1000,0
2474,1.000000000000e-03,1.000000000000e-03,1000,2
2475,1.000000000000e-03,1.000000000000e-03,1000,2
2476,1.000000000000e-03,1.000000000000e-03,1000,1
2477,1.000000000000e-03,1.000000000000e-03,1000,2
2478,1.000000000000e-03,1.000000000000e-03,1000,3
2479,1.000000000000e-03,1.000000000000e-03,1000,1
2480,1.000000000000e-03,1.000000000000e-03,1000,1
2481,1.000000000000e-03,1.000000000000e-03,1000,2
2482,1.000000000000e-03,1.000000000000e-03,1000,1
2483,1.000000000000e-03,1.000000000000e-03,1000,0
2484,1.000000000000e-03,1.000000000000e-03,1000,2
2485,1.000000000000e-03,1.000000000000e-03,1000,2
2486,1.000000000000e-03,1.000000000000e-03,1000,0
2487,1.000000000000e-03,1.000000000000e-03,1000,1
2488,1.000000000000e-03,1.000000000000e-03,1000,3
2489,1.000000000000e-03,1.000000000000e-03,1000,0
2490,1.000000000000e-03,1.000000000000e-03,1000,2
2491,1.000000000000e-03,1.000000000000e-03,1000,1
2492,1.000000000000e-03,1.000000000000e-03,1000,1
2493,1.000000000000e-03,1.000000000000e-03,1000,2
2494,1.000000000000e-03,1.000000000000e-03,1000,0
2495,1.000000000000e-03,1.000000000000e-03,1000,0
2496,1.000000000000e-03,1.000000000000e-03,1000,2
2497,1.000000000000e-03,1.000000000000e-03,1000,2
2498,1.000000000000e-03,1.000000000000e-03,1000,1
2499,1.000000000000e-03,1.000000000000e-03,1000,1
2500,1.000000000000e-03,1.000000000000e-03,1000,0
2501,1.000000000000e-03,1.000000000000e-03,1000,4
2502,1.000000000000e-03,1.000000000000e-03,1000,2
2503,1.000000000000e-03,1.000000000000e-03,1000,1
2504,1.000000000000e-03,1.000000000000e-03,1000,3
2505,1.000000000000e-03,1.000000000000e-03,1000,2
2506,1.000000000000e-03,1.000000000000e-03,1000,1
2507,1.000000000000e-03,1.000000000000e-03,1000,1
2508,1.000000000000e-03,1.000000000000e-03,1000,1
2509,1.000000000000e-03,1.000000000000e-03,1000,4
2510,1.000000000000e-03,1.000000000000e-03,1000,2
2511,1.000000000000e-03,1.000000000000e-03,1000,0
2512,1.000000000000e-03,1.000000000000e-03,1000,0
2513,1.000000000000e-03,1.000000000000e-03,1000,1
2514,1.000000000000e-03,1.000000000000e-03,1000,1
2515,1.000000000000e-03,1.000000000000e-03,1000,0
2516,1.000000000000e-03,1.000000000000e-03,1000,1
2517,1.000000000000e-03,1.000000000000e-03,1000,0
2518,1.000000000000e-03,1.000000000000e-03,1000,0
2519,1.000000000000e-03,1.000000000000e-03,1000,0
2520,1.000000000000e-03,1.000000000000e-03,1000,3
2521,1.000000000000e-03,1.000000000000e-03,1000,1
2522,1.000000000000e-03,1.000000000000e-03,1000,0
2523,1.000000000000e-03,1.000000000000e-03,1000,0
2524,1.000000000000e-03,1.000000000000e-03,1000,2
2525,1.000000000000e-03,1.000000000000e-03,1000,1
2526,1.000000000000e-03,1.000000000000e-03,1000,4
2527,1.000000000000e-03,1.000000000000e-03,1000,4
2528,1.000000000000e-03,1.000000000000e-03,1000,3
2529,1.000000000000e-03,1.000000000000e-03,1000,3
2530,1.000000000000e-03,1.000000000000e-03,1000,0
2531,1.000000000000e-03,1.000000000000e-03,1000,2
2532,1.000000000000e-03,1.000000000000e-03,1000,3
2533,1.000000000000e-03,1.000000000000e-03,1000,1
2534,1.000000000000e-03,1.000000000000e-03,1000,3
2535,1.000000000000e-03,1.000000000000e-03,1000,1
2536,1.000000000000e-03,1.000000000000e-03,1000,2
2537,1.000000000000e-03,1.000000000000e-03,1000,0
2538,1.000000000000e-03,1.000000000000e-03,1000,1
2539,1.000000000000e-03,1.000000000000e-03,1000,1
2540,1.000000000000e-03,1.000000000000e-03,1000,0
2541,1.000000000000e-03,1.000000000000e-03,1000,0
2542,1.000000000000e-03,1.000000000000e-03,1000,1
2543,1.000000000000e-03,1.000000000000e-03,1000,2
2544,1.000000000000e-03,1.000000000000e-03,1000,0
2545,1.000000000000e-03,1.000000000000e-03,1000,3
2546,1.000000000000e-03,1.000000000000e-03,1000,0
2547,1.000000000000e-03,1.000000000000e-03,1000,3
2548,1.000000000000e-03,1.000000000000e-03,1000,1
2549,1.000000000000e-03,1.000000000000e-03,1000,4
2550,1.000000000000e-03,1.000000000000e-03,1000,2
2551,1.000000000000e-03,1.000000000000e-03,1000,0
2552,1.000000000000e-03,1.000000000000e-03,1000,0
2553,1.000000000000e-03,1.000000000000e-03,1000,2
2554,1.000000000000e-03,1.000000000000e-03,1000,1
2555,1.000000000000e-03,1.000000000000e-03,1000,1
2556,1.000000000000e-03,1.000000000000e-03,1000,0
2557,1.000000000000e-03,1.000000000000e-03,1000,2
2558,1.000000000000e-03,1.000000000000e-03,1000,1
2559,1.000000000000e-03,1.000000000000e-03,1000,0
2560,1.000000000000e-03,1.000000000000e-03,1000,0
2561,1.000000000000e-03,1.000000000000e-03,1000,0
2562,1.000000000000e-03,1.000000000000e-03,1000,2
2563,1.000000000000e-03,1.000000000000e-03,1000,1
2564,1.000000000000e-03,1.000000000000e-03,1000,0
2565,1.000000000000e-03,1.000000000000e-03,1000,2
2566,1.000000000000e-03,1.000000000000e-03,1000,1
2567,1.000000000000e-03,1.000000000000e-03,1000,1
2568,1.000000000000e-03,1.000000000000e-03,1000,3
2569,1.000000000000e-03,1.000000000000e-03,1000,1
2570,1.000000000000e-03,1.000000000000e-03,1000,0
2571,1.000000000000e-03,1.000000000000e-03,1000,2
2572,1.000000000000e-03,1.000000000000e-03,1000,0
2573,1.000000000000e-03,1.000000000000e-03,1000,4
2574,1.000000000000e-03,1.000000000000e-03,1000,0
2575,1.000000000000e-03,1.000000000000e-03,1000,2
2576,1.000000000000e-03,1.000000000000e-03,1000,1
2577,1.000000000000e-03,1.000000000000e-03,1000,2
2578,1.000000000000e-03,1.000000000000e-03,1000,0
2579,1.000000000000e-03,1.000000000000e-03,1000,4
2580,1.000000000000e-03,1.000000000000e-03,1000,2
2581,1.000000000000e-03,1.000000000000e-03,1000,2
2582,1.000000000000e-03,1.000000000000e-03,1000,2
2583,1.000000000000e-03,1.000000000000e-03,1000,0
2584,1.000000000000e-03,1.000000000000e-03,1000,0
2585,1.000000000000e-03,1.000000000000e-03,1000,1
2586,1.000000000000e-03,1.000000000000e-03,1000,0
2587,1.000000000000e-03,1.000000000000e-03,1000,0
2588,1.000000000000e-03,1.000000000000e-03,1000,2
2589,1.000000000000e-03,1.000000000000e-03,1000,1
2590,1.000000000000e-03,1.000000000000e-03,1000,2
2591,1.000000000000e-03,1.000000000000e-03,1000,1
2592,1.000000000000e-03,1.000000000000e-03,1000,1
2593,1.000000000000e-03,1.000000000000e-03,1000,1
2594,1.000000000000e-03,1.000000000000e-03,1000,1
2595,1.000000000000e-03,1.000000000000e-03,1000,1
2596,1.000000000000e-03,1.000000000000e-03,1000,0
2597,1.000000000000e-03,1.000000000000e-03,1000,0
2598,1.000000000000e-03,1.000000000000e-03,1000,0
2599,1.000000000000e-03,1.000000000000e-03,1000,0
2600,1.000000000000e-03,1.000000000000e-03,1000,3
2601,1.000000000000e-03,1.000000000000e-03,1000,2
2602,1.000000000000e-03,1.000000000000e-03,1000,1
2603,1.000000000000e-03,1.000000000000e-03,1000,2
2604,1.000000000000e-03,1.000000000000e-03,1000,0
2605,1.000000000000e-03,1.000000000000e-03,1000,0
2606,1.000000000000e-03,1.000000000000e-03,1000,3
2607,1.000000000000e-03,1.000000000000e-03,1000,2
2608,1.000000000000e-03,1.000000000000e-03,1000,1
2609,1.000000000000e-03,1.000000000000e-03,1000,1
2610,1.000000000000e-03,1.000000000000e-03,1000,0
2611,1.000000000000e-03,1.000000000000e-03,1000,0
2612,1.000000000000e-03,1.000000000000e-03,1000,1
2613,1.000000000000e-03,1.000000000000e-03,1000,0
2614,1.000000000000e-03,1.000000000000e-03,1000,0
2615,1.000000000000e-03,1.000000000000e-03,1000,1
2616,1.000000000000e-03,1.000000000000e-03,1000,0
2617,1.000000000000e-03,1.000000000000e-03,1000,1
2618,1.000000000000e-03,1.000000000000e-03,1000,0
2619,1.000000000000e-03,1.000000000000e-03,1000,0
2620,1.000000000000e-03,1.000000000000e-03,1000,1
2621,1.000000000000e-03,1.000000000000e-03,1000,1
2622,1.000000000000e-03,1.000000000000e-03,1000,2
2623,1.000000000000e-03,1.000000000000e-03,1000,0
2624,1.000000000000e-03,1.000000000000e-03,1000,3
2625,1.000000000000e-03,1.000000000000e-03,1000,0
2626,1.000000000000e-03,1.000000000000e-03,1000,3
2627,1.000000000000e-03,1.000000000000e-03,1000,1
2628,1.000000000000e-03,1.000000000000e-03,1000,1
2629,1.000000000000e-03,1.000000000000e-03,1000,2
2630,1.000000000000e-03,1.000000000000e-03,1000,2
2631,1.000000000000e-03,1.000000000000e-03,1000,3
2632,1.000000000000e-03,1.000000000000e-03,1000,1
2633,1.000000000000e-03,1.000000000000e-03,1000,5
2634,1.000000000000e-03,1.000000000000e-03,1000,2
2635,1.000000000000e-03,1.000000000000e-03,1000,1
2636,1.000000000000e-03,1.000000000000e-03,1000,2
2637,1.000000000000e-03,1.000000000000e-03,1000,1
2638,1.000000000000e-03,1.000000000000e-03,1000,1
2639,1.000000000000e-03,1.000000000000e-03,1000,4
2640,1.000000000000e-03,1.000000000000e-03,1000,3
2641,1.000000000000e-03,1.000000000000e-03,1000,2
2642,1.000000000000e-03,1.000000000000e-03,1000,2
2643,1.000000000000e-03,1.000000000000e-03,1000,1
2644,1.000000000000e-03,1.000000000000e-03,1000,2
2645,1.000000000000e-03,1.000000000000e-03,1000,1
2646,1.000000000000e-03,1.000000000000e-03,1000,2
2647,1.000000000000e-03,1.000000000000e-03,1000,1
2648,1.000000000000e-03,1.000000000000e-03,1000,1
2649,1.000000000000e-03,1.000000000000e-03,1000,1
2650,1.000000000000e-03,1.000000000000e-03,1000,2
2651,1.000000000000e-03,1.000000000000e-03,1000,2
2652,1.000000000000e-03,1.000000000000e-03,1000,0
2653,1.000000000000e-03,1.000000000000e-03,1000,1
2654,1.000000000000e-03,1.000000000000e-03,1000,2
2655,1.000000000000e-03,1.000000000000e-03,1000,1
2656,1.000000000000e-03,1.000000000000e-03,1000,1
2657,1.000000000000e-03,1.000000000000e-03,1000,2
2658,1.000000000000e-03,1.000000000000e-03,1000,2
2659,1.000000000000e-03,1.000000000000e-03,1000,4
2660,1.000000000000e-03,1.000000000000e-03,1000,2
2661,1.000000000000e-03,1.000000000000e-03,1000,0
2662,1.000000000000e-03,1.000000000000e-03,1000,0
2663,1.000000000000e-03,1.000000000000e-03,1000,0
2664,1.000000000000e-03,1.000000000000e-03,1000,1
2665,1.000000000000e-03,1.000000000000e-03,1000,0
2666,1.000000000000e-03,1.000000000000e-03,1000,3
2667,1.000000000000e-03,1.000000000000e-03,1000,0
2668,1.000000000000e-03,1.000000000000e-03,1000,1
2669,1.000000000000e-03,1.000000000000e-03,1000,1
2670,1.000000000000e-03,1.000000000000e-03,1000,1
2671,1.000000000000e-03,1.000000000000e-03,1000,1
2672,1.000000000000e-03,1.000000000000e-03,1000,1
2673,1.000000000000e-03,1.000000000000e-03,1000,2
2674,1.000000000000e-03,1.000000000000e-03,1000,1
2675,1.000000000000e-03,1.000000000000e-03,1000,0
2676,1.000000000000e-03,1.000000000000e-03,1000,1
2677,1.000000000000e-03,1.000000000000e-03,1000,0
2678,1.000000000000e-03,1.000000000000e-03,1000,5
2679,1.000000000000e-03,1.000000000000e-03,1000,1
2680,1.000000000000e-03,1.000000000000e-03,1000,1
2681,1.000000000000e-03,1.000000000000e-03,1000,2
2682,1.000000000000e-03,1.000000000000e-03,1000,1
2683,1.000000000000e-03,1.000000000000e-03,1000,0
2684,1.000000000000e-03,1.000000000000e-03,1000,4
2685,1.000000000000e-03,1.000000000000e-03,1000,2
2686,1.000000000000e-03,1.000000000000e-03,1000,1
2687,1.000000000000e-03,1.000000000000e-03,1000,2
2688,1.000000000000e-03,1.000000000000e-03,1000,2
2689,1.000000000000e-03,1.000000000000e-03,1000,1
2690,1.000000000000e-03,1.000000000000e-03,1000,2
2691,1.000000000000e-03,1.000000000000e-03,1000,4
2692,1.000000000000e-03,1.000000000000e-03,1000,0
2693,1.000000000000e-03,1.000000000000e-03,1000,1
2694,1.000000000000e-03,1.000000000000e-03,1000,2
2695,1.000000000000e-03,1.000000000000e-03,1000,2
2696,1.000000000000e-03,1.000000000000e-03,1000,3
2697,1.000000000000e-03,1.000000000000e-03,1000,1
2698,1.000000000000e-03,1.000000000000e-03,1000,4
2699,1.000000000000e-03,1.000000000000e-03,1000,2
2700,1.000000000000e-03,1.000000000000e-03,1000,0
2701,1.000000000000e-03,1.000000000000e-03,1000,0
2702,1.000000000000e-03,1.000000000000e-03,1000,1
2703,1.000000000000e-03,1.000000000000e-03,1000,1
2704,1.000000000000e-03,1.000000000000e-03,1000,1
2705,1.000000000000e-03,1.000000000000e-03,1000,2
2706,1.000000000000e-03,1.000000000000e-03,1000,0
2707,1.000000000000e-03,1.000000000000e-03,1000,0
2708,1.000000000000e-03,1.000000000000e-03,1000,2
2709,1.000000000000e-03,1.000000000000e-03,1000,0
2710,1.000000000000e-03,1.000000000000e-03,1000,0
2711,1.000000000000e-03,1.000000000000e-03,1000,2
2712,1.000000000000e-03,1.000000000000e-03,1000,2
2713,1.000000000000e-03,1.000000000000e-03,1000,0
2714,1.000000000000e-03,1.000000000000e-03,1000,0
2715,1.000000000000e-03,1.000000000000e-03,1000,1
2716,1.000000000000e-03,1.000000000000e-03,1000,4
2717,1.000000000000e-03,1.000000000000e-03,1000,0
2718,1.000000000000e-03,1.000000000000e-03,1000,2
2719,1.000000000000e-03,1.000000000000e-03,1000,0
2720,1.000000000000e-03,1.000000000000e-03,1000,0
2721,1.000000000000e-03,1.000000000000e-03,1000,0
2722,1.000000000000e-03,1.000000000000e-03,1000,2
2723,1.000000000000e-03,1.000000000000e-03,1000,2
2724,1.000000000000e-03,1.000000000000e-03,1000,3
2725,1.000000000000e-03,1.000000000000e-03,1000,0
2726,1.000000000000e-03,1.000000000000e-03,1000,1
2727,1.000000000000e-03,1.000000000000e-03,1000,0
2728,1.000000000000e-03,1.000000000000e-03,1000,4
2729,1.000000000000e-03,1.000000000000e-03,1000,1
2730,1.000000000000e-03,1.000000000000e-03,1000,2
2731,1.000000000000e-03,1.000000000000e-03,1000,0
2732,1.000000000000e-03,1.000000000000e-03,1000,2
2733,1.000000000000e-03,1.000000000000e-03,1000,3
2734,1.000000000000e-03,1.000000000000e-03,1000,0
2735,1.000000000000e-03,1.000000000000e-03,1000,0
2736,1.000000000000e-03,1.000000000000e-03,1000,0
2737,1.000000000000e-03,1.000000000000e-03,1000,1
2738,1.000000000000e-03,1.000000000000e-03,1000,1
2739,1.000000000000e-03,1.000000000000e-03,1000,2
2740,1.000000000000e-03,1.000000000000e-03,1000,0
2741,1.000000000000e-03,1.000000000000e-03,1000,2
2742,1.000000000000e-03,1.000000000000e-03,1000,2
2743,1.000000000000e-03,1.000000000000e-03,1000,2
2744,1.000000000000e-03,1.000000000000e-03,1000,1
2745,1.000000000000e-03,1.000000000000e-03,1000,4
2746,1.000000000000e-03,1.000000000000e-03,1000,0
2747,1.000000000000e-03,1.000000000000e-03,1000,0
2748,1.000000000000e-03,1.000000000000e-03,1000,0
2749,1.000000000000e-03,1.000000000000e-03,1000,2
2750,1.000000000000e-03,1.000000000000e-03,1000,3
2751,1.000000000000e-03,1.000000000000e-03,1000,2
2752,1.000000000000e-03,1.000000000000e-03,1000,1
2753,1.000000000000e-03,1.000000000000e-03,1000,1
2754,1.000000000000e-03,1.000000000000e-03,1000,3
2755,1.000000000000e-03,1.000000000000e-03,1000,0
2756,1.000000000000e-03,1.000000000000e-03,1000,3
2757,1.000000000000e-03,1.000000000000e-03,1000,2
2758,1.000000000000e-03,1.000000000000e-03,1000,1
2759,1.000000000000e-03,1.000000000000e-03,1000,1
2760,1.000000000000e-03,1.000000000000e-03,1000,1
2761,1.000000000000e-03,1.000000000000e-03,1000,1
2762,1.000000000000e-03,1.000000000000e-03,1000,0
2763,1.000000000000e-03,1.000000000000e-03,1000,1
2764,1.000000000000e-03,1.000000000000e-03,1000,1
2765,1.000000000000e-03,1.000000000000e-03,1000,2
2766,1.000000000000e-03,1.000000000000e-03,1000,1
2767,1.000000000000e-03,1.000000000000e-03,1000,0
2768,1.000000000000e-03,1.000000000000e-03,1000,2
2769,1.000000000000e-03,1.000000000000e-03,1000,1
2770,1.000000000000e-03,1.000000000000e-03,1000,1
2771,1.000000000000e-03,1.000000000000e-03,1000,1
2772,1.000000000000e-03,1.000000000000e-03,1000,1
2773,1.000000000000e-03,1.000000000000e-03,1000,0
2774,1.000000000000e-03,1.000000000000e-03,1000,0
2775,1.000000000000e-03,1.000000000000e-03,1000,2
2776,1.000000000000e-03,1.000000000000e-03,1000,0
2777,1.000000000000e-03,1.000000000000e-03,1000,1
2778,1.000000000000e-03,1.000000000000e-03,1000,1
2779,1.000000000000e-03,1.000000000000e-03,1000,2
2780,1.000000000000e-03,1.000000000000e-03,1000,1
2781,1.000000000000e-03,1.000000000000e-03,1000,1
2782,1.000000000000e-03,1.000000000000e-03,1000,6
2783,1.000000000000e-03,1.000000000000e-03,1000,4
2784,1.000000000000e-03,1.000000000000e-03,1000,3
2785,1.000000000000e-03,1.000000000000e-03,1000,2
2786,1.000000000000e-03,1.000000000000e-03,1000,0
2787,1.000000000000e-03,1.000000000000e-03,1000,0
2788,1.000000000000e-03,1.000000000000e-03,1000,0
2789,1.000000000000e-03,1.000000000000e-03,1000,1
2790,1.000000000000e-03,1.000000000000e-03,1000,3
2791,1.000000000000e-03,1.000000000000e-03,1000,1
2792,1.000000000000e-03,1.000000000000e-03,1000,1
2793,1.000000000000e-03,1.000000000000e-03,1000,1
2794,1.000000000000e-03,1.000000000000e-03,1000,3
2795,1.000000000000e-03,1.000000000000e-03,1000,0
2796,1.000000000000e-03,1.000000000000e-03,1000,3
2797,1.000000000000e-03,1.000000000000e-03,1000,3
2798,1.000000000000e-03,1.000000000000e-03,1000,3
2799,1.000000000000e-03,1.000000000000e-03,1000,0
2800,1.000000000000e-03,1.000000000000e-03,1000,1
2801,1.000000000000e-03,1.000000000000e-03,2000,2
2802,1.000000000000e-03,1.000000000000e-03,2000,5
2803,1.000000000000e-03,1.000000000000e-03,2000,6
2804,1.000000000000e-03,1.000000000000e-03,2000,4
2805,1.000000000000e-03,1.000000000000e-03,2000,3
2806,1.000000000000e-03,1.000000000000e-03,2000,3
2807,1.000000000000e-03,1.000000000000e-03,2000,3
2808,1.000000000000e-03,1.000000000000e-03,2000,6
2809,1.000000000000e-03,1.000000000000e-03,2000,3
2810,1.000000000000e-03,1.000000000000e-03,2000,4
2811,1.000000000000e-03,1.000000000000e-03,2000,1
2812,1.000000000000e-03,1.000000000000e-03,2000,1
2813,1.000000000000e-03,1.000000000000e-03,2000,1
2814,1.000000000000e-03,1.000000000000e-03,2000,1
2815,1.000000000000e-03,1.000000000000e-03,2000,4
2816,1.000000000000e-03,1.000000000000e-03,2000,3
2817,1.000000000000e-03,1.000000000000e-03,2000,3
2818,1.000000000000e-03,1.000000000000e-03,2000,2
2819,1.000000000000e-03,1.000000000000e-03,2000,0
2820,1.000000000000e-03,1.000000000000e-03,2000,4
2821,1.000000000000e-03,1.000000000000e-03,2000,2
2822,1.000000000000e-03,1.000000000000e-03,2000,3
2823,1.000000000000e-03,1.000000000000e-03,2000,3
2824,1.000000000000e-03,1.000000000000e-03,2000,4
2825,1.000000000000e-03,1.000000000000e-03,2000,0
2826,1.000000000000e-03,1.000000000000e-03,2000,2
2827,1.000000000000e-03,1.000000000000e-03,2000,6
2828,1.000000000000e-03,1.000000000000e-03,2000,1
2829,1.000000000000e-03,1.000000000000e-03,2000,2
2830,1.000000000000e-03,1.000000000000e-03,2000,1
2831,1.000000000000e-03,1.000000000000e-03,2000,4
2832,1.000000000000e-03,1.000000000000e-03,2000,5
2833,1.000000000000e-03,1.000000000000e-03,2000,3
2834,1.000000000000e-03,1.000000000000e-03,2000,4
2835,1.000000000000e-03,1.000000000000e-03,2000,1
2836,1.000000000000e-03,1.000000000000e-03,2000,3
2837,1.000000000000e-03,1.000000000000e-03,2000,2
2838,1.000000000000e-03,1.000000000000e-03,2000,4
2839,1.000000000000e-03,1.000000000000e-03,2000,4
2840,1.000000000000e-03,1.000000000000e-03,2000,3
2841,1.000000000000e-03,1.000000000000e-03,2000,3
2842,1.000000000000e-03,1.000000000000e-03,2000,3
2843,1.000000000000e-03,1.000000000000e-03,2000,5
2844,1.000000000000e-03,1.000000000000e-03,2000,2
2845,1.000000000000e-03,1.000000000000e-03,2000,5
2846,1.000000000000e-03,1.000000000000e-03,2000,2
2847,1.000000000000e-03,1.000000000000e-03,2000,2
2848,1.000000000000e-03,1.000000000000e-03,2000,1
2849,1.000000000000e-03,1.000000000000e-03,2000,3
2850,1.000000000000e-03,1.000000000000e-03,2000,4
2851,1.000000000000e-03,1.000000000000e-03,2000,2
2852,1.000000000000e-03,1.000000000000e-03,2000,7
2853,1.000000000000e-03,1.000000000000e-03,2000,4
2854,1.000000000000e-03,1.000000000000e-03,2000,1
2855,1.000000000000e-03,1.000000000000e-03,2000,4
2856,1.000000000000e-03,1.000000000000e-03,2000,4
2857,1.000000000000e-03,1.000000000000e-03,2000,2
2858,1.000000000000e-03,1.000000000000e-03,2000,2
2859,1.000000000000e-03,1.000000000000e-03,2000,3
2860,1.000000000000e-03,1.000000000000e-03,2000,2
2861,1.000000000000e-03,1.000000000000e-03,2000,0
2862,1.000000000000e-03,1.000000000000e-03,2000,5
2863,1.000000000000e-03,1.000000000000e-03,2000,6
2864,1.000000000000e-03,1.000000000000e-03,2000,1
2865,1.000000000000e-03,1.000000000000e-03,2000,1
2866,1.000000000000e-03,1.000000000000e-03,2000,2
2867,1.000000000000e-03,1.000000000000e-03,2000,4
2868,1.000000000000e-03,1.000000000000e-03,2000,5
2869,1.000000000000e-03,1.000000000000e-03,2000,1
2870,1.000000000000e-03,1.000000000000e-03,2000,2
2871,1.000000000000e-03,1.000000000000e-03,2000,2
2872,1.000000000000e-03,1.000000000000e-03,2000,3
2873,1.000000000000e-03,1.000000000000e-03,2000,5
2874,1.000000000000e-03,1.000000000000e-03,2000,4
2875,1.000000000000e-03,1.000000000000e-03,2000,1
2876,1.000000000000e-03,1.000000000000e-03,2000,2
2877,1.000000000000e-03,1.000000000000e-03,2000,3
2878,1.000000000000e-03,1.000000000000e-03,2000,3
2879,1.000000000000e-03,1.000000000000e-03,2000,3
2880,1.000000000000e-03,1.000000000000e-03,2000,1
2881,1.000000000000e-03,1.000000000000e-03,2000,1
2882,1.000000000000e-03,1.000000000000e-03,2000,1
2883,1.000000000000e-03,1.000000000000e-03,2000,7
2884,1.000000000000e-03,1.000000000000e-03,2000,3
2885,1.000000000000e-03,1.000000000000e-03,2000,6
2886,1.000000000000e-03,1.000000000000e-03,2000,2
2887,1.000000000000e-03,1.000000000000e-03,2000,2
2888,1.000000000000e-03,1.000000000000e-03,2000,2
2889,1.000000000000e-03,1.000000000000e-03,2000,1
2890,1.000000000000e-03,1.000000000000e-03,2000,2
2891,1.000000000000e-03,1.000000000000e-03,2000,4
2892,1.000000000000e-03,1.000000000000e-03,2000,1
2893,1.000000000000e-03,1.000000000000e-03,2000,2
2894,1.000000000000e-03,1.000000000000e-03,2000,5
2895,1.000000000000e-03,1.000000000000e-03,2000,1
2896,1.000000000000e-03,1.000000000000e-03,2000,3
2897,1.000000000000e-03,1.000000000000e-03,2000,3
2898,1.000000000000e-03,1.000000000000e-03,2000,1
2899,1.000000000000e-03,1.000000000000e-03,2000,3
2900,1.000000000000e-03,1.000000000000e-03,2000,5
2901,1.000000000000e-03,1.000000000000e-03,2000,3
2902,1.000000000000e-03,1.000000000000e-03,2000,3
2903,1.000000000000e-03,1.000000000000e-03,2000,4
2904,1.000000000000e-03,1.000000000000e-03,2000,3
2905,1.000000000000e-03,1.000000000000e-03,2000,3
2906,1.000000000000e-03,1.000000000000e-03,2000,3
2907,1.000000000000e-03,1.000000000000e-03,2000,5
2908,1.000000000000e-03,1.000000000000e-03,2000,4
2909,1.000000000000e-03,1.000000000000e-03,2000,4
2910,1.000000000000e-03,1.000000000000e-03,2000,1
2911,1.000000000000e-03,1.000000000000e-03,2000,0
2912,1.000000000000e-03,1.000000000000e-03,2000,3
2913,1.000000000000e-03,1.000000000000e-03,2000,2
2914,1.000000000000e-03,1.000000000000e-03,2000,1
2915,1.000000000000e-03,1.000000000000e-03,2000,4
2916,1.000000000000e-03,1.000000000000e-03,2000,3
2917,1.000000000000e-03,1.000000000000e-03,2000,3
2918,1.000000000000e-03,1.000000000000e-03,2000,1
2919,1.000000000000e-03,1.000000000000e-03,2000,1
2920,1.000000000000e-03,1.000000000000e-03,2000,6
2921,1.000000000000e-03,1.000000000000e-03,2000,2
2922,1.000000000000e-03,1.000000000000e-03,2000,5
2923,1.000000000000e-03,1.000000000000e-03,2000,3
2924,1.000000000000e-03,1.000000000000e-03,2000,3
2925,1.000000000000e-03,1.000000000000e-03,2000,1
2926,1.000000000000e-03,1.000000000000e-03,2000,1
2927,1.000000000000e-03,1.000000000000e-03,2000,4
2928,1.000000000000e-03,1.000000000000e-03,2000,2
2929,1.000000000000e-03,1.000000000000e-03,2000,3
2930,1.000000000000e-03,1.000000000000e-03,2000,1
2931,1.000000000000e-03,1.000000000000e-03,2000,2
2932,1.000000000000e-03,1.000000000000e-03,2000,2
2933,1.000000000000e-03,1.000000000000e-03,2000,3
2934,1.000000000000e-03,1.000000000000e-03,2000,2
2935,1.000000000000e-03,1.000000000000e-03,2000,2
2936,1.000000000000e-03,1.000000000000e-03,2000,2
2937,1.000000000000e-03,1.000000000000e-03,2000,3
2938,1.000000000000e-03,1.000000000000e-03,2000,5
2939,1.000000000000e-03,1.000000000000e-03,2000,2
2940,1.000000000000e-03,1.000000000000e-03,2000,5
2941,1.000000000000e-03,1.000000000000e-03,2000,3
2942,1.000000000000e-03,1.000000000000e-03,2000,2
2943,1.000000000000e-03,1.000000000000e-03,2000,4
2944,1.000000000000e-03,1.000000000000e-03,2000,0
2945,1.000000000000e-03,1.000000000000e-03,2000,4
2946,1.000000000000e-03,1.000000000000e-03,2000,2
2947,1.000000000000e-03,1.000000000000e-03,2000,3
2948,1.000000000000e-03,1.000000000000e-03,2000,4
2949,1.000000000000e-03,1.000000000000e-03,2000,3
2950,1.000000000000e-03,1.000000000000e-03,2000,1
2951,1.000000000000e-03,1.000000000000e-03,2000,0
2952,1.000000000000e-03,1.000000000000e-03,2000,3
2953,1.000000000000e-03,1.000000000000e-03,2000,4
2954,1.000000000000e-03,1.000000000000e-03,2000,2
2955,1.000000000000e-03,1.000000000000e-03,2000,3
2956,1.000000000000e-03,1.000000000000e-03,2000,3
2957,1.000000000000e-03,1.000000000000e-03,2000,5
2958,1.000000000000e-03,1.000000000000e-03,2000,3
2959,1.000000000000e-03,1.000000000000e-03,2000,3
2960,1.000000000000e-03,1.000000000000e-03,2000,1
2961,1.000000000000e-03,1.000000000000e-03,2000,4
2962,1.000000000000e-03,1.000000000000e-03,2000,4
2963,1.000000000000e-03,1.000000000000e-03,2000,3
2964,1.000000000000e-03,1.000000000000e-03,2000,6
2965,1.000000000000e-03,1.000000000000e-03,2000,2
2966,1.000000000000e-03,1.000000000000e-03,2000,2
2967,1.000000000000e-03,1.000000000000e-03,2000,4
2968,1.000000000000e-03,1.000000000000e-03,2000,1
2969,1.000000000000e-03,1.000000000000e-03,2000,2
2970,1.000000000000e-03,1.000000000000e-03,2000,1
2971,1.000000000000e-03,1.000000000000e-03,2000,3
2972,1.000000000000e-03,1.000000000000e-03,2000,4
2973,1.000000000000e-03,1.000000000000e-03,2000,1
2974,1.000000000000e-03,1.000000000000e-03,2000,4
2975,1.000000000000e-03,1.000000000000e-03,2000,0
2976,1.000000000000e-03,1.000000000000e-03,2000,1
2977,1.000000000000e-03,1.000000000000e-03,2000,2
2978,1.000000000000e-03,1.000000000000e-03,2000,3
2979,1.000000000000e-03,1.000000000000e-03,2000,5
2980,1.000000000000e-03,1.000000000000e-03,2000,5
2981,1.000000000000e-03,1.000000000000e-03,2000,1
2982,1.000000000000e-03,1.000000000000e-03,2000,3
2983,1.000000000000e-03,1.000000000000e-03,2000,2
2984,1.000000000000e-03,1.000000000000e-03,2000,2
2985,1.000000000000e-03,1.000000000000e-03,2000,2
2986,1.000000000000e-03,1.000000000000e-03,2000,6
2987,1.000000000000e-03,1.000000000000e-03,2000,0
2988,1.000000000000e-03,1.000000000000e-03,2000,5
2989,1.000000000000e-03,1.000000000000e-03,2000,2
2990,1.000000000000e-03,1.000000000000e-03,2000,2
2991,1.000000000000e-03,1.000000000000e-03,2000,5
2992,1.000000000000e-03,1.000000000000e-03,2000,3
2993,1.000000000000e-03,1.000000000000e-03,2000,3
2994,1.000000000000e-03,1.000000000000e-03,2000,0
2995,1.000000000000e-03,1.000000000000e-03,2000,3
2996,1.000000000000e-03,1.000000000000e-03,2000,2
2997,1.000000000000e-03,1.000000000000e-03,2000,1
2998,1.000000000000e-03,1.000000000000e-03,2000,4
2999,1.000000000000e-03,1.000000000000e-03,2000,0
3000,1.000000000000e-03,1.000000000000e-03,2000,2
3001,1.000000000000e-03,1.000000000000e-03,2000,3
3002,1.000000000000e-03,1.000000000000e-03,2000,8
3003,1.000000000000e-03,1.000000000000e-03,2000,3
3004,1.000000000000e-03,1.000000000000e-03,2000,0
3005,1.000000000000e-03,1.000000000000e-03,2000,4
3006,1.000000000000e-03,1.000000000000e-03,2000,4
3007,1.000000000000e-03,1.000000000000e-03,2000,1
3008,1.000000000000e-03,1.000000000000e-03,2000,3
3009,1.000000000000e-03,1.000000000000e-03,2000,5
3010,1.000000000000e-03,1.000000000000e-03,2000,4
3011,1.000000000000e-03,1.000000000000e-03,2000,2
3012,1.000000000000e-03,1.000000000000e-03,2000,5
3013,1.000000000000e-03,1.000000000000e-03,2000,2
3014,1.000000000000e-03,1.000000000000e-03,2000,0
3015,1.000000000000e-03,1.000000000000e-03,2000,3
3016,1.000000000000e-03,1.000000000000e-03,2000,2
3017,1.000000000000e-03,1.000000000000e-03,2000,1
3018,1.000000000000e-03,1.000000000000e-03,2000,2
3019,1.000000000000e-03,1.000000000000e-03,2000,2
3020,1.000000000000e-03,1.000000000000e-03,2000,2
3021,1.000000000000e-03,1.000000000000e-03,2000,4
3022,1.000000000000e-03,1.000000000000e-03,2000,5
3023,1.000000000000e-03,1.000000000000e-03,2000,1
3024,1.000000000000e-03,1.000000000000e-03,2000,3
3025,1.000000000000e-03,1.000000000000e-03,2000,0
3026,1.000000000000e-03,1.000000000000e-03,2000,4
3027,1.000000000000e-03,1.000000000000e-03,2000,3
3028,1.000000000000e-03,1.000000000000e-03,2000,4
3029,1.000000000000e-03,1.000000000000e-03,2000,3
3030,1.000000000000e-03,1.000000000000e-03,2000,2
3031,1.000000000000e-03,1.000000000000e-03,2000,3
3032,1.000000000000e-03,1.000000000000e-03,2000,4
3033,1.000000000000e-03,1.000000000000e-03,2000,0
3034,1.000000000000e-03,1.000000000000e-03,2000,3
3035,1.000000000000e-03,1.000000000000e-03,2000,2
3036,1.000000000000e-03,1.000000000000e-03,2000,3
3037,1.000000000000e-03,1.000000000000e-03,2000,3
3038,1.000000000000e-03,1.000000000000e-03,2000,5
3039,1.000000000000e-03,1.000000000000e-03,2000,2
3040,1.000000000000e-03,1.000000000000e-03,2000,2
3041,1.000000000000e-03,1.000000000000e-03,2000,4
3042,1.000000000000e-03,1.000000000000e-03,2000,3
3043,1.000000000000e-03,1.000000000000e-03,2000,5
3044,1.000000000000e-03,1.000000000000e-03,2000,4
3045,1.000000000000e-03,1.000000000000e-03,2000,1
3046,1.000000000000e-03,1.000000000000e-03,2000,1
3047,1.000000000000e-03,1.000000000000e-03,2000,3
3048,1.000000000000e-03,1.000000000000e-03,2000,7
3049,1.000000000000e-03,1.000000000000e-03,2000,3
3050,1.000000000000e-03,1.000000000000e-03,2000,3
3051,1.000000000000e-03,1.000000000000e-03,2000,3
3052,1.000000000000e-03,1.000000000000e-03,2000,2
3053,1.000000000000e-03,1.000000000000e-03,2000,1
3054,1.000000000000e-03,1.000000000000e-03,2000,3
3055,1.000000000000e-03,1.000000000000e-03,2000,4
3056,1.000000000000e-03,1.000000000000e-03,2000,2
3057,1.000000000000e-03,1.000000000000e-03,2000,2
3058,1.000000000000e-03,1.000000000000e-03,2000,4
3059,1.000000000000e-03,1.000000000000e-03,2000,2
3060,1.000000000000e-03,1.000000000000e-03,2000,1
3061,1.000000000000e-03,1.000000000000e-03,2000,0
3062,1.000000000000e-03,1.000000000000e-03,2000,4
3063,1.000000000000e-03,1.000000000000e-03,2000,4
3064,1.000000000000e-03,1.000000000000e-03,2000,7
3065,1.000000000000e-03,1.000000000000e-03,2000,3
3066,1.000000000000e-03,1.000000000000e-03,2000,4
3067,1.000000000000e-03,1.000000000000e-03,2000,2
3068,1.000000000000e-03,1.000000000000e-03,2000,5
3069,1.000000000000e-03,1.000000000000e-03,2000,3
3070,1.000000000000e-03,1.000000000000e-03,2000,1
3071,1.000000000000e-03,1.000000000000e-03,2000,2
3072,1.000000000000e-03,1.000000000000e-03,2000,5
3073,1.000000000000e-03,1.000000000000e-03,2000,2
3074,1.000000000000e-03,1.000000000000e-03,2000,2
3075,1.000000000000e-03,1.000000000000e-03,2000,5
3076,1.000000000000e-03,1.000000000000e-03,2000,0
3077,1.000000000000e-03,1.000000000000e-03,2000,1
3078,1.000000000000e-03,1.000000000000e-03,2000,3
3079,1.000000000000e-03,1.000000000000e-03,2000,3
3080,1.000000000000e-03,1.000000000000e-03,2000,1
3081,1.000000000000e-03,1.000000000000e-03,2000,6
3082,1.000000000000e-03,1.000000000000e-03,2000,2
3083,1.000000000000e-03,1.000000000000e-03,2000,2
3084,1.000000000000e-03,1.000000000000e-03,2000,2
3085,1.000000000000e-03,1.000000000000e-03,2000,6
3086,1.000000000000e-03,1.000000000000e-03,2000,2
3087,1.000000000000e-03,1.000000000000e-03,2000,7
3088,1.000000000000e-03,1.000000000000e-03,2000,1
3089,1.000000000000e-03,1.000000000000e-03,2000,5
3090,1.000000000000e-03,1.000000000000e-03,2000,7
3091,1.000000000000e-03,1.000000000000e-03,2000,2
3092,1.000000000000e-03,1.000000000000e-03,2000,2
3093,1.000000000000e-03,1.000000000000e-03,2000,0
3094,1.000000000000e-03,1.000000000000e-03,2000,3
3095,1.000000000000e-03,1.000000000000e-03,2000,5
3096,1.000000000000e-03,1.000000000000e-03,2000,2
3097,1.000000000000e-03,1.000000000000e-03,2000,6
3098,1.000000000000e-03,1.000000000000e-03,2000,0
3099,1.000000000000e-03,1.000000000000e-03,2000,2
3100,1.000000000000e-03,1.000000000000e-03,2000,2
3101,1.000000000000e-03,1.000000000000e-03,2000,1
3102,1.000000000000e-03,1.000000000000e-03,2000,3
3103,1.000000000000e-03,1.000000000000e-03,2000,4
3104,1.000000000000e-03,1.000000000000e-03,2000,4
3105,1.000000000000e-03,1.000000000000e-03,2000,1
3106,1.000000000000e-03,1.000000000000e-03,2000,0
3107,1.000000000000e-03,1.000000000000e-03,2000,6
3108,1.000000000000e-03,1.000000000000e-03,2000,3
3109,1.000000000000e-03,1.000000000000e-03,2000,3
3110,1.000000000000e-03,1.000000000000e-03,2000,4
3111,1.000000000000e-03,1.000000000000e-03,2000,1
3112,1.000000000000e-03,1.000000000000e-03,2000,4
3113,1.000000000000e-03,1.000000000000e-03,2000,2
3114,1.000000000000e-03,1.000000000000e-03,2000,3
3115,1.000000000000e-03,1.000000000000e-03,2000,0
3116,1.000000000000e-03,1.000000000000e-03,2000,4
3117,1.000000000000e-03,1.000000000000e-03,2000,3
3118,1.000000000000e-03,1.000000000000e-03,2000,1
3119,1.000000000000e-03,1.000000000000e-03,2000,3
3120,1.000000000000e-03,1.000000000000e-03,2000,2
3121,1.000000000000e-03,1.000000000000e-03,2000,3
3122,1.000000000000e-03,1.000000000000e-03,2000,3
3123,1.000000000000e-03,1.000000000000e-03,2000,3
3124,1.000000000000e-03,1.000000000000e-03,2000,2
3125,1.000000000000e-03,1.000000000000e-03,2000,3
3126,1.000000000000e-03,1.000000000000e-03,2000,2
3127,1.000000000000e-03,1.000000000000e-03,2000,2
3128,1.000000000000e-03,1.000000000000e-03,2000,2
3129,1.000000000000e-03,1.000000000000e-03,2000,5
3130,1.000000000000e-03,1.000000000000e-03,2000,4
3131,1.000000000000e-03,1.000000000000e-03,2000,8
3132,1.000000000000e-03,1.000000000000e-03,2000,6
3133,1.000000000000e-03,1.000000000000e-03,2000,0
3134,1.000000000000e-03,1.000000000000e-03,2000,2
3135,1.000000000000e-03,1.000000000000e-03,2000,2
3136,1.000000000000e-03,1.000000000000e-03,2000,2
3137,1.000000000000e-03,1.000000000000e-03,2000,1
3138,1.000000000000e-03,1.000000000000e-03,2000,1
3139,1.000000000000e-03,1.000000000000e-03,2000,2
3140,1.000000000000e-03,1.000000000000e-03,2000,2
3141,1.000000000000e-03,1.000000000000e-03,2000,3
3142,1.000000000000e-03,1.000000000000e-03,2000,4
3143,1.000000000000e-03,1.000000000000e-03,2000,0
3144,1.000000000000e-03,1.000000000000e-03,2000,2
3145,1.000000000000e-03,1.000000000000e-03,2000,3
3146,1.000000000000e-03,1.000000000000e-03,2000,1
3147,1.000000000000e-03,1.000000000000e-03,2000,1
3148,1.000000000000e-03,1.000000000000e-03,2000,6
3149,1.000000000000e-03,1.000000000000e-03,2000,0
3150,1.000000000000e-03,1.000000000000e-03,2000,3
3151,1.000000000000e-03,1.000000000000e-03,2000,2
3152,1.000000000000e-03,1.000000000000e-03,2000,0
3153,1.000000000000e-03,1.000000000000e-03,2000,2
3154,1.000000000000e-03,1.000000000000e-03,2000,4
3155,1.000000000000e-03,1.000000000000e-03,2000,3
3156,1.000000000000e-03,1.000000000000e-03,2000,3
3157,1.000000000000e-03,1.000000000000e-03,2000,3
3158,1.000000000000e-03,1.000000000000e-03,2000,1
3159,1.000000000000e-03,1.000000000000e-03,2000,1
3160,1.000000000000e-03,1.000000000000e-03,2000,1
3161,1.000000000000e-03,1.000000000000e-03,2000,0
3162,1.000000000000e-03,1.000000000000e-03,2000,2
3163,1.000000000000e-03,1.000000000000e-03,2000,6
3164,1.000000000000e-03,1.000000000000e-03,2000,1
3165,1.000000000000e-03,1.000000000000e-03,2000,2
3166,1.000000000000e-03,1.000000000000e-03,2000,3
3167,1.000000000000e-03,1.000000000000e-03,2000,2
3168,1.000000000000e-03,1.000000000000e-03,2000,1
3169,1.000000000000e-03,1.000000000000e-03,2000,1
3170,1.000000000000e-03,1.000000000000e-03,2000,1
3171,1.000000000000e-03,1.000000000000e-03,2000,1
3172,1.000000000000e-03,1.000000000000e-03,2000,1
3173,1.000000000000e-03,1.000000000000e-03,2000,1
3174,1.000000000000e-03,1.000000000000e-03,2000,4
3175,1.000000000000e-03,1.000000000000e-03,2000,2
3176,1.000000000000e-03,1.000000000000e-03,2000,1
3177,1.000000000000e-03,1.000000000000e-03,2000,5
3178,1.000000000000e-03,1.000000000000e-03,2000,0
3179,1.000000000000e-03,1.000000000000e-03,2000,4
3180,1.000000000000e-03,1.000000000000e-03,2000,5
3181,1.000000000000e-03,1.000000000000e-03,2000,3
3182,1.000000000000e-03,1.000000000000e-03,2000,2
3183,1.000000000000e-03,1.000000000000e-03,2000,4
3184,1.000000000000e-03,1.000000000000e-03,2000,5
3185,1.000000000000e-03,1.000000000000e-03,2000,1
3186,1.000000000000e-03,1.000000000000e-03,2000,4
3187,1.000000000000e-03,1.000000000000e-03,2000,3
3188,1.000000000000e-03,1.000000000000e-03,2000,3
3189,1.000000000000e-03,1.000000000000e-03,2000,2
3190,1.000000000000e-03,1.000000000000e-03,2000,1
3191,1.000000000000e-03,1.000000000000e-03,2000,3
3192,1.000000000000e-03,1.000000000000e-03,2000,1
3193,1.000000000000e-03,1.000000000000e-03,2000,0
3194,1.000000000000e-03,1.000000000000e-03,2000,1
3195,1.000000000000e-03,1.000000000000e-03,2000,4
3196,1.000000000000e-03,1.000000000000e-03,2000,2
3197,1.000000000000e-03,1.000000000000e-03,2000,4
3198,1.000000000000e-03,1.000000000000e-03,2000,2
3199,1.000000000000e-03,1.000000000000e-03,2000,2
3200,1.000000000000e-03,1.000000000000e-03,2000,0
3201,1.000000000000e-03,2.500000000000e-03,200,0
3202,1.000000000000e-03,2.500000000000e-03,200,0
3203,1.000000000000e-03,2.500000000000e-03,200,0
3204,1.000000000000e-03,2.500000000000e-03,200,1
3205,1.000000000000e-03,2.500000000000e-03,200,0
3206,1.000000000000e-03,2.500000000000e-03,200,1
3207,1.000000000000e-03,2.500000000000e-03,200,0
3208,1.000000000000e-03,2.500000000000e-03,200,0
3209,1.000000000000e-03,2.500000000000e-03,200,1
3210,1.000000000000e-03,2.500000000000e-03,200,0
3211,1.000000000000e-03,2.500000000000e-03,200,0
3212,1.000000000000e-03,2.500000000000e-03,200,1
3213,1.000000000000e-03,2.500000000000e-03,200,1
3214,1.000000000000e-03,2.500000000000e-03,200,0
3215,1.000000000000e-03,2.500000000000e-03,200,0
3216,1.000000000000e-03,2.500000000000e-03,200,1
3217,1.000000000000e-03,2.500000000000e-03,200,1
3218,1.000000000000e-03,2.500000000000e-03,200,0
3219,1.000000000000e-03,2.500000000000e-03,200,0
3220,1.000000000000e-03,2.500000000000e-03,200,0
3221,1.000000000000e-03,2.500000000000e-03,200,1
3222,1.000000000000e-03,2.500000000000e-03,200,0
3223,1.000000000000e-03,2.500000000000e-03,200,0
3224,1.000000000000e-03,2.500000000000e-03,200,0
3225,1.000000000000e-03,2.500000000000e-03,200,0
3226,1.000000000000e-03,2.500000000000e-03,200,2
3227,1.000000000000e-03,2.500000000000e-03,200,0
3228,1.000000000000e-03,2.500000000000e-03,200,0
3229,1.000000000000e-03,2.500000000000e-03,200,0
3230,1.000000000000e-03,2.500000000000e-03,200,0
3231,1.000000000000e-03,2.500000000000e-03,200,2
3232,1.000000000000e-03,2.500000000000e-03,200,0
3233,1.000000000000e-03,2.500000000000e-03,200,0
3234,1.000000000000e-03,2.500000000000e-03,200,1
3235,1.000000000000e-03,2.500000000000e-03,200,1
3236,1.000000000000e-03,2.500000000000e-03,200,0
3237,1.000000000000e-03,2.500000000000e-03,200,1
3238,1.000000000000e-03,2.500000000000e-03,200,1
3239,1.000000000000e-03,2.500000000000e-03,200,1
3240,1.000000000000e-03,2.500000000000e-03,200,1
3241,1.000000000000e-03,2.500000000000e-03,200,1
3242,1.000000000000e-03,2.500000000000e-03,200,0
3243,1.000000000000e-03,2.500000000000e-03,200,1
3244,1.000000000000e-03,2.500000000000e-03,200,0
3245,1.000000000000e-03,2.500000000000e-03,200,0
3246,1.000000000000e-03,2.500000000000e-03,200,1
3247,1.000000000000e-03,2.500000000000e-03,200,1
3248,1.000000000000e-03,2.500000000000e-03,200,0
3249,1.000000000000e-03,2.500000000000e-03,200,2
3250,1.000000000000e-03,2.500000000000e-03,200,1
3251,1.000000000000e-03,2.500000000000e-03,200,0
3252,1.000000000000e-03,2.500000000000e-03,200,0
3253,1.000000000000e-03,2.500000000000e-03,200,0
3254,1.000000000000e-03,2.500000000000e-03,200,1
3255,1.000000000000e-03,2.500000000000e-03,200,1
3256,1.000000000000e-03,2.500000000000e-03,200,0
3257,1.000000000000e-03,2.500000000000e-03,200,0
3258,1.000000000000e-03,2.500000000000e-03,200,0
3259,1.000000000000e-03,2.500000000000e-03,200,1
3260,1.000000000000e-03,2.500000000000e-03,200,0
3261,1.000000000000e-03,2.500000000000e-03,200,1
3262,1.000000000000e-03,2.500000000000e-03,200,0
3263,1.000000000000e-03,2.500000000000e-03,200,0
3264,1.000000000000e-03,2.500000000000e-03,200,0
3265,1.000000000000e-03,2.500000000000e-03,200,0
3266,1.000000000000e-03,2.500000000000e-03,200,0
3267,1.000000000000e-03,2.500000000000e-03,200,0
3268,1.000000000000e-03,2.500000000000e-03,200,4
3269,1.000000000000e-03,2.500000000000e-03,200,0
3270,1.000000000000e-03,2.500000000000e-03,200,0
3271,1.000000000000e-03,2.500000000000e-03,200,1
3272,1.000000000000e-03,2.500000000000e-03,200,0
3273,1.000000000000e-03,2.500000000000e-03,200,1
3274,1.000000000000e-03,2.500000000000e-03,200,1
3275,1.000000000000e-03,2.500000000000e-03,200,1
3276,1.000000000000e-03,2.500000000000e-03,200,1
3277,1.000000000000e-03,2.500000000000e-03,200,1
3278,1.000000000000e-03,2.500000000000e-03,200,2
3279,1.000000000000e-03,2.500000000000e-03,200,0
3280,1.000000000000e-03,2.500000000000e-03,200,0
3281,1.000000000000e-03,2.500000000000e-03,200,1
3282,1.000000000000e-03,2.500000000000e-03,200,1
3283,1.000000000000e-03,2.500000000000e-03,200,2
3284,1.000000000000e-03,2.500000000000e-03,200,2
3285,1.000000000000e-03,2.500000000000e-03,200,0
3286,1.000000000000e-03,2.500000000000e-03,200,1
3287,1.000000000000e-03,2.500000000000e-03,200,0
3288,1.000000000000e-03,2.500000000000e-03,200,2
3289,1.000000000000e-03,2.500000000000e-03,200,1
3290,1.000000000000e-03,2.500000000000e-03,200,1
3291,1.000000000000e-03,2.500000000000e-03,200,1
3292,1.000000000000e-03,2.500000000000e-03,200,2
3293,1.000000000000e-03,2.500000000000e-03,200,1
3294,1.000000000000e-03,2.500000000000e-03,200,0
3295,1.000000000000e-03,2.500000000000e-03,200,0
3296,1.000000000000e-03,2.500000000000e-03,200,1
3297,1.000000000000e-03,2.500000000000e-03,200,2
3298,1.000000000000e-03,2.500000000000e-03,200,0
3299,1.000000000000e-03,2.500000000000e-03,200,0
3300,1.000000000000e-03,2.500000000000e-03,200,1
3301,1.000000000000e-03,2.500000000000e-03,200,1
3302,1.000000000000e-03,2.500000000000e-03,200,0
3303,1.000000000000e-03,2.500000000000e-03,200,0
3304,1.000000000000e-03,2.500000000000e-03,200,0
3305,1.000000000000e-03,2.500000000000e-03,200,0
3306,1.000000000000e-03,2.500000000000e-03,200,0
3307,1.000000000000e-03,2.500000000000e-03,200,1
3308,1.000000000000e-03,2.500000000000e-03,200,1
3309,1.000000000000e-03,2.500000000000e-03,200,1
3310,1.000000000000e-03,2.500000000000e-03,200,0
3311,1.000000000000e-03,2.500000000000e-03,200,0
3312,1.000000000000e-03,2.500000000000e-03,200,2
3313,1.000000000000e-03,2.500000000000e-03,200,0
3314,1.000000000000e-03,2.500000000000e-03,200,0
3315,1.000000000000e-03,2.500000000000e-03,200,2
3316,1.000000000000e-03,2.500000000000e-03,200,1
3317,1.000000000000e-03,2.500000000000e-03,200,0
3318,1.000000000000e-03,2.500000000000e-03,200,0
3319,1.000000000000e-03,2.500000000000e-03,200,1
3320,1.000000000000e-03,2.500000000000e-03,200,0
3321,1.000000000000e-03,2.500000000000e-03,200,2
3322,1.000000000000e-03,2.500000000000e-03,200,2
3323,1.000000000000e-03,2.500000000000e-03,200,0
3324,1.000000000000e-03,2.500000000000e-03,200,1
3325,1.000000000000e-03,2.500000000000e-03,200,0
3326,1.000000000000e-03,2.500000000000e-03,200,1
3327,1.000000000000e-03,2.500000000000e-03,200,0
3328,1.000000000000e-03,2.500000000000e-03,200,0
3329,1.000000000000e-03,2.500000000000e-03,200,0
3330,1.000000000000e-03,2.500000000000e-03,200,0
3331,1.000000000000e-03,2.500000000000e-03,200,0
3332,1.000000000000e-03,2.500000000000e-03,200,1
3333,1.000000000000e-03,2.500000000000e-03,200,0
3334,1.000000000000e-03,2.500000000000e-03,200,0
3335,1.000000000000e-03,2.500000000000e-03,200,0
3336,1.000000000000e-03,2.500000000000e-03,200,0
3337,1.000000000000e-03,2.500000000000e-03,200,1
3338,1.000000000000e-03,2.500000000000e-03,200,0
3339,1.000000000000e-03,2.500000000000e-03,200,0
3340,1.000000000000e-03,2.500000000000e-03,200,2
3341,1.000000000000e-03,2.500000000000e-03,200,0
3342,1.000000000000e-03,2.500000000000e-03,200,0
3343,1.000000000000e-03,2.500000000000e-03,200,1
3344,1.000000000000e-03,2.500000000000e-03,200,2
3345,1.000000000000e-03,2.500000000000e-03,200,0
3346,1.000000000000e-03,2.500000000000e-03,200,1
3347,1.000000000000e-03,2.500000000000e-03,200,0
3348,1.000000000000e-03,2.500000000000e-03,200,1
3349,1.000000000000e-03,2.500000000000e-03,200,1
3350,1.000000000000e-03,2.500000000000e-03,200,0
3351,1.000000000000e-03,2.500000000000e-03,200,2
3352,1.000000000000e-03,2.500000000000e-03,200,0
3353,1.000000000000e-03,2.500000000000e-03,200,0
3354,1.000000000000e-03,2.500000000000e-03,200,1
3355,1.000000000000e-03,2.500000000000e-03,200,0
3356,1.000000000000e-03,2.500000000000e-03,200,2
3357,1.000000000000e-03,2.500000000000e-03,200,0
3358,1.000000000000e-03,2.500000000000e-03,200,1
3359,1.000000000000e-03,2.500000000000e-03,200,1
3360,1.000000000000e-03,2.500000000000e-03,200,1
3361,1.000000000000e-03,2.500000000000e-03,200,0
3362,1.000000000000e-03,2.500000000000e-03,200,1
3363,1.000000000000e-03,2.500000000000e-03,200,2
3364,1.000000000000e-03,2.500000000000e-03,200,0
3365,1.000000000000e-03,2.500000000000e-03,200,2
3366,1.000000000000e-03,2.500000000000e-03,200,2
3367,1.000000000000e-03,2.500000000000e-03,200,1
3368,1.000000000000e-03,2.500000000000e-03,200,1
3369,1.000000000000e-03,2.500000000000e-03,200,0
3370,1.000000000000e-03,2.500000000000e-03,200,1
3371,1.000000000000e-03,2.500000000000e-03,200,0
3372,1.000000000000e-03,2.500000000000e-03,200,1
3373,1.000000000000e-03,2.500000000000e-03,200,0
3374,1.000000000000e-03,2.500000000000e-03,200,2
3375,1.000000000000e-03,2.500000000000e-03,200,3
3376,1.000000000000e-03,2.500000000000e-03,200,3
3377,1.000000000000e-03,2.500000000000e-03,200,1
3378,1.000000000000e-03,2.500000000000e-03,200,1
3379,1.000000000000e-03,2.500000000000e-03,200,0
3380,1.000000000000e-03,2.500000000000e-03,200,1
3381,1.000000000000e-03,2.500000000000e-03,200,2
3382,1.000000000000e-03,2.500000000000e-03,200,1
3383,1.000000000000e-03,2.500000000000e-03,200,1
3384,1.000000000000e-03,2.500000000000e-03,200,0
3385,1.000000000000e-03,2.500000000000e-03,200,0
3386,1.000000000000e-03,2.500000000000e-03,200,1
3387,1.000000000000e-03,2.500000000000e-03,200,0
3388,1.000000000000e-03,2.500000000000e-03,200,1
3389,1.000000000000e-03,2.500000000000e-03,200,0
3390,1.000000000000e-03,2.500000000000e-03,200,0
3391,1.000000000000e-03,2.500000000000e-03,200,1
3392,1.000000000000e-03,2.500000000000e-03,200,3
3393,1.000000000000e-03,2.500000000000e-03,200,0
3394,1.000000000000e-03,2.500000000000e-03,200,1
3395,1.000000000000e-03,2.500000000000e-03,200,1
3396,1.000000000000e-03,2.500000000000e-03,200,0
3397,1.000000000000e-03,2.500000000000e-03,200,0
3398,1.000000000000e-03,2.500000000000e-03,200,0
3399,1.000000000000e-03,2.500000000000e-03,200,1
3400,1.000000000000e-03,2.500000000000e-03,200,0
3401,1.000000000000e-03,2.500000000000e-03,200,0
3402,1.000000000000e-03,2.500000000000e-03,200,0
3403,1.000000000000e-03,2.500000000000e-03,200,1
3404,1.000000000000e-03,2.500000000000e-03,200,1
3405,1.000000000000e-03,2.500000000000e-03,200,1
3406,1.000000000000e-03,2.500000000000e-03,200,0
3407,1.000000000000e-03,2.500000000000e-03,200,0
3408,1.000000000000e-03,2.500000000000e-03,200,0
3409,1.000000000000e-03,2.500000000000e-03,200,1
3410,1.000000000000e-03,2.500000000000e-03,200,0
3411,1.000000000000e-03,2.500000000000e-03,200,1
3412,1.000000000000e-03,2.500000000000e-03,200,1
3413,1.000000000000e-03,2.500000000000e-03,200,0
3414,1.000000000000e-03,2.500000000000e-03,200,1
3415,1.000000000000e-03,2.500000000000e-03,200,0
3416,1.000000000000e-03,2.500000000000e-03,200,2
3417,1.000000000000e-03,2.500000000000e-03,200,1
3418,1.000000000000e-03,2.500000000000e-03,200,2
3419,1.000000000000e-03,2.500000000000e-03,200,0
3420,1.000000000000e-03,2.500000000000e-03,200,0
3421,1.000000000000e-03,2.500000000000e-03,200,1
3422,1.000000000000e-03,2.500000000000e-03,200,0
3423,1.000000000000e-03,2.500000000000e-03,200,1
3424,1.000000000000e-03,2.500000000000e-03,200,0
3425,1.000000000000e-03,2.500000000000e-03,200,0
3426,1.000000000000e-03,2.500000000000e-03,200,1
3427,1.000000000000e-03,2.500000000000e-03,200,2
3428,1.000000000000e-03,2.500000000000e-03,200,0
3429,1.000000000000e-03,2.500000000000e-03,200,0
3430,1.000000000000e-03,2.500000000000e-03,200,0
3431,1.000000000000e-03,2.500000000000e-03,200,0
3432,1.000000000000e-03,2.500000000000e-03,200,0
3433,1.000000000000e-03,2.500000000000e-03,200,1
3434,1.000000000000e-03,2.500000000000e-03,200,0
3435,1.000000000000e-03,2.500000000000e-03,200,2
3436,1.000000000000e-03,2.500000000000e-03,200,0
3437,1.000000000000e-03,2.500000000000e-03,200,1
3438,1.000000000000e-03,2.500000000000e-03,200,0
3439,1.000000000000e-03,2.500000000000e-03,200,1
3440,1.000000000000e-03,2.500000000000e-03,200,1
3441,1.000000000000e-03,2.500000000000e-03,200,1
3442,1.000000000000e-03,2.500000000000e-03,200,0
3443,1.000000000000e-03,2.500000000000e-03,200,0
3444,1.000000000000e-03,2.500000000000e-03,200,0
3445,1.000000000000e-03,2.500000000000e-03,200,0
3446,1.000000000000e-03,2.500000000000e-03,200,0
3447,1.000000000000e-03,2.500000000000e-03,200,0
3448,1.000000000000e-03,2.500000000000e-03,200,1
3449,1.000000000000e-03,2.500000000000e-03,200,0
3450,1.000000000000e-03,2.500000000000e-03,200,0
3451,1.000000000000e-03,2.500000000000e-03,200,1
3452,1.000000000000e-03,2.500000000000e-03,200,0
3453,1.000000000000e-03,2.500000000000e-03,200,0
3454,1.000000000000e-03,2.500000000000e-03,200,0
3455,1.000000000000e-03,2.500000000000e-03,200,2
3456,1.000000000000e-03,2.500000000000e-03,200,0
3457,1.000000000000e-03,2.500000000000e-03,200,2
3458,1.000000000000e-03,2.500000000000e-03,200,1
3459,1.000000000000e-03,2.500000000000e-03,200,1
3460,1.000000000000e-03,2.500000000000e-03,200,1
3461,1.000000000000e-03,2.500000000000e-03,200,0
3462,1.000000000000e-03,2.500000000000e-03,200,0
3463,1.000000000000e-03,2.500000000000e-03,200,0
3464,1.000000000000e-03,2.500000000000e-03,200,0
3465,1.000000000000e-03,2.500000000000e-03,200,0
3466,1.000000000000e-03,2.500000000000e-03,200,0
3467,1.000000000000e-03,2.500000000000e-03,200,0
3468,1.000000000000e-03,2.500000000000e-03,200,0
3469,1.000000000000e-03,2.500000000000e-03,200,2
3470,1.000000000000e-03,2.500000000000e-03,200,0
3471,1.000000000000e-03,2.500000000000e-03,200,2
3472,1.000000000000e-03,2.500000000000e-03,200,0
3473,1.000000000000e-03,2.500000000000e-03,200,0
3474,1.000000000000e-03,2.500000000000e-03,200,0
3475,1.000000000000e-03,2.500000000000e-03,200,0
3476,1.000000000000e-03,2.500000000000e-03,200,0
3477,1.000000000000e-03,2.500000000000e-03,200,1
3478,1.000000000000e-03,2.500000000000e-03,200,0
3479,1.000000000000e-03,2.500000000000e-03,200,2
3480,1.000000000000e-03,2.500000000000e-03,200,0
3481,1.000000000000e-03,2.500000000000e-03,200,1
3482,1.000000000000e-03,2.500000000000e-03,200,0
3483,1.000000000000e-03,2.500000000000e-03,200,1
3484,1.000000000000e-03,2.500000000000e-03,200,1
3485,1.000000000000e-03,2.500000000000e-03,200,0
3486,1.000000000000e-03,2.500000000000e-03,200,1
3487,1.000000000000e-03,2.500000000000e-03,200,0
3488,1.000000000000e-03,2.500000000000e-03,200,0
3489,1.000000000000e-03,2.500000000000e-03,200,0
3490,1.000000000000e-03,2.500000000000e-03,200,1
3491,1.000000000000e-03,2.500000000000e-03,200,1
3492,1.000000000000e-03,2.500000000000e-03,200,0
3493,1.000000000000e-03,2.500000000000e-03,200,0
3494,1.000000000000e-03,2.500000000000e-03,200,0
3495,1.000000000000e-03,2.500000000000e-03,200,0
3496,1.000000000000e-03,2.500000000000e-03,200,0
3497,1.000000000000e-03,2.500000000000e-03,200,0
3498,1.000000000000e-03,2.500000000000e-03,200,1
3499,1.000000000000e-03,2.500000000000e-03,200,0
3500,1.000000000000e-03,2.500000000000e-03,200,1
3501,1.000000000000e-03,2.500000000000e-03,200,0
3502,1.000000000000e-03,2.500000000000e-03,200,0
3503,1.000000000000e-03,2.500000000000e-03,200,0
3504,1.000000000000e-03,2.500000000000e-03,200,1
3505,1.000000000000e-03,2.500000000000e-03,200,0
3506,1.000000000000e-03,2.500000000000e-03,200,1
3507,1.000000000000e-03,2.500000000000e-03,200,0
3508,1.000000000000e-03,2.500000000000e-03,200,1
3509,1.000000000000e-03,2.500000000000e-03,200,1
3510,1.000000000000e-03,2.500000000000e-03,200,0
3511,1.000000000000e-03,2.500000000000e-03,200,1
3512,1.000000000000e-03,2.500000000000e-03,200,0
3513,1.000000000000e-03,2.500000000000e-03,200,0
3514,1.000000000000e-03,2.500000000000e-03,200,0
3515,1.000000000000e-03,2.500000000000e-03,200,0
3516,1.000000000000e-03,2.500000000000e-03,200,0
3517,1.000000000000e-03,2.500000000000e-03,200,2
3518,1.000000000000e-03,2.500000000000e-03,200,0
3519,1.000000000000e-03,2.500000000000e-03,200,0
3520,1.000000000000e-03,2.500000000000e-03,200,0
3521,1.000000000000e-03,2.500000000000e-03,200,2
3522,1.000000000000e-03,2.500000000000e-03,200,0
3523,1.000000000000e-03,2.500000000000e-03,200,0
3524,1.000000000000e-03,2.500000000000e-03,200,0
3525,1.000000000000e-03,2.500000000000e-03,200,0
3526,1.000000000000e-03,2.500000000000e-03,200,0
3527,1.000000000000e-03,2.500000000000e-03,200,0
3528,1.000000000000e-03,2.500000000000e-03,200,1
3529,1.000000000000e-03,2.500000000000e-03,200,1
3530,1.000000000000e-03,2.500000000000e-03,200,0
3531,1.000000000000e-03,2.500000000000e-03,200,0
3532,1.000000000000e-03,2.500000000000e-03,200,0
3533,1.000000000000e-03,2.500000000000e-03,200,1
3534,1.000000000000e-03,2.500000000000e-03,200,2
3535,1.000000000000e-03,2.500000000000e-03,200,1
3536,1.000000000000e-03,2.500000000000e-03,200,1
3537,1.000000000000e-03,2.500000000000e-03,200,1
3538,1.000000000000e-03,2.500000000000e-03,200,0
3539,1.000000000000e-03,2.500000000000e-03,200,0
3540,1.000000000000e-03,2.500000000000e-03,200,0
3541,1.000000000000e-03,2.500000000000e-03,200,0
3542,1.000000000000e-03,2.500000000000e-03,200,1
3543,1.000000000000e-03,2.500000000000e-03,200,1
3544,1.000000000000e-03,2.500000000000e-03,200,0
3545,1.000000000000e-03,2.500000000000e-03,200,0
3546,1.000000000000e-03,2.500000000000e-03,200,0
3547,1.000000000000e-03,2.500000000000e-03,200,1
3548,1.000000000000e-03,2.500000000000e-03,200,2
3549,1.000000000000e-03,2.500000000000e-03,200,0
3550,1.000000000000e-03,2.500000000000e-03,200,0
3551,1.000000000000e-03,2.500000000000e-03,200,2
3552,1.000000000000e-03,2.500000000000e-03,200,0
3553,1.000000000000e-03,2.500000000000e-03,200,1
3554,1.000000000000e-03,2.500000000000e-03,200,0
3555,1.000000000000e-03,2.500000000000e-03,200,0
3556,1.000000000000e-03,2.500000000000e-03,200,0
3557,1.000000000000e-03,2.500000000000e-03,200,0
3558,1.000000000000e-03,2.500000000000e-03,200,1
3559,1.000000000000e-03,2.500000000000e-03,200,0
3560,1.000000000000e-03,2.500000000000e-03,200,1
3561,1.000000000000e-03,2.500000000000e-03,200,2
3562,1.000000000000e-03,2.500000000000e-03,200,0
3563,1.000000000000e-03,2.500000000000e-03,200,0
3564,1.000000000000e-03,2.500000000000e-03,200,0
3565,1.000000000000e-03,2.500000000000e-03,200,0
3566,1.000000000000e-03,2.500000000000e-03,200,1
3567,1.000000000000e-03,2.500000000000e-03,200,0
3568,1.000000000000e-03,2.500000000000e-03,200,0
3569,1.000000000000e-03,2.500000000000e-03,200,0
3570,1.000000000000e-03,2.500000000000e-03,200,0
3571,1.000000000000e-03,2.500000000000e-03,200,0
3572,1.000000000000e-03,2.500000000000e-03,200,0
3573,1.000000000000e-03,2.500000000000e-03,200,0
3574,1.000000000000e-03,2.500000000000e-03,200,1
3575,1.000000000000e-03,2.500000000000e-03,200,2
3576,1.000000000000e-03,2.500000000000e-03,200,0
3577,1.000000000000e-03,2.500000000000e-03,200,1
3578,1.000000000000e-03,2.500000000000e-03,200,0
3579,1.000000000000e-03,2.500000000000e-03,200,0
3580,1.000000000000e-03,2.500000000000e-03,200,0
3581,1.000000000000e-03,2.500000000000e-03,200,2
3582,1.000000000000e-03,2.500000000000e-03,200,0
3583,1.000000000000e-03,2.500000000000e-03,200,0
3584,1.000000000000e-03,2.500000000000e-03,200,0
3585,1.000000000000e-03,2.500000000000e-03,200,0
3586,1.000000000000e-03,2.500000000000e-03,200,0
3587,1.000000000000e-03,2.500000000000e-03,200,0
3588,1.000000000000e-03,2.500000000000e-03,200,0
3589,1.000000000000e-03,2.500000000000e-03,200,0
3590,1.000000000000e-03,2.500000000000e-03,200,0
3591,1.000000000000e-03,2.500000000000e-03,200,0
3592,1.000000000000e-03,2.500000000000e-03,200,1
3593,1.000000000000e-03,2.500000000000e-03,200,1
3594,1.000000000000e-03,2.500000000000e-03,200,0
3595,1.000000000000e-03,2.500000000000e-03,200,0
3596,1.000000000000e-03,2.500000000000e-03,200,0
3597,1.000000000000e-03,2.500000000000e-03,200,0
3598,1.000000000000e-03,2.500000000000e-03,200,0
3599,1.000000000000e-03,2.500000000000e-03,200,0
3600,1.000000000000e-03,2.500000000000e-03,200,1
3601,1.000000000000e-03,2.500000000000e-03,500,0
3602,1.000000000000e-03,2.500000000000e-03,500,1
3603,1.000000000000e-03,2.500000000000e-03,500,1
3604,1.000000000000e-03,2.500000000000e-03,500,5
3605,1.000000000000e-03,2.500000000000e-03,500,1
3606,1.000000000000e-03,2.500000000000e-03,500,2
3607,1.000000000000e-03,2.500000000000e-03,500,0
3608,1.000000000000e-03,2.500000000000e-03,500,2
3609,1.000000000000e-03,2.500000000000e-03,500,3
3610,1.000000000000e-03,2.500000000000e-03,500,1
3611,1.000000000000e-03,2.500000000000e-03,500,3
3612,1.000000000000e-03,2.500000000000e-03,500,0
3613,1.000000000000e-03,2.500000000000e-03,500,0
3614,1.000000000000e-03,2.500000000000e-03,500,2
3615,1.000000000000e-03,2.500000000000e-03,500,2
3616,1.000000000000e-03,2.500000000000e-03,500,0
3617,1.000000000000e-03,2.500000000000e-03,500,0
3618,1.000000000000e-03,2.500000000000e-03,500,3
3619,1.000000000000e-03,2.500000000000e-03,500,1
3620,1.000000000000e-03,2.500000000000e-03,500,1
3621,1.000000000000e-03,2.500000000000e-03,500,2
3622,1.000000000000e-03,2.500000000000e-03,500,1
3623,1.000000000000e-03,2.500000000000e-03,500,1
3624,1.000000000000e-03,2.500000000000e-03,500,0
3625,1.000000000000e-03,2.500000000000e-03,500,2
3626,1.000000000000e-03,2.500000000000e-03,500,1
3627,1.000000000000e-03,2.500000000000e-03,500,3
3628,1.000000000000e-03,2.500000000000e-03,500,1
3629,1.000000000000e-03,2.500000000000e-03,500,3
3630,1.000000000000e-03,2.500000000000e-03,500,2
3631,1.000000000000e-03,2.500000000000e-03,500,1
3632,1.000000000000e-03,2.500000000000e-03,500,4
3633,1.000000000000e-03,2.500000000000e-03,500,2
3634,1.000000000000e-03,2.500000000000e-03,500,0
3635,1.000000000000e-03,2.500000000000e-03,500,3
3636,1.000000000000e-03,2.500000000000e-03,500,1
3637,1.000000000000e-03,2.500000000000e-03,500,4
3638,1.000000000000e-03,2.500000000000e-03,500,1
3639,1.000000000000e-03,2.500000000000e-03,500,1
3640,1.000000000000e-03,2.500000000000e-03,500,5
3641,1.000000000000e-03,2.500000000000e-03,500,2
3642,1.000000000000e-03,2.500000000000e-03,500,1
3643,1.000000000000e-03,2.500000000000e-03,500,0
3644,1.000000000000e-03,2.500000000000e-03,500,2
3645,1.000000000000e-03,2.500000000000e-03,500,1
3646,1.000000000000e-03,2.500000000000e-03,500,2
3647,1.000000000000e-03,2.500000000000e-03,500,1
3648,1.000000000000e-03,2.500000000000e-03,500,1
3649,1.000000000000e-03,2.500000000000e-03,500,1
3650,1.000000000000e-03,2.500000000000e-03,500,1
3651,1.000000000000e-03,2.500000000000e-03,500,1
3652,1.000000000000e-03,2.500000000000e-03,500,1
3653,1.000000000000e-03,2.500000000000e-03,500,2
3654,1.000000000000e-03,2.500000000000e-03,500,2
3655,1.000000000000e-03,2.500000000000e-03,500,1
3656,1.000000000000e-03,2.500000000000e-03,500,1
3657,1.000000000000e-03,2.500000000000e-03,500,3
3658,1.000000000000e-03,2.500000000000e-03,500,2
3659,1.000000000000e-03,2.500000000000e-03,500,4
3660,1.000000000000e-03,2.500000000000e-03,500,2
3661,1.000000000000e-03,2.500000000000e-03,500,1
3662,1.000000000000e-03,2.500000000000e-03,500,0
3663,1.000000000000e-03,2.500000000000e-03,500,2
3664,1.000000000000e-03,2.500000000000e-03,500,4
3665,1.000000000000e-03,2.500000000000e-03,500,0
3666,1.000000000000e-03,2.500000000000e-03,500,3
3667,1.000000000000e-03,2.500000000000e-03,500,1
3668,1.000000000000e-03,2.500000000000e-03,500,3
3669,1.000000000000e-03,2.500000000000e-03,500,1
3670,1.000000000000e-03,2.500000000000e-03,500,1
3671,1.000000000000e-03,2.500000000000e-03,500,1
3672,1.000000000000e-03,2.500000000000e-03,500,1
3673,1.000000000000e-03,2.500000000000e-03,500,2
3674,1.000000000000e-03,2.500000000000e-03,500,2
3675,1.000000000000e-03,2.500000000000e-03,500,1
3676,1.000000000000e-03,2.500000000000e-03,500,0
3677,1.000000000000e-03,2.500000000000e-03,500,1
3678,1.000000000000e-03,2.500000000000e-03,500,3
3679,1.000000000000e-03,2.500000000000e-03,500,1
3680,1.000000000000e-03,2.500000000000e-03,500,2
3681,1.000000000000e-03,2.500000000000e-03,500,1
3682,1.000000000000e-03,2.500000000000e-03,500,3
3683,1.000000000000e-03,2.500000000000e-03,500,0
3684,1.000000000000e-03,2.500000000000e-03,500,0
3685,1.000000000000e-03,2.500000000000e-03,500,0
3686,1.000000000000e-03,2.500000000000e-03,500,2
3687,1.000000000000e-03,2.500000000000e-03,500,3
3688,1.000000000000e-03,2.500000000000e-03,500,5
3689,1.000000000000e-03,2.500000000000e-03,500,1
3690,1.000000000000e-03,2.500000000000e-03,500,0
3691,1.000000000000e-03,2.500000000000e-03,500,0
3692,1.000000000000e-03,2.500000000000e-03,500,0
3693,1.000000000000e-03,2.500000000000e-03,500,0
3694,1.000000000000e-03,2.500000000000e-03,500,0
3695,1.000000000000e-03,2.500000000000e-03,500,1
3696,1.000000000000e-03,2.500000000000e-03,500,1
3697,1.000000000000e-03,2.500000000000e-03,500,0
3698,1.000000000000e-03,2.500000000000e-03,500,3
3699,1.000000000000e-03,2.500000000000e-03,500,1
3700,1.000000000000e-03,2.500000000000e-03,500,3
3701,1.000000000000e-03,2.500000000000e-03,500,0
3702,1.000000000000e-03,2.500000000000e-03,500,3
3703,1.000000000000e-03,2.500000000000e-03,500,1
3704,1.000000000000e-03,2.500000000000e-03,500,1
3705,1.000000000000e-03,2.500000000000e-03,500,0
3706,1.000000000000e-03,2.500000000000e-03,500,3
3707,1.000000000000e-03,2.500000000000e-03,500,2
3708,1.000000000000e-03,2.500000000000e-03,500,2
3709,1.000000000000e-03,2.500000000000e-03,500,0
3710,1.000000000000e-03,2.500000000000e-03,500,2
3711,1.000000000000e-03,2.500000000000e-03,500,0
3712,1.000000000000e-03,2.500000000000e-03,500,2
3713,1.000000000000e-03,2.500000000000e-03,500,2
3714,1.000000000000e-03,2.500000000000e-03,500,2
3715,1.000000000000e-03,2.500000000000e-03,500,1
3716,1.000000000000e-03,2.500000000000e-03,500,0
3717,1.000000000000e-03,2.500000000000e-03,500,0
3718,1.000000000000e-03,2.500000000000e-03,500,0
3719,1.000000000000e-03,2.500000000000e-03,500,1
3720,1.000000000000e-03,2.500000000000e-03,500,4
3721,1.000000000000e-03,2.500000000000e-03,500,3
3722,1.000000000000e-03,2.500000000000e-03,500,0
3723,1.000000000000e-03,2.500000000000e-03,500,3
3724,1.000000000000e-03,2.500000000000e-03,500,1
3725,1.000000000000e-03,2.500000000000e-03,500,2
3726,1.000000000000e-03,2.500000000000e-03,500,0
3727,1.000000000000e-03,2.500000000000e-03,500,0
3728,1.000000000000e-03,2.500000000000e-03,500,0
3729,1.000000000000e-03,2.500000000000e-03,500,2
3730,1.000000000000e-03,2.500000000000e-03,500,1
3731,1.000000000000e-03,2.500000000000e-03,500,1
3732,1.000000000000e-03,2.500000000000e-03,500,0
3733,1.000000000000e-03,2.500000000000e-03,500,0
3734,1.000000000000e-03,2.500000000000e-03,500,2
3735,1.000000000000e-03,2.500000000000e-03,500,4
3736,1.000000000000e-03,2.500000000000e-03,500,1
3737,1.000000000000e-03,2.500000000000e-03,500,1
3738,1.000000000000e-03,2.500000000000e-03,500,2
3739,1.000000000000e-03,2.500000000000e-03,500,0
3740,1.000000000000e-03,2.500000000000e-03,500,1
3741,1.000000000000e-03,2.500000000000e-03,500,2
3742,1.000000000000e-03,2.500000000000e-03,500,1
3743,1.000000000000e-03,2.500000000000e-03,500,0
3744,1.000000000000e-03,2.500000000000e-03,500,0
3745,1.000000000000e-03,2.500000000000e-03,500,2
3746,1.000000000000e-03,2.500000000000e-03,500,1
3747,1.000000000000e-03,2.500000000000e-03,500,1
3748,1.000000000000e-03,2.500000000000e-03,500,3
3749,1.000000000000e-03,2.500000000000e-03,500,0
3750,1.000000000000e-03,2.500000000000e-03,500,2
3751,1.000000000000e-03,2.500000000000e-03,500,4
3752,1.000000000000e-03,2.500000000000e-03,500,4
3753,1.000000000000e-03,2.500000000000e-03,500,1
3754,1.000000000000e-03,2.500000000000e-03,500,0
3755,1.000000000000e-03,2.500000000000e-03,500,1
3756,1.000000000000e-03,2.500000000000e-03,500,2
3757,1.000000000000e-03,2.500000000000e-03,500,2
3758,1.000000000000e-03,2.500000000000e-03,500,1
3759,1.000000000000e-03,2.500000000000e-03,500,1
3760,1.000000000000e-03,2.500000000000e-03,500,1
3761,1.000000000000e-03,2.500000000000e-03,500,3
3762,1.000000000000e-03,2.500000000000e-03,500,2
3763,1.000000000000e-03,2.500000000000e-03,500,1
3764,1.000000000000e-03,2.500000000000e-03,500,2
3765,1.000000000000e-03,2.500000000000e-03,500,0
3766,1.000000000000e-03,2.500000000000e-03,500,1
3767,1.000000000000e-03,2.500000000000e-03,500,3
3768,1.000000000000e-03,2.500000000000e-03,500,1
3769,1.000000000000e-03,2.500000000000e-03,500,4
3770,1.000000000000e-03,2.500000000000e-03,500,3
3771,1.000000000000e-03,2.500000000000e-03,500,1
3772,1.000000000000e-03,2.500000000000e-03,500,1
3773,1.000000000000e-03,2.500000000000e-03,500,0
3774,1.000000000000e-03,2.500000000000e-03,500,5
3775,1.000000000000e-03,2.500000000000e-03,500,0
3776,1.000000000000e-03,2.500000000000e-03,500,3
3777,1.000000000000e-03,2.500000000000e-03,500,2
3778,1.000000000000e-03,2.500000000000e-03,500,1
3779,1.000000000000e-03,2.500000000000e-03,500,0
3780,1.000000000000e-03,2.500000000000e-03,500,2
3781,1.000000000000e-03,2.500000000000e-03,500,3
3782,1.000000000000e-03,2.500000000000e-03,500,1
3783,1.000000000000e-03,2.500000000000e-03,500,1
3784,1.000000000000e-03,2.500000000000e-03,500,2
3785,1.000000000000e-03,2.500000000000e-03,500,2
3786,1.000000000000e-03,2.500000000000e-03,500,2
3787,1.000000000000e-03,2.500000000000e-03,500,0
3788,1.000000000000e-03,2.500000000000e-03,500,2
3789,1.000000000000e-03,2.500000000000e-03,500,2
3790,1.000000000000e-03,2.500000000000e-03,500,1
3791,1.000000000000e-03,2.500000000000e-03,500,5
3792,1.000000000000e-03,2.500000000000e-03,500,0
3793,1.000000000000e-03,2.500000000000e-03,500,1
3794,1.000000000000e-03,2.500000000000e-03,500,2
3795,1.000000000000e-03,2.500000000000e-03,500,1
3796,1.000000000000e-03,2.500000000000e-03,500,0
3797,1.000000000000e-03,2.500000000000e-03,500,2
3798,1.000000000000e-03,2.500000000000e-03,500,1
3799,1.000000000000e-03,2.500000000000e-03,500,1
3800,1.000000000000e-03,2.500000000000e-03,500,3
3801,1.000000000000e-03,2.500000000000e-03,500,0
3802,1.000000000000e-03,2.500000000000e-03,500,2
3803,1.000000000000e-03,2.500000000000e-03,500,1
3804,1.000000000000e-03,2.500000000000e-03,500,3
3805,1.000000000000e-03,2.500000000000e-03,500,1
3806,1.000000000000e-03,2.500000000000e-03,500,4
3807,1.000000000000e-03,2.500000000000e-03,500,3
3808,1.000000000000e-03,2.500000000000e-03,500,1
3809,1.000000000000e-03,2.500000000000e-03,500,2
3810,1.000000000000e-03,2.500000000000e-03,500,1
3811,1.000000000000e-03,2.500000000000e-03,500,0
3812,1.000000000000e-03,2.500000000000e-03,500,2
3813,1.000000000000e-03,2.500000000000e-03,500,0
3814,1.000000000000e-03,2.500000000000e-03,500,0
3815,1.000000000000e-03,2.500000000000e-03,500,1
3816,1.000000000000e-03,2.500000000000e-03,500,3
3817,1.000000000000e-03,2.500000000000e-03,500,2
3818,1.000000000000e-03,2.500000000000e-03,500,0
3819,1.000000000000e-03,2.500000000000e-03,500,0
3820,1.000000000000e-03,2.500000000000e-03,500,1
3821,1.000000000000e-03,2.500000000000e-03,500,2
3822,1.000000000000e-03,2.500000000000e-03,500,3
3823,1.000000000000e-03,2.500000000000e-03,500,3
3824,1.000000000000e-03,2.500000000000e-03,500,0
3825,1.000000000000e-03,2.500000000000e-03,500,1
3826,1.000000000000e-03,2.500000000000e-03,500,2
3827,1.000000000000e-03,2.500000000000e-03,500,1
3828,1.000000000000e-03,2.500000000000e-03,500,1
3829,1.000000000000e-03,2.500000000000e-03,500,3
3830,1.000000000000e-03,2.500000000000e-03,500,2
3831,1.000000000000e-03,2.500000000000e-03,500,5
3832,1.000000000000e-03,2.500000000000e-03,500,0
3833,1.000000000000e-03,2.500000000000e-03,500,0
3834,1.000000000000e-03,2.500000000000e-03,500,0
3835,1.000000000000e-03,2.500000000000e-03,500,1
3836,1.000000000000e-03,2.500000000000e-03,500,0
3837,1.000000000000e-03,2.500000000000e-03,500,0
3838,1.000000000000e-03,2.500000000000e-03,500,2
3839,1.000000000000e-03,2.500000000000e-03,500,0
3840,1.000000000000e-03,2.500000000000e-03,500,1
3841,1.000000000000e-03,2.500000000000e-03,500,0
3842,1.000000000000e-03,2.500000000000e-03,500,2
3843,1.000000000000e-03,2.500000000000e-03,500,1
3844,1.000000000000e-03,2.500000000000e-03,500,1
3845,1.000000000000e-03,2.500000000000e-03,500,4
3846,1.000000000000e-03,2.500000000000e-03,500,2
3847,1.000000000000e-03,2.500000000000e-03,500,4
3848,1.000000000000e-03,2.500000000000e-03,500,0
3849,1.000000000000e-03,2.500000000000e-03,500,0
3850,1.000000000000e-03,2.500000000000e-03,500,0
3851,1.000000000000e-03,2.500000000000e-03,500,2
3852,1.000000000000e-03,2.500000000000e-03,500,2
3853,1.000000000000e-03,2.500000000000e-03,500,1
3854,1.000000000000e-03,2.500000000000e-03,500,0
3855,1.000000000000e-03,2.500000000000e-03,500,1
3856,1.000000000000e-03,2.500000000000e-03,500,0
3857,1.000000000000e-03,2.500000000000e-03,500,2
3858,1.000000000000e-03,2.500000000000e-03,500,1
3859,1.000000000000e-03,2.500000000000e-03,500,0
3860,1.000000000000e-03,2.500000000000e-03,500,0
3861,1.000000000000e-03,2.500000000000e-03,500,2
3862,1.000000000000e-03,2.500000000000e-03,500,3
3863,1.000000000000e-03,2.500000000000e-03,500,3
3864,1.000000000000e-03,2.500000000000e-03,500,1
3865,1.000000000000e-03,2.500000000000e-03,500,2
3866,1.000000000000e-03,2.500000000000e-03,500,1
3867,1.000000000000e-03,2.500000000000e-03,500,0
3868,1.000000000000e-03,2.500000000000e-03,500,1
3869,1.000000000000e-03,2.500000000000e-03,500,2
3870,1.000000000000e-03,2.500000000000e-03,500,3
3871,1.000000000000e-03,2.500000000000e-03,500,1
3872,1.000000000000e-03,2.500000000000e-03,500,2
3873,1.000000000000e-03,2.500000000000e-03,500,3
3874,1.000000000000e-03,2.500000000000e-03,500,3
3875,1.000000000000e-03,2.500000000000e-03,500,2
3876,1.000000000000e-03,2.500000000000e-03,500,2
3877,1.000000000000e-03,2.500000000000e-03,500,2
3878,1.000000000000e-03,2.500000000000e-03,500,2
3879,1.000000000000e-03,2.500000000000e-03,500,3
3880,1.000000000000e-03,2.500000000000e-03,500,1
3881,1.000000000000e-03,2.500000000000e-03,500,1
3882,1.000000000000e-03,2.500000000000e-03,500,0
3883,1.000000000000e-03,2.500000000000e-03,500,2
3884,1.000000000000e-03,2.500000000000e-03,500,3
3885,1.000000000000e-03,2.500000000000e-03,500,5
3886,1.000000000000e-03,2.500000000000e-03,500,1
3887,1.000000000000e-03,2.500000000000e-03,500,1
3888,1.000000000000e-03,2.500000000000e-03,500,2
3889,1.000000000000e-03,2.500000000000e-03,500,3
3890,1.000000000000e-03,2.500000000000e-03,500,2
3891,1.000000000000e-03,2.500000000000e-03,500,2
3892,1.000000000000e-03,2.500000000000e-03,500,1
3893,1.000000000000e-03,2.500000000000e-03,500,1
3894,1.000000000000e-03,2.500000000000e-03,500,3
3895,1.000000000000e-03,2.500000000000e-03,500,3
3896,1.000000000000e-03,2.500000000000e-03,500,0
3897,1.000000000000e-03,2.500000000000e-03,500,0
3898,1.000000000000e-03,2.500000000000e-03,500,1
3899,1.000000000000e-03,2.500000000000e-03,500,1
3900,1.000000000000e-03,2.500000000000e-03,500,1
3901,1.000000000000e-03,2.500000000000e-03,500,4
3902,1.000000000000e-03,2.500000000000e-03,500,2
3903,1.000000000000e-03,2.500000000000e-03,500,2
3904,1.000000000000e-03,2.500000000000e-03,500,1
3905,1.000000000000e-03,2.500000000000e-03,500,1
3906,1.000000000000e-03,2.500000000000e-03,500,0
3907,1.000000000000e-03,2.500000000000e-03,500,1
3908,1.000000000000e-03,2.500000000000e-03,500,3
3909,1.000000000000e-03,2.500000000000e-03,500,0
3910,1.000000000000e-03,2.500000000000e-03,500,2
3911,1.000000000000e-03,2.500000000000e-03,500,3
3912,1.000000000000e-03,2.500000000000e-03,500,3
3913,1.000000000000e-03,2.500000000000e-03,500,2
3914,1.000000000000e-03,2.500000000000e-03,500,0
3915,1.000000000000e-03,2.500000000000e-03,500,1
3916,1.000000000000e-03,2.500000000000e-03,500,1
3917,1.000000000000e-03,2.500000000000e-03,500,1
3918,1.000000000000e-03,2.500000000000e-03,500,1
3919,1.000000000000e-03,2.500000000000e-03,500,2
3920,1.000000000000e-03,2.500000000000e-03,500,2
3921,1.000000000000e-03,2.500000000000e-03,500,1
3922,1.000000000000e-03,2.500000000000e-03,500,1
3923,1.000000000000e-03,2.500000000000e-03,500,0
3924,1.000000000000e-03,2.500000000000e-03,500,0
3925,1.000000000000e-03,2.500000000000e-03,500,2
3926,1.000000000000e-03,2.500000000000e-03,500,0
3927,1.000000000000e-03,2.500000000000e-03,500,5
3928,1.000000000000e-03,2.500000000000e-03,500,0
3929,1.000000000000e-03,2.500000000000e-03,500,1
3930,1.000000000000e-03,2.500000000000e-03,500,0
3931,1.000000000000e-03,2.500000000000e-03,500,1
3932,1.000000000000e-03,2.500000000000e-03,500,4
3933,1.000000000000e-03,2.500000000000e-03,500,0
3934,1.000000000000e-03,2.500000000000e-03,500,0
3935,1.000000000000e-03,2.500000000000e-03,500,0
3936,1.000000000000e-03,2.500000000000e-03,500,2
3937,1.000000000000e-03,2.500000000000e-03,500,3
3938,1.000000000000e-03,2.500000000000e-03,500,3
3939,1.000000000000e-03,2.500000000000e-03,500,1
3940,1.000000000000e-03,2.500000000000e-03,500,5
3941,1.000000000000e-03,2.500000000000e-03,500,1
3942,1.000000000000e-03,2.500000000000e-03,500,1
3943,1.000000000000e-03,2.500000000000e-03,500,1
3944,1.000000000000e-03,2.500000000000e-03,500,1
3945,1.000000000000e-03,2.500000000000e-03,500,1
3946,1.000000000000e-03,2.500000000000e-03,500,1
3947,1.000000000000e-03,2.500000000000e-03,500,2
3948,1.000000000000e-03,2.500000000000e-03,500,0
3949,1.000000000000e-03,2.500000000000e-03,500,0
3950,1.000000000000e-03,2.500000000000e-03,500,2
3951,1.000000000000e-03,2.500000000000e-03,500,1
3952,1.000000000000e-03,2.500000000000e-03,500,1
3953,1.000000000000e-03,2.500000000000e-03,500,1
3954,1.000000000000e-03,2.500000000000e-03,500,2
3955,1.000000000000e-03,2.500000000000e-03,500,1
3956,1.000000000000e-03,2.500000000000e-03,500,2
3957,1.000000000000e-03,2.500000000000e-03,500,2
3958,1.000000000000e-03,2.500000000000e-03,500,2
3959,1.000000000000e-03,2.500000000000e-03,500,1
3960,1.000000000000e-03,2.500000000000e-03,500,1
3961,1.000000000000e-03,2.500000000000e-03,500,3
3962,1.000000000000e-03,2.500000000000e-03,500,1
3963,1.000000000000e-03,2.500000000000e-03,500,0
3964,1.000000000000e-03,2.500000000000e-03,500,1
3965,1.000000000000e-03,2.500000000000e-03,500,3
3966,1.000000000000e-03,2.500000000000e-03,500,1
3967,1.000000000000e-03,2.500000000000e-03,500,2
3968,1.000000000000e-03,2.500000000000e-03,500,0
3969,1.000000000000e-03,2.500000000000e-03,500,2
3970,1.000000000000e-03,2.500000000000e-03,500,0
3971,1.000000000000e-03,2.500000000000e-03,500,4
3972,1.000000000000e-03,2.500000000000e-03,500,2
3973,1.000000000000e-03,2.500000000000e-03,500,0
3974,1.000000000000e-03,2.500000000000e-03,500,0
3975,1.000000000000e-03,2.500000000000e-03,500,2
3976,1.000000000000e-03,2.500000000000e-03,500,3
3977,1.000000000000e-03,2.500000000000e-03,500,1
3978,1.000000000000e-03,2.500000000000e-03,500,0
3979,1.000000000000e-03,2.500000000000e-03,500,3
3980,1.000000000000e-03,2.500000000000e-03,500,1
3981,1.000000000000e-03,2.500000000000e-03,500,3
3982,1.000000000000e-03,2.500000000000e-03,500,1
3983,1.000000000000e-03,2.500000000000e-03,500,2
3984,1.000000000000e-03,2.500000000000e-03,500,3
3985,1.000000000000e-03,2.500000000000e-03,500,0
3986,1.000000000000e-03,2.500000000000e-03,500,4
3987,1.000000000000e-03,2.500000000000e-03,500,2
3988,1.000000000000e-03,2.500000000000e-03,500,1
3989,1.000000000000e-03,2.500000000000e-03,500,1
3990,1.000000000000e-03,2.500000000000e-03,500,3
3991,1.000000000000e-03,2.500000000000e-03,500,1
3992,1.000000000000e-03,2.500000000000e-03,500,0
3993,1.000000000000e-03,2.500000000000e-03,500,0
3994,1.000000000000e-03,2.500000000000e-03,500,2
3995,1.000000000000e-03,2.500000000000e-03,500,2
3996,1.000000000000e-03,2.500000000000e-03,500,0
3997,1.000000000000e-03,2.500000000000e-03,500,2
3998,1.000000000000e-03,2.500000000000e-03,500,3
3999,1.000000000000e-03,2.500000000000e-03,500,1
4000,1.000000000000e-03,2.500000000000e-03,500,1
4001,1.000000000000e-03,2.500000000000e-03,1000,1
4002,1.000000000000e-03,2.500000000000e-03,1000,1
4003,1.000000000000e-03,2.500000000000e-03,1000,4
4004,1.000000000000e-03,2.500000000000e-03,1000,1
4005,1.000000000000e-03,2.500000000000e-03,1000,0
4006,1.000000000000e-03,2.500000000000e-03,1000,3
4007,1.000000000000e-03,2.500000000000e-03,1000,4
4008,1.000000000000e-03,2.500000000000e-03,1000,3
4009,1.000000000000e-03,2.500000000000e-03,1000,4
4010,1.000000000000e-03,2.500000000000e-03,1000,4
4011,1.000000000000e-03,2.500000000000e-03,1000,2
4012,1.000000000000e-03,2.500000000000e-03,1000,4
4013,1.000000000000e-03,2.500000000000e-03,1000,3
4014,1.000000000000e-03,2.500000000000e-03,1000,4
4015,1.000000000000e-03,2.500000000000e-03,1000,3
4016,1.000000000000e-03,2.500000000000e-03,1000,4
4017,1.000000000000e-03,2.500000000000e-03,1000,4
4018,1.000000000000e-03,2.500000000000e-03,1000,4
4019,1.000000000000e-03,2.500000000000e-03,1000,3
4020,1.000000000000e-03,2.500000000000e-03,1000,3
4021,1.000000000000e-03,2.500000000000e-03,1000,2
4022,1.000000000000e-03,2.500000000000e-03,1000,0
4023,1.000000000000e-03,2.500000000000e-03,1000,0
4024,1.000000000000e-03,2.500000000000e-03,1000,5
4025,1.000000000000e-03,2.500000000000e-03,1000,4
4026,1.000000000000e-03,2.500000000000e-03,1000,6
4027,1.000000000000e-03,2.500000000000e-03,1000,2
4028,1.000000000000e-03,2.500000000000e-03,1000,2
4029,1.000000000000e-03,2.500000000000e-03,1000,2
4030,1.000000000000e-03,2.500000000000e-03,1000,3
4031,1.000000000000e-03,2.500000000000e-03,1000,5
4032,1.000000000000e-03,2.500000000000e-03,1000,2
4033,1.000000000000e-03,2.500000000000e-03,1000,1
4034,1.000000000000e-03,2.500000000000e-03,1000,2
4035,1.000000000000e-03,2.500000000000e-03,1000,0
4036,1.000000000000e-03,2.500000000000e-03,1000,3
4037,1.000000000000e-03,2.500000000000e-03,1000,0
4038,1.000000000000e-03,2.500000000000e-03,1000,2
4039,1.000000000000e-03,2.500000000000e-03,1000,3
4040,1.000000000000e-03,2.500000000000e-03,1000,1
4041,1.000000000000e-03,2.500000000000e-03,1000,3
4042,1.000000000000e-03,2.500000000000e-03,1000,5
4043,1.000000000000e-03,2.500000000000e-03,1000,2
4044,1.000000000000e-03,2.500000000000e-03,1000,1
4045,1.000000000000e-03,2.500000000000e-03,1000,1
4046,1.000000000000e-03,2.500000000000e-03,1000,1
4047,1.000000000000e-03,2.500000000000e-03,1000,2
4048,1.000000000000e-03,2.500000000000e-03,1000,3
4049,1.000000000000e-03,2.500000000000e-03,1000,3
4050,1.000000000000e-03,2.500000000000e-03,1000,4
4051,1.000000000000e-03,2.500000000000e-03,1000,2
4052,1.000000000000e-03,2.500000000000e-03,1000,2
4053,1.000000000000e-03,2.500000000000e-03,1000,5
4054,1.000000000000e-03,2.500000000000e-03,1000,1
4055,1.000000000000e-03,2.500000000000e-03,1000,0
4056,1.000000000000e-03,2.500000000000e-03,1000,2
4057,1.000000000000e-03,2.500000000000e-03,1000,1
4058,1.000000000000e-03,2.500000000000e-03,1000,3
4059,1.000000000000e-03,2.500000000000e-03,1000,6
4060,1.000000000000e-03,2.500000000000e-03,1000,2
4061,1.000000000000e-03,2.500000000000e-03,1000,0
4062,1.000000000000e-03,2.500000000000e-03,1000,0
4063,1.000000000000e-03,2.500000000000e-03,1000,3
4064,1.000000000000e-03,2.500000000000e-03,1000,2
4065,1.000000000000e-03,2.500000000000e-03,1000,4
4066,1.000000000000e-03,2.500000000000e-03,1000,3
4067,1.000000000000e-03,2.500000000000e-03,1000,1
4068,1.000000000000e-03,2.500000000000e-03,1000,3
4069,1.000000000000e-03,2.500000000000e-03,1000,4
4070,1.000000000000e-03,2.500000000000e-03,1000,1
4071,1.000000000000e-03,2.500000000000e-03,1000,2
4072,1.000000000000e-03,2.500000000000e-03,1000,5
4073,1.000000000000e-03,2.500000000000e-03,1000,2
4074,1.000000000000e-03,2.500000000000e-03,1000,1
4075,1.000000000000e-03,2.500000000000e-03,1000,1
4076,1.000000000000e-03,2.500000000000e-03,1000,4
4077,1.000000000000e-03,2.500000000000e-03,1000,2
4078,1.000000000000e-03,2.500000000000e-03,1000,9
4079,1.000000000000e-03,2.500000000000e-03,1000,3
4080,1.000000000000e-03,2.500000000000e-03,1000,2
4081,1.000000000000e-03,2.500000000000e-03,1000,4
4082,1.000000000000e-03,2.500000000000e-03,1000,5
4083,1.000000000000e-03,2.500000000000e-03,1000,1
4084,1.000000000000e-03,2.500000000000e-03,1000,3
4085,1.000000000000e-03,2.500000000000e-03,1000,0
4086,1.000000000000e-03,2.500000000000e-03,1000,4
4087,1.000000000000e-03,2.500000000000e-03,1000,2
4088,1.000000000000e-03,2.500000000000e-03,1000,1
4089,1.000000000000e-03,2.500000000000e-03,1000,6
4090,1.000000000000e-03,2.500000000000e-03,1000,4
4091,1.000000000000e-03,2.500000000000e-03,1000,3
4092,1.000000000000e-03,2.500000000000e-03,1000,1
4093,1.000000000000e-03,2.500000000000e-03,1000,3
4094,1.000000000000e-03,2.500000000000e-03,1000,0
4095,1.000000000000e-03,2.500000000000e-03,1000,1
4096,1.000000000000e-03,2.500000000000e-03,1000,2
4097,1.000000000000e-03,2.500000000000e-03,1000,4
4098,1.000000000000e-03,2.500000000000e-03,1000,1
4099,1.000000000000e-03,2.500000000000e-03,1000,2
4100,1.000000000000e-03,2.500000000000e-03,1000,0
4101,1.000000000000e-03,2.500000000000e-03,1000,2
4102,1.000000000000e-03,2.500000000000e-03,1000,2
4103,1.000000000000e-03,2.500000000000e-03,1000,4
4104,1.000000000000e-03,2.500000000000e-03,1000,4
4105,1.000000000000e-03,2.500000000000e-03,1000,1
4106,1.000000000000e-03,2.500000000000e-03,1000,3
4107,1.000000000000e-03,2.500000000000e-03,1000,3
4108,1.000000000000e-03,2.500000000000e-03,1000,3
4109,1.000000000000e-03,2.500000000000e-03,1000,1
4110,1.000000000000e-03,2.500000000000e-03,1000,3
4111,1.000000000000e-03,2.500000000000e-03,1000,5
4112,1.000000000000e-03,2.500000000000e-03,1000,4
4113,1.000000000000e-03,2.500000000000e-03,1000,1
4114,1.000000000000e-03,2.500000000000e-03,1000,4
4115,1.000000000000e-03,2.500000000000e-03,1000,2
4116,1.000000000000e-03,2.500000000000e-03,1000,0
4117,1.000000000000e-03,2.500000000000e-03,1000,1
4118,1.000000000000e-03,2.500000000000e-03,1000,5
4119,1.000000000000e-03,2.500000000000e-03,1000,4
4120,1.000000000000e-03,2.500000000000e-03,1000,3
4121,1.000000000000e-03,2.500000000000e-03,1000,2
4122,1.000000000000e-03,2.500000000000e-03,1000,3
4123,1.000000000000e-03,2.500000000000e-03,1000,3
4124,1.000000000000e-03,2.500000000000e-03,1000,1
4125,1.000000000000e-03,2.500000000000e-03,1000,0
4126,1.000000000000e-03,2.500000000000e-03,1000,1
4127,1.000000000000e-03,2.500000000000e-03,1000,5
4128,1.000000000000e-03,2.500000000000e-03,1000,4
4129,1.000000000000e-03,2.500000000000e-03,1000,4
4130,1.000000000000e-03,2.500000000000e-03,1000,2
4131,1.000000000000e-03,2.500000000000e-03,1000,3
4132,1.000000000000e-03,2.500000000000e-03,1000,3
4133,1.000000000000e-03,2.500000000000e-03,1000,4
4134,1.000000000000e-03,2.500000000000e-03,1000,3
4135,1.000000000000e-03,2.500000000000e-03,1000,2
4136,1.000000000000e-03,2.500000000000e-03,1000,1
4137,1.000000000000e-03,2.500000000000e-03,1000,1
4138,1.000000000000e-03,2.500000000000e-03,1000,3
4139,1.000000000000e-03,2.500000000000e-03,1000,2
4140,1.000000000000e-03,2.500000000000e-03,1000,1
4141,1.000000000000e-03,2.500000000000e-03,1000,4
4142,1.000000000000e-03,2.500000000000e-03,1000,2
4143,1.000000000000e-03,2.500000000000e-03,1000,2
4144,1.000000000000e-03,2.500000000000e-03,1000,3
4145,1.000000000000e-03,2.500000000000e-03,1000,2
4146,1.000000000000e-03,2.500000000000e-03,1000,3
4147,1.000000000000e-03,2.500000000000e-03,1000,2
4148,1.000000000000e-03,2.500000000000e-03,1000,2
4149,1.000000000000e-03,2.500000000000e-03,1000,1
4150,1.000000000000e-03,2.500000000000e-03,1000,1
4151,1.000000000000e-03,2.500000000000e-03,1000,3
4152,1.000000000000e-03,2.500000000000e-03,1000,2
4153,1.000000000000e-03,2.500000000000e-03,1000,3
4154,1.000000000000e-03,2.500000000000e-03,1000,4
4155,1.000000000000e-03,2.500000000000e-03,1000,2
4156,1.000000000000e-03,2.500000000000e-03,1000,0
4157,1.000000000000e-03,2.500000000000e-03,1000,3
4158,1.000000000000e-03,2.500000000000e-03,1000,1
4159,1.000000000000e-03,2.500000000000e-03,1000,5
4160,1.000000000000e-03,2.500000000000e-03,1000,3
4161,1.000000000000e-03,2.500000000000e-03,1000,1
4162,1.000000000000e-03,2.500000000000e-03,1000,5
4163,1.000000000000e-03,2.500000000000e-03,1000,4
4164,1.000000000000e-03,2.500000000000e-03,1000,0
4165,1.000000000000e-03,2.500000000000e-03,1000,5
4166,1.000000000000e-03,2.500000000000e-03,1000,2
4167,1.000000000000e-03,2.500000000000e-03,1000,3
4168,1.000000000000e-03,2.500000000000e-03,1000,1
4169,1.000000000000e-03,2.500000000000e-03,1000,2
4170,1.000000000000e-03,2.500000000000e-03,1000,1
4171,1.000000000000e-03,2.500000000000e-03,1000,2
4172,1.000000000000e-03,2.500000000000e-03,1000,1
4173,1.000000000000e-03,2.500000000000e-03,1000,4
4174,1.000000000000e-03,2.500000000000e-03,1000,1
4175,1.000000000000e-03,2.500000000000e-03,1000,2
4176,1.000000000000e-03,2.500000000000e-03,1000,3
4177,1.000000000000e-03,2.500000000000e-03,1000,2
4178,1.000000000000e-03,2.500000000000e-03,1000,2
4179,1.000000000000e-03,2.500000000000e-03,1000,6
4180,1.000000000000e-03,2.500000000000e-03,1000,1
4181,1.000000000000e-03,2.500000000000e-03,1000,2
4182,1.000000000000e-03,2.500000000000e-03,1000,5
4183,1.000000000000e-03,2.500000000000e-03,1000,9
4184,1.000000000000e-03,2.500000000000e-03,1000,2
4185,1.000000000000e-03,2.500000000000e-03,1000,2
4186,1.000000000000e-03,2.500000000000e-03,1000,4
4187,1.000000000000e-03,2.500000000000e-03,1000,2
4188,1.000000000000e-03,2.500000000000e-03,1000,3
4189,1.000000000000e-03,2.500000000000e-03,1000,3
4190,1.000000000000e-03,2.500000000000e-03,1000,2
4191,1.000000000000e-03,2.500000000000e-03,1000,6
4192,1.000000000000e-03,2.500000000000e-03,1000,5
4193,1.000000000000e-03,2.500000000000e-03,1000,2
4194,1.000000000000e-03,2.500000000000e-03,1000,2
4195,1.000000000000e-03,2.500000000000e-03,1000,0
4196,1.000000000000e-03,2.500000000000e-03,1000,3
4197,1.000000000000e-03,2.500000000000e-03,1000,2
4198,1.000000000000e-03,2.500000000000e-03,1000,3
4199,1.000000000000e-03,2.500000000000e-03,1000,4
4200,1.000000000000e-03,2.500000000000e-03,1000,2
4201,1.000000000000e-03,2.500000000000e-03,1000,0
4202,1.000000000000e-03,2.500000000000e-03,1000,6
4203,1.000000000000e-03,2.500000000000e-03,1000,1
4204,1.000000000000e-03,2.500000000000e-03,1000,0
4205,1.000000000000e-03,2.500000000000e-03,1000,6
4206,1.000000000000e-03,2.500000000000e-03,1000,4
4207,1.000000000000e-03,2.500000000000e-03,1000,2
4208,1.000000000000e-03,2.500000000000e-03,1000,2
4209,1.000000000000e-03,2.500000000000e-03,1000,3
4210,1.000000000000e-03,2.500000000000e-03,1000,1
4211,1.000000000000e-03,2.500000000000e-03,1000,2
4212,1.000000000000e-03,2.500000000000e-03,1000,3
4213,1.000000000000e-03,2.500000000000e-03,1000,5
4214,1.000000000000e-03,2.500000000000e-03,1000,4
4215,1.000000000000e-03,2.500000000000e-03,1000,6
4216,1.000000000000e-03,2.500000000000e-03,1000,2
4217,1.000000000000e-03,2.500000000000e-03,1000,4
4218,1.000000000000e-03,2.500000000000e-03,1000,4
4219,1.000000000000e-03,2.500000000000e-03,1000,2
4220,1.000000000000e-03,2.500000000000e-03,1000,2
4221,1.000000000000e-03,2.500000000000e-03,1000,5
4222,1.000000000000e-03,2.500000000000e-03,1000,0
4223,1.000000000000e-03,2.500000000000e-03,1000,2
4224,1.000000000000e-03,2.500000000000e-03,1000,2
4225,1.000000000000e-03,2.500000000000e-03,1000,4
4226,1.000000000000e-03,2.500000000000e-03,1000,3
4227,1.000000000000e-03,2.500000000000e-03,1000,3
4228,1.000000000000e-03,2.500000000000e-03,1000,2
4229,1.000000000000e-03,2.500000000000e-03,1000,3
4230,1.000000000000e-03,2.500000000000e-03,1000,3
4231,1.000000000000e-03,2.500000000000e-03,1000,1
4232,1.000000000000e-03,2.500000000000e-03,1000,3
4233,1.000000000000e-03,2.500000000000e-03,1000,0
4234,1.000000000000e-03,2.500000000000e-03,1000,3
4235,1.000000000000e-03,2.500000000000e-03,1000,3
4236,1.000000000000e-03,2.500000000000e-03,1000,1
4237,1.000000000000e-03,2.500000000000e-03,1000,2
4238,1.000000000000e-03,2.500000000000e-03,1000,2
4239,1.000000000000e-03,2.500000000000e-03,1000,2
4240,1.000000000000e-03,2.500000000000e-03,1000,5
4241,1.000000000000e-03,2.500000000000e-03,1000,1
4242,1.000000000000e-03,2.500000000000e-03,1000,4
4243,1.000000000000e-03,2.500000000000e-03,1000,5
4244,1.000000000000e-03,2.500000000000e-03,1000,4
4245,1.000000000000e-03,2.500000000000e-03,1000,0
4246,1.000000000000e-03,2.500000000000e-03,1000,3
4247,1.000000000000e-03,2.500000000000e-03,1000,2
4248,1.000000000000e-03,2.500000000000e-03,1000,6
4249,1.000000000000e-03,2.500000000000e-03,1000,0
4250,1.000000000000e-03,2.500000000000e-03,1000,4
4251,1.000000000000e-03,2.500000000000e-03,1000,2
4252,1.000000000000e-03,2.500000000000e-03,1000,1
4253,1.000000000000e-03,2.500000000000e-03,1000,0
4254,1.000000000000e-03,2.500000000000e-03,1000,6
4255,1.000000000000e-03,2.500000000000e-03,1000,3
4256,1.000000000000e-03,2.500000000000e-03,1000,3
4257,1.000000000000e-03,2.500000000000e-03,1000,7
4258,1.000000000000e-03,2.500000000000e-03,1000,6
4259,1.000000000000e-03,2.500000000000e-03,1000,5
4260,1.000000000000e-03,2.500000000000e-03,1000,2
4261,1.000000000000e-03,2.500000000000e-03,1000,6
4262,1.000000000000e-03,2.500000000000e-03,1000,1
4263,1.000000000000e-03,2.500000000000e-03,1000,4
4264,1.000000000000e-03,2.500000000000e-03,1000,3
4265,1.000000000000e-03,2.500000000000e-03,1000,6
4266,1.000000000000e-03,2.500000000000e-03,1000,3
4267,1.000000000000e-03,2.500000000000e-03,1000,1
4268,1.000000000000e-03,2.500000000000e-03,1000,2
4269,1.000000000000e-03,2.500000000000e-03,1000,1
4270,1.000000000000e-03,2.500000000000e-03,1000,5
4271,1.000000000000e-03,2.500000000000e-03,1000,0
4272,1.000000000000e-03,2.500000000000e-03,1000,4
4273,1.000000000000e-03,2.500000000000e-03,1000,2
4274,1.000000000000e-03,2.500000000000e-03,1000,1
4275,1.000000000000e-03,2.500000000000e-03,1000,2
4276,1.000000000000e-03,2.500000000000e-03,1000,3
4277,1.000000000000e-03,2.500000000000e-03,1000,2
4278,1.000000000000e-03,2.500000000000e-03,1000,1
4279,1.000000000000e-03,2.500000000000e-03,1000,5
4280,1.000000000000e-03,2.500000000000e-03,1000,2
4281,1.000000000000e-03,2.500000000000e-03,1000,2
4282,1.000000000000e-03,2.500000000000e-03,1000,3
4283,1.000000000000e-03,2.500000000000e-03,1000,3
4284,1.000000000000e-03,2.500000000000e-03,1000,4
4285,1.000000000000e-03,2.500000000000e-03,1000,2
4286,1.000000000000e-03,2.500000000000e-03,1000,3
4287,1.000000000000e-03,2.500000000000e-03,1000,5
4288,1.000000000000e-03,2.500000000000e-03,1000,5
4289,1.000000000000e-03,2.500000000000e-03,1000,4
4290,1.000000000000e-03,2.500000000000e-03,1000,5
4291,1.000000000000e-03,2.500000000000e-03,1000,4
4292,1.000000000000e-03,2.500000000000e-03,1000,3
4293,1.000000000000e-03,2.500000000000e-03,1000,4
4294,1.000000000000e-03,2.500000000000e-03,1000,5
4295,1.000000000000e-03,2.500000000000e-03,1000,1
4296,1.000000000000e-03,2.500000000000e-03,1000,4
4297,1.000000000000e-03,2.500000000000e-03,1000,2
4298,1.000000000000e-03,2.500000000000e-03,1000,3
4299,1.000000000000e-03,2.500000000000e-03,1000,3
4300,1.000000000000e-03,2.500000000000e-03,1000,2
4301,1.000000000000e-03,2.500000000000e-03,1000,0
4302,1.000000000000e-03,2.500000000000e-03,1000,3
4303,1.000000000000e-03,2.500000000000e-03,1000,2
4304,1.000000000000e-03,2.500000000000e-03,1000,0
4305,1.000000000000e-03,2.500000000000e-03,1000,7
4306,1.000000000000e-03,2.500000000000e-03,1000,3
4307,1.000000000000e-03,2.500000000000e-03,1000,3
4308,1.000000000000e-03,2.500000000000e-03,1000,4
4309,1.000000000000e-03,2.500000000000e-03,1000,3
4310,1.000000000000e-03,2.500000000000e-03,1000,1
4311,1.000000000000e-03,2.500000000000e-03,1000,1
4312,1.000000000000e-03,2.500000000000e-03,1000,2
4313,1.000000000000e-03,2.500000000000e-03,1000,4
4314,1.000000000000e-03,2.500000000000e-03,1000,2
4315,1.000000000000e-03,2.500000000000e-03,1000,0
4316,1.000000000000e-03,2.500000000000e-03,1000,8
4317,1.000000000000e-03,2.500000000000e-03,1000,2
4318,1.000000000000e-03,2.500000000000e-03,1000,6
4319,1.000000000000e-03,2.500000000000e-03,1000,2
4320,1.000000000000e-03,2.500000000000e-03,1000,3
4321,1.000000000000e-03,2.500000000000e-03,1000,2
4322,1.000000000000e-03,2.500000000000e-03,1000,2
4323,1.000000000000e-03,2.500000000000e-03,1000,2
4324,1.000000000000e-03,2.500000000000e-03,1000,4
4325,1.000000000000e-03,2.500000000000e-03,1000,5
4326,1.000000000000e-03,2.500000000000e-03,1000,4
4327,1.000000000000e-03,2.500000000000e-03,1000,4
4328,1.000000000000e-03,2.500000000000e-03,1000,3
4329,1.000000000000e-03,2.500000000000e-03,1000,3
4330,1.000000000000e-03,2.500000000000e-03,1000,1
4331,1.000000000000e-03,2.500000000000e-03,1000,5
4332,1.000000000000e-03,2.500000000000e-03,1000,2
4333,1.000000000000e-03,2.500000000000e-03,1000,2
4334,1.000000000000e-03,2.500000000000e-03,1000,7
4335,1.000000000000e-03,2.500000000000e-03,1000,2
4336,1.000000000000e-03,2.500000000000e-03,1000,4
4337,1.000000000000e-03,2.500000000000e-03,1000,2
4338,1.000000000000e-03,2.500000000000e-03,1000,2
4339,1.000000000000e-03,2.500000000000e-03,1000,3
4340,1.000000000000e-03,2.500000000000e-03,1000,3
4341,1.000000000000e-03,2.500000000000e-03,1000,5
4342,1.000000000000e-03,2.500000000000e-03,1000,5
4343,1.000000000000e-03,2.500000000000e-03,1000,2
4344,1.000000000000e-03,2.500000000000e-03,1000,2
4345,1.000000000000e-03,2.500000000000e-03,1000,3
4346,1.000000000000e-03,2.500000000000e-03,1000,5
4347,1.000000000000e-03,2.500000000000e-03,1000,4
4348,1.000000000000e-03,2.500000000000e-03,1000,6
4349,1.000000000000e-03,2.500000000000e-03,1000,1
4350,1.000000000000e-03,2.500000000000e-03,1000,5
4351,1.000000000000e-03,2.500000000000e-03,1000,6
4352,1.000000000000e-03,2.500000000000e-03,1000,1
4353,1.000000000000e-03,2.500000000000e-03,1000,4
4354,1.000000000000e-03,2.500000000000e-03,1000,2
4355,1.000000000000e-03,2.500000000000e-03,1000,4
4356,1.000000000000e-03,2.500000000000e-03,1000,2
4357,1.000000000000e-03,2.500000000000e-03,1000,3
4358,1.000000000000e-03,2.500000000000e-03,1000,2
4359,1.000000000000e-03,2.500000000000e-03,1000,0
4360,1.000000000000e-03,2.500000000000e-03,1000,3
4361,1.000000000000e-03,2.500000000000e-03,1000,8
4362,1.000000000000e-03,2.500000000000e-03,1000,4
4363,1.000000000000e-03,2.500000000000e-03,1000,4
4364,1.000000000000e-03,2.500000000000e-03,1000,2
4365,1.000000000000e-03,2.500000000000e-03,1000,3
4366,1.000000000000e-03,2.500000000000e-03,1000,7
4367,1.000000000000e-03,2.500000000000e-03,1000,6
4368,1.000000000000e-03,2.500000000000e-03,1000,1
4369,1.000000000000e-03,2.500000000000e-03,1000,1
4370,1.000000000000e-03,2.500000000000e-03,1000,4
4371,1.000000000000e-03,2.500000000000e-03,1000,3
4372,1.000000000000e-03,2.500000000000e-03,1000,0
4373,1.000000000000e-03,2.500000000000e-03,1000,3
4374,1.000000000000e-03,2.500000000000e-03,1000,4
4375,1.000000000000e-03,2.500000000000e-03,1000,3
4376,1.000000000000e-03,2.500000000000e-03,1000,4
4377,1.000000000000e-03,2.500000000000e-03,1000,4
4378,1.000000000000e-03,2.500000000000e-03,1000,1
4379,1.000000000000e-03,2.500000000000e-03,1000,4
4380,1.000000000000e-03,2.500000000000e-03,1000,3
4381,1.000000000000e-03,2.500000000000e-03,1000,2
4382,1.000000000000e-03,2.500000000000e-03,1000,3
4383,1.000000000000e-03,2.500000000000e-03,1000,3
4384,1.000000000000e-03,2.500000000000e-03,1000,2
4385,1.000000000000e-03,2.500000000000e-03,1000,2
4386,1.000000000000e-03,2.500000000000e-03,1000,4
4387,1.000000000000e-03,2.500000000000e-03,1000,3
4388,1.000000000000e-03,2.500000000000e-03,1000,5
4389,1.000000000000e-03,2.500000000000e-03,1000,3
4390,1.000000000000e-03,2.500000000000e-03,1000,3
4391,1.000000000000e-03,2.500000000000e-03,1000,1
4392,1.000000000000e-03,2.500000000000e-03,1000,4
4393,1.000000000000e-03,2.500000000000e-03,1000,4
4394,1.000000000000e-03,2.500000000000e-03,1000,1
4395,1.000000000000e-03,2.500000000000e-03,1000,1
4396,1.000000000000e-03,2.500000000000e-03,1000,3
4397,1.000000000000e-03,2.500000000000e-03,1000,5
4398,1.000000000000e-03,2.500000000000e-03,1000,2
4399,1.000000000000e-03,2.500000000000e-03,1000,7
4400,1.000000000000e-03,2.500000000000e-03,1000,3
4401,1.000000000000e-03,2.500000000000e-03,2000,7
4402,1.000000000000e-03,2.500000000000e-03,2000,9
4403,1.000000000000e-03,2.500000000000e-03,2000,3
4404,1.000000000000e-03,2.500000000000e-03,2000,5
4405,1.000000000000e-03,2.500000000000e-03,2000,7
4406,1.000000000000e-03,2.500000000000e-03,2000,3
4407,1.000000000000e-03,2.500000000000e-03,2000,8
4408,1.000000000000e-03,2.500000000000e-03,2000,5
4409,1.000000000000e-03,2.500000000000e-03,2000,4
4410,1.000000000000e-03,2.500000000000e-03,2000,3
4411,1.000000000000e-03,2.500000000000e-03,2000,8
4412,1.000000000000e-03,2.500000000000e-03,2000,8
4413,1.000000000000e-03,2.500000000000e-03,2000,2
4414,1.000000000000e-03,2.500000000000e-03,2000,4
4415,1.000000000000e-03,2.500000000000e-03,2000,2
4416,1.000000000000e-03,2.500000000000e-03,2000,5
4417,1.000000000000e-03,2.500000000000e-03,2000,7
4418,1.000000000000e-03,2.500000000000e-03,2000,5
4419,1.000000000000e-03,2.500000000000e-03,2000,5
4420,1.000000000000e-03,2.500000000000e-03,2000,7
4421,1.000000000000e-03,2.500000000000e-03,2000,6
4422,1.000000000000e-03,2.500000000000e-03,2000,4
4423,1.000000000000e-03,2.500000000000e-03,2000,5
4424,1.000000000000e-03,2.500000000000e-03,2000,7
4425,1.000000000000e-03,2.500000000000e-03,2000,6
4426,1.000000000000e-03,2.500000000000e-03,2000,4
4427,1.000000000000e-03,2.500000000000e-03,2000,6
4428,1.000000000000e-03,2.500000000000e-03,2000,7
4429,1.000000000000e-03,2.500000000000e-03,2000,7
4430,1.000000000000e-03,2.500000000000e-03,2000,9
4431,1.000000000000e-03,2.500000000000e-03,2000,4
4432,1.000000000000e-03,2.500000000000e-03,2000,9
4433,1.000000000000e-03,2.500000000000e-03,2000,6
4434,1.000000000000e-03,2.500000000000e-03,2000,5
4435,1.000000000000e-03,2.500000000000e-03,2000,7
4436,1.000000000000e-03,2.500000000000e-03,2000,6
4437,1.000000000000e-03,2.500000000000e-03,2000,3
4438,1.000000000000e-03,2.500000000000e-03,2000,4
4439,1.000000000000e-03,2.500000000000e-03,2000,8
4440,1.000000000000e-03,2.500000000000e-03,2000,8
4441,1.000000000000e-03,2.500000000000e-03,2000,7
4442,1.000000000000e-03,2.500000000000e-03,2000,11
4443,1.000000000000e-03,2.500000000000e-03,2000,1
4444,1.000000000000e-03,2.500000000000e-03,2000,9
4445,1.000000000000e-03,2.500000000000e-03,2000,1
4446,1.000000000000e-03,2.500000000000e-03,2000,10
4447,1.000000000000e-03,2.500000000000e-03,2000,5
4448,1.000000000000e-03,2.500000000000e-03,2000,4
4449,1.000000000000e-03,2.500000000000e-03,2000,8
4450,1.000000000000e-03,2.500000000000e-03,2000,4
4451,1.000000000000e-03,2.500000000000e-03,2000,11
4452,1.000000000000e-03,2.500000000000e-03,2000,0
4453,1.000000000000e-03,2.500000000000e-03,2000,9
4454,1.000000000000e-03,2.500000000000e-03,2000,10
4455,1.000000000000e-03,2.500000000000e-03,2000,4
4456,1.000000000000e-03,2.500000000000e-03,2000,4
4457,1.000000000000e-03,2.500000000000e-03,2000,5
4458,1.000000000000e-03,2.500000000000e-03,2000,4
4459,1.000000000000e-03,2.500000000000e-03,2000,4
4460,1.000000000000e-03,2.500000000000e-03,2000,4
4461,1.000000000000e-03,2.500000000000e-03,2000,4
4462,1.000000000000e-03,2.500000000000e-03,2000,7
4463,1.000000000000e-03,2.500000000000e-03,2000,7
4464,1.000000000000e-03,2.500000000000e-03,2000,9
4465,1.000000000000e-03,2.500000000000e-03,2000,8
4466,1.000000000000e-03,2.500000000000e-03,2000,1
4467,1.000000000000e-03,2.500000000000e-03,2000,6
4468,1.000000000000e-03,2.500000000000e-03,2000,6
4469,1.000000000000e-03,2.500000000000e-03,2000,7
4470,1.000000000000e-03,2.500000000000e-03,2000,4
4471,1.000000000000e-03,2.500000000000e-03,2000,6
4472,1.000000000000e-03,2.500000000000e-03,2000,5
4473,1.000000000000e-03,2.500000000000e-03,2000,3
4474,1.000000000000e-03,2.500000000000e-03,2000,8
4475,1.000000000000e-03,2.500000000000e-03,2000,5
4476,1.000000000000e-03,2.500000000000e-03,2000,7
4477,1.000000000000e-03,2.500000000000e-03,2000,4
4478,1.000000000000e-03,2.500000000000e-03,2000,2
4479,1.000000000000e-03,2.500000000000e-03,2000,7
4480,1.000000000000e-03,2.500000000000e-03,2000,4
4481,1.000000000000e-03,2.500000000000e-03,2000,2
4482,1.000000000000e-03,2.500000000000e-03,2000,5
4483,1.000000000000e-03,2.500000000000e-03,2000,3
4484,1.000000000000e-03,2.500000000000e-03,2000,2
4485,1.000000000000e-03,2.500000000000e-03,2000,4
4486,1.000000000000e-03,2.500000000000e-03,2000,3
4487,1.000000000000e-03,2.500000000000e-03,2000,7
4488,1.000000000000e-03,2.500000000000e-03,2000,4
4489,1.000000000000e-03,2.500000000000e-03,2000,4
4490,1.000000000000e-03,2.500000000000e-03,2000,7
4491,1.000000000000e-03,2.500000000000e-03,2000,10
4492,1.000000000000e-03,2.500000000000e-03,2000,4
4493,1.000000000000e-03,2.500000000000e-03,2000,3
4494,1.000000000000e-03,2.500000000000e-03,2000,8
4495,1.000000000000e-03,2.500000000000e-03,2000,5
4496,1.000000000000e-03,2.500000000000e-03,2000,3
4497,1.000000000000e-03,2.500000000000e-03,2000,5
4498,1.000000000000e-03,2.500000000000e-03,2000,7
4499,1.000000000000e-03,2.500000000000e-03,2000,6
4500,1.000000000000e-03,2.500000000000e-03,2000,6
4501,1.000000000000e-03,2.500000000000e-03,2000,3
4502,1.000000000000e-03,2.500000000000e-03,2000,4
4503,1.000000000000e-03,2.500000000000e-03,2000,5
4504,1.000000000000e-03,2.500000000000e-03,2000,4
4505,1.000000000000e-03,2.500000000000e-03,2000,3
4506,1.000000000000e-03,2.500000000000e-03,2000,6
4507,1.000000000000e-03,2.500000000000e-03,2000,10
4508,1.000000000000e-03,2.500000000000e-03,2000,5
4509,1.000000000000e-03,2.500000000000e-03,2000,7
4510,1.000000000000e-03,2.500000000000e-03,2000,9
4511,1.000000000000e-03,2.500000000000e-03,2000,2
4512,1.000000000000e-03,2.500000000000e-03,2000,3
4513,1.000000000000e-03,2.500000000000e-03,2000,5
4514,1.000000000000e-03,2.500000000000e-03,2000,7
4515,1.000000000000e-03,2.500000000000e-03,2000,3
4516,1.000000000000e-03,2.500000000000e-03,2000,5
4517,1.000000000000e-03,2.500000000000e-03,2000,4
4518,1.000000000000e-03,2.500000000000e-03,2000,5
4519,1.000000000000e-03,2.500000000000e-03,2000,8
4520,1.000000000000e-03,2.500000000000e-03,2000,7
4521,1.000000000000e-03,2.500000000000e-03,2000,3
4522,1.000000000000e-03,2.500000000000e-03,2000,11
4523,1.000000000000e-03,2.500000000000e-03,2000,7
4524,1.000000000000e-03,2.500000000000e-03,2000,8
4525,1.000000000000e-03,2.500000000000e-03,2000,10
4526,1.000000000000e-03,2.500000000000e-03,2000,1
4527,1.000000000000e-03,2.500000000000e-03,2000,6
4528,1.000000000000e-03,2.500000000000e-03,2000,6
4529,1.000000000000e-03,2.500000000000e-03,2000,5
4530,1.000000000000e-03,2.500000000000e-03,2000,8
4531,1.000000000000e-03,2.500000000000e-03,2000,4
4532,1.000000000000e-03,2.500000000000e-03,2000,7
4533,1.000000000000e-03,2.500000000000e-03,2000,3
4534,1.000000000000e-03,2.500000000000e-03,2000,8
4535,1.000000000000e-03,2.500000000000e-03,2000,4
4536,1.000000000000e-03,2.500000000000e-03,2000,4
4537,1.000000000000e-03,2.500000000000e-03,2000,2
4538,1.000000000000e-03,2.500000000000e-03,2000,6
4539,1.000000000000e-03,2.500000000000e-03,2000,11
4540,1.000000000000e-03,2.500000000000e-03,2000,3
4541,1.000000000000e-03,2.500000000000e-03,2000,8
4542,1.000000000000e-03,2.500000000000e-03,2000,1
4543,1.000000000000e-03,2.500000000000e-03,2000,8
4544,1.000000000000e-03,2.500000000000e-03,2000,5
4545,1.000000000000e-03,2.500000000000e-03,2000,6
4546,1.000000000000e-03,2.500000000000e-03,2000,3
4547,1.000000000000e-03,2.500000000000e-03,2000,7
4548,1.000000000000e-03,2.500000000000e-03,2000,5
4549,1.000000000000e-03,2.500000000000e-03,2000,7
4550,1.000000000000e-03,2.500000000000e-03,2000,8
4551,1.000000000000e-03,2.500000000000e-03,2000,5
4552,1.000000000000e-03,2.500000000000e-03,2000,3
4553,1.000000000000e-03,2.500000000000e-03,2000,8
4554,1.000000000000e-03,2.500000000000e-03,2000,6
4555,1.000000000000e-03,2.500000000000e-03,2000,9
4556,1.000000000000e-03,2.500000000000e-03,2000,3
4557,1.000000000000e-03,2.500000000000e-03,2000,3
4558,1.000000000000e-03,2.500000000000e-03,2000,7
4559,1.000000000000e-03,2.500000000000e-03,2000,4
4560,1.000000000000e-03,2.500000000000e-03,2000,2
4561,1.000000000000e-03,2.500000000000e-03,2000,7
4562,1.000000000000e-03,2.500000000000e-03,2000,4
4563,1.000000000000e-03,2.500000000000e-03,2000,8
4564,1.000000000000e-03,2.500000000000e-03,2000,3
4565,1.000000000000e-03,2.500000000000e-03,2000,3
4566,1.000000000000e-03,2.500000000000e-03,2000,4
4567,1.000000000000e-03,2.500000000000e-03,2000,6
4568,1.000000000000e-03,2.500000000000e-03,2000,7
4569,1.000000000000e-03,2.500000000000e-03,2000,6
4570,1.000000000000e-03,2.500000000000e-03,2000,5
4571,1.000000000000e-03,2.500000000000e-03,2000,9
4572,1.000000000000e-03,2.500000000000e-03,2000,7
4573,1.000000000000e-03,2.500000000000e-03,2000,7
4574,1.000000000000e-03,2.500000000000e-03,2000,4
4575,1.000000000000e-03,2.500000000000e-03,2000,3
4576,1.000000000000e-03,2.500000000000e-03,2000,5
4577,1.000000000000e-03,2.500000000000e-03,2000,5
4578,1.000000000000e-03,2.500000000000e-03,2000,6
4579,1.000000000000e-03,2.500000000000e-03,2000,9
4580,1.000000000000e-03,2.500000000000e-03,2000,3
4581,1.000000000000e-03,2.500000000000e-03,2000,4
4582,1.000000000000e-03,2.500000000000e-03,2000,6
4583,1.000000000000e-03,2.500000000000e-03,2000,4
4584,1.000000000000e-03,2.500000000000e-03,2000,7
4585,1.000000000000e-03,2.500000000000e-03,2000,5
4586,1.000000000000e-03,2.500000000000e-03,2000,9
4587,1.000000000000e-03,2.500000000000e-03,2000,6
4588,1.000000000000e-03,2.500000000000e-03,2000,8
4589,1.000000000000e-03,2.500000000000e-03,2000,6
4590,1.000000000000e-03,2.500000000000e-03,2000,9
4591,1.000000000000e-03,2.500000000000e-03,2000,6
4592,1.000000000000e-03,2.500000000000e-03,2000,8
4593,1.000000000000e-03,2.500000000000e-03,2000,7
4594,1.000000000000e-03,2.500000000000e-03,2000,11
4595,1.000000000000e-03,2.500000000000e-03,2000,9
4596,1.000000000000e-03,2.500000000000e-03,2000,7
4597,1.000000000000e-03,2.500000000000e-03,2000,5
4598,1.000000000000e-03,2.500000000000e-03,2000,12
4599,1.000000000000e-03,2.500000000000e-03,2000,4
4600,1.000000000000e-03,2.500000000000e-03,2000,6
4601,1.000000000000e-03,2.500000000000e-03,2000,4
4602,1.000000000000e-03,2.500000000000e-03,2000,6
4603,1.000000000000e-03,2.500000000000e-03,2000,6
4604,1.000000000000e-03,2.500000000000e-03,2000,6
4605,1.000000000000e-03,2.500000000000e-03,2000,11
4606,1.000000000000e-03,2.500000000000e-03,2000,4
4607,1.000000000000e-03,2.500000000000e-03,2000,2
4608,1.000000000000e-03,2.500000000000e-03,2000,7
4609,1.000000000000e-03,2.500000000000e-03,2000,5
4610,1.000000000000e-03,2.500000000000e-03,2000,5
4611,1.000000000000e-03,2.500000000000e-03,2000,4
4612,1.000000000000e-03,2.500000000000e-03,2000,6
4613,1.000000000000e-03,2.500000000000e-03,2000,3
4614,1.000000000000e-03,2.500000000000e-03,2000,8
4615,1.000000000000e-03,2.500000000000e-03,2000,6
4616,1.000000000000e-03,2.500000000000e-03,2000,7
4617,1.000000000000e-03,2.500000000000e-03,2000,5
4618,1.000000000000e-03,2.500000000000e-03,2000,7
4619,1.000000000000e-03,2.500000000000e-03,2000,10
4620,1.000000000000e-03,2.500000000000e-03,2000,3
4621,1.000000000000e-03,2.500000000000e-03,2000,5
4622,1.000000000000e-03,2.500000000000e-03,2000,6
4623,1.000000000000e-03,2.500000000000e-03,2000,10
4624,1.000000000000e-03,2.500000000000e-03,2000,4
4625,1.000000000000e-03,2.500000000000e-03,2000,3
4626,1.000000000000e-03,2.500000000000e-03,2000,3
4627,1.000000000000e-03,2.500000000000e-03,2000,5
4628,1.000000000000e-03,2.500000000000e-03,2000,9
4629,1.000000000000e-03,2.500000000000e-03,2000,5
4630,1.000000000000e-03,2.500000000000e-03,2000,10
4631,1.000000000000e-03,2.500000000000e-03,2000,4
4632,1.000000000000e-03,2.500000000000e-03,2000,8
4633,1.000000000000e-03,2.500000000000e-03,2000,4
4634,1.000000000000e-03,2.500000000000e-03,2000,7
4635,1.000000000000e-03,2.500000000000e-03,2000,8
4636,1.000000000000e-03,2.500000000000e-03,2000,5
4637,1.000000000000e-03,2.500000000000e-03,2000,5
4638,1.000000000000e-03,2.500000000000e-03,2000,10
4639,1.000000000000e-03,2.500000000000e-03,2000,5
4640,1.000000000000e-03,2.500000000000e-03,2000,7
4641,1.000000000000e-03,2.500000000000e-03,2000,5
4642,1.000000000000e-03,2.500000000000e-03,2000,8
4643,1.000000000000e-03,2.500000000000e-03,2000,11
4644,1.000000000000e-03,2.500000000000e-03,2000,6
4645,1.000000000000e-03,2.500000000000e-03,2000,5
4646,1.000000000000e-03,2.500000000000e-03,2000,4
4647,1.000000000000e-03,2.500000000000e-03,2000,5
4648,1.000000000000e-03,2.500000000000e-03,2000,7
4649,1.000000000000e-03,2.500000000000e-03,2000,9
4650,1.000000000000e-03,2.500000000000e-03,2000,5
4651,1.000000000000e-03,2.500000000000e-03,2000,9
4652,1.000000000000e-03,2.500000000000e-03,2000,6
4653,1.000000000000e-03,2.500000000000e-03,2000,4
4654,1.000000000000e-03,2.500000000000e-03,2000,0
4655,1.000000000000e-03,2.500000000000e-03,2000,5
4656,1.000000000000e-03,2.500000000000e-03,2000,8
4657,1.000000000000e-03,2.500000000000e-03,2000,6
4658,1.000000000000e-03,2.500000000000e-03,2000,4
4659,1.000000000000e-03,2.500000000000e-03,2000,1
4660,1.000000000000e-03,2.500000000000e-03,2000,5
4661,1.000000000000e-03,2.500000000000e-03,2000,7
4662,1.000000000000e-03,2.500000000000e-03,2000,6
4663,1.000000000000e-03,2.500000000000e-03,2000,9
4664,1.000000000000e-03,2.500000000000e-03,2000,5
4665,1.000000000000e-03,2.500000000000e-03,2000,7
4666,1.000000000000e-03,2.500000000000e-03,2000,6
4667,1.000000000000e-03,2.500000000000e-03,2000,3
4668,1.000000000000e-03,2.500000000000e-03,2000,7
4669,1.000000000000e-03,2.500000000000e-03,2000,5
4670,1.000000000000e-03,2.500000000000e-03,2000,5
4671,1.000000000000e-03,2.500000000000e-03,2000,5
4672,1.000000000000e-03,2.500000000000e-03,2000,10
4673,1.000000000000e-03,2.500000000000e-03,2000,4
4674,1.000000000000e-03,2.500000000000e-03,2000,4
4675,1.000000000000e-03,2.500000000000e-03,2000,7
4676,1.000000000000e-03,2.500000000000e-03,2000,11
4677,1.000000000000e-03,2.500000000000e-03,2000,4
4678,1.000000000000e-03,2.500000000000e-03,2000,6
4679,1.000000000000e-03,2.500000000000e-03,2000,4
4680,1.000000000000e-03,2.500000000000e-03,2000,7
4681,1.000000000000e-03,2.500000000000e-03,2000,7
4682,1.000000000000e-03,2.500000000000e-03,2000,4
4683,1.000000000000e-03,2.500000000000e-03,2000,8
4684,1.000000000000e-03,2.500000000000e-03,2000,4
4685,1.000000000000e-03,2.500000000000e-03,2000,5
4686,1.000000000000e-03,2.500000000000e-03,2000,5
4687,1.000000000000e-03,2.500000000000e-03,2000,8
4688,1.000000000000e-03,2.500000000000e-03,2000,8
4689,1.000000000000e-03,2.500000000000e-03,2000,3
4690,1.000000000000e-03,2.500000000000e-03,2000,4
4691,1.000000000000e-03,2.500000000000e-03,2000,4
4692,1.000000000000e-03,2.500000000000e-03,2000,4
4693,1.000000000000e-03,2.500000000000e-03,2000,4
4694,1.000000000000e-03,2.500000000000e-03,2000,3
4695,1.000000000000e-03,2.500000000000e-03,2000,4
4696,1.000000000000e-03,2.500000000000e-03,2000,6
4697,1.000000000000e-03,2.500000000000e-03,2000,5
4698,1.000000000000e-03,2.500000000000e-03,2000,3
4699,1.000000000000e-03,2.500000000000e-03,2000,9
4700,1.000000000000e-03,2.500000000000e-03,2000,3
4701,1.000000000000e-03,2.500000000000e-03,2000,9
4702,1.000000000000e-03,2.500000000000e-03,2000,3
4703,1.000000000000e-03,2.500000000000e-03,2000,5
4704,1.000000000000e-03,2.500000000000e-03,2000,2
4705,1.000000000000e-03,2.500000000000e-03,2000,4
4706,1.000000000000e-03,2.500000000000e-03,2000,5
4707,1.000000000000e-03,2.500000000000e-03,2000,8
4708,1.000000000000e-03,2.500000000000e-03,2000,9
4709,1.000000000000e-03,2.500000000000e-03,2000,5
4710,1.000000000000e-03,2.500000000000e-03,2000,8
4711,1.000000000000e-03,2.500000000000e-03,2000,3
4712,1.000000000000e-03,2.500000000000e-03,2000,6
4713,1.000000000000e-03,2.500000000000e-03,2000,9
4714,1.000000000000e-03,2.500000000000e-03,2000,4
4715,1.000000000000e-03,2.500000000000e-03,2000,8
4716,1.000000000000e-03,2.500000000000e-03,2000,5
4717,1.000000000000e-03,2.500000000000e-03,2000,6
4718,1.000000000000e-03,2.500000000000e-03,2000,8
4719,1.000000000000e-03,2.500000000000e-03,2000,8
4720,1.000000000000e-03,2.500000000000e-03,2000,6
4721,1.000000000000e-03,2.500000000000e-03,2000,5
4722,1.000000000000e-03,2.500000000000e-03,2000,9
4723,1.000000000000e-03,2.500000000000e-03,2000,6
4724,1.000000000000e-03,2.500000000000e-03,2000,5
4725,1.000000000000e-03,2.500000000000e-03,2000,6
4726,1.000000000000e-03,2.500000000000e-03,2000,5
4727,1.000000000000e-03,2.500000000000e-03,2000,3
4728,1.000000000000e-03,2.500000000000e-03,2000,9
4729,1.000000000000e-03,2.500000000000e-03,2000,4
4730,1.000000000000e-03,2.500000000000e-03,2000,8
4731,1.000000000000e-03,2.500000000000e-03,2000,4
4732,1.000000000000e-03,2.500000000000e-03,2000,7
4733,1.000000000000e-03,2.500000000000e-03,2000,5
4734,1.000000000000e-03,2.500000000000e-03,2000,7
4735,1.000000000000e-03,2.500000000000e-03,2000,9
4736,1.000000000000e-03,2.500000000000e-03,2000,6
4737,1.000000000000e-03,2.500000000000e-03,2000,7
4738,1.000000000000e-03,2.500000000000e-03,2000,10
4739,1.000000000000e-03,2.500000000000e-03,2000,5
4740,1.000000000000e-03,2.500000000000e-03,2000,4
4741,1.000000000000e-03,2.500000000000e-03,2000,7
4742,1.000000000000e-03,2.500000000000e-03,2000,6
4743,1.000000000000e-03,2.500000000000e-03,2000,8
4744,1.000000000000e-03,2.500000000000e-03,2000,3
4745,1.000000000000e-03,2.500000000000e-03,2000,8
4746,1.000000000000e-03,2.500000000000e-03,2000,3
4747,1.000000000000e-03,2.500000000000e-03,2000,5
4748,1.000000000000e-03,2.500000000000e-03,2000,5
4749,1.000000000000e-03,2.500000000000e-03,2000,5
4750,1.000000000000e-03,2.500000000000e-03,2000,6
4751,1.000000000000e-03,2.500000000000e-03,2000,5
4752,1.000000000000e-03,2.500000000000e-03,2000,1
4753,1.000000000000e-03,2.500000000000e-03,2000,3
4754,1.000000000000e-03,2.500000000000e-03,2000,8
4755,1.000000000000e-03,2.500000000000e-03,2000,5
4756,1.000000000000e-03,2.500000000000e-03,2000,6
4757,1.000000000000e-03,2.500000000000e-03,2000,3
4758,1.000000000000e-03,2.500000000000e-03,2000,5
4759,1.000000000000e-03,2.500000000000e-03,2000,2
4760,1.000000000000e-03,2.500000000000e-03,2000,4
4761,1.000000000000e-03,2.500000000000e-03,2000,4
4762,1.000000000000e-03,2.500000000000e-03,2000,7
4763,1.000000000000e-03,2.500000000000e-03,2000,5
4764,1.000000000000e-03,2.500000000000e-03,2000,4
4765,1.000000000000e-03,2.500000000000e-03,2000,4
4766,1.000000000000e-03,2.500000000000e-03,2000,5
4767,1.000000000000e-03,2.500000000000e-03,2000,4
4768,1.000000000000e-03,2.500000000000e-03,2000,5
4769,1.000000000000e-03,2.500000000000e-03,2000,3
4770,1.000000000000e-03,2.500000000000e-03,2000,6
4771,1.000000000000e-03,2.500000000000e-03,2000,9
4772,1.000000000000e-03,2.500000000000e-03,2000,7
4773,1.000000000000e-03,2.500000000000e-03,2000,7
4774,1.000000000000e-03,2.500000000000e-03,2000,8
4775,1.000000000000e-03,2.500000000000e-03,2000,7
4776,1.000000000000e-03,2.500000000000e-03,2000,1
4777,1.000000000000e-03,2.500000000000e-03,2000,9
4778,1.000000000000e-03,2.500000000000e-03,2000,3
4779,1.000000000000e-03,2.500000000000e-03,2000,10
4780,1.000000000000e-03,2.500000000000e-03,2000,12
4781,1.000000000000e-03,2.500000000000e-03,2000,10
4782,1.000000000000e-03,2.500000000000e-03,2000,4
4783,1.000000000000e-03,2.500000000000e-03,2000,8
4784,1.000000000000e-03,2.500000000000e-03,2000,5
4785,1.000000000000e-03,2.500000000000e-03,2000,5
4786,1.000000000000e-03,2.500000000000e-03,2000,3
4787,1.000000000000e-03,2.500000000000e-03,2000,9
4788,1.000000000000e-03,2.500000000000e-03,2000,5
4789,1.000000000000e-03,2.500000000000e-03,2000,6
4790,1.000000000000e-03,2.500000000000e-03,2000,8
4791,1.000000000000e-03,2.500000000000e-03,2000,3
4792,1.000000000000e-03,2.500000000000e-03,2000,8
4793,1.000000000000e-03,2.500000000000e-03,2000,4
4794,1.000000000000e-03,2.500000000000e-03,2000,2
4795,1.000000000000e-03,2.500000000000e-03,2000,4
4796,1.000000000000e-03,2.500000000000e-03,2000,5
4797,1.000000000000e-03,2.500000000000e-03,2000,8
4798,1.000000000000e-03,2.500000000000e-03,2000,4
4799,1.000000000000e-03,2.500000000000e-03,2000,4
4800,1.000000000000e-03,2.500000000000e-03,2000,4
4801,1.000000000000e-03,5.000000000000e-03,200,1
4802,1.000000000000e-03,5.000000000000e-03,200,0
4803,1.000000000000e-03,5.000000000000e-03,200,1
4804,1.000000000000e-03,5.000000000000e-03,200,2
4805,1.000000000000e-03,5.000000000000e-03,200,1
4806,1.000000000000e-03,5.000000000000e-03,200,1
4807,1.000000000000e-03,5.000000000000e-03,200,0
4808,1.000000000000e-03,5.000000000000e-03,200,0
4809,1.000000000000e-03,5.000000000000e-03,200,0
4810,1.000000000000e-03,5.000000000000e-03,200,1
4811,1.000000000000e-03,5.000000000000e-03,200,1
4812,1.000000000000e-03,5.000000000000e-03,200,1
4813,1.000000000000e-03,5.000000000000e-03,200,2
4814,1.000000000000e-03,5.000000000000e-03,200,0
4815,1.000000000000e-03,5.000000000000e-03,200,1
4816,1.000000000000e-03,5.000000000000e-03,200,0
4817,1.000000000000e-03,5.000000000000e-03,200,2
4818,1.000000000000e-03,5.000000000000e-03,200,2
4819,1.000000000000e-03,5.000000000000e-03,200,1
4820,1.000000000000e-03,5.000000000000e-03,200,2
4821,1.000000000000e-03,5.000000000000e-03,200,1
4822,1.000000000000e-03,5.000000000000e-03,200,0
4823,1.000000000000e-03,5.000000000000e-03,200,2
4824,1.000000000000e-03,5.000000000000e-03,200,3
4825,1.000000000000e-03,5.000000000000e-03,200,0
4826,1.000000000000e-03,5.000000000000e-03,200,1
4827,1.000000000000e-03,5.000000000000e-03,200,0
4828,1.000000000000e-03,5.000000000000e-03,200,1
4829,1.000000000000e-03,5.000000000000e-03,200,1
4830,1.000000000000e-03,5.000000000000e-03,200,1
4831,1.000000000000e-03,5.000000000000e-03,200,0
4832,1.000000000000e-03,5.000000000000e-03,200,4
4833,1.000000000000e-03,5.000000000000e-03,200,0
4834,1.000000000000e-03,5.000000000000e-03,200,2
4835,1.000000000000e-03,5.000000000000e-03,200,1
4836,1.000000000000e-03,5.000000000000e-03,200,2
4837,1.000000000000e-03,5.000000000000e-03,200,3
4838,1.000000000000e-03,5.000000000000e-03,200,0
4839,1.000000000000e-03,5.000000000000e-03,200,2
4840,1.000000000000e-03,5.000000000000e-03,200,1
4841,1.000000000000e-03,5.000000000000e-03,200,0
4842,1.000000000000e-03,5.000000000000e-03,200,2
4843,1.000000000000e-03,5.000000000000e-03,200,0
4844,1.000000000000e-03,5.000000000000e-03,200,3
4845,1.000000000000e-03,5.000000000000e-03,200,1
4846,1.000000000000e-03,5.000000000000e-03,200,2
4847,1.000000000000e-03,5.000000000000e-03,200,2
4848,1.000000000000e-03,5.000000000000e-03,200,0
4849,1.000000000000e-03,5.000000000000e-03,200,0
4850,1.000000000000e-03,5.000000000000e-03,200,1
4851,1.000000000000e-03,5.000000000000e-03,200,1
4852,1.000000000000e-03,5.000000000000e-03,200,1
4853,1.000000000000e-03,5.000000000000e-03,200,1
4854,1.000000000000e-03,5.000000000000e-03,200,1
4855,1.000000000000e-03,5.000000000000e-03,200,2
4856,1.000000000000e-03,5.000000000000e-03,200,4
4857,1.000000000000e-03,5.000000000000e-03,200,1
4858,1.000000000000e-03,5.000000000000e-03,200,0
4859,1.000000000000e-03,5.000000000000e-03,200,1
4860,1.000000000000e-03,5.000000000000e-03,200,1
4861,1.000000000000e-03,5.000000000000e-03,200,0
4862,1.000000000000e-03,5.000000000000e-03,200,2
4863,1.000000000000e-03,5.000000000000e-03,200,1
4864,1.000000000000e-03,5.000000000000e-03,200,1
4865,1.000000000000e-03,5.000000000000e-03,200,2
4866,1.000000000000e-03,5.000000000000e-03,200,1
4867,1.000000000000e-03,5.000000000000e-03,200,2
4868,1.000000000000e-03,5.000000000000e-03,200,0
4869,1.000000000000e-03,5.000000000000e-03,200,1
4870,1.000000000000e-03,5.000000000000e-03,200,0
4871,1.000000000000e-03,5.000000000000e-03,200,1
4872,1.000000000000e-03,5.000000000000e-03,200,0
4873,1.000000000000e-03,5.000000000000e-03,200,1
4874,1.000000000000e-03,5.000000000000e-03,200,2
4875,1.000000000000e-03,5.000000000000e-03,200,3
4876,1.000000000000e-03,5.000000000000e-03,200,0
4877,1.000000000000e-03,5.000000000000e-03,200,5
4878,1.000000000000e-03,5.000000000000e-03,200,2
4879,1.000000000000e-03,5.000000000000e-03,200,0
4880,1.000000000000e-03,5.000000000000e-03,200,2
4881,1.000000000000e-03,5.000000000000e-03,200,1
4882,1.000000000000e-03,5.000000000000e-03,200,0
4883,1.000000000000e-03,5.000000000000e-03,200,2
4884,1.000000000000e-03,5.000000000000e-03,200,1
4885,1.000000000000e-03,5.000000000000e-03,200,1
4886,1.000000000000e-03,5.000000000000e-03,200,0
4887,1.000000000000e-03,5.000000000000e-03,200,0
4888,1.000000000000e-03,5.000000000000e-03,200,2
4889,1.000000000000e-03,5.000000000000e-03,200,1
4890,1.000000000000e-03,5.000000000000e-03,200,1
4891,1.000000000000e-03,5.000000000000e-03,200,2
4892,1.000000000000e-03,5.000000000000e-03,200,5
4893,1.000000000000e-03,5.000000000000e-03,200,1
4894,1.000000000000e-03,5.000000000000e-03,200,1
4895,1.000000000000e-03,5.000000000000e-03,200,0
4896,1.000000000000e-03,5.000000000000e-03,200,0
4897,1.000000000000e-03,5.000000000000e-03,200,3
4898,1.000000000000e-03,5.000000000000e-03,200,1
4899,1.000000000000e-03,5.000000000000e-03,200,0
4900,1.000000000000e-03,5.000000000000e-03,200,3
4901,1.000000000000e-03,5.000000000000e-03,200,1
4902,1.000000000000e-03,5.000000000000e-03,200,2
4903,1.000000000000e-03,5.000000000000e-03,200,1
4904,1.000000000000e-03,5.000000000000e-03,200,3
4905,1.000000000000e-03,5.000000000000e-03,200,1
4906,1.000000000000e-03,5.000000000000e-03,200,0
4907,1.000000000000e-03,5.000000000000e-03,200,2
4908,1.000000000000e-03,5.000000000000e-03,200,1
4909,1.000000000000e-03,5.000000000000e-03,200,0
4910,1.000000000000e-03,5.000000000000e-03,200,0
4911,1.000000000000e-03,5.000000000000e-03,200,3
4912,1.000000000000e-03,5.000000000000e-03,200,1
4913,1.000000000000e-03,5.000000000000e-03,200,1
4914,1.000000000000e-03,5.000000000000e-03,200,0
4915,1.000000000000e-03,5.000000000000e-03,200,2
4916,1.000000000000e-03,5.000000000000e-03,200,0
4917,1.000000000000e-03,5.000000000000e-03,200,2
4918,1.000000000000e-03,5.000000000000e-03,200,0
4919,1.000000000000e-03,5.000000000000e-03,200,2
4920,1.000000000000e-03,5.000000000000e-03,200,1
4921,1.000000000000e-03,5.000000000000e-03,200,2
4922,1.000000000000e-03,5.000000000000e-03,200,0
4923,1.000000000000e-03,5.000000000000e-03,200,0
4924,1.000000000000e-03,5.000000000000e-03,200,4
4925,1.000000000000e-03,5.000000000000e-03,200,2
4926,1.000000000000e-03,5.000000000000e-03,200,1
4927,1.000000000000e-03,5.000000000000e-03,200,1
4928,1.000000000000e-03,5.000000000000e-03,200,1
4929,1.000000000000e-03,5.000000000000e-03,200,0
4930,1.000000000000e-03,5.000000000000e-03,200,2
4931,1.000000000000e-03,5.000000000000e-03,200,5
4932,1.000000000000e-03,5.000000000000e-03,200,1
4933,1.000000000000e-03,5.000000000000e-03,200,1
4934,1.000000000000e-03,5.000000000000e-03,200,1
4935,1.000000000000e-03,5.000000000000e-03,200,2
4936,1.000000000000e-03,5.000000000000e-03,200,0
4937,1.000000000000e-03,5.000000000000e-03,200,1
4938,1.000000000000e-03,5.000000000000e-03,200,1
4939,1.000000000000e-03,5.000000000000e-03,200,1
4940,1.000000000000e-03,5.000000000000e-03,200,0
4941,1.000000000000e-03,5.000000000000e-03,200,1
4942,1.000000000000e-03,5.000000000000e-03,200,0
4943,1.000000000000e-03,5.000000000000e-03,200,1
4944,1.000000000000e-03,5.000000000000e-03,200,0
4945,1.000000000000e-03,5.000000000000e-03,200,2
4946,1.000000000000e-03,5.000000000000e-03,200,1
4947,1.000000000000e-03,5.000000000000e-03,200,2
4948,1.000000000000e-03,5.000000000000e-03,200,1
4949,1.000000000000e-03,5.000000000000e-03,200,0
4950,1.000000000000e-03,5.000000000000e-03,200,0
4951,1.000000000000e-03,5.000000000000e-03,200,1
4952,1.000000000000e-03,5.000000000000e-03,200,1
4953,1.000000000000e-03,5.000000000000e-03,200,2
4954,1.000000000000e-03,5.000000000000e-03,200,0
4955,1.000000000000e-03,5.000000000000e-03,200,0
4956,1.000000000000e-03,5.000000000000e-03,200,1
4957,1.000000000000e-03,5.000000000000e-03,200,0
4958,1.000000000000e-03,5.000000000000e-03,200,0
4959,1.000000000000e-03,5.000000000000e-03,200,1
4960,1.000000000000e-03,5.000000000000e-03,200,1
4961,1.000000000000e-03,5.000000000000e-03,200,0
4962,1.000000000000e-03,5.000000000000e-03,200,3
4963,1.000000000000e-03,5.000000000000e-03,200,0
4964,1.000000000000e-03,5.000000000000e-03,200,1
4965,1.000000000000e-03,5.000000000000e-03,200,0
4966,1.000000000000e-03,5.000000000000e-03,200,1
4967,1.000000000000e-03,5.000000000000e-03,200,2
4968,1.000000000000e-03,5.000000000000e-03,200,2
4969,1.000000000000e-03,5.000000000000e-03,200,1
4970,1.000000000000e-03,5.000000000000e-03,200,5
4971,1.000000000000e-03,5.000000000000e-03,200,0
4972,1.000000000000e-03,5.000000000000e-03,200,0
4973,1.000000000000e-03,5.000000000000e-03,200,2
4974,1.000000000000e-03,5.000000000000e-03,200,0
4975,1.000000000000e-03,5.000000000000e-03,200,2
4976,1.000000000000e-03,5.000000000000e-03,200,0
4977,1.000000000000e-03,5.000000000000e-03,200,1
4978,1.000000000000e-03,5.000000000000e-03,200,0
4979,1.000000000000e-03,5.000000000000e-03,200,1
4980,1.000000000000e-03,5.000000000000e-03,200,0
4981,1.000000000000e-03,5.000000000000e-03,200,0
4982,1.000000000000e-03,5.000000000000e-03,200,3
4983,1.000000000000e-03,5.000000000000e-03,200,2
4984,1.000000000000e-03,5.000000000000e-03,200,1
4985,1.000000000000e-03,5.000000000000e-03,200,1
4986,1.000000000000e-03,5.000000000000e-03,200,1
4987,1.000000000000e-03,5.000000000000e-03,200,1
4988,1.000000000000e-03,5.000000000000e-03,200,0
4989,1.000000000000e-03,5.000000000000e-03,200,1
4990,1.000000000000e-03,5.000000000000e-03,200,1
4991,1.000000000000e-03,5.000000000000e-03,200,1
4992,1.000000000000e-03,5.000000000000e-03,200,0
4993,1.000000000000e-03,5.000000000000e-03,200,1
4994,1.000000000000e-03,5.000000000000e-03,200,1
4995,1.000000000000e-03,5.000000000000e-03,200,2
4996,1.000000000000e-03,5.000000000000e-03,200,6
4997,1.000000000000e-03,5.000000000000e-03,200,2
4998,1.000000000000e-03,5.000000000000e-03,200,0
4999,1.000000000000e-03,5.000000000000e-03,200,2
5000,1.000000000000e-03,5.000000000000e-03,200,0
5001,1.000000000000e-03,5.000000000000e-03,200,1
5002,1.000000000000e-03,5.000000000000e-03,200,1
5003,1.000000000000e-03,5.000000000000e-03,200,2
5004,1.000000000000e-03,5.000000000000e-03,200,0
5005,1.000000000000e-03,5.000000000000e-03,200,1
5006,1.000000000000e-03,5.000000000000e-03,200,1
5007,1.000000000000e-03,5.000000000000e-03,200,1
5008,1.000000000000e-03,5.000000000000e-03,200,1
5009,1.000000000000e-03,5.000000000000e-03,200,1
5010,1.000000000000e-03,5.000000000000e-03,200,1
5011,1.000000000000e-03,5.000000000000e-03,200,0
5012,1.000000000000e-03,5.000000000000e-03,200,1
5013,1.000000000000e-03,5.000000000000e-03,200,0
5014,1.000000000000e-03,5.000000000000e-03,200,2
5015,1.000000000000e-03,5.000000000000e-03,200,4
5016,1.000000000000e-03,5.000000000000e-03,200,1
5017,1.000000000000e-03,5.000000000000e-03,200,1
5018,1.000000000000e-03,5.000000000000e-03,200,2
5019,1.000000000000e-03,5.000000000000e-03,200,3
5020,1.000000000000e-03,5.000000000000e-03,200,0
5021,1.000000000000e-03,5.000000000000e-03,200,1
5022,1.000000000000e-03,5.000000000000e-03,200,3
5023,1.000000000000e-03,5.000000000000e-03,200,3
5024,1.000000000000e-03,5.000000000000e-03,200,2
5025,1.000000000000e-03,5.000000000000e-03,200,1
5026,1.000000000000e-03,5.000000000000e-03,200,3
5027,1.000000000000e-03,5.000000000000e-03,200,2
5028,1.000000000000e-03,5.000000000000e-03,200,2
5029,1.000000000000e-03,5.000000000000e-03,200,0
5030,1.000000000000e-03,5.000000000000e-03,200,0
5031,1.000000000000e-03,5.000000000000e-03,200,0
5032,1.000000000000e-03,5.000000000000e-03,200,0
5033,1.000000000000e-03,5.000000000000e-03,200,0
5034,1.000000000000e-03,5.000000000000e-03,200,1
5035,1.000000000000e-03,5.000000000000e-03,200,0
5036,1.000000000000e-03,5.000000000000e-03,200,0
5037,1.000000000000e-03,5.000000000000e-03,200,0
5038,1.000000000000e-03,5.000000000000e-03,200,1
5039,1.000000000000e-03,5.000000000000e-03,200,1
5040,1.000000000000e-03,5.000000000000e-03,200,5
5041,1.000000000000e-03,5.000000000000e-03,200,2
5042,1.000000000000e-03,5.000000000000e-03,200,0
5043,1.000000000000e-03,5.000000000000e-03,200,2
5044,1.000000000000e-03,5.000000000000e-03,200,1
5045,1.000000000000e-03,5.000000000000e-03,200,2
5046,1.000000000000e-03,5.000000000000e-03,200,0
5047,1.000000000000e-03,5.000000000000e-03,200,1
5048,1.000000000000e-03,5.000000000000e-03,200,2
5049,1.000000000000e-03,5.000000000000e-03,200,3
5050,1.000000000000e-03,5.000000000000e-03,200,2
5051,1.000000000000e-03,5.000000000000e-03,200,3
5052,1.000000000000e-03,5.000000000000e-03,200,2
5053,1.000000000000e-03,5.000000000000e-03,200,0
5054,1.000000000000e-03,5.000000000000e-03,200,0
5055,1.000000000000e-03,5.000000000000e-03,200,0
5056,1.000000000000e-03,5.000000000000e-03,200,1
5057,1.000000000000e-03,5.000000000000e-03,200,0
5058,1.000000000000e-03,5.000000000000e-03,200,0
5059,1.000000000000e-03,5.000000000000e-03,200,1
5060,1.000000000000e-03,5.000000000000e-03,200,0
5061,1.000000000000e-03,5.000000000000e-03,200,0
5062,1.000000000000e-03,5.000000000000e-03,200,0
5063,1.000000000000e-03,5.000000000000e-03,200,0
5064,1.000000000000e-03,5.000000000000e-03,200,1
5065,1.000000000000e-03,5.000000000000e-03,200,1
5066,1.000000000000e-03,5.000000000000e-03,200,0
5067,1.000000000000e-03,5.000000000000e-03,200,2
5068,1.000000000000e-03,5.000000000000e-03,200,0
5069,1.000000000000e-03,5.000000000000e-03,200,0
5070,1.000000000000e-03,5.000000000000e-03,200,1
5071,1.000000000000e-03,5.000000000000e-03,200,1
5072,1.000000000000e-03,5.000000000000e-03,200,3
5073,1.000000000000e-03,5.000000000000e-03,200,1
5074,1.000000000000e-03,5.000000000000e-03,200,0
5075,1.000000000000e-03,5.000000000000e-03,200,1
5076,1.000000000000e-03,5.000000000000e-03,200,0
5077,1.000000000000e-03,5.000000000000e-03,200,3
5078,1.000000000000e-03,5.000000000000e-03,200,1
5079,1.000000000000e-03,5.000000000000e-03,200,2
5080,1.000000000000e-03,5.000000000000e-03,200,3
5081,1.000000000000e-03,5.000000000000e-03,200,1
5082,1.000000000000e-03,5.000000000000e-03,200,2
5083,1.000000000000e-03,5.000000000000e-03,200,2
5084,1.000000000000e-03,5.000000000000e-03,200,0
5085,1.000000000000e-03,5.000000000000e-03,200,0
5086,1.000000000000e-03,5.000000000000e-03,200,2
5087,1.000000000000e-03,5.000000000000e-03,200,1
5088,1.000000000000e-03,5.000000000000e-03,200,1
5089,1.000000000000e-03,5.000000000000e-03,200,0
5090,1.000000000000e-03,5.000000000000e-03,200,0
5091,1.000000000000e-03,5.000000000000e-03,200,0
5092,1.000000000000e-03,5.000000000000e-03,200,2
5093,1.000000000000e-03,5.000000000000e-03,200,0
5094,1.000000000000e-03,5.000000000000e-03,200,3
5095,1.000000000000e-03,5.000000000000e-03,200,1
5096,1.000000000000e-03,5.000000000000e-03,200,1
5097,1.000000000000e-03,5.000000000000e-03,200,0
5098,1.000000000000e-03,5.000000000000e-03,200,0
5099,1.000000000000e-03,5.000000000000e-03,200,1
5100,1.000000000000e-03,5.000000000000e-03,200,1
5101,1.000000000000e-03,5.000000000000e-03,200,1
5102,1.000000000000e-03,5.000000000000e-03,200,2
5103,1.000000000000e-03,5.000000000000e-03,200,0
5104,1.000000000000e-03,5.000000000000e-03,200,2
5105,1.000000000000e-03,5.000000000000e-03,200,0
5106,1.000000000000e-03,5.000000000000e-03,200,2
5107,1.000000000000e-03,5.000000000000e-03,200,1
5108,1.000000000000e-03,5.000000000000e-03,200,1
5109,1.000000000000e-03,5.000000000000e-03,200,0
5110,1.000000000000e-03,5.000000000000e-03,200,1
5111,1.000000000000e-03,5.000000000000e-03,200,0
5112,1.000000000000e-03,5.000000000000e-03,200,0
5113,1.000000000000e-03,5.000000000000e-03,200,1
5114,1.000000000000e-03,5.000000000000e-03,200,0
5115,1.000000000000e-03,5.000000000000e-03,200,1
5116,1.000000000000e-03,5.000000000000e-03,200,0
5117,1.000000000000e-03,5.000000000000e-03,200,0
5118,1.000000000000e-03,5.000000000000e-03,200,0
5119,1.000000000000e-03,5.000000000000e-03,200,1
5120,1.000000000000e-03,5.000000000000e-03,200,2
5121,1.000000000000e-03,5.000000000000e-03,200,1
5122,1.000000000000e-03,5.000000000000e-03,200,0
5123,1.000000000000e-03,5.000000000000e-03,200,0
5124,1.000000000000e-03,5.000000000000e-03,200,0
5125,1.000000000000e-03,5.000000000000e-03,200,2
5126,1.000000000000e-03,5.000000000000e-03,200,3
5127,1.000000000000e-03,5.000000000000e-03,200,1
5128,1.000000000000e-03,5.000000000000e-03,200,1
5129,1.000000000000e-03,5.000000000000e-03,200,1
5130,1.000000000000e-03,5.000000000000e-03,200,3
5131,1.000000000000e-03,5.000000000000e-03,200,0
5132,1.000000000000e-03,5.000000000000e-03,200,0
5133,1.000000000000e-03,5.000000000000e-03,200,0
5134,1.000000000000e-03,5.000000000000e-03,200,1
5135,1.000000000000e-03,5.000000000000e-03,200,2
5136,1.000000000000e-03,5.000000000000e-03,200,0
5137,1.000000000000e-03,5.000000000000e-03,200,1
5138,1.000000000000e-03,5.000000000000e-03,200,1
5139,1.000000000000e-03,5.000000000000e-03,200,1
5140,1.000000000000e-03,5.000000000000e-03,200,1
5141,1.000000000000e-03,5.000000000000e-03,200,4
5142,1.000000000000e-03,5.000000000000e-03,200,3
5143,1.000000000000e-03,5.000000000000e-03,200,1
5144,1.000000000000e-03,5.000000000000e-03,200,1
5145,1.000000000000e-03,5.000000000000e-03,200,1
5146,1.000000000000e-03,5.000000000000e-03,200,0
5147,1.000000000000e-03,5.000000000000e-03,200,1
5148,1.000000000000e-03,5.000000000000e-03,200,1
5149,1.000000000000e-03,5.000000000000e-03,200,0
5150,1.000000000000e-03,5.000000000000e-03,200,0
5151,1.000000000000e-03,5.000000000000e-03,200,2
5152,1.000000000000e-03,5.000000000000e-03,200,0
5153,1.000000000000e-03,5.000000000000e-03,200,0
5154,1.000000000000e-03,5.000000000000e-03,200,0
5155,1.000000000000e-03,5.000000000000e-03,200,1
5156,1.000000000000e-03,5.000000000000e-03,200,0
5157,1.000000000000e-03,5.000000000000e-03,200,0
5158,1.000000000000e-03,5.000000000000e-03,200,1
5159,1.000000000000e-03,5.000000000000e-03,200,0
5160,1.000000000000e-03,5.000000000000e-03,200,3
5161,1.000000000000e-03,5.000000000000e-03,200,1
5162,1.000000000000e-03,5.000000000000e-03,200,2
5163,1.000000000000e-03,5.000000000000e-03,200,2
5164,1.000000000000e-03,5.000000000000e-03,200,1
5165,1.000000000000e-03,5.000000000000e-03,200,2
5166,1.000000000000e-03,5.000000000000e-03,200,0
5167,1.000000000000e-03,5.000000000000e-03,200,3
5168,1.000000000000e-03,5.000000000000e-03,200,0
5169,1.000000000000e-03,5.000000000000e-03,200,1
5170,1.000000000000e-03,5.000000000000e-03,200,1
5171,1.000000000000e-03,5.000000000000e-03,200,1
5172,1.000000000000e-03,5.000000000000e-03,200,0
5173,1.000000000000e-03,5.000000000000e-03,200,0
5174,1.000000000000e-03,5.000000000000e-03,200,1
5175,1.000000000000e-03,5.000000000000e-03,200,1
5176,1.000000000000e-03,5.000000000000e-03,200,1
5177,1.000000000000e-03,5.000000000000e-03,200,0
5178,1.000000000000e-03,5.000000000000e-03,200,0
5179,1.000000000000e-03,5.000000000000e-03,200,1
5180,1.000000000000e-03,5.000000000000e-03,200,2
5181,1.000000000000e-03,5.000000000000e-03,200,1
5182,1.000000000000e-03,5.000000000000e-03,200,2
5183,1.000000000000e-03,5.000000000000e-03,200,3
5184,1.000000000000e-03,5.000000000000e-03,200,0
5185,1.000000000000e-03,5.000000000000e-03,200,2
5186,1.000000000000e-03,5.000000000000e-03,200,1
5187,1.000000000000e-03,5.000000000000e-03,200,1
5188,1.000000000000e-03,5.000000000000e-03,200,2
5189,1.000000000000e-03,5.000000000000e-03,200,4
5190,1.000000000000e-03,5.000000000000e-03,200,2
5191,1.000000000000e-03,5.000000000000e-03,200,2
5192,1.000000000000e-03,5.000000000000e-03,200,0
5193,1.000000000000e-03,5.000000000000e-03,200,1
5194,1.000000000000e-03,5.000000000000e-03,200,0
5195,1.000000000000e-03,5.000000000000e-03,200,0
5196,1.000000000000e-03,5.000000000000e-03,200,2
5197,1.000000000000e-03,5.000000000000e-03,200,0
5198,1.000000000000e-03,5.000000000000e-03,200,0
5199,1.000000000000e-03,5.000000000000e-03,200,0
5200,1.000000000000e-03,5.000000000000e-03,200,0
5201,1.000000000000e-03,5.000000000000e-03,500,3
5202,1.000000000000e-03,5.000000000000e-03,500,1
5203,1.000000000000e-03,5.000000000000e-03,500,2
5204,1.000000000000e-03,5.000000000000e-03,500,4
5205,1.000000000000e-03,5.000000000000e-03,500,3
5206,1.000000000000e-03,5.000000000000e-03,500,5
5207,1.000000000000e-03,5.000000000000e-03,500,3
5208,1.000000000000e-03,5.000000000000e-03,500,3
5209,1.000000000000e-03,5.000000000000e-03,500,2
5210,1.000000000000e-03,5.000000000000e-03,500,3
5211,1.000000000000e-03,5.000000000000e-03,500,4
5212,1.000000000000e-03,5.000000000000e-03,500,0
5213,1.000000000000e-03,5.000000000000e-03,500,4
5214,1.000000000000e-03,5.000000000000e-03,500,4
5215,1.000000000000e-03,5.000000000000e-03,500,3
5216,1.000000000000e-03,5.000000000000e-03,500,0
5217,1.000000000000e-03,5.000000000000e-03,500,4
5218,1.000000000000e-03,5.000000000000e-03,500,4
5219,1.000000000000e-03,5.000000000000e-03,500,4
5220,1.000000000000e-03,5.000000000000e-03,500,1
5221,1.000000000000e-03,5.000000000000e-03,500,2
5222,1.000000000000e-03,5.000000000000e-03,500,4
5223,1.000000000000e-03,5.000000000000e-03,500,3
5224,1.000000000000e-03,5.000000000000e-03,500,1
5225,1.000000000000e-03,5.000000000000e-03,500,1
5226,1.000000000000e-03,5.000000000000e-03,500,2
5227,1.000000000000e-03,5.000000000000e-03,500,4
5228,1.000000000000e-03,5.000000000000e-03,500,5
5229,1.000000000000e-03,5.000000000000e-03,500,2
5230,1.000000000000e-03,5.000000000000e-03,500,1
5231,1.000000000000e-03,5.000000000000e-03,500,0
5232,1.000000000000e-03,5.000000000000e-03,500,2
5233,1.000000000000e-03,5.000000000000e-03,500,3
5234,1.000000000000e-03,5.000000000000e-03,500,2
5235,1.000000000000e-03,5.000000000000e-03,500,4
5236,1.000000000000e-03,5.000000000000e-03,500,1
5237,1.000000000000e-03,5.000000000000e-03,500,4
5238,1.000000000000e-03,5.000000000000e-03,500,3
5239,1.000000000000e-03,5.000000000000e-03,500,5
5240,1.000000000000e-03,5.000000000000e-03,500,2
5241,1.000000000000e-03,5.000000000000e-03,500,5
5242,1.000000000000e-03,5.000000000000e-03,500,2
5243,1.000000000000e-03,5.000000000000e-03,500,2
5244,1.000000000000e-03,5.000000000000e-03,500,2
5245,1.000000000000e-03,5.000000000000e-03,500,2
5246,1.000000000000e-03,5.000000000000e-03,500,3
5247,1.000000000000e-03,5.000000000000e-03,500,4
5248,1.000000000000e-03,5.000000000000e-03,500,1
5249,1.000000000000e-03,5.000000000000e-03,500,2
5250,1.000000000000e-03,5.000000000000e-03,500,0
5251,1.000000000000e-03,5.000000000000e-03,500,3
5252,1.000000000000e-03,5.000000000000e-03,500,1
5253,1.000000000000e-03,5.000000000000e-03,500,1
5254,1.000000000000e-03,5.000000000000e-03,500,8
5255,1.000000000000e-03,5.000000000000e-03,500,3
5256,1.000000000000e-03,5.000000000000e-03,500,4
5257,1.000000000000e-03,5.000000000000e-03,500,0
5258,1.000000000000e-03,5.000000000000e-03,500,1
5259,1.000000000000e-03,5.000000000000e-03,500,5
5260,1.000000000000e-03,5.000000000000e-03,500,7
5261,1.000000000000e-03,5.000000000000e-03,500,1
5262,1.000000000000e-03,5.000000000000e-03,500,3
5263,1.000000000000e-03,5.000000000000e-03,500,3
5264,1.000000000000e-03,5.000000000000e-03,500,0
5265,1.000000000000e-03,5.000000000000e-03,500,2
5266,1.000000000000e-03,5.000000000000e-03,500,4
5267,1.000000000000e-03,5.000000000000e-03,500,2
5268,1.000000000000e-03,5.000000000000e-03,500,5
5269,1.000000000000e-03,5.000000000000e-03,500,4
5270,1.000000000000e-03,5.000000000000e-03,500,1
5271,1.000000000000e-03,5.000000000000e-03,500,6
5272,1.000000000000e-03,5.000000000000e-03,500,2
5273,1.000000000000e-03,5.000000000000e-03,500,1
5274,1.000000000000e-03,5.000000000000e-03,500,1
5275,1.000000000000e-03,5.000000000000e-03,500,2
5276,1.000000000000e-03,5.000000000000e-03,500,3
5277,1.000000000000e-03,5.000000000000e-03,500,1
5278,1.000000000000e-03,5.000000000000e-03,500,4
5279,1.000000000000e-03,5.000000000000e-03,500,1
5280,1.000000000000e-03,5.000000000000e-03,500,4
5281,1.000000000000e-03,5.000000000000e-03,500,3
5282,1.000000000000e-03,5.000000000000e-03,500,6
5283,1.000000000000e-03,5.000000000000e-03,500,5
5284,1.000000000000e-03,5.000000000000e-03,500,4
5285,1.000000000000e-03,5.000000000000e-03,500,4
5286,1.000000000000e-03,5.000000000000e-03,500,3
5287,1.000000000000e-03,5.000000000000e-03,500,4
5288,1.000000000000e-03,5.000000000000e-03,500,6
5289,1.000000000000e-03,5.000000000000e-03,500,3
5290,1.000000000000e-03,5.000000000000e-03,500,0
5291,1.000000000000e-03,5.000000000000e-03,500,5
5292,1.000000000000e-03,5.000000000000e-03,500,5
5293,1.000000000000e-03,5.000000000000e-03,500,6
5294,1.000000000000e-03,5.000000000000e-03,500,1
5295,1.000000000000e-03,5.000000000000e-03,500,0
5296,1.000000000000e-03,5.000000000000e-03,500,3
5297,1.000000000000e-03,5.000000000000e-03,500,1
5298,1.000000000000e-03,5.000000000000e-03,500,4
5299,1.000000000000e-03,5.000000000000e-03,500,2
5300,1.000000000000e-03,5.000000000000e-03,500,3
5301,1.000000000000e-03,5.000000000000e-03,500,3
5302,1.000000000000e-03,5.000000000000e-03,500,2
5303,1.000000000000e-03,5.000000000000e-03,500,7
5304,1.000000000000e-03,5.000000000000e-03,500,3
5305,1.000000000000e-03,5.000000000000e-03,500,1
5306,1.000000000000e-03,5.000000000000e-03,500,3
5307,1.000000000000e-03,5.000000000000e-03,500,4
5308,1.000000000000e-03,5.000000000000e-03,500,1
5309,1.000000000000e-03,5.000000000000e-03,500,2
5310,1.000000000000e-03,5.000000000000e-03,500,4
5311,1.000000000000e-03,5.000000000000e-03,500,2
5312,1.000000000000e-03,5.000000000000e-03,500,2
5313,1.000000000000e-03,5.000000000000e-03,500,4
5314,1.000000000000e-03,5.000000000000e-03,500,2
5315,1.000000000000e-03,5.000000000000e-03,500,4
5316,1.000000000000e-03,5.000000000000e-03,500,5
5317,1.000000000000e-03,5.000000000000e-03,500,5
5318,1.000000000000e-03,5.000000000000e-03,500,3
5319,1.000000000000e-03,5.000000000000e-03,500,3
5320,1.000000000000e-03,5.000000000000e-03,500,1
5321,1.000000000000e-03,5.000000000000e-03,500,2
5322,1.000000000000e-03,5.000000000000e-03,500,3
5323,1.000000000000e-03,5.000000000000e-03,500,1
5324,1.000000000000e-03,5.000000000000e-03,500,0
5325,1.000000000000e-03,5.000000000000e-03,500,2
5326,1.000000000000e-03,5.000000000000e-03,500,3
5327,1.000000000000e-03,5.000000000000e-03,500,1
5328,1.000000000000e-03,5.000000000000e-03,500,1
5329,1.000000000000e-03,5.000000000000e-03,500,2
5330,1.000000000000e-03,5.000000000000e-03,500,2
5331,1.000000000000e-03,5.000000000000e-03,500,4
5332,1.000000000000e-03,5.000000000000e-03,500,4
5333,1.000000000000e-03,5.000000000000e-03,500,1
5334,1.000000000000e-03,5.000000000000e-03,500,2
5335,1.000000000000e-03,5.000000000000e-03,500,4
5336,1.000000000000e-03,5.000000000000e-03,500,3
5337,1.000000000000e-03,5.000000000000e-03,500,2
5338,1.000000000000e-03,5.000000000000e-03,500,0
5339,1.000000000000e-03,5.000000000000e-03,500,5
5340,1.000000000000e-03,5.000000000000e-03,500,0
5341,1.000000000000e-03,5.000000000000e-03,500,4
5342,1.000000000000e-03,5.000000000000e-03,500,2
5343,1.000000000000e-03,5.000000000000e-03,500,1
5344,1.000000000000e-03,5.000000000000e-03,500,3
5345,1.000000000000e-03,5.000000000000e-03,500,2
5346,1.000000000000e-03,5.000000000000e-03,500,4
5347,1.000000000000e-03,5.000000000000e-03,500,3
5348,1.000000000000e-03,5.000000000000e-03,500,1
5349,1.000000000000e-03,5.000000000000e-03,500,3
5350,1.000000000000e-03,5.000000000000e-03,500,2
5351,1.000000000000e-03,5.000000000000e-03,500,5
5352,1.000000000000e-03,5.000000000000e-03,500,2
5353,1.000000000000e-03,5.000000000000e-03,500,4
5354,1.000000000000e-03,5.000000000000e-03,500,1
5355,1.000000000000e-03,5.000000000000e-03,500,3
5356,1.000000000000e-03,5.000000000000e-03,500,4
5357,1.000000000000e-03,5.000000000000e-03,500,3
5358,1.000000000000e-03,5.000000000000e-03,500,3
5359,1.000000000000e-03,5.000000000000e-03,500,1
5360,1.000000000000e-03,5.000000000000e-03,500,3
5361,1.000000000000e-03,5.000000000000e-03,500,2
5362,1.000000000000e-03,5.000000000000e-03,500,3
5363,1.000000000000e-03,5.000000000000e-03,500,2
5364,1.000000000000e-03,5.000000000000e-03,500,2
5365,1.000000000000e-03,5.000000000000e-03,500,1
5366,1.000000000000e-03,5.000000000000e-03,500,2
5367,1.000000000000e-03,5.000000000000e-03,500,4
5368,1.000000000000e-03,5.000000000000e-03,500,2
5369,1.000000000000e-03,5.000000000000e-03,500,5
5370,1.000000000000e-03,5.000000000000e-03,500,1
5371,1.000000000000e-03,5.000000000000e-03,500,7
5372,1.000000000000e-03,5.000000000000e-03,500,6
5373,1.000000000000e-03,5.000000000000e-03,500,3
5374,1.000000000000e-03,5.000000000000e-03,500,6
5375,1.000000000000e-03,5.000000000000e-03,500,4
5376,1.000000000000e-03,5.000000000000e-03,500,4
5377,1.000000000000e-03,5.000000000000e-03,500,1
5378,1.000000000000e-03,5.000000000000e-03,500,2
5379,1.000000000000e-03,5.000000000000e-03,500,2
5380,1.000000000000e-03,5.000000000000e-03,500,2
5381,1.000000000000e-03,5.000000000000e-03,500,3
5382,1.000000000000e-03,5.000000000000e-03,500,1
5383,1.000000000000e-03,5.000000000000e-03,500,2
5384,1.000000000000e-03,5.000000000000e-03,500,3
5385,1.000000000000e-03,5.000000000000e-03,500,3
5386,1.000000000000e-03,5.000000000000e-03,500,1
5387,1.000000000000e-03,5.000000000000e-03,500,3
5388,1.000000000000e-03,5.000000000000e-03,500,2
5389,1.000000000000e-03,5.000000000000e-03,500,1
5390,1.000000000000e-03,5.000000000000e-03,500,3
5391,1.000000000000e-03,5.000000000000e-03,500,2
5392,1.000000000000e-03,5.000000000000e-03,500,3
5393,1.000000000000e-03,5.000000000000e-03,500,5
5394,1.000000000000e-03,5.000000000000e-03,500,2
5395,1.000000000000e-03,5.000000000000e-03,500,2
5396,1.000000000000e-03,5.000000000000e-03,500,5
5397,1.000000000000e-03,5.000000000000e-03,500,1
5398,1.000000000000e-03,5.000000000000e-03,500,3
5399,1.000000000000e-03,5.000000000000e-03,500,3
5400,1.000000000000e-03,5.000000000000e-03,500,3
5401,1.000000000000e-03,5.000000000000e-03,500,3
5402,1.000000000000e-03,5.000000000000e-03,500,2
5403,1.000000000000e-03,5.000000000000e-03,500,3
5404,1.000000000000e-03,5.000000000000e-03,500,3
5405,1.000000000000e-03,5.000000000000e-03,500,2
5406,1.000000000000e-03,5.000000000000e-03,500,2
5407,1.000000000000e-03,5.000000000000e-03,500,0
5408,1.000000000000e-03,5.000000000000e-03,500,2
5409,1.000000000000e-03,5.000000000000e-03,500,0
5410,1.000000000000e-03,5.000000000000e-03,500,1
5411,1.000000000000e-03,5.000000000000e-03,500,3
5412,1.000000000000e-03,5.000000000000e-03,500,2
5413,1.000000000000e-03,5.000000000000e-03,500,0
5414,1.000000000000e-03,5.000000000000e-03,500,4
5415,1.000000000000e-03,5.000000000000e-03,500,4
5416,1.000000000000e-03,5.000000000000e-03,500,1
5417,1.000000000000e-03,5.000000000000e-03,500,5
5418,1.000000000000e-03,5.000000000000e-03,500,5
5419,1.000000000000e-03,5.000000000000e-03,500,6
5420,1.000000000000e-03,5.000000000000e-03,500,2
5421,1.000000000000e-03,5.000000000000e-03,500,2
5422,1.000000000000e-03,5.000000000000e-03,500,2
5423,1.000000000000e-03,5.000000000000e-03,500,3
5424,1.000000000000e-03,5.000000000000e-03,500,2
5425,1.000000000000e-03,5.000000000000e-03,500,7
5426,1.000000000000e-03,5.000000000000e-03,500,2
5427,1.000000000000e-03,5.000000000000e-03,500,1
5428,1.000000000000e-03,5.000000000000e-03,500,2
5429,1.000000000000e-03,5.000000000000e-03,500,2
5430,1.000000000000e-03,5.000000000000e-03,500,1
5431,1.000000000000e-03,5.000000000000e-03,500,3
5432,1.000000000000e-03,5.000000000000e-03,500,2
5433,1.000000000000e-03,5.000000000000e-03,500,1
5434,1.000000000000e-03,5.000000000000e-03,500,3
5435,1.000000000000e-03,5.000000000000e-03,500,2
5436,1.000000000000e-03,5.000000000000e-03,500,3
5437,1.000000000000e-03,5.000000000000e-03,500,2
5438,1.000000000000e-03,5.000000000000e-03,500,1
5439,1.000000000000e-03,5.000000000000e-03,500,3
5440,1.000000000000e-03,5.000000000000e-03,500,3
5441,1.000000000000e-03,5.000000000000e-03,500,3
5442,1.000000000000e-03,5.000000000000e-03,500,5
5443,1.000000000000e-03,5.000000000000e-03,500,4
5444,1.000000000000e-03,5.000000000000e-03,500,1
5445,1.000000000000e-03,5.000000000000e-03,500,4
5446,1.000000000000e-03,5.000000000000e-03,500,1
5447,1.000000000000e-03,5.000000000000e-03,500,2
5448,1.000000000000e-03,5.000000000000e-03,500,2
5449,1.000000000000e-03,5.000000000000e-03,500,2
5450,1.000000000000e-03,5.000000000000e-03,500,2
5451,1.000000000000e-03,5.000000000000e-03,500,0
5452,1.000000000000e-03,5.000000000000e-03,500,3
5453,1.000000000000e-03,5.000000000000e-03,500,0
5454,1.000000000000e-03,5.000000000000e-03,500,2
5455,1.000000000000e-03,5.000000000000e-03,500,3
5456,1.000000000000e-03,5.000000000000e-03,500,6
5457,1.000000000000e-03,5.000000000000e-03,500,5
5458,1.000000000000e-03,5.000000000000e-03,500,2
5459,1.000000000000e-03,5.000000000000e-03,500,4
5460,1.000000000000e-03,5.000000000000e-03,500,2
5461,1.000000000000e-03,5.000000000000e-03,500,3
5462,1.000000000000e-03,5.000000000000e-03,500,4
5463,1.000000000000e-03,5.000000000000e-03,500,5
5464,1.000000000000e-03,5.000000000000e-03,500,3
5465,1.000000000000e-03,5.000000000000e-03,500,2
5466,1.000000000000e-03,5.000000000000e-03,500,1
5467,1.000000000000e-03,5.000000000000e-03,500,0
5468,1.000000000000e-03,5.000000000000e-03,500,3
5469,1.000000000000e-03,5.000000000000e-03,500,2
5470,1.000000000000e-03,5.000000000000e-03,500,1
5471,1.000000000000e-03,5.000000000000e-03,500,5
5472,1.000000000000e-03,5.000000000000e-03,500,4
5473,1.000000000000e-03,5.000000000000e-03,500,2
5474,1.000000000000e-03,5.000000000000e-03,500,3
5475,1.000000000000e-03,5.000000000000e-03,500,3
5476,1.000000000000e-03,5.000000000000e-03,500,4
5477,1.000000000000e-03,5.000000000000e-03,500,6
5478,1.000000000000e-03,5.000000000000e-03,500,2
5479,1.000000000000e-03,5.000000000000e-03,500,6
5480,1.000000000000e-03,5.000000000000e-03,500,2
5481,1.000000000000e-03,5.000000000000e-03,500,4
5482,1.000000000000e-03,5.000000000000e-03,500,3
5483,1.000000000000e-03,5.000000000000e-03,500,2
5484,1.000000000000e-03,5.000000000000e-03,500,1
5485,1.000000000000e-03,5.000000000000e-03,500,6
5486,1.000000000000e-03,5.000000000000e-03,500,2
5487,1.000000000000e-03,5.000000000000e-03,500,4
5488,1.000000000000e-03,5.000000000000e-03,500,0
5489,1.000000000000e-03,5.000000000000e-03,500,2
5490,1.000000000000e-03,5.000000000000e-03,500,3
5491,1.000000000000e-03,5.000000000000e-03,500,3
5492,1.000000000000e-03,5.000000000000e-03,500,1
5493,1.000000000000e-03,5.000000000000e-03,500,3
5494,1.000000000000e-03,5.000000000000e-03,500,2
5495,1.000000000000e-03,5.000000000000e-03,500,2
5496,1.000000000000e-03,5.000000000000e-03,500,1
5497,1.000000000000e-03,5.000000000000e-03,500,0
5498,1.000000000000e-03,5.000000000000e-03,500,7
5499,1.000000000000e-03,5.000000000000e-03,500,4
5500,1.000000000000e-03,5.000000000000e-03,500,2
5501,1.000000000000e-03,5.000000000000e-03,500,2
5502,1.000000000000e-03,5.000000000000e-03,500,2
5503,1.000000000000e-03,5.000000000000e-03,500,2
5504,1.000000000000e-03,5.000000000000e-03,500,5
5505,1.000000000000e-03,5.000000000000e-03,500,2
5506,1.000000000000e-03,5.000000000000e-03,500,2
5507,1.000000000000e-03,5.000000000000e-03,500,2
5508,1.000000000000e-03,5.000000000000e-03,500,1
5509,1.000000000000e-03,5.000000000000e-03,500,4
5510,1.000000000000e-03,5.000000000000e-03,500,1
5511,1.000000000000e-03,5.000000000000e-03,500,3
5512,1.000000000000e-03,5.000000000000e-03,500,2
5513,1.000000000000e-03,5.000000000000e-03,500,3
5514,1.000000000000e-03,5.000000000000e-03,500,5
5515,1.000000000000e-03,5.000000000000e-03,500,0
5516,1.000000000000e-03,5.000000000000e-03,500,4
5517,1.000000000000e-03,5.000000000000e-03,500,2
5518,1.000000000000e-03,5.000000000000e-03,500,4
5519,1.000000000000e-03,5.000000000000e-03,500,1
5520,1.000000000000e-03,5.000000000000e-03,500,2
5521,1.000000000000e-03,5.000000000000e-03,500,2
5522,1.000000000000e-03,5.000000000000e-03,500,2
5523,1.000000000000e-03,5.000000000000e-03,500,2
5524,1.000000000000e-03,5.000000000000e-03,500,5
5525,1.000000000000e-03,5.000000000000e-03,500,2
5526,1.000000000000e-03,5.000000000000e-03,500,2
5527,1.000000000000e-03,5.000000000000e-03,500,2
5528,1.000000000000e-03,5.000000000000e-03,500,0
5529,1.000000000000e-03,5.000000000000e-03,500,5
5530,1.000000000000e-03,5.000000000000e-03,500,1
5531,1.000000000000e-03,5.000000000000e-03,500,1
5532,1.000000000000e-03,5.000000000000e-03,500,2
5533,1.000000000000e-03,5.000000000000e-03,500,1
5534,1.000000000000e-03,5.000000000000e-03,500,1
5535,1.000000000000e-03,5.000000000000e-03,500,4
5536,1.000000000000e-03,5.000000000000e-03,500,0
5537,1.000000000000e-03,5.000000000000e-03,500,3
5538,1.000000000000e-03,5.000000000000e-03,500,2
5539,1.000000000000e-03,5.000000000000e-03,500,5
5540,1.000000000000e-03,5.000000000000e-03,500,3
5541,1.000000000000e-03,5.000000000000e-03,500,4
5542,1.000000000000e-03,5.000000000000e-03,500,4
5543,1.000000000000e-03,5.000000000000e-03,500,2
5544,1.000000000000e-03,5.000000000000e-03,500,3
5545,1.000000000000e-03,5.000000000000e-03,500,2
5546,1.000000000000e-03,5.000000000000e-03,500,2
5547,1.000000000000e-03,5.000000000000e-03,500,3
5548,1.000000000000e-03,5.000000000000e-03,500,2
5549,1.000000000000e-03,5.000000000000e-03,500,2
5550,1.000000000000e-03,5.000000000000e-03,500,6
5551,1.000000000000e-03,5.000000000000e-03,500,3
5552,1.000000000000e-03,5.000000000000e-03,500,2
5553,1.000000000000e-03,5.000000000000e-03,500,3
5554,1.000000000000e-03,5.000000000000e-03,500,4
5555,1.000000000000e-03,5.000000000000e-03,500,3
5556,1.000000000000e-03,5.000000000000e-03,500,1
5557,1.000000000000e-03,5.000000000000e-03,500,2
5558,1.000000000000e-03,5.000000000000e-03,500,2
5559,1.000000000000e-03,5.000000000000e-03,500,2
5560,1.000000000000e-03,5.000000000000e-03,500,3
5561,1.000000000000e-03,5.000000000000e-03,500,2
5562,1.000000000000e-03,5.000000000000e-03,500,5
5563,1.000000000000e-03,5.000000000000e-03,500,0
5564,1.000000000000e-03,5.000000000000e-03,500,1
5565,1.000000000000e-03,5.000000000000e-03,500,3
5566,1.000000000000e-03,5.000000000000e-03,500,6
5567,1.000000000000e-03,5.000000000000e-03,500,2
5568,1.000000000000e-03,5.000000000000e-03,500,7
5569,1.000000000000e-03,5.000000000000e-03,500,5
5570,1.000000000000e-03,5.000000000000e-03,500,3
5571,1.000000000000e-03,5.000000000000e-03,500,3
5572,1.000000000000e-03,5.000000000000e-03,500,4
5573,1.000000000000e-03,5.000000000000e-03,500,3
5574,1.000000000000e-03,5.000000000000e-03,500,2
5575,1.000000000000e-03,5.000000000000e-03,500,1
5576,1.000000000000e-03,5.000000000000e-03,500,1
5577,1.000000000000e-03,5.000000000000e-03,500,4
5578,1.000000000000e-03,5.000000000000e-03,500,3
5579,1.000000000000e-03,5.000000000000e-03,500,1
5580,1.000000000000e-03,5.000000000000e-03,500,2
5581,1.000000000000e-03,5.000000000000e-03,500,1
5582,1.000000000000e-03,5.000000000000e-03,500,2
5583,1.000000000000e-03,5.000000000000e-03,500,1
5584,1.000000000000e-03,5.000000000000e-03,500,5
5585,1.000000000000e-03,5.000000000000e-03,500,3
5586,1.000000000000e-03,5.000000000000e-03,500,2
5587,1.000000000000e-03,5.000000000000e-03,500,3
5588,1.000000000000e-03,5.000000000000e-03,500,4
5589,1.000000000000e-03,5.000000000000e-03,500,1
5590,1.000000000000e-03,5.000000000000e-03,500,6
5591,1.000000000000e-03,5.000000000000e-03,500,4
5592,1.000000000000e-03,5.000000000000e-03,500,2
5593,1.000000000000e-03,5.000000000000e-03,500,6
5594,1.000000000000e-03,5.000000000000e-03,500,3
5595,1.000000000000e-03,5.000000000000e-03,500,0
5596,1.000000000000e-03,5.000000000000e-03,500,1
5597,1.000000000000e-03,5.000000000000e-03,500,4
5598,1.000000000000e-03,5.000000000000e-03,500,4
5599,1.000000000000e-03,5.000000000000e-03,500,2
5600,1.000000000000e-03,5.000000000000e-03,500,4
5601,1.000000000000e-03,5.000000000000e-03,1000,5
5602,1.000000000000e-03,5.000000000000e-03,1000,8
5603,1.000000000000e-03,5.000000000000e-03,1000,3
5604,1.000000000000e-03,5.000000000000e-03,1000,2
5605,1.000000000000e-03,5.000000000000e-03,1000,3
5606,1.000000000000e-03,5.000000000000e-03,1000,5
5607,1.000000000000e-03,5.000000000000e-03,1000,4
5608,1.000000000000e-03,5.000000000000e-03,1000,6
5609,1.000000000000e-03,5.000000000000e-03,1000,5
5610,1.000000000000e-03,5.000000000000e-03,1000,5
5611,1.000000000000e-03,5.000000000000e-03,1000,6
5612,1.000000000000e-03,5.000000000000e-03,1000,4
5613,1.000000000000e-03,5.000000000000e-03,1000,2
5614,1.000000000000e-03,5.000000000000e-03,1000,7
5615,1.000000000000e-03,5.000000000000e-03,1000,3
5616,1.000000000000e-03,5.000000000000e-03,1000,5
5617,1.000000000000e-03,5.000000000000e-03,1000,6
5618,1.000000000000e-03,5.000000000000e-03,1000,5
5619,1.000000000000e-03,5.000000000000e-03,1000,9
5620,1.000000000000e-03,5.000000000000e-03,1000,2
5621,1.000000000000e-03,5.000000000000e-03,1000,7
5622,1.000000000000e-03,5.000000000000e-03,1000,5
5623,1.000000000000e-03,5.000000000000e-03,1000,6
5624,1.000000000000e-03,5.000000000000e-03,1000,2
5625,1.000000000000e-03,5.000000000000e-03,1000,4
5626,1.000000000000e-03,5.000000000000e-03,1000,3
5627,1.000000000000e-03,5.000000000000e-03,1000,8
5628,1.000000000000e-03,5.000000000000e-03,1000,2
5629,1.000000000000e-03,5.000000000000e-03,1000,4
5630,1.000000000000e-03,5.000000000000e-03,1000,4
5631,1.000000000000e-03,5.000000000000e-03,1000,6
5632,1.000000000000e-03,5.000000000000e-03,1000,7
5633,1.000000000000e-03,5.000000000000e-03,1000,5
5634,1.000000000000e-03,5.000000000000e-03,1000,6
5635,1.000000000000e-03,5.000000000000e-03,1000,4
5636,1.000000000000e-03,5.000000000000e-03,1000,5
5637,1.000000000000e-03,5.000000000000e-03,1000,2
5638,1.000000000000e-03,5.000000000000e-03,1000,8
5639,1.000000000000e-03,5.000000000000e-03,1000,5
5640,1.000000000000e-03,5.000000000000e-03,1000,2
5641,1.000000000000e-03,5.000000000000e-03,1000,2
5642,1.000000000000e-03,5.000000000000e-03,1000,6
5643,1.000000000000e-03,5.000000000000e-03,1000,4
5644,1.000000000000e-03,5.000000000000e-03,1000,6
5645,1.000000000000e-03,5.000000000000e-03,1000,5
5646,1.000000000000e-03,5.000000000000e-03,1000,5
5647,1.000000000000e-03,5.000000000000e-03,1000,9
5648,1.000000000000e-03,5.000000000000e-03,1000,4
5649,1.000000000000e-03,5.000000000000e-03,1000,8
5650,1.000000000000e-03,5.000000000000e-03,1000,3
5651,1.000000000000e-03,5.000000000000e-03,1000,5
5652,1.000000000000e-03,5.000000000000e-03,1000,4
5653,1.000000000000e-03,5.000000000000e-03,1000,7
5654,1.000000000000e-03,5.000000000000e-03,1000,1
5655,1.000000000000e-03,5.000000000000e-03,1000,4
5656,1.000000000000e-03,5.000000000000e-03,1000,4
5657,1.000000000000e-03,5.000000000000e-03,1000,2
5658,1.000000000000e-03,5.000000000000e-03,1000,5
5659,1.000000000000e-03,5.000000000000e-03,1000,6
5660,1.000000000000e-03,5.000000000000e-03,1000,5
5661,1.000000000000e-03,5.000000000000e-03,1000,8
5662,1.000000000000e-03,5.000000000000e-03,1000,5
5663,1.000000000000e-03,5.000000000000e-03,1000,5
5664,1.000000000000e-03,5.000000000000e-03,1000,7
5665,1.000000000000e-03,5.000000000000e-03,1000,2
5666,1.000000000000e-03,5.000000000000e-03,1000,6
5667,1.000000000000e-03,5.000000000000e-03,1000,1
5668,1.000000000000e-03,5.000000000000e-03,1000,3
5669,1.000000000000e-03,5.000000000000e-03,1000,4
5670,1.000000000000e-03,5.000000000000e-03,1000,6
5671,1.000000000000e-03,5.000000000000e-03,1000,7
5672,1.000000000000e-03,5.000000000000e-03,1000,6
5673,1.000000000000e-03,5.000000000000e-03,1000,9
5674,1.000000000000e-03,5.000000000000e-03,1000,4
5675,1.000000000000e-03,5.000000000000e-03,1000,5
5676,1.000000000000e-03,5.000000000000e-03,1000,5
5677,1.000000000000e-03,5.000000000000e-03,1000,5
5678,1.000000000000e-03,5.000000000000e-03,1000,10
5679,1.000000000000e-03,5.000000000000e-03,1000,1
5680,1.000000000000e-03,5.000000000000e-03,1000,11
5681,1.000000000000e-03,5.000000000000e-03,1000,3
5682,1.000000000000e-03,5.000000000000e-03,1000,4
5683,1.000000000000e-03,5.000000000000e-03,1000,8
5684,1.000000000000e-03,5.000000000000e-03,1000,5
5685,1.000000000000e-03,5.000000000000e-03,1000,5
5686,1.000000000000e-03,5.000000000000e-03,1000,10
5687,1.000000000000e-03,5.000000000000e-03,1000,7
5688,1.000000000000e-03,5.000000000000e-03,1000,2
5689,1.000000000000e-03,5.000000000000e-03,1000,10
5690,1.000000000000e-03,5.000000000000e-03,1000,8
5691,1.000000000000e-03,5.000000000000e-03,1000,8
5692,1.000000000000e-03,5.000000000000e-03,1000,8
5693,1.000000000000e-03,5.000000000000e-03,1000,7
5694,1.000000000000e-03,5.000000000000e-03,1000,10
5695,1.000000000000e-03,5.000000000000e-03,1000,8
5696,1.000000000000e-03,5.000000000000e-03,1000,6
5697,1.000000000000e-03,5.000000000000e-03,1000,7
5698,1.000000000000e-03,5.000000000000e-03,1000,5
5699,1.000000000000e-03,5.000000000000e-03,1000,5
5700,1.000000000000e-03,5.000000000000e-03,1000,4
5701,1.000000000000e-03,5.000000000000e-03,1000,5
5702,1.000000000000e-03,5.000000000000e-03,1000,6
5703,1.000000000000e-03,5.000000000000e-03,1000,5
5704,1.000000000000e-03,5.000000000000e-03,1000,5
5705,1.000000000000e-03,5.000000000000e-03,1000,6
5706,1.000000000000e-03,5.000000000000e-03,1000,6
5707,1.000000000000e-03,5.000000000000e-03,1000,2
5708,1.000000000000e-03,5.000000000000e-03,1000,10
5709,1.000000000000e-03,5.000000000000e-03,1000,2
5710,1.000000000000e-03,5.000000000000e-03,1000,5
5711,1.000000000000e-03,5.000000000000e-03,1000,3
5712,1.000000000000e-03,5.000000000000e-03,1000,5
5713,1.000000000000e-03,5.000000000000e-03,1000,4
5714,1.000000000000e-03,5.000000000000e-03,1000,7
5715,1.000000000000e-03,5.000000000000e-03,1000,8
5716,1.000000000000e-03,5.000000000000e-03,1000,2
5717,1.000000000000e-03,5.000000000000e-03,1000,1
5718,1.000000000000e-03,5.000000000000e-03,1000,8
5719,1.000000000000e-03,5.000000000000e-03,1000,7
5720,1.000000000000e-03,5.000000000000e-03,1000,8
5721,1.000000000000e-03,5.000000000000e-03,1000,6
5722,1.000000000000e-03,5.000000000000e-03,1000,5
5723,1.000000000000e-03,5.000000000000e-03,1000,5
5724,1.000000000000e-03,5.000000000000e-03,1000,7
5725,1.000000000000e-03,5.000000000000e-03,1000,4
5726,1.000000000000e-03,5.000000000000e-03,1000,3
5727,1.000000000000e-03,5.000000000000e-03,1000,9
5728,1.000000000000e-03,5.000000000000e-03,1000,2
5729,1.000000000000e-03,5.000000000000e-03,1000,6
5730,1.000000000000e-03,5.000000000000e-03,1000,6
5731,1.000000000000e-03,5.000000000000e-03,1000,2
5732,1.000000000000e-03,5.000000000000e-03,1000,4
5733,1.000000000000e-03,5.000000000000e-03,1000,5
5734,1.000000000000e-03,5.000000000000e-03,1000,2
5735,1.000000000000e-03,5.000000000000e-03,1000,5
5736,1.000000000000e-03,5.000000000000e-03,1000,4
5737,1.000000000000e-03,5.000000000000e-03,1000,8
5738,1.000000000000e-03,5.000000000000e-03,1000,10
5739,1.000000000000e-03,5.000000000000e-03,1000,7
5740,1.000000000000e-03,5.000000000000e-03,1000,9
5741,1.000000000000e-03,5.000000000000e-03,1000,7
5742,1.000000000000e-03,5.000000000000e-03,1000,9
5743,1.000000000000e-03,5.000000000000e-03,1000,9
5744,1.000000000000e-03,5.000000000000e-03,1000,6
5745,1.000000000000e-03,5.000000000000e-03,1000,6
5746,1.000000000000e-03,5.000000000000e-03,1000,6
5747,1.000000000000e-03,5.000000000000e-03,1000,6
5748,1.000000000000e-03,5.000000000000e-03,1000,12
5749,1.000000000000e-03,5.000000000000e-03,1000,6
5750,1.000000000000e-03,5.000000000000e-03,1000,7
5751,1.000000000000e-03,5.000000000000e-03,1000,8
5752,1.000000000000e-03,5.000000000000e-03,1000,9
5753,1.000000000000e-03,5.000000000000e-03,1000,6
5754,1.000000000000e-03,5.000000000000e-03,1000,9
5755,1.000000000000e-03,5.000000000000e-03,1000,5
5756,1.000000000000e-03,5.000000000000e-03,1000,9
5757,1.000000000000e-03,5.000000000000e-03,1000,8
5758,1.000000000000e-03,5.000000000000e-03,1000,8
5759,1.000000000000e-03,5.000000000000e-03,1000,8
5760,1.000000000000e-03,5.000000000000e-03,1000,5
5761,1.000000000000e-03,5.000000000000e-03,1000,6
5762,1.000000000000e-03,5.000000000000e-03,1000,5
5763,1.000000000000e-03,5.000000000000e-03,1000,5
5764,1.000000000000e-03,5.000000000000e-03,1000,4
5765,1.000000000000e-03,5.000000000000e-03,1000,8
5766,1.000000000000e-03,5.000000000000e-03,1000,5
5767,1.000000000000e-03,5.000000000000e-03,1000,7
5768,1.000000000000e-03,5.000000000000e-03,1000,10
5769,1.000000000000e-03,5.000000000000e-03,1000,4
5770,1.000000000000e-03,5.000000000000e-03,1000,7
5771,1.000000000000e-03,5.000000000000e-03,1000,6
5772,1.000000000000e-03,5.000000000000e-03,1000,5
5773,1.000000000000e-03,5.000000000000e-03,1000,7
5774,1.000000000000e-03,5.000000000000e-03,1000,3
5775,1.000000000000e-03,5.000000000000e-03,1000,2
5776,1.000000000000e-03,5.000000000000e-03,1000,9
5777,1.000000000000e-03,5.000000000000e-03,1000,7
5778,1.000000000000e-03,5.000000000000e-03,1000,4
5779,1.000000000000e-03,5.000000000000e-03,1000,7
5780,1.000000000000e-03,5.000000000000e-03,1000,4
5781,1.000000000000e-03,5.000000000000e-03,1000,3
5782,1.000000000000e-03,5.000000000000e-03,1000,9
5783,1.000000000000e-03,5.000000000000e-03,1000,7
5784,1.000000000000e-03,5.000000000000e-03,1000,7
5785,1.000000000000e-03,5.000000000000e-03,1000,4
5786,1.000000000000e-03,5.000000000000e-03,1000,6
5787,1.000000000000e-03,5.000000000000e-03,1000,7
5788,1.000000000000e-03,5.000000000000e-03,1000,7
5789,1.000000000000e-03,5.000000000000e-03,1000,7
5790,1.000000000000e-03,5.000000000000e-03,1000,7
5791,1.000000000000e-03,5.000000000000e-03,1000,6
5792,1.000000000000e-03,5.000000000000e-03,1000,2
5793,1.000000000000e-03,5.000000000000e-03,1000,8
5794,1.000000000000e-03,5.000000000000e-03,1000,9
5795,1.000000000000e-03,5.000000000000e-03,1000,7
5796,1.000000000000e-03,5.000000000000e-03,1000,4
5797,1.000000000000e-03,5.000000000000e-03,1000,1
5798,1.000000000000e-03,5.000000000000e-03,1000,5
5799,1.000000000000e-03,5.000000000000e-03,1000,3
5800,1.000000000000e-03,5.000000000000e-03,1000,5
5801,1.000000000000e-03,5.000000000000e-03,1000,5
5802,1.000000000000e-03,5.000000000000e-03,1000,2
5803,1.000000000000e-03,5.000000000000e-03,1000,5
5804,1.000000000000e-03,5.000000000000e-03,1000,5
5805,1.000000000000e-03,5.000000000000e-03,1000,9
5806,1.000000000000e-03,5.000000000000e-03,1000,6
5807,1.000000000000e-03,5.000000000000e-03,1000,4
5808,1.000000000000e-03,5.000000000000e-03,1000,5
5809,1.000000000000e-03,5.000000000000e-03,1000,7
5810,1.000000000000e-03,5.000000000000e-03,1000,11
5811,1.000000000000e-03,5.000000000000e-03,1000,6
5812,1.000000000000e-03,5.000000000000e-03,1000,3
5813,1.000000000000e-03,5.000000000000e-03,1000,6
5814,1.000000000000e-03,5.000000000000e-03,1000,5
5815,1.000000000000e-03,5.000000000000e-03,1000,7
5816,1.000000000000e-03,5.000000000000e-03,1000,3
5817,1.000000000000e-03,5.000000000000e-03,1000,2
5818,1.000000000000e-03,5.000000000000e-03,1000,5
5819,1.000000000000e-03,5.000000000000e-03,1000,7
5820,1.000000000000e-03,5.000000000000e-03,1000,8
5821,1.000000000000e-03,5.000000000000e-03,1000,7
5822,1.000000000000e-03,5.000000000000e-03,1000,5
5823,1.000000000000e-03,5.000000000000e-03,1000,9
5824,1.000000000000e-03,5.000000000000e-03,1000,5
5825,1.000000000000e-03,5.000000000000e-03,1000,8
5826,1.000000000000e-03,5.000000000000e-03,1000,5
5827,1.000000000000e-03,5.000000000000e-03,1000,3
5828,1.000000000000e-03,5.000000000000e-03,1000,5
5829,1.000000000000e-03,5.000000000000e-03,1000,5
5830,1.000000000000e-03,5.000000000000e-03,1000,5
5831,1.000000000000e-03,5.000000000000e-03,1000,3
5832,1.000000000000e-03,5.000000000000e-03,1000,4
5833,1.000000000000e-03,5.000000000000e-03,1000,7
5834,1.000000000000e-03,5.000000000000e-03,1000,5
5835,1.000000000000e-03,5.000000000000e-03,1000,6
5836,1.000000000000e-03,5.000000000000e-03,1000,8
5837,1.000000000000e-03,5.000000000000e-03,1000,5
5838,1.000000000000e-03,5.000000000000e-03,1000,4
5839,1.000000000000e-03,5.000000000000e-03,1000,6
5840,1.000000000000e-03,5.000000000000e-03,1000,5
5841,1.000000000000e-03,5.000000000000e-03,1000,4
5842,1.000000000000e-03,5.000000000000e-03,1000,7
5843,1.000000000000e-03,5.000000000000e-03,1000,4
5844,1.000000000000e-03,5.000000000000e-03,1000,3
5845,1.000000000000e-03,5.000000000000e-03,1000,6
5846,1.000000000000e-03,5.000000000000e-03,1000,4
5847,1.000000000000e-03,5.000000000000e-03,1000,8
5848,1.000000000000e-03,5.000000000000e-03,1000,3
5849,1.000000000000e-03,5.000000000000e-03,1000,1
5850,1.000000000000e-03,5.000000000000e-03,1000,3
5851,1.000000000000e-03,5.000000000000e-03,1000,5
5852,1.000000000000e-03,5.000000000000e-03,1000,4
5853,1.000000000000e-03,5.000000000000e-03,1000,3
5854,1.000000000000e-03,5.000000000000e-03,1000,3
5855,1.000000000000e-03,5.000000000000e-03,1000,3
5856,1.000000000000e-03,5.000000000000e-03,1000,9
5857,1.000000000000e-03,5.000000000000e-03,1000,9
5858,1.000000000000e-03,5.000000000000e-03,1000,9
5859,1.000000000000e-03,5.000000000000e-03,1000,3
5860,1.000000000000e-03,5.000000000000e-03,1000,3
5861,1.000000000000e-03,5.000000000000e-03,1000,5
5862,1.000000000000e-03,5.000000000000e-03,1000,4
5863,1.000000000000e-03,5.000000000000e-03,1000,6
5864,1.000000000000e-03,5.000000000000e-03,1000,6
5865,1.000000000000e-03,5.000000000000e-03,1000,4
5866,1.000000000000e-03,5.000000000000e-03,1000,3
5867,1.000000000000e-03,5.000000000000e-03,1000,5
5868,1.000000000000e-03,5.000000000000e-03,1000,6
5869,1.000000000000e-03,5.000000000000e-03,1000,4
5870,1.000000000000e-03,5.000000000000e-03,1000,7
5871,1.000000000000e-03,5.000000000000e-03,1000,5
5872,1.000000000000e-03,5.000000000000e-03,1000,8
5873,1.000000000000e-03,5.000000000000e-03,1000,3
5874,1.000000000000e-03,5.000000000000e-03,1000,7
5875,1.000000000000e-03,5.000000000000e-03,1000,6
5876,1.000000000000e-03,5.000000000000e-03,1000,5
5877,1.000000000000e-03,5.000000000000e-03,1000,3
5878,1.000000000000e-03,5.000000000000e-03,1000,4
5879,1.000000000000e-03,5.000000000000e-03,1000,11
5880,1.000000000000e-03,5.000000000000e-03,1000,1
5881,1.000000000000e-03,5.000000000000e-03,1000,9
5882,1.000000000000e-03,5.000000000000e-03,1000,9
5883,1.000000000000e-03,5.000000000000e-03,1000,10
5884,1.000000000000e-03,5.000000000000e-03,1000,3
5885,1.000000000000e-03,5.000000000000e-03,1000,6
5886,1.000000000000e-03,5.000000000000e-03,1000,4
5887,1.000000000000e-03,5.000000000000e-03,1000,2
5888,1.000000000000e-03,5.000000000000e-03,1000,5
5889,1.000000000000e-03,5.000000000000e-03,1000,4
5890,1.000000000000e-03,5.000000000000e-03,1000,9
5891,1.000000000000e-03,5.000000000000e-03,1000,8
5892,1.000000000000e-03,5.000000000000e-03,1000,2
5893,1.000000000000e-03,5.000000000000e-03,1000,7
5894,1.000000000000e-03,5.000000000000e-03,1000,6
5895,1.000000000000e-03,5.000000000000e-03,1000,3
5896,1.000000000000e-03,5.000000000000e-03,1000,6
5897,1.000000000000e-03,5.000000000000e-03,1000,4
5898,1.000000000000e-03,5.000000000000e-03,1000,6
5899,1.000000000000e-03,5.000000000000e-03,1000,3
5900,1.000000000000e-03,5.000000000000e-03,1000,8
5901,1.000000000000e-03,5.000000000000e-03,1000,5
5902,1.000000000000e-03,5.000000000000e-03,1000,2
5903,1.000000000000e-03,5.000000000000e-03,1000,5
5904,1.000000000000e-03,5.000000000000e-03,1000,7
5905,1.000000000000e-03,5.000000000000e-03,1000,8
5906,1.000000000000e-03,5.000000000000e-03,1000,5
5907,1.000000000000e-03,5.000000000000e-03,1000,7
5908,1.000000000000e-03,5.000000000000e-03,1000,11
5909,1.000000000000e-03,5.000000000000e-03,1000,4
5910,1.000000000000e-03,5.000000000000e-03,1000,3
5911,1.000000000000e-03,5.000000000000e-03,1000,6
5912,1.000000000000e-03,5.000000000000e-03,1000,4
5913,1.000000000000e-03,5.000000000000e-03,1000,4
5914,1.000000000000e-03,5.000000000000e-03,1000,6
5915,1.000000000000e-03,5.000000000000e-03,1000,6
5916,1.000000000000e-03,5.000000000000e-03,1000,14
5917,1.000000000000e-03,5.000000000000e-03,1000,4
5918,1.000000000000e-03,5.000000000000e-03,1000,5
5919,1.000000000000e-03,5.000000000000e-03,1000,4
5920,1.000000000000e-03,5.000000000000e-03,1000,7
5921,1.000000000000e-03,5.000000000000e-03,1000,3
5922,1.000000000000e-03,5.000000000000e-03,1000,9
5923,1.000000000000e-03,5.000000000000e-03,1000,5
5924,1.000000000000e-03,5.000000000000e-03,1000,5
5925,1.000000000000e-03,5.000000000000e-03,1000,5
5926,1.000000000000e-03,5.000000000000e-03,1000,6
5927,1.000000000000e-03,5.000000000000e-03,1000,7
5928,1.000000000000e-03,5.000000000000e-03,1000,6
5929,1.000000000000e-03,5.000000000000e-03,1000,4
5930,1.000000000000e-03,5.000000000000e-03,1000,8
5931,1.000000000000e-03,5.000000000000e-03,1000,4
5932,1.000000000000e-03,5.000000000000e-03,1000,7
5933,1.000000000000e-03,5.000000000000e-03,1000,4
5934,1.000000000000e-03,5.000000000000e-03,1000,6
5935,1.000000000000e-03,5.000000000000e-03,1000,3
5936,1.000000000000e-03,5.000000000000e-03,1000,4
5937,1.000000000000e-03,5.000000000000e-03,1000,6
5938,1.000000000000e-03,5.000000000000e-03,1000,8
5939,1.000000000000e-03,5.000000000000e-03,1000,5
5940,1.000000000000e-03,5.000000000000e-03,1000,6
5941,1.000000000000e-03,5.000000000000e-03,1000,5
5942,1.000000000000e-03,5.000000000000e-03,1000,5
5943,1.000000000000e-03,5.000000000000e-03,1000,4
5944,1.000000000000e-03,5.000000000000e-03,1000,6
5945,1.000000000000e-03,5.000000000000e-03,1000,11
5946,1.000000000000e-03,5.000000000000e-03,1000,3
5947,1.000000000000e-03,5.000000000000e-03,1000,7
5948,1.000000000000e-03,5.000000000000e-03,1000,6
5949,1.000000000000e-03,5.000000000000e-03,1000,5
5950,1.000000000000e-03,5.000000000000e-03,1000,7
5951,1.000000000000e-03,5.000000000000e-03,1000,4
5952,1.000000000000e-03,5.000000000000e-03,1000,2
5953,1.000000000000e-03,5.000000000000e-03,1000,3
5954,1.000000000000e-03,5.000000000000e-03,1000,8
5955,1.000000000000e-03,5.000000000000e-03,1000,3
5956,1.000000000000e-03,5.000000000000e-03,1000,4
5957,1.000000000000e-03,5.000000000000e-03,1000,6
5958,1.000000000000e-03,5.000000000000e-03,1000,6
5959,1.000000000000e-03,5.000000000000e-03,1000,4
5960,1.000000000000e-03,5.000000000000e-03,1000,6
5961,1.000000000000e-03,5.000000000000e-03,1000,8
5962,1.000000000000e-03,5.000000000000e-03,1000,2
5963,1.000000000000e-03,5.000000000000e-03,1000,8
5964,1.000000000000e-03,5.000000000000e-03,1000,6
5965,1.000000000000e-03,5.000000000000e-03,1000,6
5966,1.000000000000e-03,5.000000000000e-03,1000,5
5967,1.000000000000e-03,5.000000000000e-03,1000,3
5968,1.000000000000e-03,5.000000000000e-03,1000,9
5969,1.000000000000e-03,5.000000000000e-03,1000,8
5970,1.000000000000e-03,5.000000000000e-03,1000,8
5971,1.000000000000e-03,5.000000000000e-03,1000,11
5972,1.000000000000e-03,5.000000000000e-03,1000,3
5973,1.000000000000e-03,5.000000000000e-03,1000,2
5974,1.000000000000e-03,5.000000000000e-03,1000,6
5975,1.000000000000e-03,5.000000000000e-03,1000,9
5976,1.000000000000e-03,5.000000000000e-03,1000,7
5977,1.000000000000e-03,5.000000000000e-03,1000,6
5978,1.000000000000e-03,5.000000000000e-03,1000,6
5979,1.000000000000e-03,5.000000000000e-03,1000,12
5980,1.000000000000e-03,5.000000000000e-03,1000,5
5981,1.000000000000e-03,5.000000000000e-03,1000,8
5982,1.000000000000e-03,5.000000000000e-03,1000,7
5983,1.000000000000e-03,5.000000000000e-03,1000,5
5984,1.000000000000e-03,5.000000000000e-03,1000,6
5985,1.000000000000e-03,5.000000000000e-03,1000,12
5986,1.000000000000e-03,5.000000000000e-03,1000,4
5987,1.000000000000e-03,5.000000000000e-03,1000,7
5988,1.000000000000e-03,5.000000000000e-03,1000,3
5989,1.000000000000e-03,5.000000000000e-03,1000,5
5990,1.000000000000e-03,5.000000000000e-03,1000,3
5991,1.000000000000e-03,5.000000000000e-03,1000,7
5992,1.000000000000e-03,5.000000000000e-03,1000,3
5993,1.000000000000e-03,5.000000000000e-03,1000,9
5994,1.000000000000e-03,5.000000000000e-03,1000,7
5995,1.000000000000e-03,5.000000000000e-03,1000,4
5996,1.000000000000e-03,5.000000000000e-03,1000,6
5997,1.000000000000e-03,5.000000000000e-03,1000,4
5998,1.000000000000e-03,5.000000000000e-03,1000,11
5999,1.000000000000e-03,5.000000000000e-03,1000,4
6000,1.000000000000e-03,5.000000000000e-03,1000,2
6001,1.000000000000e-03,5.000000000000e-03,2000,10
6002,1.000000000000e-03,5.000000000000e-03,2000,13
6003,1.000000000000e-03,5.000000000000e-03,2000,10
6004,1.000000000000e-03,5.000000000000e-03,2000,11
6005,1.000000000000e-03,5.000000000000e-03,2000,7
6006,1.000000000000e-03,5.000000000000e-03,2000,13
6007,1.000000000000e-03,5.000000000000e-03,2000,14
6008,1.000000000000e-03,5.000000000000e-03,2000,19
6009,1.000000000000e-03,5.000000000000e-03,2000,10
6010,1.000000000000e-03,5.000000000000e-03,2000,10
6011,1.000000000000e-03,5.000000000000e-03,2000,18
6012,1.000000000000e-03,5.000000000000e-03,2000,12
6013,1.000000000000e-03,5.000000000000e-03,2000,12
6014,1.000000000000e-03,5.000000000000e-03,2000,11
6015,1.000000000000e-03,5.000000000000e-03,2000,7
6016,1.000000000000e-03,5.000000000000e-03,2000,16
6017,1.000000000000e-03,5.000000000000e-03,2000,11
6018,1.000000000000e-03,5.000000000000e-03,2000,10
6019,1.000000000000e-03,5.000000000000e-03,2000,16
6020,1.000000000000e-03,5.000000000000e-03,2000,10
6021,1.000000000000e-03,5.000000000000e-03,2000,14
6022,1.000000000000e-03,5.000000000000e-03,2000,11
6023,1.000000000000e-03,5.000000000000e-03,2000,14
6024,1.000000000000e-03,5.000000000000e-03,2000,6
6025,1.000000000000e-03,5.000000000000e-03,2000,7
6026,1.000000000000e-03,5.000000000000e-03,2000,10
6027,1.000000000000e-03,5.000000000000e-03,2000,8
6028,1.000000000000e-03,5.000000000000e-03,2000,9
6029,1.000000000000e-03,5.000000000000e-03,2000,13
6030,1.000000000000e-03,5.000000000000e-03,2000,15
6031,1.000000000000e-03,5.000000000000e-03,2000,10
6032,1.000000000000e-03,5.000000000000e-03,2000,6
6033,1.000000000000e-03,5.000000000000e-03,2000,11
6034,1.000000000000e-03,5.000000000000e-03,2000,8
6035,1.000000000000e-03,5.000000000000e-03,2000,14
6036,1.000000000000e-03,5.000000000000e-03,2000,10
6037,1.000000000000e-03,5.000000000000e-03,2000,12
6038,1.000000000000e-03,5.000000000000e-03,2000,17
6039,1.000000000000e-03,5.000000000000e-03,2000,11
6040,1.000000000000e-03,5.000000000000e-03,2000,10
6041,1.000000000000e-03,5.000000000000e-03,2000,15
6042,1.000000000000e-03,5.000000000000e-03,2000,14
6043,1.000000000000e-03,5.000000000000e-03,2000,10
6044,1.000000000000e-03,5.000000000000e-03,2000,4
6045,1.000000000000e-03,5.000000000000e-03,2000,11
6046,1.000000000000e-03,5.000000000000e-03,2000,13
6047,1.000000000000e-03,5.000000000000e-03,2000,10
6048,1.000000000000e-03,5.000000000000e-03,2000,8
6049,1.000000000000e-03,5.000000000000e-03,2000,7
6050,1.000000000000e-03,5.000000000000e-03,2000,9
6051,1.000000000000e-03,5.000000000000e-03,2000,14
6052,1.000000000000e-03,5.000000000000e-03,2000,6
6053,1.000000000000e-03,5.000000000000e-03,2000,16
6054,1.000000000000e-03,5.000000000000e-03,2000,18
6055,1.000000000000e-03,5.000000000000e-03,2000,12
6056,1.000000000000e-03,5.000000000000e-03,2000,10
6057,1.000000000000e-03,5.000000000000e-03,2000,6
6058,1.000000000000e-03,5.000000000000e-03,2000,12
6059,1.000000000000e-03,5.000000000000e-03,2000,14
6060,1.000000000000e-03,5.000000000000e-03,2000,10
6061,1.000000000000e-03,5.000000000000e-03,2000,9
6062,1.000000000000e-03,5.000000000000e-03,2000,9
6063,1.000000000000e-03,5.000000000000e-03,2000,17
6064,1.000000000000e-03,5.000000000000e-03,2000,9
6065,1.000000000000e-03,5.000000000000e-03,2000,10
6066,1.000000000000e-03,5.000000000000e-03,2000,10
6067,1.000000000000e-03,5.000000000000e-03,2000,16
6068,1.000000000000e-03,5.000000000000e-03,2000,11
6069,1.000000000000e-03,5.000000000000e-03,2000,16
6070,1.000000000000e-03,5.000000000000e-03,2000,8
6071,1.000000000000e-03,5.000000000000e-03,2000,17
6072,1.000000000000e-03,5.000000000000e-03,2000,13
6073,1.000000000000e-03,5.000000000000e-03,2000,9
6074,1.000000000000e-03,5.000000000000e-03,2000,14
6075,1.000000000000e-03,5.000000000000e-03,2000,11
6076,1.000000000000e-03,5.000000000000e-03,2000,17
6077,1.000000000000e-03,5.000000000000e-03,2000,12
6078,1.000000000000e-03,5.000000000000e-03,2000,9
6079,1.000000000000e-03,5.000000000000e-03,2000,9
6080,1.000000000000e-03,5.000000000000e-03,2000,13
6081,1.000000000000e-03,5.000000000000e-03,2000,14
6082,1.000000000000e-03,5.000000000000e-03,2000,8
6083,1.000000000000e-03,5.000000000000e-03,2000,8
6084,1.000000000000e-03,5.000000000000e-03,2000,9
6085,1.000000000000e-03,5.000000000000e-03,2000,10
6086,1.000000000000e-03,5.000000000000e-03,2000,17
6087,1.000000000000e-03,5.000000000000e-03,2000,11
6088,1.000000000000e-03,5.000000000000e-03,2000,14
6089,1.000000000000e-03,5.000000000000e-03,2000,12
6090,1.000000000000e-03,5.000000000000e-03,2000,18
6091,1.000000000000e-03,5.000000000000e-03,2000,13
6092,1.000000000000e-03,5.000000000000e-03,2000,12
6093,1.000000000000e-03,5.000000000000e-03,2000,15
6094,1.000000000000e-03,5.000000000000e-03,2000,9
6095,1.000000000000e-03,5.000000000000e-03,2000,13
6096,1.000000000000e-03,5.000000000000e-03,2000,12
6097,1.000000000000e-03,5.000000000000e-03,2000,14
6098,1.000000000000e-03,5.000000000000e-03,2000,10
6099,1.000000000000e-03,5.000000000000e-03,2000,6
6100,1.000000000000e-03,5.000000000000e-03,2000,15
6101,1.000000000000e-03,5.000000000000e-03,2000,10
6102,1.000000000000e-03,5.000000000000e-03,2000,8
6103,1.000000000000e-03,5.000000000000e-03,2000,11
6104,1.000000000000e-03,5.000000000000e-03,2000,16
6105,1.000000000000e-03,5.000000000000e-03,2000,10
6106,1.000000000000e-03,5.000000000000e-03,2000,9
6107,1.000000000000e-03,5.000000000000e-03,2000,9
6108,1.000000000000e-03,5.000000000000e-03,2000,6
6109,1.000000000000e-03,5.000000000000e-03,2000,2
6110,1.000000000000e-03,5.000000000000e-03,2000,19
6111,1.000000000000e-03,5.000000000000e-03,2000,7
6112,1.000000000000e-03,5.000000000000e-03,2000,15
6113,1.000000000000e-03,5.000000000000e-03,2000,12
6114,1.000000000000e-03,5.000000000000e-03,2000,15
6115,1.000000000000e-03,5.000000000000e-03,2000,14
6116,1.000000000000e-03,5.000000000000e-03,2000,5
6117,1.000000000000e-03,5.000000000000e-03,2000,11
6118,1.000000000000e-03,5.000000000000e-03,2000,13
6119,1.000000000000e-03,5.000000000000e-03,2000,10
6120,1.000000000000e-03,5.000000000000e-03,2000,11
6121,1.000000000000e-03,5.000000000000e-03,2000,13
6122,1.000000000000e-03,5.000000000000e-03,2000,10
6123,1.000000000000e-03,5.000000000000e-03,2000,7
6124,1.000000000000e-03,5.000000000000e-03,2000,15
6125,1.000000000000e-03,5.000000000000e-03,2000,15
6126,1.000000000000e-03,5.000000000000e-03,2000,9
6127,1.000000000000e-03,5.000000000000e-03,2000,7
6128,1.000000000000e-03,5.000000000000e-03,2000,8
6129,1.000000000000e-03,5.000000000000e-03,2000,13
6130,1.000000000000e-03,5.000000000000e-03,2000,14
6131,1.000000000000e-03,5.000000000000e-03,2000,8
6132,1.000000000000e-03,5.000000000000e-03,2000,13
6133,1.000000000000e-03,5.000000000000e-03,2000,11
6134,1.000000000000e-03,5.000000000000e-03,2000,11
6135,1.000000000000e-03,5.000000000000e-03,2000,14
6136,1.000000000000e-03,5.000000000000e-03,2000,9
6137,1.000000000000e-03,5.000000000000e-03,2000,14
6138,1.000000000000e-03,5.000000000000e-03,2000,9
6139,1.000000000000e-03,5.000000000000e-03,2000,7
6140,1.000000000000e-03,5.000000000000e-03,2000,12
6141,1.000000000000e-03,5.000000000000e-03,2000,11
6142,1.000000000000e-03,5.000000000000e-03,2000,15
6143,1.000000000000e-03,5.000000000000e-03,2000,10
6144,1.000000000000e-03,5.000000000000e-03,2000,11
6145,1.000000000000e-03,5.000000000000e-03,2000,6
6146,1.000000000000e-03,5.000000000000e-03,2000,7
6147,1.000000000000e-03,5.000000000000e-03,2000,10
6148,1.000000000000e-03,5.000000000000e-03,2000,7
6149,1.000000000000e-03,5.000000000000e-03,2000,11
6150,1.000000000000e-03,5.000000000000e-03,2000,4
6151,1.000000000000e-03,5.000000000000e-03,2000,7
6152,1.000000000000e-03,5.000000000000e-03,2000,12
6153,1.000000000000e-03,5.000000000000e-03,2000,10
6154,1.000000000000e-03,5.000000000000e-03,2000,9
6155,1.000000000000e-03,5.000000000000e-03,2000,14
6156,1.000000000000e-03,5.000000000000e-03,2000,8
6157,1.000000000000e-03,5.000000000000e-03,2000,11
6158,1.000000000000e-03,5.000000000000e-03,2000,8
6159,1.000000000000e-03,5.000000000000e-03,2000,16
6160,1.000000000000e-03,5.000000000000e-03,2000,9
6161,1.000000000000e-03,5.000000000000e-03,2000,8
6162,1.000000000000e-03,5.000000000000e-03,2000,16
6163,1.000000000000e-03,5.000000000000e-03,2000,16
6164,1.000000000000e-03,5.000000000000e-03,2000,18
6165,1.000000000000e-03,5.000000000000e-03,2000,13
6166,1.000000000000e-03,5.000000000000e-03,2000,9
6167,1.000000000000e-03,5.000000000000e-03,2000,9
6168,1.000000000000e-03,5.000000000000e-03,2000,11
6169,1.000000000000e-03,5.000000000000e-03,2000,10
6170,1.000000000000e-03,5.000000000000e-03,2000,12
6171,1.000000000000e-03,5.000000000000e-03,2000,7
6172,1.000000000000e-03,5.000000000000e-03,2000,9
6173,1.000000000000e-03,5.000000000000e-03,2000,11
6174,1.000000000000e-03,5.000000000000e-03,2000,11
6175,1.000000000000e-03,5.000000000000e-03,2000,11
6176,1.000000000000e-03,5.000000000000e-03,2000,12
6177,1.000000000000e-03,5.000000000000e-03,2000,13
6178,1.000000000000e-03,5.000000000000e-03,2000,10
6179,1.000000000000e-03,5.000000000000e-03,2000,9
6180,1.000000000000e-03,5.000000000000e-03,2000,7
6181,1.000000000000e-03,5.000000000000e-03,2000,9
6182,1.000000000000e-03,5.000000000000e-03,2000,16
6183,1.000000000000e-03,5.000000000000e-03,2000,6
6184,1.000000000000e-03,5.000000000000e-03,2000,10
6185,1.000000000000e-03,5.000000000000e-03,2000,11
6186,1.000000000000e-03,5.000000000000e-03,2000,14
6187,1.000000000000e-03,5.000000000000e-03,2000,13
6188,1.000000000000e-03,5.000000000000e-03,2000,9
6189,1.000000000000e-03,5.000000000000e-03,2000,9
6190,1.000000000000e-03,5.000000000000e-03,2000,14
6191,1.000000000000e-03,5.000000000000e-03,2000,8
6192,1.000000000000e-03,5.000000000000e-03,2000,9
6193,1.000000000000e-03,5.000000000000e-03,2000,10
6194,1.000000000000e-03,5.000000000000e-03,2000,7
6195,1.000000000000e-03,5.000000000000e-03,2000,5
6196,1.000000000000e-03,5.000000000000e-03,2000,8
6197,1.000000000000e-03,5.000000000000e-03,2000,5
6198,1.000000000000e-03,5.000000000000e-03,2000,13
6199,1.000000000000e-03,5.000000000000e-03,2000,8
6200,1.000000000000e-03,5.000000000000e-03,2000,7
6201,1.000000000000e-03,5.000000000000e-03,2000,10
6202,1.000000000000e-03,5.000000000000e-03,2000,11
6203,1.000000000000e-03,5.000000000000e-03,2000,13
6204,1.000000000000e-03,5.000000000000e-03,2000,13
6205,1.000000000000e-03,5.000000000000e-03,2000,17
6206,1.000000000000e-03,5.000000000000e-03,2000,15
6207,1.000000000000e-03,5.000000000000e-03,2000,10
6208,1.000000000000e-03,5.000000000000e-03,2000,10
6209,1.000000000000e-03,5.000000000000e-03,2000,17
6210,1.000000000000e-03,5.000000000000e-03,2000,13
6211,1.000000000000e-03,5.000000000000e-03,2000,9
6212,1.000000000000e-03,5.000000000000e-03,2000,8
6213,1.000000000000e-03,5.000000000000e-03,2000,14
6214,1.000000000000e-03,5.000000000000e-03,2000,6
6215,1.000000000000e-03,5.000000000000e-03,2000,10
6216,1.000000000000e-03,5.000000000000e-03,2000,12
6217,1.000000000000e-03,5.000000000000e-03,2000,14
6218,1.000000000000e-03,5.000000000000e-03,2000,16
6219,1.000000000000e-03,5.000000000000e-03,2000,12
6220,1.000000000000e-03,5.000000000000e-03,2000,9
6221,1.000000000000e-03,5.000000000000e-03,2000,11
6222,1.000000000000e-03,5.000000000000e-03,2000,13
6223,1.000000000000e-03,5.000000000000e-03,2000,11
6224,1.000000000000e-03,5.000000000000e-03,2000,12
6225,1.000000000000e-03,5.000000000000e-03,2000,14
6226,1.000000000000e-03,5.000000000000e-03,2000,4
6227,1.000000000000e-03,5.000000000000e-03,2000,8
6228,1.000000000000e-03,5.000000000000e-03,2000,5
6229,1.000000000000e-03,5.000000000000e-03,2000,10
6230,1.000000000000e-03,5.000000000000e-03,2000,10
6231,1.000000000000e-03,5.000000000000e-03,2000,13
6232,1.000000000000e-03,5.000000000000e-03,2000,11
6233,1.000000000000e-03,5.000000000000e-03,2000,16
6234,1.000000000000e-03,5.000000000000e-03,2000,6
6235,1.000000000000e-03,5.000000000000e-03,2000,14
6236,1.000000000000e-03,5.000000000000e-03,2000,11
6237,1.000000000000e-03,5.000000000000e-03,2000,9
6238,1.000000000000e-03,5.000000000000e-03,2000,10
6239,1.000000000000e-03,5.000000000000e-03,2000,10
6240,1.000000000000e-03,5.000000000000e-03,2000,7
6241,1.000000000000e-03,5.000000000000e-03,2000,9
6242,1.000000000000e-03,5.000000000000e-03,2000,14
6243,1.000000000000e-03,5.000000000000e-03,2000,8
6244,1.000000000000e-03,5.000000000000e-03,2000,17
6245,1.000000000000e-03,5.000000000000e-03,2000,7
6246,1.000000000000e-03,5.000000000000e-03,2000,17
6247,1.000000000000e-03,5.000000000000e-03,2000,22
6248,1.000000000000e-03,5.000000000000e-03,2000,11
6249,1.000000000000e-03,5.000000000000e-03,2000,12
6250,1.000000000000e-03,5.000000000000e-03,2000,16
6251,1.000000000000e-03,5.000000000000e-03,2000,14
6252,1.000000000000e-03,5.000000000000e-03,2000,7
6253,1.000000000000e-03,5.000000000000e-03,2000,12
6254,1.000000000000e-03,5.000000000000e-03,2000,12
6255,1.000000000000e-03,5.000000000000e-03,2000,12
6256,1.000000000000e-03,5.000000000000e-03,2000,10
6257,1.000000000000e-03,5.000000000000e-03,2000,6
6258,1.000000000000e-03,5.000000000000e-03,2000,6
6259,1.000000000000e-03,5.000000000000e-03,2000,7
6260,1.000000000000e-03,5.000000000000e-03,2000,9
6261,1.000000000000e-03,5.000000000000e-03,2000,6
6262,1.000000000000e-03,5.000000000000e-03,2000,12
6263,1.000000000000e-03,5.000000000000e-03,2000,4
6264,1.000000000000e-03,5.000000000000e-03,2000,15
6265,1.000000000000e-03,5.000000000000e-03,2000,7
6266,1.000000000000e-03,5.000000000000e-03,2000,11
6267,1.000000000000e-03,5.000000000000e-03,2000,9
6268,1.000000000000e-03,5.000000000000e-03,2000,9
6269,1.000000000000e-03,5.000000000000e-03,2000,10
6270,1.000000000000e-03,5.000000000000e-03,2000,10
6271,1.000000000000e-03,5.000000000000e-03,2000,10
6272,1.000000000000e-03,5.000000000000e-03,2000,11
6273,1.000000000000e-03,5.000000000000e-03,2000,9
6274,1.000000000000e-03,5.000000000000e-03,2000,21
6275,1.000000000000e-03,5.000000000000e-03,2000,15
6276,1.000000000000e-03,5.000000000000e-03,2000,11
6277,1.000000000000e-03,5.000000000000e-03,2000,3
6278,1.000000000000e-03,5.000000000000e-03,2000,16
6279,1.000000000000e-03,5.000000000000e-03,2000,7
6280,1.000000000000e-03,5.000000000000e-03,2000,8
6281,1.000000000000e-03,5.000000000000e-03,2000,11
6282,1.000000000000e-03,5.000000000000e-03,2000,12
6283,1.000000000000e-03,5.000000000000e-03,2000,11
6284,1.000000000000e-03,5.000000000000e-03,2000,9
6285,1.000000000000e-03,5.000000000000e-03,2000,9
6286,1.000000000000e-03,5.000000000000e-03,2000,15
6287,1.000000000000e-03,5.000000000000e-03,2000,7
6288,1.000000000000e-03,5.000000000000e-03,2000,12
6289,1.000000000000e-03,5.000000000000e-03,2000,14
6290,1.000000000000e-03,5.000000000000e-03,2000,6
6291,1.000000000000e-03,5.000000000000e-03,2000,7
6292,1.000000000000e-03,5.000000000000e-03,2000,12
6293,1.000000000000e-03,5.000000000000e-03,2000,15
6294,1.000000000000e-03,5.000000000000e-03,2000,10
6295,1.000000000000e-03,5.000000000000e-03,2000,9
6296,1.000000000000e-03,5.000000000000e-03,2000,12
6297,1.000000000000e-03,5.000000000000e-03,2000,9
6298,1.000000000000e-03,5.000000000000e-03,2000,16
6299,1.000000000000e-03,5.000000000000e-03,2000,9
6300,1.000000000000e-03,5.000000000000e-03,2000,10
6301,1.000000000000e-03,5.000000000000e-03,2000,12
6302,1.000000000000e-03,5.000000000000e-03,2000,14
6303,1.000000000000e-03,5.000000000000e-03,2000,11
6304,1.000000000000e-03,5.000000000000e-03,2000,9
6305,1.000000000000e-03,5.000000000000e-03,2000,11
6306,1.000000000000e-03,5.000000000000e-03,2000,9
6307,1.000000000000e-03,5.000000000000e-03,2000,11
6308,1.000000000000e-03,5.000000000000e-03,2000,10
6309,1.000000000000e-03,5.000000000000e-03,2000,6
6310,1.000000000000e-03,5.000000000000e-03,2000,7
6311,1.000000000000e-03,5.000000000000e-03,2000,11
6312,1.000000000000e-03,5.000000000000e-03,2000,12
6313,1.000000000000e-03,5.000000000000e-03,2000,13
6314,1.000000000000e-03,5.000000000000e-03,2000,8
6315,1.000000000000e-03,5.000000000000e-03,2000,16
6316,1.000000000000e-03,5.000000000000e-03,2000,12
6317,1.000000000000e-03,5.000000000000e-03,2000,12
6318,1.000000000000e-03,5.000000000000e-03,2000,16
6319,1.000000000000e-03,5.000000000000e-03,2000,6
6320,1.000000000000e-03,5.000000000000e-03,2000,15
6321,1.000000000000e-03,5.000000000000e-03,2000,12
6322,1.000000000000e-03,5.000000000000e-03,2000,14
6323,1.000000000000e-03,5.000000000000e-03,2000,13
6324,1.000000000000e-03,5.000000000000e-03,2000,10
6325,1.000000000000e-03,5.000000000000e-03,2000,8
6326,1.000000000000e-03,5.000000000000e-03,2000,10
6327,1.000000000000e-03,5.000000000000e-03,2000,15
6328,1.000000000000e-03,5.000000000000e-03,2000,16
6329,1.000000000000e-03,5.000000000000e-03,2000,8
6330,1.000000000000e-03,5.000000000000e-03,2000,18
6331,1.000000000000e-03,5.000000000000e-03,2000,9
6332,1.000000000000e-03,5.000000000000e-03,2000,13
6333,1.000000000000e-03,5.000000000000e-03,2000,13
6334,1.000000000000e-03,5.000000000000e-03,2000,15
6335,1.000000000000e-03,5.000000000000e-03,2000,12
6336,1.000000000000e-03,5.000000000000e-03,2000,10
6337,1.000000000000e-03,5.000000000000e-03,2000,11
6338,1.000000000000e-03,5.000000000000e-03,2000,14
6339,1.000000000000e-03,5.000000000000e-03,2000,5
6340,1.000000000000e-03,5.000000000000e-03,2000,13
6341,1.000000000000e-03,5.000000000000e-03,2000,12
6342,1.000000000000e-03,5.000000000000e-03,2000,15
6343,1.000000000000e-03,5.000000000000e-03,2000,13
6344,1.000000000000e-03,5.000000000000e-03,2000,10
6345,1.000000000000e-03,5.000000000000e-03,2000,14
6346,1.000000000000e-03,5.000000000000e-03,2000,12
6347,1.000000000000e-03,5.000000000000e-03,2000,9
6348,1.000000000000e-03,5.000000000000e-03,2000,13
6349,1.000000000000e-03,5.000000000000e-03,2000,7
6350,1.000000000000e-03,5.000000000000e-03,2000,7
6351,1.000000000000e-03,5.000000000000e-03,2000,11
6352,1.000000000000e-03,5.000000000000e-03,2000,5
6353,1.000000000000e-03,5.000000000000e-03,2000,8
6354,1.000000000000e-03,5.000000000000e-03,2000,13
6355,1.000000000000e-03,5.000000000000e-03,2000,9
6356,1.000000000000e-03,5.000000000000e-03,2000,11
6357,1.000000000000e-03,5.000000000000e-03,2000,11
6358,1.000000000000e-03,5.000000000000e-03,2000,14
6359,1.000000000000e-03,5.000000000000e-03,2000,13
6360,1.000000000000e-03,5.000000000000e-03,2000,10
6361,1.000000000000e-03,5.000000000000e-03,2000,8
6362,1.000000000000e-03,5.000000000000e-03,2000,9
6363,1.000000000000e-03,5.000000000000e-03,2000,10
6364,1.000000000000e-03,5.000000000000e-03,2000,10
6365,1.000000000000e-03,5.000000000000e-03,2000,12
6366,1.000000000000e-03,5.000000000000e-03,2000,10
6367,1.000000000000e-03,5.000000000000e-03,2000,8
6368,1.000000000000e-03,5.000000000000e-03,2000,7
6369,1.000000000000e-03,5.000000000000e-03,2000,8
6370,1.000000000000e-03,5.000000000000e-03,2000,9
6371,1.000000000000e-03,5.000000000000e-03,2000,6
6372,1.000000000000e-03,5.000000000000e-03,2000,9
6373,1.000000000000e-03,5.000000000000e-03,2000,7
6374,1.000000000000e-03,5.000000000000e-03,2000,12
6375,1.000000000000e-03,5.000000000000e-03,2000,9
6376,1.000000000000e-03,5.000000000000e-03,2000,20
6377,1.000000000000e-03,5.000000000000e-03,2000,16
6378,1.000000000000e-03,5.000000000000e-03,2000,14
6379,1.000000000000e-03,5.000000000000e-03,2000,6
6380,1.000000000000e-03,5.000000000000e-03,2000,11
6381,1.000000000000e-03,5.000000000000e-03,2000,8
6382,1.000000000000e-03,5.000000000000e-03,2000,4
6383,1.000000000000e-03,5.000000000000e-03,2000,13
6384,1.000000000000e-03,5.000000000000e-03,2000,13
6385,1.000000000000e-03,5.000000000000e-03,2000,11
6386,1.000000000000e-03,5.000000000000e-03,2000,13
6387,1.000000000000e-03,5.000000000000e-03,2000,9
6388,1.000000000000e-03,5.000000000000e-03,2000,9
6389,1.000000000000e-03,5.000000000000e-03,2000,10
6390,1.000000000000e-03,5.000000000000e-03,2000,9
6391,1.000000000000e-03,5.000000000000e-03,2000,14
6392,1.000000000000e-03,5.000000000000e-03,2000,9
6393,1.000000000000e-03,5.000000000000e-03,2000,11
6394,1.000000000000e-03,5.000000000000e-03,2000,11
6395,1.000000000000e-03,5.000000000000e-03,2000,10
6396,1.000000000000e-03,5.000000000000e-03,2000,5
6397,1.000000000000e-03,5.000000000000e-03,2000,9
6398,1.000000000000e-03,5.000000000000e-03,2000,11
6399,1.000000000000e-03,5.000000000000e-03,2000,12
6400,1.000000000000e-03,5.000000000000e-03,2000,16
6401,1.000000000000e-03,1.000000000000e-02,200,4
6402,1.000000000000e-03,1.000000000000e-02,200,0
6403,1.000000000000e-03,1.000000000000e-02,200,1
6404,1.000000000000e-03,1.000000000000e-02,200,4
6405,1.000000000000e-03,1.000000000000e-02,200,2
6406,1.000000000000e-03,1.000000000000e-02,200,0
6407,1.000000000000e-03,1.000000000000e-02,200,2
6408,1.000000000000e-03,1.000000000000e-02,200,4
6409,1.000000000000e-03,1.000000000000e-02,200,4
6410,1.000000000000e-03,1.000000000000e-02,200,0
6411,1.000000000000e-03,1.000000000000e-02,200,1
6412,1.000000000000e-03,1.000000000000e-02,200,4
6413,1.000000000000e-03,1.000000000000e-02,200,3
6414,1.000000000000e-03,1.000000000000e-02,200,3
6415,1.000000000000e-03,1.000000000000e-02,200,4
6416,1.000000000000e-03,1.000000000000e-02,200,4
6417,1.000000000000e-03,1.000000000000e-02,200,0
6418,1.000000000000e-03,1.000000000000e-02,200,4
6419,1.000000000000e-03,1.000000000000e-02,200,5
6420,1.000000000000e-03,1.000000000000e-02,200,2
6421,1.000000000000e-03,1.000000000000e-02,200,3
6422,1.000000000000e-03,1.000000000000e-02,200,5
6423,1.000000000000e-03,1.000000000000e-02,200,1
6424,1.000000000000e-03,1.000000000000e-02,200,2
6425,1.000000000000e-03,1.000000000000e-02,200,2
6426,1.000000000000e-03,1.000000000000e-02,200,4
6427,1.000000000000e-03,1.000000000000e-02,200,2
6428,1.000000000000e-03,1.000000000000e-02,200,0
6429,1.000000000000e-03,1.000000000000e-02,200,3
6430,1.000000000000e-03,1.000000000000e-02,200,0
6431,1.000000000000e-03,1.000000000000e-02,200,2
6432,1.000000000000e-03,1.000000000000e-02,200,3
6433,1.000000000000e-03,1.000000000000e-02,200,1
6434,1.000000000000e-03,1.000000000000e-02,200,0
6435,1.000000000000e-03,1.000000000000e-02,200,3
6436,1.000000000000e-03,1.000000000000e-02,200,5
6437,1.000000000000e-03,1.000000000000e-02,200,0
6438,1.000000000000e-03,1.000000000000e-02,200,1
6439,1.000000000000e-03,1.000000000000e-02,200,1
6440,1.000000000000e-03,1.000000000000e-02,200,2
6441,1.000000000000e-03,1.000000000000e-02,200,3
6442,1.000000000000e-03,1.000000000000e-02,200,2
6443,1.000000000000e-03,1.000000000000e-02,200,2
6444,1.000000000000e-03,1.000000000000e-02,200,4
6445,1.000000000000e-03,1.000000000000e-02,200,1
6446,1.000000000000e-03,1.000000000000e-02,200,2
6447,1.000000000000e-03,1.000000000000e-02,200,2
6448,1.000000000000e-03,1.000000000000e-02,200,4
6449,1.000000000000e-03,1.000000000000e-02,200,3
6450,1.000000000000e-03,1.000000000000e-02,200,1
6451,1.000000000000e-03,1.000000000000e-02,200,1
6452,1.000000000000e-03,1.000000000000e-02,200,1
6453,1.000000000000e-03,1.000000000000e-02,200,1
6454,1.000000000000e-03,1.000000000000e-02,200,0
6455,1.000000000000e-03,1.000000000000e-02,200,0
6456,1.000000000000e-03,1.000000000000e-02,200,3
6457,1.000000000000e-03,1.000000000000e-02,200,5
6458,1.000000000000e-03,1.000000000000e-02,200,4
6459,1.000000000000e-03,1.000000000000e-02,200,4
6460,1.000000000000e-03,1.000000000000e-02,200,1
6461,1.000000000000e-03,1.000000000000e-02,200,1
6462,1.000000000000e-03,1.000000000000e-02,200,5
6463,1.000000000000e-03,1.000000000000e-02,200,4
6464,1.000000000000e-03,1.000000000000e-02,200,0
6465,1.000000000000e-03,1.000000000000e-02,200,3
6466,1.000000000000e-03,1.000000000000e-02,200,0
6467,1.000000000000e-03,1.000000000000e-02,200,5
6468,1.000000000000e-03,1.000000000000e-02,200,1
6469,1.000000000000e-03,1.000000000000e-02,200,2
6470,1.000000000000e-03,1.000000000000e-02,200,4
6471,1.000000000000e-03,1.000000000000e-02,200,4
6472,1.000000000000e-03,1.000000000000e-02,200,4
6473,1.000000000000e-03,1.000000000000e-02,200,1
6474,1.000000000000e-03,1.000000000000e-02,200,1
6475,1.000000000000e-03,1.000000000000e-02,200,4
6476,1.000000000000e-03,1.000000000000e-02,200,4
6477,1.000000000000e-03,1.000000000000e-02,200,1
6478,1.000000000000e-03,1.000000000000e-02,200,3
6479,1.000000000000e-03,1.000000000000e-02,200,4
6480,1.000000000000e-03,1.000000000000e-02,200,0
6481,1.000000000000e-03,1.000000000000e-02,200,2
6482,1.000000000000e-03,1.000000000000e-02,200,1
6483,1.000000000000e-03,1.000000000000e-02,200,0
6484,1.000000000000e-03,1.000000000000e-02,200,2
6485,1.000000000000e-03,1.000000000000e-02,200,1
6486,1.000000000000e-03,1.000000000000e-02,200,0
6487,1.000000000000e-03,1.000000000000e-02,200,1
6488,1.000000000000e-03,1.000000000000e-02,200,3
6489,1.000000000000e-03,1.000000000000e-02,200,3
6490,1.000000000000e-03,1.000000000000e-02,200,1
6491,1.000000000000e-03,1.000000000000e-02,200,2
6492,1.000000000000e-03,1.000000000000e-02,200,3
6493,1.000000000000e-03,1.000000000000e-02,200,1
6494,1.000000000000e-03,1.000000000000e-02,200,2
6495,1.000000000000e-03,1.000000000000e-02,200,1
6496,1.000000000000e-03,1.000000000000e-02,200,1
6497,1.000000000000e-03,1.000000000000e-02,200,2
6498,1.000000000000e-03,1.000000000000e-02,200,2
6499,1.000000000000e-03,1.000000000000e-02,200,1
6500,1.000000000000e-03,1.000000000000e-02,200,1
6501,1.000000000000e-03,1.000000000000e-02,200,2
6502,1.000000000000e-03,1.000000000000e-02,200,0
6503,1.000000000000e-03,1.000000000000e-02,200,2
6504,1.000000000000e-03,1.000000000000e-02,200,2
6505,1.000000000000e-03,1.000000000000e-02,200,1
6506,1.000000000000e-03,1.000000000000e-02,200,0
6507,1.000000000000e-03,1.000000000000e-02,200,2
6508,1.000000000000e-03,1.000000000000e-02,200,2
6509,1.000000000000e-03,1.000000000000e-02,200,2
6510,1.000000000000e-03,1.000000000000e-02,200,2
6511,1.000000000000e-03,1.000000000000e-02,200,2
6512,1.000000000000e-03,1.000000000000e-02,200,2
6513,1.000000000000e-03,1.000000000000e-02,200,3
6514,1.000000000000e-03,1.000000000000e-02,200,2
6515,1.000000000000e-03,1.000000000000e-02,200,1
6516,1.000000000000e-03,1.000000000000e-02,200,1
6517,1.000000000000e-03,1.000000000000e-02,200,0
6518,1.000000000000e-03,1.000000000000e-02,200,1
6519,1.000000000000e-03,1.000000000000e-02,200,1
6520,1.000000000000e-03,1.000000000000e-02,200,1
6521,1.000000000000e-03,1.000000000000e-02,200,2
6522,1.000000000000e-03,1.000000000000e-02,200,1
6523,1.000000000000e-03,1.000000000000e-02,200,2
6524,1.000000000000e-03,1.000000000000e-02,200,4
6525,1.000000000000e-03,1.000000000000e-02,200,3
6526,1.000000000000e-03,1.000000000000e-02,200,3
6527,1.000000000000e-03,1.000000000000e-02,200,2
6528,1.000000000000e-03,1.000000000000e-02,200,3
6529,1.000000000000e-03,1.000000000000e-02,200,1
6530,1.000000000000e-03,1.000000000000e-02,200,0
6531,1.000000000000e-03,1.000000000000e-02,200,2
6532,1.000000000000e-03,1.000000000000e-02,200,2
6533,1.000000000000e-03,1.000000000000e-02,200,2
6534,1.000000000000e-03,1.000000000000e-02,200,3
6535,1.000000000000e-03,1.000000000000e-02,200,4
6536,1.000000000000e-03,1.000000000000e-02,200,1
6537,1.000000000000e-03,1.000000000000e-02,200,3
6538,1.000000000000e-03,1.000000000000e-02,200,3
6539,1.000000000000e-03,1.000000000000e-02,200,2
6540,1.000000000000e-03,1.000000000000e-02,200,1
6541,1.000000000000e-03,1.000000000000e-02,200,2
6542,1.000000000000e-03,1.000000000000e-02,200,4
6543,1.000000000000e-03,1.000000000000e-02,200,2
6544,1.000000000000e-03,1.000000000000e-02,200,1
6545,1.000000000000e-03,1.000000000000e-02,200,3
6546,1.000000000000e-03,1.000000000000e-02,200,2
6547,1.000000000000e-03,1.000000000000e-02,200,4
6548,1.000000000000e-03,1.000000000000e-02,200,1
6549,1.000000000000e-03,1.000000000000e-02,200,1
6550,1.000000000000e-03,1.000000000000e-02,200,0
6551,1.000000000000e-03,1.000000000000e-02,200,1
6552,1.000000000000e-03,1.000000000000e-02,200,0
6553,1.000000000000e-03,1.000000000000e-02,200,0
6554,1.000000000000e-03,1.000000000000e-02,200,0
6555,1.000000000000e-03,1.000000000000e-02,200,2
6556,1.000000000000e-03,1.000000000000e-02,200,3
6557,1.000000000000e-03,1.000000000000e-02,200,2
6558,1.000000000000e-03,1.000000000000e-02,200,3
6559,1.000000000000e-03,1.000000000000e-02,200,2
6560,1.000000000000e-03,1.000000000000e-02,200,1
6561,1.000000000000e-03,1.000000000000e-02,200,3
6562,1.000000000000e-03,1.000000000000e-02,200,3
6563,1.000000000000e-03,1.000000000000e-02,200,3
6564,1.000000000000e-03,1.000000000000e-02,200,0
6565,1.000000000000e-03,1.000000000000e-02,200,4
6566,1.000000000000e-03,1.000000000000e-02,200,2
6567,1.000000000000e-03,1.000000000000e-02,200,4
6568,1.000000000000e-03,1.000000000000e-02,200,4
6569,1.000000000000e-03,1.000000000000e-02,200,0
6570,1.000000000000e-03,1.000000000000e-02,200,2
6571,1.000000000000e-03,1.000000000000e-02,200,1
6572,1.000000000000e-03,1.000000000000e-02,200,2
6573,1.000000000000e-03,1.000000000000e-02,200,3
6574,1.000000000000e-03,1.000000000000e-02,200,4
6575,1.000000000000e-03,1.000000000000e-02,200,2
6576,1.000000000000e-03,1.000000000000e-02,200,3
6577,1.000000000000e-03,1.000000000000e-02,200,3
6578,1.000000000000e-03,1.000000000000e-02,200,2
6579,1.000000000000e-03,1.000000000000e-02,200,1
6580,1.000000000000e-03,1.000000000000e-02,200,1
6581,1.000000000000e-03,1.000000000000e-02,200,4
6582,1.000000000000e-03,1.000000000000e-02,200,3
6583,1.000000000000e-03,1.000000000000e-02,200,4
6584,1.000000000000e-03,1.000000000000e-02,200,1
6585,1.000000000000e-03,1.000000000000e-02,200,2
6586,1.000000000000e-03,1.000000000000e-02,200,5
6587,1.000000000000e-03,1.000000000000e-02,200,1
6588,1.000000000000e-03,1.000000000000e-02,200,2
6589,1.000000000000e-03,1.000000000000e-02,200,4
6590,1.000000000000e-03,1.000000000000e-02,200,2
6591,1.000000000000e-03,1.000000000000e-02,200,3
6592,1.000000000000e-03,1.000000000000e-02,200,4
6593,1.000000000000e-03,1.000000000000e-02,200,2
6594,1.000000000000e-03,1.000000000000e-02,200,2
6595,1.000000000000e-03,1.000000000000e-02,200,2
6596,1.000000000000e-03,1.000000000000e-02,200,2
6597,1.000000000000e-03,1.000000000000e-02,200,6
6598,1.000000000000e-03,1.000000000000e-02,200,1
6599,1.000000000000e-03,1.000000000000e-02,200,0
6600,1.000000000000e-03,1.000000000000e-02,200,4
6601,1.000000000000e-03,1.000000000000e-02,200,3
6602,1.000000000000e-03,1.000000000000e-02,200,1
6603,1.000000000000e-03,1.000000000000e-02,200,5
6604,1.000000000000e-03,1.000000000000e-02,200,1
6605,1.000000000000e-03,1.000000000000e-02,200,2
6606,1.000000000000e-03,1.000000000000e-02,200,1
6607,1.000000000000e-03,1.000000000000e-02,200,1
6608,1.000000000000e-03,1.000000000000e-02,200,1
6609,1.000000000000e-03,1.000000000000e-02,200,1
6610,1.000000000000e-03,1.000000000000e-02,200,1
6611,1.000000000000e-03,1.000000000000e-02,200,1
6612,1.000000000000e-03,1.000000000000e-02,200,2
6613,1.000000000000e-03,1.000000000000e-02,200,4
6614,1.000000000000e-03,1.000000000000e-02,200,2
6615,1.000000000000e-03,1.000000000000e-02,200,0
6616,1.000000000000e-03,1.000000000000e-02,200,0
6617,1.000000000000e-03,1.000000000000e-02,200,6
6618,1.000000000000e-03,1.000000000000e-02,200,1
6619,1.000000000000e-03,1.000000000000e-02,200,3
6620,1.000000000000e-03,1.000000000000e-02,200,3
6621,1.000000000000e-03,1.000000000000e-02,200,6
6622,1.000000000000e-03,1.000000000000e-02,200,4
6623,1.000000000000e-03,1.000000000000e-02,200,0
6624,1.000000000000e-03,1.000000000000e-02,200,0
6625,1.000000000000e-03,1.000000000000e-02,200,3
6626,1.000000000000e-03,1.000000000000e-02,200,1
6627,1.000000000000e-03,1.000000000000e-02,200,3
6628,1.000000000000e-03,1.000000000000e-02,200,4
6629,1.000000000000e-03,1.000000000000e-02,200,1
6630,1.000000000000e-03,1.000000000000e-02,200,2
6631,1.000000000000e-03,1.000000000000e-02,200,3
6632,1.000000000000e-03,1.000000000000e-02,200,4
6633,1.000000000000e-03,1.000000000000e-02,200,2
6634,1.000000000000e-03,1.000000000000e-02,200,1
6635,1.000000000000e-03,1.000000000000e-02,200,0
6636,1.000000000000e-03,1.000000000000e-02,200,2
6637,1.000000000000e-03,1.000000000000e-02,200,1
6638,1.000000000000e-03,1.000000000000e-02,200,1
6639,1.000000000000e-03,1.000000000000e-02,200,6
6640,1.000000000000e-03,1.000000000000e-02,200,3
6641,1.000000000000e-03,1.000000000000e-02,200,4
6642,1.000000000000e-03,1.000000000000e-02,200,1
6643,1.000000000000e-03,1.000000000000e-02,200,2
6644,1.000000000000e-03,1.000000000000e-02,200,2
6645,1.000000000000e-03,1.000000000000e-02,200,5
6646,1.000000000000e-03,1.000000000000e-02,200,3
6647,1.000000000000e-03,1.000000000000e-02,200,2
6648,1.000000000000e-03,1.000000000000e-02,200,3
6649,1.000000000000e-03,1.000000000000e-02,200,6
6650,1.000000000000e-03,1.000000000000e-02,200,2
6651,1.000000000000e-03,1.000000000000e-02,200,2
6652,1.000000000000e-03,1.000000000000e-02,200,2
6653,1.000000000000e-03,1.000000000000e-02,200,1
6654,1.000000000000e-03,1.000000000000e-02,200,0
6655,1.000000000000e-03,1.000000000000e-02,200,5
6656,1.000000000000e-03,1.000000000000e-02,200,3
6657,1.000000000000e-03,1.000000000000e-02,200,1
6658,1.000000000000e-03,1.000000000000e-02,200,2
6659,1.000000000000e-03,1.000000000000e-02,200,4
6660,1.000000000000e-03,1.000000000000e-02,200,1
6661,1.000000000000e-03,1.000000000000e-02,200,1
6662,1.000000000000e-03,1.000000000000e-02,200,5
6663,1.000000000000e-03,1.000000000000e-02,200,1
6664,1.000000000000e-03,1.000000000000e-02,200,0
6665,1.000000000000e-03,1.000000000000e-02,200,4
6666,1.000000000000e-03,1.000000000000e-02,200,1
6667,1.000000000000e-03,1.000000000000e-02,200,0
6668,1.000000000000e-03,1.000000000000e-02,200,1
6669,1.000000000000e-03,1.000000000000e-02,200,3
6670,1.000000000000e-03,1.000000000000e-02,200,0
6671,1.000000000000e-03,1.000000000000e-02,200,1
6672,1.000000000000e-03,1.000000000000e-02,200,2
6673,1.000000000000e-03,1.000000000000e-02,200,4
6674,1.000000000000e-03,1.000000000000e-02,200,2
6675,1.000000000000e-03,1.000000000000e-02,200,1
6676,1.000000000000e-03,1.000000000000e-02,200,2
6677,1.000000000000e-03,1.000000000000e-02,200,2
6678,1.000000000000e-03,1.000000000000e-02,200,2
6679,1.000000000000e-03,1.000000000000e-02,200,1
6680,1.000000000000e-03,1.000000000000e-02,200,4
6681,1.000000000000e-03,1.000000000000e-02,200,4
6682,1.000000000000e-03,1.000000000000e-02,200,4
6683,1.000000000000e-03,1.000000000000e-02,200,2
6684,1.000000000000e-03,1.000000000000e-02,200,3
6685,1.000000000000e-03,1.000000000000e-02,200,2
6686,1.000000000000e-03,1.000000000000e-02,200,2
6687,1.000000000000e-03,1.000000000000e-02,200,2
6688,1.000000000000e-03,1.000000000000e-02,200,2
6689,1.000000000000e-03,1.000000000000e-02,200,2
6690,1.000000000000e-03,1.000000000000e-02,200,1
6691,1.000000000000e-03,1.000000000000e-02,200,3
6692,1.000000000000e-03,1.000000000000e-02,200,3
6693,1.000000000000e-03,1.000000000000e-02,200,3
6694,1.000000000000e-03,1.000000000000e-02,200,2
6695,1.000000000000e-03,1.000000000000e-02,200,3
6696,1.000000000000e-03,1.000000000000e-02,200,2
6697,1.000000000000e-03,1.000000000000e-02,200,4
6698,1.000000000000e-03,1.000000000000e-02,200,3
6699,1.000000000000e-03,1.000000000000e-02,200,2
6700,1.000000000000e-03,1.000000000000e-02,200,2
6701,1.000000000000e-03,1.000000000000e-02,200,4
6702,1.000000000000e-03,1.000000000000e-02,200,2
6703,1.000000000000e-03,1.000000000000e-02,200,0
6704,1.000000000000e-03,1.000000000000e-02,200,3
6705,1.000000000000e-03,1.000000000000e-02,200,2
6706,1.000000000000e-03,1.000000000000e-02,200,2
6707,1.000000000000e-03,1.000000000000e-02,200,2
6708,1.000000000000e-03,1.000000000000e-02,200,0
6709,1.000000000000e-03,1.000000000000e-02,200,4
6710,1.000000000000e-03,1.000000000000e-02,200,8
6711,1.000000000000e-03,1.000000000000e-02,200,1
6712,1.000000000000e-03,1.000000000000e-02,200,3
6713,1.000000000000e-03,1.000000000000e-02,200,2
6714,1.000000000000e-03,1.000000000000e-02,200,2
6715,1.000000000000e-03,1.000000000000e-02,200,3
6716,1.000000000000e-03,1.000000000000e-02,200,3
6717,1.000000000000e-03,1.000000000000e-02,200,2
6718,1.000000000000e-03,1.000000000000e-02,200,4
6719,1.000000000000e-03,1.000000000000e-02,200,1
6720,1.000000000000e-03,1.000000000000e-02,200,1
6721,1.000000000000e-03,1.000000000000e-02,200,3
6722,1.000000000000e-03,1.000000000000e-02,200,5
6723,1.000000000000e-03,1.000000000000e-02,200,3
6724,1.000000000000e-03,1.000000000000e-02,200,2
6725,1.000000000000e-03,1.000000000000e-02,200,4
6726,1.000000000000e-03,1.000000000000e-02,200,1
6727,1.000000000000e-03,1.000000000000e-02,200,4
6728,1.000000000000e-03,1.000000000000e-02,200,2
6729,1.000000000000e-03,1.000000000000e-02,200,1
6730,1.000000000000e-03,1.000000000000e-02,200,2
6731,1.000000000000e-03,1.000000000000e-02,200,3
6732,1.000000000000e-03,1.000000000000e-02,200,0
6733,1.000000000000e-03,1.000000000000e-02,200,0
6734,1.000000000000e-03,1.000000000000e-02,200,3
6735,1.000000000000e-03,1.000000000000e-02,200,3
6736,1.000000000000e-03,1.000000000000e-02,200,4
6737,1.000000000000e-03,1.000000000000e-02,200,4
6738,1.000000000000e-03,1.000000000000e-02,200,5
6739,1.000000000000e-03,1.000000000000e-02,200,2
6740,1.000000000000e-03,1.000000000000e-02,200,5
6741,1.000000000000e-03,1.000000000000e-02,200,2
6742,1.000000000000e-03,1.000000000000e-02,200,2
6743,1.000000000000e-03,1.000000000000e-02,200,3
6744,1.000000000000e-03,1.000000000000e-02,200,3
6745,1.000000000000e-03,1.000000000000e-02,200,3
6746,1.000000000000e-03,1.000000000000e-02,200,3
6747,1.000000000000e-03,1.000000000000e-02,200,2
6748,1.000000000000e-03,1.000000000000e-02,200,1
6749,1.000000000000e-03,1.000000000000e-02,200,4
6750,1.000000000000e-03,1.000000000000e-02,200,2
6751,1.000000000000e-03,1.000000000000e-02,200,2
6752,1.000000000000e-03,1.000000000000e-02,200,1
6753,1.000000000000e-03,1.000000000000e-02,200,3
6754,1.000000000000e-03,1.000000000000e-02,200,3
6755,1.000000000000e-03,1.000000000000e-02,200,3
6756,1.000000000000e-03,1.000000000000e-02,200,2
6757,1.000000000000e-03,1.000000000000e-02,200,1
6758,1.000000000000e-03,1.000000000000e-02,200,1
6759,1.000000000000e-03,1.000000000000e-02,200,2
6760,1.000000000000e-03,1.000000000000e-02,200,2
6761,1.000000000000e-03,1.000000000000e-02,200,1
6762,1.000000000000e-03,1.000000000000e-02,200,1
6763,1.000000000000e-03,1.000000000000e-02,200,0
6764,1.000000000000e-03,1.000000000000e-02,200,2
6765,1.000000000000e-03,1.000000000000e-02,200,2
6766,1.000000000000e-03,1.000000000000e-02,200,2
6767,1.000000000000e-03,1.000000000000e-02,200,0
6768,1.000000000000e-03,1.000000000000e-02,200,2
6769,1.000000000000e-03,1.000000000000e-02,200,2
6770,1.000000000000e-03,1.000000000000e-02,200,2
6771,1.000000000000e-03,1.000000000000e-02,200,3
6772,1.000000000000e-03,1.000000000000e-02,200,2
6773,1.000000000000e-03,1.000000000000e-02,200,0
6774,1.000000000000e-03,1.000000000000e-02,200,1
6775,1.000000000000e-03,1.000000000000e-02,200,5
6776,1.000000000000e-03,1.000000000000e-02,200,0
6777,1.000000000000e-03,1.000000000000e-02,200,1
6778,1.000000000000e-03,1.000000000000e-02,200,5
6779,1.000000000000e-03,1.000000000000e-02,200,2
6780,1.000000000000e-03,1.000000000000e-02,200,1
6781,1.000000000000e-03,1.000000000000e-02,200,2
6782,1.000000000000e-03,1.000000000000e-02,200,0
6783,1.000000000000e-03,1.000000000000e-02,200,7
6784,1.000000000000e-03,1.000000000000e-02,200,3
6785,1.000000000000e-03,1.000000000000e-02,200,2
6786,1.000000000000e-03,1.000000000000e-02,200,1
6787,1.000000000000e-03,1.000000000000e-02,200,2
6788,1.000000000000e-03,1.000000000000e-02,200,2
6789,1.000000000000e-03,1.000000000000e-02,200,1
6790,1.000000000000e-03,1.000000000000e-02,200,4
6791,1.000000000000e-03,1.000000000000e-02,200,5
6792,1.000000000000e-03,1.000000000000e-02,200,3
6793,1.000000000000e-03,1.000000000000e-02,200,1
6794,1.000000000000e-03,1.000000000000e-02,200,0
6795,1.000000000000e-03,1.000000000000e-02,200,1
6796,1.000000000000e-03,1.000000000000e-02,200,1
6797,1.000000000000e-03,1.000000000000e-02,200,3
6798,1.000000000000e-03,1.000000000000e-02,200,4
6799,1.000000000000e-03,1.000000000000e-02,200,1
6800,1.000000000000e-03,1.000000000000e-02,200,1
6801,1.000000000000e-03,1.000000000000e-02,500,4
6802,1.000000000000e-03,1.000000000000e-02,500,3
6803,1.000000000000e-03,1.000000000000e-02,500,1
6804,1.000000000000e-03,1.000000000000e-02,500,6
6805,1.000000000000e-03,1.000000000000e-02,500,6
6806,1.000000000000e-03,1.000000000000e-02,500,4
6807,1.000000000000e-03,1.000000000000e-02,500,5
6808,1.000000000000e-03,1.000000000000e-02,500,9
6809,1.000000000000e-03,1.000000000000e-02,500,8
6810,1.000000000000e-03,1.000000000000e-02,500,2
6811,1.000000000000e-03,1.000000000000e-02,500,9
6812,1.000000000000e-03,1.000000000000e-02,500,6
6813,1.000000000000e-03,1.000000000000e-02,500,7
6814,1.000000000000e-03,1.000000000000e-02,500,5
6815,1.000000000000e-03,1.000000000000e-02,500,4
6816,1.000000000000e-03,1.000000000000e-02,500,3
6817,1.000000000000e-03,1.000000000000e-02,500,5
6818,1.000000000000e-03,1.000000000000e-02,500,3
6819,1.000000000000e-03,1.000000000000e-02,500,4
6820,1.000000000000e-03,1.000000000000e-02,500,5
6821,1.000000000000e-03,1.000000000000e-02,500,7
6822,1.000000000000e-03,1.000000000000e-02,500,5
6823,1.000000000000e-03,1.000000000000e-02,500,7
6824,1.000000000000e-03,1.000000000000e-02,500,7
6825,1.000000000000e-03,1.000000000000e-02,500,3
6826,1.000000000000e-03,1.000000000000e-02,500,5
6827,1.000000000000e-03,1.000000000000e-02,500,8
6828,1.000000000000e-03,1.000000000000e-02,500,8
6829,1.000000000000e-03,1.000000000000e-02,500,8
6830,1.000000000000e-03,1.000000000000e-02,500,3
6831,1.000000000000e-03,1.000000000000e-02,500,5
6832,1.000000000000e-03,1.000000000000e-02,500,4
6833,1.000000000000e-03,1.000000000000e-02,500,5
6834,1.000000000000e-03,1.000000000000e-02,500,6
6835,1.000000000000e-03,1.000000000000e-02,500,3
6836,1.000000000000e-03,1.000000000000e-02,500,4
6837,1.000000000000e-03,1.000000000000e-02,500,6
6838,1.000000000000e-03,1.000000000000e-02,500,7
6839,1.000000000000e-03,1.000000000000e-02,500,1
6840,1.000000000000e-03,1.000000000000e-02,500,2
6841,1.000000000000e-03,1.000000000000e-02,500,3
6842,1.000000000000e-03,1.000000000000e-02,500,1
6843,1.000000000000e-03,1.000000000000e-02,500,6
6844,1.000000000000e-03,1.000000000000e-02,500,4
6845,1.000000000000e-03,1.000000000000e-02,500,3
6846,1.000000000000e-03,1.000000000000e-02,500,5
6847,1.000000000000e-03,1.000000000000e-02,500,3
6848,1.000000000000e-03,1.000000000000e-02,500,2
6849,1.000000000000e-03,1.000000000000e-02,500,3
6850,1.000000000000e-03,1.000000000000e-02,500,7
6851,1.000000000000e-03,1.000000000000e-02,500,6
6852,1.000000000000e-03,1.000000000000e-02,500,9
6853,1.000000000000e-03,1.000000000000e-02,500,3
6854,1.000000000000e-03,1.000000000000e-02,500,5
6855,1.000000000000e-03,1.000000000000e-02,500,6
6856,1.000000000000e-03,1.000000000000e-02,500,6
6857,1.000000000000e-03,1.000000000000e-02,500,8
6858,1.000000000000e-03,1.000000000000e-02,500,4
6859,1.000000000000e-03,1.000000000000e-02,500,4
6860,1.000000000000e-03,1.000000000000e-02,500,5
6861,1.000000000000e-03,1.000000000000e-02,500,7
6862,1.000000000000e-03,1.000000000000e-02,500,9
6863,1.000000000000e-03,1.000000000000e-02,500,5
6864,1.000000000000e-03,1.000000000000e-02,500,6
6865,1.000000000000e-03,1.000000000000e-02,500,3
6866,1.000000000000e-03,1.000000000000e-02,500,9
6867,1.000000000000e-03,1.000000000000e-02,500,6
6868,1.000000000000e-03,1.000000000000e-02,500,8
6869,1.000000000000e-03,1.000000000000e-02,500,4
6870,1.000000000000e-03,1.000000000000e-02,500,4
6871,1.000000000000e-03,1.000000000000e-02,500,5
6872,1.000000000000e-03,1.000000000000e-02,500,3
6873,1.000000000000e-03,1.000000000000e-02,500,3
6874,1.000000000000e-03,1.000000000000e-02,500,7
6875,1.000000000000e-03,1.000000000000e-02,500,6
6876,1.000000000000e-03,1.000000000000e-02,500,2
6877,1.000000000000e-03,1.000000000000e-02,500,7
6878,1.000000000000e-03,1.000000000000e-02,500,6
6879,1.000000000000e-03,1.000000000000e-02,500,8
6880,1.000000000000e-03,1.000000000000e-02,500,1
6881,1.000000000000e-03,1.000000000000e-02,500,7
6882,1.000000000000e-03,1.000000000000e-02,500,7
6883,1.000000000000e-03,1.000000000000e-02,500,6
6884,1.000000000000e-03,1.000000000000e-02,500,4
6885,1.000000000000e-03,1.000000000000e-02,500,8
6886,1.000000000000e-03,1.000000000000e-02,500,2
6887,1.000000000000e-03,1.000000000000e-02,500,6
6888,1.000000000000e-03,1.000000000000e-02,500,7
6889,1.000000000000e-03,1.000000000000e-02,500,4
6890,1.000000000000e-03,1.000000000000e-02,500,6
6891,1.000000000000e-03,1.000000000000e-02,500,2
6892,1.000000000000e-03,1.000000000000e-02,500,4
6893,1.000000000000e-03,1.000000000000e-02,500,8
6894,1.000000000000e-03,1.000000000000e-02,500,4
6895,1.000000000000e-03,1.000000000000e-02,500,7
6896,1.000000000000e-03,1.000000000000e-02,500,5
6897,1.000000000000e-03,1.000000000000e-02,500,11
6898,1.000000000000e-03,1.000000000000e-02,500,5
6899,1.000000000000e-03,1.000000000000e-02,500,4
6900,1.000000000000e-03,1.000000000000e-02,500,0
6901,1.000000000000e-03,1.000000000000e-02,500,7
6902,1.000000000000e-03,1.000000000000e-02,500,7
6903,1.000000000000e-03,1.000000000000e-02,500,4
6904,1.000000000000e-03,1.000000000000e-02,500,3
6905,1.000000000000e-03,1.000000000000e-02,500,2
6906,1.000000000000e-03,1.000000000000e-02,500,5
6907,1.000000000000e-03,1.000000000000e-02,500,5
6908,1.000000000000e-03,1.000000000000e-02,500,4
6909,1.000000000000e-03,1.000000000000e-02,500,5
6910,1.000000000000e-03,1.000000000000e-02,500,1
6911,1.000000000000e-03,1.000000000000e-02,500,6
6912,1.000000000000e-03,1.000000000000e-02,500,5
6913,1.000000000000e-03,1.000000000000e-02,500,6
6914,1.000000000000e-03,1.000000000000e-02,500,4
6915,1.000000000000e-03,1.000000000000e-02,500,5
6916,1.000000000000e-03,1.000000000000e-02,500,6
6917,1.000000000000e-03,1.000000000000e-02,500,1
6918,1.000000000000e-03,1.000000000000e-02,500,2
6919,1.000000000000e-03,1.000000000000e-02,500,4
6920,1.000000000000e-03,1.000000000000e-02,500,5
6921,1.000000000000e-03,1.000000000000e-02,500,7
6922,1.000000000000e-03,1.000000000000e-02,500,4
6923,1.000000000000e-03,1.000000000000e-02,500,4
6924,1.000000000000e-03,1.000000000000e-02,500,4
6925,1.000000000000e-03,1.000000000000e-02,500,6
6926,1.000000000000e-03,1.000000000000e-02,500,6
6927,1.000000000000e-03,1.000000000000e-02,500,5
6928,1.000000000000e-03,1.000000000000e-02,500,6
6929,1.000000000000e-03,1.000000000000e-02,500,7
6930,1.000000000000e-03,1.000000000000e-02,500,6
6931,1.000000000000e-03,1.000000000000e-02,500,9
6932,1.000000000000e-03,1.000000000000e-02,500,8
6933,1.000000000000e-03,1.000000000000e-02,500,4
6934,1.000000000000e-03,1.000000000000e-02,500,3
6935,1.000000000000e-03,1.000000000000e-02,500,3
6936,1.000000000000e-03,1.000000000000e-02,500,5
6937,1.000000000000e-03,1.000000000000e-02,500,1
6938,1.000000000000e-03,1.000000000000e-02,500,2
6939,1.000000000000e-03,1.000000000000e-02,500,4
6940,1.000000000000e-03,1.000000000000e-02,500,3
6941,1.000000000000e-03,1.000000000000e-02,500,3
6942,1.000000000000e-03,1.000000000000e-02,500,7
6943,1.000000000000e-03,1.000000000000e-02,500,8
6944,1.000000000000e-03,1.000000000000e-02,500,11
6945,1.000000000000e-03,1.000000000000e-02,500,5
6946,1.000000000000e-03,1.000000000000e-02,500,4
6947,1.000000000000e-03,1.000000000000e-02,500,3
6948,1.000000000000e-03,1.000000000000e-02,500,4
6949,1.000000000000e-03,1.000000000000e-02,500,10
6950,1.000000000000e-03,1.000000000000e-02,500,4
6951,1.000000000000e-03,1.000000000000e-02,500,5
6952,1.000000000000e-03,1.000000000000e-02,500,6
6953,1.000000000000e-03,1.000000000000e-02,500,5
6954,1.000000000000e-03,1.000000000000e-02,500,5
6955,1.000000000000e-03,1.000000000000e-02,500,4
6956,1.000000000000e-03,1.000000000000e-02,500,3
6957,1.000000000000e-03,1.000000000000e-02,500,7
6958,1.000000000000e-03,1.000000000000e-02,500,2
6959,1.000000000000e-03,1.000000000000e-02,500,5
6960,1.000000000000e-03,1.000000000000e-02,500,7
6961,1.000000000000e-03,1.000000000000e-02,500,3
6962,1.000000000000e-03,1.000000000000e-02,500,3
6963,1.000000000000e-03,1.000000000000e-02,500,5
6964,1.000000000000e-03,1.000000000000e-02,500,5
6965,1.000000000000e-03,1.000000000000e-02,500,2
6966,1.000000000000e-03,1.000000000000e-02,500,6
6967,1.000000000000e-03,1.000000000000e-02,500,2
6968,1.000000000000e-03,1.000000000000e-02,500,6
6969,1.000000000000e-03,1.000000000000e-02,500,4
6970,1.000000000000e-03,1.000000000000e-02,500,7
6971,1.000000000000e-03,1.000000000000e-02,500,4
6972,1.000000000000e-03,1.000000000000e-02,500,5
6973,1.000000000000e-03,1.000000000000e-02,500,4
6974,1.000000000000e-03,1.000000000000e-02,500,6
6975,1.000000000000e-03,1.000000000000e-02,500,7
6976,1.000000000000e-03,1.000000000000e-02,500,7
6977,1.000000000000e-03,1.000000000000e-02,500,7
6978,1.000000000000e-03,1.000000000000e-02,500,6
6979,1.000000000000e-03,1.000000000000e-02,500,2
6980,1.000000000000e-03,1.000000000000e-02,500,5
6981,1.000000000000e-03,1.000000000000e-02,500,7
6982,1.000000000000e-03,1.000000000000e-02,500,8
6983,1.000000000000e-03,1.000000000000e-02,500,4
6984,1.000000000000e-03,1.000000000000e-02,500,2
6985,1.000000000000e-03,1.000000000000e-02,500,10
6986,1.000000000000e-03,1.000000000000e-02,500,9
6987,1.000000000000e-03,1.000000000000e-02,500,3
6988,1.000000000000e-03,1.000000000000e-02,500,1
6989,1.000000000000e-03,1.000000000000e-02,500,5
6990,1.000000000000e-03,1.000000000000e-02,500,5
6991,1.000000000000e-03,1.000000000000e-02,500,3
6992,1.000000000000e-03,1.000000000000e-02,500,3
6993,1.000000000000e-03,1.000000000000e-02,500,7
6994,1.000000000000e-03,1.000000000000e-02,500,4
6995,1.000000000000e-03,1.000000000000e-02,500,4
6996,1.000000000000e-03,1.000000000000e-02,500,7
6997,1.000000000000e-03,1.000000000000e-02,500,7
6998,1.000000000000e-03,1.000000000000e-02,500,7
6999,1.000000000000e-03,1.000000000000e-02,500,8
7000,1.000000000000e-03,1.000000000000e-02,500,6
7001,1.000000000000e-03,1.000000000000e-02,500,5
7002,1.000000000000e-03,1.000000000000e-02,500,4
7003,1.000000000000e-03,1.000000000000e-02,500,7
7004,1.000000000000e-03,1.000000000000e-02,500,5
7005,1.000000000000e-03,1.000000000000e-02,500,8
7006,1.000000000000e-03,1.000000000000e-02,500,3
7007,1.000000000000e-03,1.000000000000e-02,500,1
7008,1.000000000000e-03,1.000000000000e-02,500,5
7009,1.000000000000e-03,1.000000000000e-02,500,9
7010,1.000000000000e-03,1.000000000000e-02,500,5
7011,1.000000000000e-03,1.000000000000e-02,500,5
7012,1.000000000000e-03,1.000000000000e-02,500,7
7013,1.000000000000e-03,1.000000000000e-02,500,6
7014,1.000000000000e-03,1.000000000000e-02,500,6
7015,1.000000000000e-03,1.000000000000e-02,500,8
7016,1.000000000000e-03,1.000000000000e-02,500,9
7017,1.000000000000e-03,1.000000000000e-02,500,4
7018,1.000000000000e-03,1.000000000000e-02,500,1
7019,1.000000000000e-03,1.000000000000e-02,500,11
7020,1.000000000000e-03,1.000000000000e-02,500,6
7021,1.000000000000e-03,1.000000000000e-02,500,5
7022,1.000000000000e-03,1.000000000000e-02,500,4
7023,1.000000000000e-03,1.000000000000e-02,500,2
7024,1.000000000000e-03,1.000000000000e-02,500,6
7025,1.000000000000e-03,1.000000000000e-02,500,4
7026,1.000000000000e-03,1.000000000000e-02,500,12
7027,1.000000000000e-03,1.000000000000e-02,500,9
7028,1.000000000000e-03,1.000000000000e-02,500,4
7029,1.000000000000e-03,1.000000000000e-02,500,7
7030,1.000000000000e-03,1.000000000000e-02,500,5
7031,1.000000000000e-03,1.000000000000e-02,500,7
7032,1.000000000000e-03,1.000000000000e-02,500,4
7033,1.000000000000e-03,1.000000000000e-02,500,5
7034,1.000000000000e-03,1.000000000000e-02,500,2
7035,1.000000000000e-03,1.000000000000e-02,500,10
7036,1.000000000000e-03,1.000000000000e-02,500,6
7037,1.000000000000e-03,1.000000000000e-02,500,4
7038,1.000000000000e-03,1.000000000000e-02,500,5
7039,1.000000000000e-03,1.000000000000e-02,500,7
7040,1.000000000000e-03,1.000000000000e-02,500,3
7041,1.000000000000e-03,1.000000000000e-02,500,2
7042,1.000000000000e-03,1.000000000000e-02,500,6
7043,1.000000000000e-03,1.000000000000e-02,500,8
7044,1.000000000000e-03,1.000000000000e-02,500,8
7045,1.000000000000e-03,1.000000000000e-02,500,5
7046,1.000000000000e-03,1.000000000000e-02,500,9
7047,1.000000000000e-03,1.000000000000e-02,500,5
7048,1.000000000000e-03,1.000000000000e-02,500,4
7049,1.000000000000e-03,1.000000000000e-02,500,4
7050,1.000000000000e-03,1.000000000000e-02,500,5
7051,1.000000000000e-03,1.000000000000e-02,500,5
7052,1.000000000000e-03,1.000000000000e-02,500,9
7053,1.000000000000e-03,1.000000000000e-02,500,6
7054,1.000000000000e-03,1.000000000000e-02,500,8
7055,1.000000000000e-03,1.000000000000e-02,500,7
7056,1.000000000000e-03,1.000000000000e-02,500,7
7057,1.000000000000e-03,1.000000000000e-02,500,3
7058,1.000000000000e-03,1.000000000000e-02,500,4
7059,1.000000000000e-03,1.000000000000e-02,500,2
7060,1.000000000000e-03,1.000000000000e-02,500,6
7061,1.000000000000e-03,1.000000000000e-02,500,1
7062,1.000000000000e-03,1.000000000000e-02,500,5
7063,1.000000000000e-03,1.000000000000e-02,500,4
7064,1.000000000000e-03,1.000000000000e-02,500,3
7065,1.000000000000e-03,1.000000000000e-02,500,8
7066,1.000000000000e-03,1.000000000000e-02,500,2
7067,1.000000000000e-03,1.000000000000e-02,500,3
7068,1.000000000000e-03,1.000000000000e-02,500,6
7069,1.000000000000e-03,1.000000000000e-02,500,7
7070,1.000000000000e-03,1.000000000000e-02,500,3
7071,1.000000000000e-03,1.000000000000e-02,500,3
7072,1.000000000000e-03,1.000000000000e-02,500,4
7073,1.000000000000e-03,1.000000000000e-02,500,10
7074,1.000000000000e-03,1.000000000000e-02,500,3
7075,1.000000000000e-03,1.000000000000e-02,500,8
7076,1.000000000000e-03,1.000000000000e-02,500,5
7077,1.000000000000e-03,1.000000000000e-02,500,7
7078,1.000000000000e-03,1.000000000000e-02,500,5
7079,1.000000000000e-03,1.000000000000e-02,500,7
7080,1.000000000000e-03,1.000000000000e-02,500,9
7081,1.000000000000e-03,1.000000000000e-02,500,6
7082,1.000000000000e-03,1.000000000000e-02,500,5
7083,1.000000000000e-03,1.000000000000e-02,500,3
7084,1.000000000000e-03,1.000000000000e-02,500,6
7085,1.000000000000e-03,1.000000000000e-02,500,9
7086,1.000000000000e-03,1.000000000000e-02,500,3
7087,1.000000000000e-03,1.000000000000e-02,500,6
7088,1.000000000000e-03,1.000000000000e-02,500,7
7089,1.000000000000e-03,1.000000000000e-02,500,3
7090,1.000000000000e-03,1.000000000000e-02,500,7
7091,1.000000000000e-03,1.000000000000e-02,500,3
7092,1.000000000000e-03,1.000000000000e-02,500,1
7093,1.000000000000e-03,1.000000000000e-02,500,5
7094,1.000000000000e-03,1.000000000000e-02,500,7
7095,1.000000000000e-03,1.000000000000e-02,500,5
7096,1.000000000000e-03,1.000000000000e-02,500,9
7097,1.000000000000e-03,1.000000000000e-02,500,2
7098,1.000000000000e-03,1.000000000000e-02,500,3
7099,1.000000000000e-03,1.000000000000e-02,500,9
7100,1.000000000000e-03,1.000000000000e-02,500,1
7101,1.000000000000e-03,1.000000000000e-02,500,3
7102,1.000000000000e-03,1.000000000000e-02,500,10
7103,1.000000000000e-03,1.000000000000e-02,500,5
7104,1.000000000000e-03,1.000000000000e-02,500,4
7105,1.000000000000e-03,1.000000000000e-02,500,4
7106,1.000000000000e-03,1.000000000000e-02,500,6
7107,1.000000000000e-03,1.000000000000e-02,500,3
7108,1.000000000000e-03,1.000000000000e-02,500,3
7109,1.000000000000e-03,1.000000000000e-02,500,0
7110,1.000000000000e-03,1.000000000000e-02,500,8
7111,1.000000000000e-03,1.000000000000e-02,500,5
7112,1.000000000000e-03,1.000000000000e-02,500,5
7113,1.000000000000e-03,1.000000000000e-02,500,2
7114,1.000000000000e-03,1.000000000000e-02,500,5
7115,1.000000000000e-03,1.000000000000e-02,500,5
7116,1.000000000000e-03,1.000000000000e-02,500,4
7117,1.000000000000e-03,1.000000000000e-02,500,7
7118,1.000000000000e-03,1.000000000000e-02,500,4
7119,1.000000000000e-03,1.000000000000e-02,500,3
7120,1.000000000000e-03,1.000000000000e-02,500,2
7121,1.000000000000e-03,1.000000000000e-02,500,8
7122,1.000000000000e-03,1.000000000000e-02,500,3
7123,1.000000000000e-03,1.000000000000e-02,500,8
7124,1.000000000000e-03,1.000000000000e-02,500,4
7125,1.000000000000e-03,1.000000000000e-02,500,7
7126,1.000000000000e-03,1.000000000000e-02,500,7
7127,1.000000000000e-03,1.000000000000e-02,500,2
7128,1.000000000000e-03,1.000000000000e-02,500,3
7129,1.000000000000e-03,1.000000000000e-02,500,6
7130,1.000000000000e-03,1.000000000000e-02,500,6
7131,1.000000000000e-03,1.000000000000e-02,500,3
7132,1.000000000000e-03,1.000000000000e-02,500,6
7133,1.000000000000e-03,1.000000000000e-02,500,5
7134,1.000000000000e-03,1.000000000000e-02,500,4
7135,1.000000000000e-03,1.000000000000e-02,500,3
7136,1.000000000000e-03,1.000000000000e-02,500,6
7137,1.000000000000e-03,1.000000000000e-02,500,7
7138,1.000000000000e-03,1.000000000000e-02,500,4
7139,1.000000000000e-03,1.000000000000e-02,500,10
7140,1.000000000000e-03,1.000000000000e-02,500,5
7141,1.000000000000e-03,1.000000000000e-02,500,7
7142,1.000000000000e-03,1.000000000000e-02,500,7
7143,1.000000000000e-03,1.000000000000e-02,500,2
7144,1.000000000000e-03,1.000000000000e-02,500,4
7145,1.000000000000e-03,1.000000000000e-02,500,5
7146,1.000000000000e-03,1.000000000000e-02,500,2
7147,1.000000000000e-03,1.000000000000e-02,500,6
7148,1.000000000000e-03,1.000000000000e-02,500,5
7149,1.000000000000e-03,1.000000000000e-02,500,3
7150,1.000000000000e-03,1.000000000000e-02,500,3
7151,1.000000000000e-03,1.000000000000e-02,500,5
7152,1.000000000000e-03,1.000000000000e-02,500,5
7153,1.000000000000e-03,1.000000000000e-02,500,6
7154,1.000000000000e-03,1.000000000000e-02,500,8
7155,1.000000000000e-03,1.000000000000e-02,500,3
7156,1.000000000000e-03,1.000000000000e-02,500,5
7157,1.000000000000e-03,1.000000000000e-02,500,6
7158,1.000000000000e-03,1.000000000000e-02,500,6
7159,1.000000000000e-03,1.000000000000e-02,500,5
7160,1.000000000000e-03,1.000000000000e-02,500,5
7161,1.000000000000e-03,1.000000000000e-02,500,2
7162,1.000000000000e-03,1.000000000000e-02,500,2
7163,1.000000000000e-03,1.000000000000e-02,500,5
7164,1.000000000000e-03,1.000000000000e-02,500,7
7165,1.000000000000e-03,1.000000000000e-02,500,4
7166,1.000000000000e-03,1.000000000000e-02,500,7
7167,1.000000000000e-03,1.000000000000e-02,500,8
7168,1.000000000000e-03,1.000000000000e-02,500,6
7169,1.000000000000e-03,1.000000000000e-02,500,6
7170,1.000000000000e-03,1.000000000000e-02,500,4
7171,1.000000000000e-03,1.000000000000e-02,500,5
7172,1.000000000000e-03,1.000000000000e-02,500,3
7173,1.000000000000e-03,1.000000000000e-02,500,8
7174,1.000000000000e-03,1.000000000000e-02,500,3
7175,1.000000000000e-03,1.000000000000e-02,500,6
7176,1.000000000000e-03,1.000000000000e-02,500,4
7177,1.000000000000e-03,1.000000000000e-02,500,7
7178,1.000000000000e-03,1.000000000000e-02,500,5
7179,1.000000000000e-03,1.000000000000e-02,500,8
7180,1.000000000000e-03,1.000000000000e-02,500,3
7181,1.000000000000e-03,1.000000000000e-02,500,7
7182,1.000000000000e-03,1.000000000000e-02,500,3
7183,1.000000000000e-03,1.000000000000e-02,500,4
7184,1.000000000000e-03,1.000000000000e-02,500,8
7185,1.000000000000e-03,1.000000000000e-02,500,8
7186,1.000000000000e-03,1.000000000000e-02,500,5
7187,1.000000000000e-03,1.000000000000e-02,500,10
7188,1.000000000000e-03,1.000000000000e-02,500,7
7189,1.000000000000e-03,1.000000000000e-02,500,8
7190,1.000000000000e-03,1.000000000000e-02,500,6
7191,1.000000000000e-03,1.000000000000e-02,500,5
7192,1.000000000000e-03,1.000000000000e-02,500,4
7193,1.000000000000e-03,1.000000000000e-02,500,5
7194,1.000000000000e-03,1.000000000000e-02,500,3
7195,1.000000000000e-03,1.000000000000e-02,500,6
7196,1.000000000000e-03,1.000000000000e-02,500,4
7197,1.000000000000e-03,1.000000000000e-02,500,6
7198,1.000000000000e-03,1.000000000000e-02,500,4
7199,1.000000000000e-03,1.000000000000e-02,500,4
7200,1.000000000000e-03,1.000000000000e-02,500,4
7201,1.000000000000e-03,1.000000000000e-02,1000,5
7202,1.000000000000e-03,1.000000000000e-02,1000,7
7203,1.000000000000e-03,1.000000000000e-02,1000,11
7204,1.000000000000e-03,1.000000000000e-02,1000,3
7205,1.000000000000e-03,1.000000000000e-02,1000,7
7206,1.000000000000e-03,1.000000000000e-02,1000,12
7207,1.000000000000e-03,1.000000000000e-02,1000,13
7208,1.000000000000e-03,1.000000000000e-02,1000,5
7209,1.000000000000e-03,1.000000000000e-02,1000,12
7210,1.000000000000e-03,1.000000000000e-02,1000,11
7211,1.000000000000e-03,1.000000000000e-02,1000,15
7212,1.000000000000e-03,1.000000000000e-02,1000,8
7213,1.000000000000e-03,1.000000000000e-02,1000,13
7214,1.000000000000e-03,1.000000000000e-02,1000,10
7215,1.000000000000e-03,1.000000000000e-02,1000,17
7216,1.000000000000e-03,1.000000000000e-02,1000,19
7217,1.000000000000e-03,1.000000000000e-02,1000,8
7218,1.000000000000e-03,1.000000000000e-02,1000,11
7219,1.000000000000e-03,1.000000000000e-02,1000,6
7220,1.000000000000e-03,1.000000000000e-02,1000,11
7221,1.000000000000e-03,1.000000000000e-02,1000,8
7222,1.000000000000e-03,1.000000000000e-02,1000,10
7223,1.000000000000e-03,1.000000000000e-02,1000,4
7224,1.000000000000e-03,1.000000000000e-02,1000,13
7225,1.000000000000e-03,1.000000000000e-02,1000,9
7226,1.000000000000e-03,1.000000000000e-02,1000,9
7227,1.000000000000e-03,1.000000000000e-02,1000,15
7228,1.000000000000e-03,1.000000000000e-02,1000,16
7229,1.000000000000e-03,1.000000000000e-02,1000,8
7230,1.000000000000e-03,1.000000000000e-02,1000,11
7231,1.000000000000e-03,1.000000000000e-02,1000,6
7232,1.000000000000e-03,1.000000000000e-02,1000,13
7233,1.000000000000e-03,1.000000000000e-02,1000,15
7234,1.000000000000e-03,1.000000000000e-02,1000,6
7235,1.000000000000e-03,1.000000000000e-02,1000,9
7236,1.000000000000e-03,1.000000000000e-02,1000,13
7237,1.000000000000e-03,1.000000000000e-02,1000,14
7238,1.000000000000e-03,1.000000000000e-02,1000,6
7239,1.000000000000e-03,1.000000000000e-02,1000,12
7240,1.000000000000e-03,1.000000000000e-02,1000,9
7241,1.000000000000e-03,1.000000000000e-02,1000,6
7242,1.000000000000e-03,1.000000000000e-02,1000,12
7243,1.000000000000e-03,1.000000000000e-02,1000,9
7244,1.000000000000e-03,1.000000000000e-02,1000,10
7245,1.000000000000e-03,1.000000000000e-02,1000,9
7246,1.000000000000e-03,1.000000000000e-02,1000,14
7247,1.000000000000e-03,1.000000000000e-02,1000,6
7248,1.000000000000e-03,1.000000000000e-02,1000,11
7249,1.000000000000e-03,1.000000000000e-02,1000,11
7250,1.000000000000e-03,1.000000000000e-02,1000,10
7251,1.000000000000e-03,1.000000000000e-02,1000,11
7252,1.000000000000e-03,1.000000000000e-02,1000,11
7253,1.000000000000e-03,1.000000000000e-02,1000,8
7254,1.000000000000e-03,1.000000000000e-02,1000,12
7255,1.000000000000e-03,1.000000000000e-02,1000,11
7256,1.000000000000e-03,1.000000000000e-02,1000,8
7257,1.000000000000e-03,1.000000000000e-02,1000,9
7258,1.000000000000e-03,1.000000000000e-02,1000,11
7259,1.000000000000e-03,1.000000000000e-02,1000,11
7260,1.000000000000e-03,1.000000000000e-02,1000,11
7261,1.000000000000e-03,1.000000000000e-02,1000,11
7262,1.000000000000e-03,1.000000000000e-02,1000,15
7263,1.000000000000e-03,1.000000000000e-02,1000,6
7264,1.000000000000e-03,1.000000000000e-02,1000,17
7265,1.000000000000e-03,1.000000000000e-02,1000,15
7266,1.000000000000e-03,1.000000000000e-02,1000,13
7267,1.000000000000e-03,1.000000000000e-02,1000,11
7268,1.000000000000e-03,1.000000000000e-02,1000,12
7269,1.000000000000e-03,1.000000000000e-02,1000,6
7270,1.000000000000e-03,1.000000000000e-02,1000,11
7271,1.000000000000e-03,1.000000000000e-02,1000,9
7272,1.000000000000e-03,1.000000000000e-02,1000,9
7273,1.000000000000e-03,1.000000000000e-02,1000,19
7274,1.000000000000e-03,1.000000000000e-02,1000,8
7275,1.000000000000e-03,1.000000000000e-02,1000,13
7276,1.000000000000e-03,1.000000000000e-02,1000,9
7277,1.000000000000e-03,1.000000000000e-02,1000,13
7278,1.000000000000e-03,1.000000000000e-02,1000,7
7279,1.000000000000e-03,1.000000000000e-02,1000,9
7280,1.000000000000e-03,1.000000000000e-02,1000,7
7281,1.000000000000e-03,1.000000000000e-02,1000,15
7282,1.000000000000e-03,1.000000000000e-02,1000,15
7283,1.000000000000e-03,1.000000000000e-02,1000,10
7284,1.000000000000e-03,1.000000000000e-02,1000,18
7285,1.000000000000e-03,1.000000000000e-02,1000,10
7286,1.000000000000e-03,1.000000000000e-02,1000,8
7287,1.000000000000e-03,1.000000000000e-02,1000,9
7288,1.000000000000e-03,1.000000000000e-02,1000,12
7289,1.000000000000e-03,1.000000000000e-02,1000,11
7290,1.000000000000e-03,1.000000000000e-02,1000,2
7291,1.000000000000e-03,1.000000000000e-02,1000,6
7292,1.000000000000e-03,1.000000000000e-02,1000,14
7293,1.000000000000e-03,1.000000000000e-02,1000,9
7294,1.000000000000e-03,1.000000000000e-02,1000,7
7295,1.000000000000e-03,1.000000000000e-02,1000,9
7296,1.000000000000e-03,1.000000000000e-02,1000,7
7297,1.000000000000e-03,1.000000000000e-02,1000,8
7298,1.000000000000e-03,1.000000000000e-02,1000,7
7299,1.000000000000e-03,1.000000000000e-02,1000,14
7300,1.000000000000e-03,1.000000000000e-02,1000,16
7301,1.000000000000e-03,1.000000000000e-02,1000,8
7302,1.000000000000e-03,1.000000000000e-02,1000,8
7303,1.000000000000e-03,1.000000000000e-02,1000,11
7304,1.000000000000e-03,1.000000000000e-02,1000,7
7305,1.000000000000e-03,1.000000000000e-02,1000,13
7306,1.000000000000e-03,1.000000000000e-02,1000,11
7307,1.000000000000e-03,1.000000000000e-02,1000,16
7308,1.000000000000e-03,1.000000000000e-02,1000,16
7309,1.000000000000e-03,1.000000000000e-02,1000,11
7310,1.000000000000e-03,1.000000000000e-02,1000,12
7311,1.000000000000e-03,1.000000000000e-02,1000,9
7312,1.000000000000e-03,1.000000000000e-02,1000,4
7313,1.000000000000e-03,1.000000000000e-02,1000,8
7314,1.000000000000e-03,1.000000000000e-02,1000,11
7315,1.000000000000e-03,1.000000000000e-02,1000,10
7316,1.000000000000e-03,1.000000000000e-02,1000,15
7317,1.000000000000e-03,1.000000000000e-02,1000,18
7318,1.000000000000e-03,1.000000000000e-02,1000,9
7319,1.000000000000e-03,1.000000000000e-02,1000,8
7320,1.000000000000e-03,1.000000000000e-02,1000,10
7321,1.000000000000e-03,1.000000000000e-02,1000,5
7322,1.000000000000e-03,1.000000000000e-02,1000,8
7323,1.000000000000e-03,1.000000000000e-02,1000,9
7324,1.000000000000e-03,1.000000000000e-02,1000,10
7325,1.000000000000e-03,1.000000000000e-02,1000,12
7326,1.000000000000e-03,1.000000000000e-02,1000,4
7327,1.000000000000e-03,1.000000000000e-02,1000,8
7328,1.000000000000e-03,1.000000000000e-02,1000,11
7329,1.000000000000e-03,1.000000000000e-02,1000,10
7330,1.000000000000e-03,1.000000000000e-02,1000,8
7331,1.000000000000e-03,1.000000000000e-02,1000,15
7332,1.000000000000e-03,1.000000000000e-02,1000,11
7333,1.000000000000e-03,1.000000000000e-02,1000,12
7334,1.000000000000e-03,1.000000000000e-02,1000,11
7335,1.000000000000e-03,1.000000000000e-02,1000,15
7336,1.000000000000e-03,1.000000000000e-02,1000,7
7337,1.000000000000e-03,1.000000000000e-02,1000,15
7338,1.000000000000e-03,1.000000000000e-02,1000,10
7339,1.000000000000e-03,1.000000000000e-02,1000,13
7340,1.000000000000e-03,1.000000000000e-02,1000,7
7341,1.000000000000e-03,1.000000000000e-02,1000,15
7342,1.000000000000e-03,1.000000000000e-02,1000,12
7343,1.000000000000e-03,1.000000000000e-02,1000,12
7344,1.000000000000e-03,1.000000000000e-02,1000,14
7345,1.000000000000e-03,1.000000000000e-02,1000,4
7346,1.000000000000e-03,1.000000000000e-02,1000,9
7347,1.000000000000e-03,1.000000000000e-02,1000,9
7348,1.000000000000e-03,1.000000000000e-02,1000,9
7349,1.000000000000e-03,1.000000000000e-02,1000,12
7350,1.000000000000e-03,1.000000000000e-02,1000,12
7351,1.000000000000e-03,1.000000000000e-02,1000,14
7352,1.000000000000e-03,1.000000000000e-02,1000,9
7353,1.000000000000e-03,1.000000000000e-02,1000,7
7354,1.000000000000e-03,1.000000000000e-02,1000,10
7355,1.000000000000e-03,1.000000000000e-02,1000,9
7356,1.000000000000e-03,1.000000000000e-02,1000,11
7357,1.000000000000e-03,1.000000000000e-02,1000,13
7358,1.000000000000e-03,1.000000000000e-02,1000,12
7359,1.000000000000e-03,1.000000000000e-02,1000,12
7360,1.000000000000e-03,1.000000000000e-02,1000,10
7361,1.000000000000e-03,1.000000000000e-02,1000,9
7362,1.000000000000e-03,1.000000000000e-02,1000,13
7363,1.000000000000e-03,1.000000000000e-02,1000,10
7364,1.000000000000e-03,1.000000000000e-02,1000,16
7365,1.000000000000e-03,1.000000000000e-02,1000,11
7366,1.000000000000e-03,1.000000000000e-02,1000,15
7367,1.000000000000e-03,1.000000000000e-02,1000,9
7368,1.000000000000e-03,1.000000000000e-02,1000,5
7369,1.000000000000e-03,1.000000000000e-02,1000,14
7370,1.000000000000e-03,1.000000000000e-02,1000,17
7371,1.000000000000e-03,1.000000000000e-02,1000,6
7372,1.000000000000e-03,1.000000000000e-02,1000,7
7373,1.000000000000e-03,1.000000000000e-02,1000,9
7374,1.000000000000e-03,1.000000000000e-02,1000,11
7375,1.000000000000e-03,1.000000000000e-02,1000,13
7376,1.000000000000e-03,1.000000000000e-02,1000,16
7377,1.000000000000e-03,1.000000000000e-02,1000,11
7378,1.000000000000e-03,1.000000000000e-02,1000,10
7379,1.000000000000e-03,1.000000000000e-02,1000,11
7380,1.000000000000e-03,1.000000000000e-02,1000,10
7381,1.000000000000e-03,1.000000000000e-02,1000,6
7382,1.000000000000e-03,1.000000000000e-02,1000,10
7383,1.000000000000e-03,1.000000000000e-02,1000,6
7384,1.000000000000e-03,1.000000000000e-02,1000,10
7385,1.000000000000e-03,1.000000000000e-02,1000,17
7386,1.000000000000e-03,1.000000000000e-02,1000,9
7387,1.000000000000e-03,1.000000000000e-02,1000,10
7388,1.000000000000e-03,1.000000000000e-02,1000,7
7389,1.000000000000e-03,1.000000000000e-02,1000,16
7390,1.000000000000e-03,1.000000000000e-02,1000,12
7391,1.000000000000e-03,1.000000000000e-02,1000,10
7392,1.000000000000e-03,1.000000000000e-02,1000,7
7393,1.000000000000e-03,1.000000000000e-02,1000,10
7394,1.000000000000e-03,1.000000000000e-02,1000,10
7395,1.000000000000e-03,1.000000000000e-02,1000,11
7396,1.000000000000e-03,1.000000000000e-02,1000,9
7397,1.000000000000e-03,1.000000000000e-02,1000,6
7398,1.000000000000e-03,1.000000000000e-02,1000,15
7399,1.000000000000e-03,1.000000000000e-02,1000,11
7400,1.000000000000e-03,1.000000000000e-02,1000,6
7401,1.000000000000e-03,1.000000000000e-02,1000,13
7402,1.000000000000e-03,1.000000000000e-02,1000,9
7403,1.000000000000e-03,1.000000000000e-02,1000,9
7404,1.000000000000e-03,1.000000000000e-02,1000,7
7405,1.000000000000e-03,1.000000000000e-02,1000,13
7406,1.000000000000e-03,1.000000000000e-02,1000,6
7407,1.000000000000e-03,1.000000000000e-02,1000,10
7408,1.000000000000e-03,1.000000000000e-02,1000,12
7409,1.000000000000e-03,1.000000000000e-02,1000,11
7410,1.000000000000e-03,1.000000000000e-02,1000,11
7411,1.000000000000e-03,1.000000000000e-02,1000,10
7412,1.000000000000e-03,1.000000000000e-02,1000,11
7413,1.000000000000e-03,1.000000000000e-02,1000,12
7414,1.000000000000e-03,1.000000000000e-02,1000,9
7415,1.000000000000e-03,1.000000000000e-02,1000,11
7416,1.000000000000e-03,1.000000000000e-02,1000,15
7417,1.000000000000e-03,1.000000000000e-02,1000,16
7418,1.000000000000e-03,1.000000000000e-02,1000,14
7419,1.000000000000e-03,1.000000000000e-02,1000,12
7420,1.000000000000e-03,1.000000000000e-02,1000,12
7421,1.000000000000e-03,1.000000000000e-02,1000,5
7422,1.000000000000e-03,1.000000000000e-02,1000,10
7423,1.000000000000e-03,1.000000000000e-02,1000,9
7424,1.000000000000e-03,1.000000000000e-02,1000,11
7425,1.000000000000e-03,1.000000000000e-02,1000,16
7426,1.000000000000e-03,1.000000000000e-02,1000,9
7427,1.000000000000e-03,1.000000000000e-02,1000,7
7428,1.000000000000e-03,1.000000000000e-02,1000,14
7429,1.000000000000e-03,1.000000000000e-02,1000,8
7430,1.000000000000e-03,1.000000000000e-02,1000,7
7431,1.000000000000e-03,1.000000000000e-02,1000,16
7432,1.000000000000e-03,1.000000000000e-02,1000,9
7433,1.000000000000e-03,1.000000000000e-02,1000,7
7434,1.000000000000e-03,1.000000000000e-02,1000,10
7435,1.000000000000e-03,1.000000000000e-02,1000,10
7436,1.000000000000e-03,1.000000000000e-02,1000,13
7437,1.000000000000e-03,1.000000000000e-02,1000,8
7438,1.000000000000e-03,1.000000000000e-02,1000,16
7439,1.000000000000e-03,1.000000000000e-02,1000,12
7440,1.000000000000e-03,1.000000000000e-02,1000,9
7441,1.000000000000e-03,1.000000000000e-02,1000,12
7442,1.000000000000e-03,1.000000000000e-02,1000,10
7443,1.000000000000e-03,1.000000000000e-02,1000,5
7444,1.000000000000e-03,1.000000000000e-02,1000,5
7445,1.000000000000e-03,1.000000000000e-02,1000,8
7446,1.000000000000e-03,1.000000000000e-02,1000,11
7447,1.000000000000e-03,1.000000000000e-02,1000,13
7448,1.000000000000e-03,1.000000000000e-02,1000,14
7449,1.000000000000e-03,1.000000000000e-02,1000,9
7450,1.000000000000e-03,1.000000000000e-02,1000,5
7451,1.000000000000e-03,1.000000000000e-02,1000,7
7452,1.000000000000e-03,1.000000000000e-02,1000,10
7453,1.000000000000e-03,1.000000000000e-02,1000,9
7454,1.000000000000e-03,1.000000000000e-02,1000,11
7455,1.000000000000e-03,1.000000000000e-02,1000,9
7456,1.000000000000e-03,1.000000000000e-02,1000,8
7457,1.000000000000e-03,1.000000000000e-02,1000,7
7458,1.000000000000e-03,1.000000000000e-02,1000,14
7459,1.000000000000e-03,1.000000000000e-02,1000,18
7460,1.000000000000e-03,1.000000000000e-02,1000,13
7461,1.000000000000e-03,1.000000000000e-02,1000,18
7462,1.000000000000e-03,1.000000000000e-02,1000,11
7463,1.000000000000e-03,1.000000000000e-02,1000,11
7464,1.000000000000e-03,1.000000000000e-02,1000,8
7465,1.000000000000e-03,1.000000000000e-02,1000,11
7466,1.000000000000e-03,1.000000000000e-02,1000,13
7467,1.000000000000e-03,1.000000000000e-02,1000,15
7468,1.000000000000e-03,1.000000000000e-02,1000,19
7469,1.000000000000e-03,1.000000000000e-02,1000,16
7470,1.000000000000e-03,1.000000000000e-02,1000,17
7471,1.000000000000e-03,1.000000000000e-02,1000,11
7472,1.000000000000e-03,1.000000000000e-02,1000,10
7473,1.000000000000e-03,1.000000000000e-02,1000,10
7474,1.000000000000e-03,1.000000000000e-02,1000,10
7475,1.000000000000e-03,1.000000000000e-02,1000,11
7476,1.000000000000e-03,1.000000000000e-02,1000,7
7477,1.000000000000e-03,1.000000000000e-02,1000,10
7478,1.000000000000e-03,1.000000000000e-02,1000,4
7479,1.000000000000e-03,1.000000000000e-02,1000,15
7480,1.000000000000e-03,1.000000000000e-02,1000,11
7481,1.000000000000e-03,1.000000000000e-02,1000,6
7482,1.000000000000e-03,1.000000000000e-02,1000,12
7483,1.000000000000e-03,1.000000000000e-02,1000,8
7484,1.000000000000e-03,1.000000000000e-02,1000,7
7485,1.000000000000e-03,1.000000000000e-02,1000,11
7486,1.000000000000e-03,1.000000000000e-02,1000,3
7487,1.000000000000e-03,1.000000000000e-02,1000,7
7488,1.000000000000e-03,1.000000000000e-02,1000,11
7489,1.000000000000e-03,1.000000000000e-02,1000,8
7490,1.000000000000e-03,1.000000000000e-02,1000,8
7491,1.000000000000e-03,1.000000000000e-02,1000,9
7492,1.000000000000e-03,1.000000000000e-02,1000,8
7493,1.000000000000e-03,1.000000000000e-02,1000,9
7494,1.000000000000e-03,1.000000000000e-02,1000,11
7495,1.000000000000e-03,1.000000000000e-02,1000,17
7496,1.000000000000e-03,1.000000000000e-02,1000,12
7497,1.000000000000e-03,1.000000000000e-02,1000,4
7498,1.000000000000e-03,1.000000000000e-02,1000,15
7499,1.000000000000e-03,1.000000000000e-02,1000,9
7500,1.000000000000e-03,1.000000000000e-02,1000,7
7501,1.000000000000e-03,1.000000000000e-02,1000,9
7502,1.000000000000e-03,1.000000000000e-02,1000,8
7503,1.000000000000e-03,1.000000000000e-02,1000,8
7504,1.000000000000e-03,1.000000000000e-02,1000,8
7505,1.000000000000e-03,1.000000000000e-02,1000,12
7506,1.000000000000e-03,1.000000000000e-02,1000,11
7507,1.000000000000e-03,1.000000000000e-02,1000,8
7508,1.000000000000e-03,1.000000000000e-02,1000,9
7509,1.000000000000e-03,1.000000000000e-02,1000,15
7510,1.000000000000e-03,1.000000000000e-02,1000,8
7511,1.000000000000e-03,1.000000000000e-02,1000,10
7512,1.000000000000e-03,1.000000000000e-02,1000,13
7513,1.000000000000e-03,1.000000000000e-02,1000,11
7514,1.000000000000e-03,1.000000000000e-02,1000,13
7515,1.000000000000e-03,1.000000000000e-02,1000,8
7516,1.000000000000e-03,1.000000000000e-02,1000,7
7517,1.000000000000e-03,1.000000000000e-02,1000,5
7518,1.000000000000e-03,1.000000000000e-02,1000,9
7519,1.000000000000e-03,1.000000000000e-02,1000,13
7520,1.000000000000e-03,1.000000000000e-02,1000,9
7521,1.000000000000e-03,1.000000000000e-02,1000,10
7522,1.000000000000e-03,1.000000000000e-02,1000,6
7523,1.000000000000e-03,1.000000000000e-02,1000,11
7524,1.000000000000e-03,1.000000000000e-02,1000,9
7525,1.000000000000e-03,1.000000000000e-02,1000,11
7526,1.000000000000e-03,1.000000000000e-02,1000,7
7527,1.000000000000e-03,1.000000000000e-02,1000,16
7528,1.000000000000e-03,1.000000000000e-02,1000,13
7529,1.000000000000e-03,1.000000000000e-02,1000,7
7530,1.000000000000e-03,1.000000000000e-02,1000,8
7531,1.000000000000e-03,1.000000000000e-02,1000,10
7532,1.000000000000e-03,1.000000000000e-02,1000,10
7533,1.000000000000e-03,1.000000000000e-02,1000,11
7534,1.000000000000e-03,1.000000000000e-02,1000,11
7535,1.000000000000e-03,1.000000000000e-02,1000,16
7536,1.000000000000e-03,1.000000000000e-02,1000,9
7537,1.000000000000e-03,1.000000000000e-02,1000,12
7538,1.000000000000e-03,1.000000000000e-02,1000,9
7539,1.000000000000e-03,1.000000000000e-02,1000,13
7540,1.000000000000e-03,1.000000000000e-02,1000,15
7541,1.000000000000e-03,1.000000000000e-02,1000,10
7542,1.000000000000e-03,1.000000000000e-02,1000,5
7543,1.000000000000e-03,1.000000000000e-02,1000,13
7544,1.000000000000e-03,1.000000000000e-02,1000,11
7545,1.000000000000e-03,1.000000000000e-02,1000,13
7546,1.000000000000e-03,1.000000000000e-02,1000,4
7547,1.000000000000e-03,1.000000000000e-02,1000,9
7548,1.000000000000e-03,1.000000000000e-02,1000,11
7549,1.000000000000e-03,1.000000000000e-02,1000,7
7550,1.000000000000e-03,1.000000000000e-02,1000,9
7551,1.000000000000e-03,1.000000000000e-02,1000,10
7552,1.000000000000e-03,1.000000000000e-02,1000,12
7553,1.000000000000e-03,1.000000000000e-02,1000,13
7554,1.000000000000e-03,1.000000000000e-02,1000,7
7555,1.000000000000e-03,1.000000000000e-02,1000,10
7556,1.000000000000e-03,1.000000000000e-02,1000,14
7557,1.000000000000e-03,1.000000000000e-02,1000,3
7558,1.000000000000e-03,1.000000000000e-02,1000,15
7559,1.000000000000e-03,1.000000000000e-02,1000,13
7560,1.000000000000e-03,1.000000000000e-02,1000,12
7561,1.000000000000e-03,1.000000000000e-02,1000,7
7562,1.000000000000e-03,1.000000000000e-02,1000,16
7563,1.000000000000e-03,1.000000000000e-02,1000,11
7564,1.000000000000e-03,1.000000000000e-02,1000,10
7565,1.000000000000e-03,1.000000000000e-02,1000,13
7566,1.000000000000e-03,1.000000000000e-02,1000,7
7567,1.000000000000e-03,1.000000000000e-02,1000,8
7568,1.000000000000e-03,1.000000000000e-02,1000,14
7569,1.000000000000e-03,1.000000000000e-02,1000,17
7570,1.000000000000e-03,1.000000000000e-02,1000,11
7571,1.000000000000e-03,1.000000000000e-02,1000,6
7572,1.000000000000e-03,1.000000000000e-02,1000,14
7573,1.000000000000e-03,1.000000000000e-02,1000,12
7574,1.000000000000e-03,1.000000000000e-02,1000,14
7575,1.000000000000e-03,1.000000000000e-02,1000,9
7576,1.000000000000e-03,1.000000000000e-02,1000,9
7577,1.000000000000e-03,1.000000000000e-02,1000,13
7578,1.000000000000e-03,1.000000000000e-02,1000,14
7579,1.000000000000e-03,1.000000000000e-02,1000,6
7580,1.000000000000e-03,1.000000000000e-02,1000,9
7581,1.000000000000e-03,1.000000000000e-02,1000,12
7582,1.000000000000e-03,1.000000000000e-02,1000,14
7583,1.000000000000e-03,1.000000000000e-02,1000,5
7584,1.000000000000e-03,1.000000000000e-02,1000,11
7585,1.000000000000e-03,1.000000000000e-02,1000,12
7586,1.000000000000e-03,1.000000000000e-02,1000,12
7587,1.000000000000e-03,1.000000000000e-02,1000,8
7588,1.000000000000e-03,1.000000000000e-02,1000,9
7589,1.000000000000e-03,1.000000000000e-02,1000,13
7590,1.000000000000e-03,1.000000000000e-02,1000,8
7591,1.000000000000e-03,1.000000000000e-02,1000,4
7592,1.000000000000e-03,1.000000000000e-02,1000,4
7593,1.000000000000e-03,1.000000000000e-02,1000,10
7594,1.000000000000e-03,1.000000000000e-02,1000,11
7595,1.000000000000e-03,1.000000000000e-02,1000,14
7596,1.000000000000e-03,1.000000000000e-02,1000,11
7597,1.000000000000e-03,1.000000000000e-02,1000,12
7598,1.000000000000e-03,1.000000000000e-02,1000,16
7599,1.000000000000e-03,1.000000000000e-02,1000,9
7600,1.000000000000e-03,1.000000000000e-02,1000,8
7601,1.000000000000e-03,1.000000000000e-02,2000,29
7602,1.000000000000e-03,1.000000000000e-02,2000,22
7603,1.000000000000e-03,1.000000000000e-02,2000,20
7604,1.000000000000e-03,1.000000000000e-02,2000,18
7605,1.000000000000e-03,1.000000000000e-02,2000,15
7606,1.000000000000e-03,1.000000000000e-02,2000,14
7607,1.000000000000e-03,1.000000000000e-02,2000,20
7608,1.000000000000e-03,1.000000000000e-02,2000,21
7609,1.000000000000e-03,1.000000000000e-02,2000,23
7610,1.000000000000e-03,1.000000000000e-02,2000,19
7611,1.000000000000e-03,1.000000000000e-02,2000,18
7612,1.000000000000e-03,1.000000000000e-02,2000,22
7613,1.000000000000e-03,1.000000000000e-02,2000,17
7614,1.000000000000e-03,1.000000000000e-02,2000,25
7615,1.000000000000e-03,1.000000000000e-02,2000,21
7616,1.000000000000e-03,1.000000000000e-02,2000,24
7617,1.000000000000e-03,1.000000000000e-02,2000,18
7618,1.000000000000e-03,1.000000000000e-02,2000,18
7619,1.000000000000e-03,1.000000000000e-02,2000,25
7620,1.000000000000e-03,1.000000000000e-02,2000,20
7621,1.000000000000e-03,1.000000000000e-02,2000,20
7622,1.000000000000e-03,1.000000000000e-02,2000,18
7623,1.000000000000e-03,1.000000000000e-02,2000,23
7624,1.000000000000e-03,1.000000000000e-02,2000,19
7625,1.000000000000e-03,1.000000000000e-02,2000,16
7626,1.000000000000e-03,1.000000000000e-02,2000,23
7627,1.000000000000e-03,1.000000000000e-02,2000,24
7628,1.000000000000e-03,1.000000000000e-02,2000,18
7629,1.000000000000e-03,1.000000000000e-02,2000,29
7630,1.000000000000e-03,1.000000000000e-02,2000,18
7631,1.000000000000e-03,1.000000000000e-02,2000,24
7632,1.000000000000e-03,1.000000000000e-02,2000,21
7633,1.000000000000e-03,1.000000000000e-02,2000,20
7634,1.000000000000e-03,1.000000000000e-02,2000,22
7635,1.000000000000e-03,1.000000000000e-02,2000,17
7636,1.000000000000e-03,1.000000000000e-02,2000,10
7637,1.000000000000e-03,1.000000000000e-02,2000,24
7638,1.000000000000e-03,1.000000000000e-02,2000,24
7639,1.000000000000e-03,1.000000000000e-02,2000,21
7640,1.000000000000e-03,1.000000000000e-02,2000,21
7641,1.000000000000e-03,1.000000000000e-02,2000,22
7642,1.000000000000e-03,1.000000000000e-02,2000,16
7643,1.000000000000e-03,1.000000000000e-02,2000,19
7644,1.000000000000e-03,1.000000000000e-02,2000,24
7645,1.000000000000e-03,1.000000000000e-02,2000,17
7646,1.000000000000e-03,1.000000000000e-02,2000,13
7647,1.000000000000e-03,1.000000000000e-02,2000,20
7648,1.000000000000e-03,1.000000000000e-02,2000,19
7649,1.000000000000e-03,1.000000000000e-02,2000,28
7650,1.000000000000e-03,1.000000000000e-02,2000,23
7651,1.000000000000e-03,1.000000000000e-02,2000,21
7652,1.000000000000e-03,1.000000000000e-02,2000,18
7653,1.000000000000e-03,1.000000000000e-02,2000,14
7654,1.000000000000e-03,1.000000000000e-02,2000,22
7655,1.000000000000e-03,1.000000000000e-02,2000,21
7656,1.000000000000e-03,1.000000000000e-02,2000,15
7657,1.000000000000e-03,1.000000000000e-02,2000,12
7658,1.000000000000e-03,1.000000000000e-02,2000,22
7659,1.000000000000e-03,1.000000000000e-02,2000,19
7660,1.000000000000e-03,1.000000000000e-02,2000,26
7661,1.000000000000e-03,1.000000000000e-02,2000,13
7662,1.000000000000e-03,1.000000000000e-02,2000,14
7663,1.000000000000e-03,1.000000000000e-02,2000,15
7664,1.000000000000e-03,1.000000000000e-02,2000,16
7665,1.000000000000e-03,1.000000000000e-02,2000,17
7666,1.000000000000e-03,1.000000000000e-02,2000,22
7667,1.000000000000e-03,1.000000000000e-02,2000,23
7668,1.000000000000e-03,1.000000000000e-02,2000,29
7669,1.000000000000e-03,1.000000000000e-02,2000,18
7670,1.000000000000e-03,1.000000000000e-02,2000,27
7671,1.000000000000e-03,1.000000000000e-02,2000,23
7672,1.000000000000e-03,1.000000000000e-02,2000,23
7673,1.000000000000e-03,1.000000000000e-02,2000,20
7674,1.000000000000e-03,1.000000000000e-02,2000,23
7675,1.000000000000e-03,1.000000000000e-02,2000,18
7676,1.000000000000e-03,1.000000000000e-02,2000,18
7677,1.000000000000e-03,1.000000000000e-02,2000,21
7678,1.000000000000e-03,1.000000000000e-02,2000,21
7679,1.000000000000e-03,1.000000000000e-02,2000,18
7680,1.000000000000e-03,1.000000000000e-02,2000,15
7681,1.000000000000e-03,1.000000000000e-02,2000,12
7682,1.000000000000e-03,1.000000000000e-02,2000,19
7683,1.000000000000e-03,1.000000000000e-02,2000,27
7684,1.000000000000e-03,1.000000000000e-02,2000,22
7685,1.000000000000e-03,1.000000000000e-02,2000,19
7686,1.000000000000e-03,1.000000000000e-02,2000,24
7687,1.000000000000e-03,1.000000000000e-02,2000,18
7688,1.000000000000e-03,1.000000000000e-02,2000,15
7689,1.000000000000e-03,1.000000000000e-02,2000,25
7690,1.000000000000e-03,1.000000000000e-02,2000,18
7691,1.000000000000e-03,1.000000000000e-02,2000,21
7692,1.000000000000e-03,1.000000000000e-02,2000,19
7693,1.000000000000e-03,1.000000000000e-02,2000,15
7694,1.000000000000e-03,1.000000000000e-02,2000,20
7695,1.000000000000e-03,1.000000000000e-02,2000,12
7696,1.000000000000e-03,1.000000000000e-02,2000,21
7697,1.000000000000e-03,1.000000000000e-02,2000,21
7698,1.000000000000e-03,1.000000000000e-02,2000,21
7699,1.000000000000e-03,1.000000000000e-02,2000,24
7700,1.000000000000e-03,1.000000000000e-02,2000,23
7701,1.000000000000e-03,1.000000000000e-02,2000,22
7702,1.000000000000e-03,1.000000000000e-02,2000,17
7703,1.000000000000e-03,1.000000000000e-02,2000,13
7704,1.000000000000e-03,1.000000000000e-02,2000,18
7705,1.000000000000e-03,1.000000000000e-02,2000,31
7706,1.000000000000e-03,1.000000000000e-02,2000,19
7707,1.000000000000e-03,1.000000000000e-02,2000,21
7708,1.000000000000e-03,1.000000000000e-02,2000,19
7709,1.000000000000e-03,1.000000000000e-02,2000,23
7710,1.000000000000e-03,1.000000000000e-02,2000,25
7711,1.000000000000e-03,1.000000000000e-02,2000,20
7712,1.000000000000e-03,1.000000000000e-02,2000,25
7713,1.000000000000e-03,1.000000000000e-02,2000,20
7714,1.000000000000e-03,1.000000000000e-02,2000,30
7715,1.000000000000e-03,1.000000000000e-02,2000,11
7716,1.000000000000e-03,1.000000000000e-02,2000,22
7717,1.000000000000e-03,1.000000000000e-02,2000,22
7718,1.000000000000e-03,1.000000000000e-02,2000,26
7719,1.000000000000e-03,1.000000000000e-02,2000,17
7720,1.000000000000e-03,1.000000000000e-02,2000,26
7721,1.000000000000e-03,1.000000000000e-02,2000,19
7722,1.000000000000e-03,1.000000000000e-02,2000,19
7723,1.000000000000e-03,1.000000000000e-02,2000,15
7724,1.000000000000e-03,1.000000000000e-02,2000,19
7725,1.000000000000e-03,1.000000000000e-02,2000,17
7726,1.000000000000e-03,1.000000000000e-02,2000,21
7727,1.000000000000e-03,1.000000000000e-02,2000,20
7728,1.000000000000e-03,1.000000000000e-02,2000,21
7729,1.000000000000e-03,1.000000000000e-02,2000,23
7730,1.000000000000e-03,1.000000000000e-02,2000,20
7731,1.000000000000e-03,1.000000000000e-02,2000,15
7732,1.000000000000e-03,1.000000000000e-02,2000,24
7733,1.000000000000e-03,1.000000000000e-02,2000,12
7734,1.000000000000e-03,1.000000000000e-02,2000,14
7735,1.000000000000e-03,1.000000000000e-02,2000,21
7736,1.000000000000e-03,1.000000000000e-02,2000,18
7737,1.000000000000e-03,1.000000000000e-02,2000,20
7738,1.000000000000e-03,1.000000000000e-02,2000,22
7739,1.000000000000e-03,1.000000000000e-02,2000,20
7740,1.000000000000e-03,1.000000000000e-02,2000,25
7741,1.000000000000e-03,1.000000000000e-02,2000,21
7742,1.000000000000e-03,1.000000000000e-02,2000,29
7743,1.000000000000e-03,1.000000000000e-02,2000,26
7744,1.000000000000e-03,1.000000000000e-02,2000,20
7745,1.000000000000e-03,1.000000000000e-02,2000,20
7746,1.000000000000e-03,1.000000000000e-02,2000,25
7747,1.000000000000e-03,1.000000000000e-02,2000,19
7748,1.000000000000e-03,1.000000000000e-02,2000,18
7749,1.000000000000e-03,1.000000000000e-02,2000,20
7750,1.000000000000e-03,1.000000000000e-02,2000,14
7751,1.000000000000e-03,1.000000000000e-02,2000,23
7752,1.000000000000e-03,1.000000000000e-02,2000,12
7753,1.000000000000e-03,1.000000000000e-02,2000,29
7754,1.000000000000e-03,1.000000000000e-02,2000,11
7755,1.000000000000e-03,1.000000000000e-02,2000,15
7756,1.000000000000e-03,1.000000000000e-02,2000,28
7757,1.000000000000e-03,1.000000000000e-02,2000,21
7758,1.000000000000e-03,1.000000000000e-02,2000,22
7759,1.000000000000e-03,1.000000000000e-02,2000,23
7760,1.000000000000e-03,1.000000000000e-02,2000,23
7761,1.000000000000e-03,1.000000000000e-02,2000,30
7762,1.000000000000e-03,1.000000000000e-02,2000,31
7763,1.000000000000e-03,1.000000000000e-02,2000,19
7764,1.000000000000e-03,1.000000000000e-02,2000,28
7765,1.000000000000e-03,1.000000000000e-02,2000,19
7766,1.000000000000e-03,1.000000000000e-02,2000,21
7767,1.000000000000e-03,1.000000000000e-02,2000,26
7768,1.000000000000e-03,1.000000000000e-02,2000,24
7769,1.000000000000e-03,1.000000000000e-02,2000,26
7770,1.000000000000e-03,1.000000000000e-02,2000,19
7771,1.000000000000e-03,1.000000000000e-02,2000,23
7772,1.000000000000e-03,1.000000000000e-02,2000,23
7773,1.000000000000e-03,1.000000000000e-02,2000,23
7774,1.000000000000e-03,1.000000000000e-02,2000,23
7775,1.000000000000e-03,1.000000000000e-02,2000,19
7776,1.000000000000e-03,1.000000000000e-02,2000,24
7777,1.000000000000e-03,1.000000000000e-02,2000,15
7778,1.000000000000e-03,1.000000000000e-02,2000,23
7779,1.000000000000e-03,1.000000000000e-02,2000,14
7780,1.000000000000e-03,1.000000000000e-02,2000,18
7781,1.000000000000e-03,1.000000000000e-02,2000,27
7782,1.000000000000e-03,1.000000000000e-02,2000,16
7783,1.000000000000e-03,1.000000000000e-02,2000,18
7784,1.000000000000e-03,1.000000000000e-02,2000,22
7785,1.000000000000e-03,1.000000000000e-02,2000,25
7786,1.000000000000e-03,1.000000000000e-02,2000,28
7787,1.000000000000e-03,1.000000000000e-02,2000,17
7788,1.000000000000e-03,1.000000000000e-02,2000,19
7789,1.000000000000e-03,1.000000000000e-02,2000,16
7790,1.000000000000e-03,1.000000000000e-02,2000,14
7791,1.000000000000e-03,1.000000000000e-02,2000,23
7792,1.000000000000e-03,1.000000000000e-02,2000,21
7793,1.000000000000e-03,1.000000000000e-02,2000,21
7794,1.000000000000e-03,1.000000000000e-02,2000,23
7795,1.000000000000e-03,1.000000000000e-02,2000,14
7796,1.000000000000e-03,1.000000000000e-02,2000,18
7797,1.000000000000e-03,1.000000000000e-02,2000,23
7798,1.000000000000e-03,1.000000000000e-02,2000,24
7799,1.000000000000e-03,1.000000000000e-02,2000,22
7800,1.000000000000e-03,1.000000000000e-02,2000,20
7801,1.000000000000e-03,1.000000000000e-02,2000,26
7802,1.000000000000e-03,1.000000000000e-02,2000,28
7803,1.000000000000e-03,1.000000000000e-02,2000,19
7804,1.000000000000e-03,1.000000000000e-02,2000,22
7805,1.000000000000e-03,1.000000000000e-02,2000,30
7806,1.000000000000e-03,1.000000000000e-02,2000,20
7807,1.000000000000e-03,1.000000000000e-02,2000,22
7808,1.000000000000e-03,1.000000000000e-02,2000,20
7809,1.000000000000e-03,1.000000000000e-02,2000,25
7810,1.000000000000e-03,1.000000000000e-02,2000,31
7811,1.000000000000e-03,1.000000000000e-02,2000,20
7812,1.000000000000e-03,1.000000000000e-02,2000,26
7813,1.000000000000e-03,1.000000000000e-02,2000,20
7814,1.000000000000e-03,1.000000000000e-02,2000,32
7815,1.000000000000e-03,1.000000000000e-02,2000,17
7816,1.000000000000e-03,1.000000000000e-02,2000,18
7817,1.000000000000e-03,1.000000000000e-02,2000,19
7818,1.000000000000e-03,1.000000000000e-02,2000,26
7819,1.000000000000e-03,1.000000000000e-02,2000,20
7820,1.000000000000e-03,1.000000000000e-02,2000,30
7821,1.000000000000e-03,1.000000000000e-02,2000,26
7822,1.000000000000e-03,1.000000000000e-02,2000,20
7823,1.000000000000e-03,1.000000000000e-02,2000,18
7824,1.000000000000e-03,1.000000000000e-02,2000,26
7825,1.000000000000e-03,1.000000000000e-02,2000,18
7826,1.000000000000e-03,1.000000000000e-02,2000,30
7827,1.000000000000e-03,1.000000000000e-02,2000,29
7828,1.000000000000e-03,1.000000000000e-02,2000,21
7829,1.000000000000e-03,1.000000000000e-02,2000,25
7830,1.000000000000e-03,1.000000000000e-02,2000,25
7831,1.000000000000e-03,1.000000000000e-02,2000,32
7832,1.000000000000e-03,1.000000000000e-02,2000,15
7833,1.000000000000e-03,1.000000000000e-02,2000,16
7834,1.000000000000e-03,1.000000000000e-02,2000,27
7835,1.000000000000e-03,1.000000000000e-02,2000,25
7836,1.000000000000e-03,1.000000000000e-02,2000,22
7837,1.000000000000e-03,1.000000000000e-02,2000,17
7838,1.000000000000e-03,1.000000000000e-02,2000,24
7839,1.000000000000e-03,1.000000000000e-02,2000,28
7840,1.000000000000e-03,1.000000000000e-02,2000,22
7841,1.000000000000e-03,1.000000000000e-02,2000,21
7842,1.000000000000e-03,1.000000000000e-02,2000,19
7843,1.000000000000e-03,1.000000000000e-02,2000,24
7844,1.000000000000e-03,1.000000000000e-02,2000,18
7845,1.000000000000e-03,1.000000000000e-02,2000,22
7846,1.000000000000e-03,1.000000000000e-02,2000,20
7847,1.000000000000e-03,1.000000000000e-02,2000,18
7848,1.000000000000e-03,1.000000000000e-02,2000,18
7849,1.000000000000e-03,1.000000000000e-02,2000,17
7850,1.000000000000e-03,1.000000000000e-02,2000,20
7851,1.000000000000e-03,1.000000000000e-02,2000,23
7852,1.000000000000e-03,1.000000000000e-02,2000,20
7853,1.000000000000e-03,1.000000000000e-02,2000,20
7854,1.000000000000e-03,1.000000000000e-02,2000,15
7855,1.000000000000e-03,1.000000000000e-02,2000,19
7856,1.000000000000e-03,1.000000000000e-02,2000,16
7857,1.000000000000e-03,1.000000000000e-02,2000,21
7858,1.000000000000e-03,1.000000000000e-02,2000,18
7859,1.000000000000e-03,1.000000000000e-02,2000,21
7860,1.000000000000e-03,1.000000000000e-02,2000,12
7861,1.000000000000e-03,1.000000000000e-02,2000,27
7862,1.000000000000e-03,1.000000000000e-02,2000,13
7863,1.000000000000e-03,1.000000000000e-02,2000,19
7864,1.000000000000e-03,1.000000000000e-02,2000,17
7865,1.000000000000e-03,1.000000000000e-02,2000,19
7866,1.000000000000e-03,1.000000000000e-02,2000,19
7867,1.000000000000e-03,1.000000000000e-02,2000,21
7868,1.000000000000e-03,1.000000000000e-02,2000,26
7869,1.000000000000e-03,1.000000000000e-02,2000,30
7870,1.000000000000e-03,1.000000000000e-02,2000,21
7871,1.000000000000e-03,1.000000000000e-02,2000,24
7872,1.000000000000e-03,1.000000000000e-02,2000,25
7873,1.000000000000e-03,1.000000000000e-02,2000,20
7874,1.000000000000e-03,1.000000000000e-02,2000,14
7875,1.000000000000e-03,1.000000000000e-02,2000,20
7876,1.000000000000e-03,1.000000000000e-02,2000,16
7877,1.000000000000e-03,1.000000000000e-02,2000,23
7878,1.000000000000e-03,1.000000000000e-02,2000,23
7879,1.000000000000e-03,1.000000000000e-02,2000,21
7880,1.000000000000e-03,1.000000000000e-02,2000,23
7881,1.000000000000e-03,1.000000000000e-02,2000,18
7882,1.000000000000e-03,1.000000000000e-02,2000,22
7883,1.000000000000e-03,1.000000000000e-02,2000,21
7884,1.000000000000e-03,1.000000000000e-02,2000,22
7885,1.000000000000e-03,1.000000000000e-02,2000,23
7886,1.000000000000e-03,1.000000000000e-02,2000,20
7887,1.000000000000e-03,1.000000000000e-02,2000,19
7888,1.000000000000e-03,1.000000000000e-02,2000,16
7889,1.000000000000e-03,1.000000000000e-02,2000,28
7890,1.000000000000e-03,1.000000000000e-02,2000,19
7891,1.000000000000e-03,1.000000000000e-02,2000,20
7892,1.000000000000e-03,1.000000000000e-02,2000,14
7893,1.000000000000e-03,1.000000000000e-02,2000,23
7894,1.000000000000e-03,1.000000000000e-02,2000,18
7895,1.000000000000e-03,1.000000000000e-02,2000,17
7896,1.000000000000e-03,1.000000000000e-02,2000,19
7897,1.000000000000e-03,1.000000000000e-02,2000,17
7898,1.000000000000e-03,1.000000000000e-02,2000,23
7899,1.000000000000e-03,1.000000000000e-02,2000,24
7900,1.000000000000e-03,1.000000000000e-02,2000,23
7901,1.000000000000e-03,1.000000000000e-02,2000,14
7902,1.000000000000e-03,1.000000000000e-02,2000,17
7903,1.000000000000e-03,1.000000000000e-02,2000,17
7904,1.000000000000e-03,1.000000000000e-02,2000,17
7905,1.000000000000e-03,1.000000000000e-02,2000,21
7906,1.000000000000e-03,1.000000000000e-02,2000,18
7907,1.000000000000e-03,1.000000000000e-02,2000,17
7908,1.000000000000e-03,1.000000000000e-02,2000,24
7909,1.000000000000e-03,1.000000000000e-02,2000,16
7910,1.000000000000e-03,1.000000000000e-02,2000,24
7911,1.000000000000e-03,1.000000000000e-02,2000,19
7912,1.000000000000e-03,1.000000000000e-02,2000,17
7913,1.000000000000e-03,1.000000000000e-02,2000,18
7914,1.000000000000e-03,1.000000000000e-02,2000,20
7915,1.000000000000e-03,1.000000000000e-02,2000,17
7916,1.000000000000e-03,1.000000000000e-02,2000,21
7917,1.000000000000e-03,1.000000000000e-02,2000,17
7918,1.000000000000e-03,1.000000000000e-02,2000,18
7919,1.000000000000e-03,1.000000000000e-02,2000,27
7920,1.000000000000e-03,1.000000000000e-02,2000,23
7921,1.000000000000e-03,1.000000000000e-02,2000,16
7922,1.000000000000e-03,1.000000000000e-02,2000,21
7923,1.000000000000e-03,1.000000000000e-02,2000,19
7924,1.000000000000e-03,1.000000000000e-02,2000,24
7925,1.000000000000e-03,1.000000000000e-02,2000,9
7926,1.000000000000e-03,1.000000000000e-02,2000,24
7927,1.000000000000e-03,1.000000000000e-02,2000,19
7928,1.000000000000e-03,1.000000000000e-02,2000,18
7929,1.000000000000e-03,1.000000000000e-02,2000,22
7930,1.000000000000e-03,1.000000000000e-02,2000,20
7931,1.000000000000e-03,1.000000000000e-02,2000,26
7932,1.000000000000e-03,1.000000000000e-02,2000,28
7933,1.000000000000e-03,1.000000000000e-02,2000,22
7934,1.000000000000e-03,1.000000000000e-02,2000,28
7935,1.000000000000e-03,1.000000000000e-02,2000,18
7936,1.000000000000e-03,1.000000000000e-02,2000,13
7937,1.000000000000e-03,1.000000000000e-02,2000,22
7938,1.000000000000e-03,1.000000000000e-02,2000,23
7939,1.000000000000e-03,1.000000000000e-02,2000,21
7940,1.000000000000e-03,1.000000000000e-02,2000,19
7941,1.000000000000e-03,1.000000000000e-02,2000,19
7942,1.000000000000e-03,1.000000000000e-02,2000,22
7943,1.000000000000e-03,1.000000000000e-02,2000,24
7944,1.000000000000e-03,1.000000000000e-02,2000,25
7945,1.000000000000e-03,1.000000000000e-02,2000,20
7946,1.000000000000e-03,1.000000000000e-02,2000,17
7947,1.000000000000e-03,1.000000000000e-02,2000,16
7948,1.000000000000e-03,1.000000000000e-02,2000,16
7949,1.000000000000e-03,1.000000000000e-02,2000,23
7950,1.000000000000e-03,1.000000000000e-02,2000,23
7951,1.000000000000e-03,1.000000000000e-02,2000,19
7952,1.000000000000e-03,1.000000000000e-02,2000,21
7953,1.000000000000e-03,1.000000000000e-02,2000,11
7954,1.000000000000e-03,1.000000000000e-02,2000,23
7955,1.000000000000e-03,1.000000000000e-02,2000,13
7956,1.000000000000e-03,1.000000000000e-02,2000,23
7957,1.000000000000e-03,1.000000000000e-02,2000,21
7958,1.000000000000e-03,1.000000000000e-02,2000,26
7959,1.000000000000e-03,1.000000000000e-02,2000,26
7960,1.000000000000e-03,1.000000000000e-02,2000,24
7961,1.000000000000e-03,1.000000000000e-02,2000,24
7962,1.000000000000e-03,1.000000000000e-02,2000,21
7963,1.000000000000e-03,1.000000000000e-02,2000,25
7964,1.000000000000e-03,1.000000000000e-02,2000,21
7965,1.000000000000e-03,1.000000000000e-02,2000,23
7966,1.000000000000e-03,1.000000000000e-02,2000,22
7967,1.000000000000e-03,1.000000000000e-02,2000,17
7968,1.000000000000e-03,1.000000000000e-02,2000,30
7969,1.000000000000e-03,1.000000000000e-02,2000,24
7970,1.000000000000e-03,1.000000000000e-02,2000,16
7971,1.000000000000e-03,1.000000000000e-02,2000,26
7972,1.000000000000e-03,1.000000000000e-02,2000,24
7973,1.000000000000e-03,1.000000000000e-02,2000,11
7974,1.000000000000e-03,1.000000000000e-02,2000,19
7975,1.000000000000e-03,1.000000000000e-02,2000,26
7976,1.000000000000e-03,1.000000000000e-02,2000,19
7977,1.000000000000e-03,1.000000000000e-02,2000,24
7978,1.000000000000e-03,1.000000000000e-02,2000,16
7979,1.000000000000e-03,1.000000000000e-02,2000,23
7980,1.000000000000e-03,1.000000000000e-02,2000,10
7981,1.000000000000e-03,1.000000000000e-02,2000,19
7982,1.000000000000e-03,1.000000000000e-02,2000,19
7983,1.000000000000e-03,1.000000000000e-02,2000,20
7984,1.000000000000e-03,1.000000000000e-02,2000,24
7985,1.000000000000e-03,1.000000000000e-02,2000,21
7986,1.000000000000e-03,1.000000000000e-02,2000,19
7987,1.000000000000e-03,1.000000000000e-02,2000,17
7988,1.000000000000e-03,1.000000000000e-02,2000,22
7989,1.000000000000e-03,1.000000000000e-02,2000,15
7990,1.000000000000e-03,1.000000000000e-02,2000,14
7991,1.000000000000e-03,1.000000000000e-02,2000,17
7992,1.000000000000e-03,1.000000000000e-02,2000,19
7993,1.000000000000e-03,1.000000000000e-02,2000,24
7994,1.000000000000e-03,1.000000000000e-02,2000,26
7995,1.000000000000e-03,1.000000000000e-02,2000,23
7996,1.000000000000e-03,1.000000000000e-02,2000,30
7997,1.000000000000e-03,1.000000000000e-02,2000,18
7998,1.000000000000e-03,1.000000000000e-02,2000,19
7999,1.000000000000e-03,1.000000000000e-02,2000,19
8000,1.000000000000e-03,1.000000000000e-02,2000,21
8001,1.000000000000e-03,2.000000000000e-02,200,7
8002,1.000000000000e-03,2.000000000000e-02,200,3
8003,1.000000000000e-03,2.000000000000e-02,200,3
8004,1.000000000000e-03,2.000000000000e-02,200,4
8005,1.000000000000e-03,2.000000000000e-02,200,5
8006,1.000000000000e-03,2.000000000000e-02,200,6
8007,1.000000000000e-03,2.000000000000e-02,200,4
8008,1.000000000000e-03,2.000000000000e-02,200,5
8009,1.000000000000e-03,2.000000000000e-02,200,5
8010,1.000000000000e-03,2.000000000000e-02,200,7
8011,1.000000000000e-03,2.000000000000e-02,200,2
8012,1.000000000000e-03,2.000000000000e-02,200,6
8013,1.000000000000e-03,2.000000000000e-02,200,7
8014,1.000000000000e-03,2.000000000000e-02,200,5
8015,1.000000000000e-03,2.000000000000e-02,200,10
8016,1.000000000000e-03,2.000000000000e-02,200,2
8017,1.000000000000e-03,2.000000000000e-02,200,4
8018,1.000000000000e-03,2.000000000000e-02,200,2
8019,1.000000000000e-03,2.000000000000e-02,200,4
8020,1.000000000000e-03,2.000000000000e-02,200,3
8021,1.000000000000e-03,2.000000000000e-02,200,6
8022,1.000000000000e-03,2.000000000000e-02,200,3
8023,1.000000000000e-03,2.000000000000e-02,200,6
8024,1.000000000000e-03,2.000000000000e-02,200,2
8025,1.000000000000e-03,2.000000000000e-02,200,7
8026,1.000000000000e-03,2.000000000000e-02,200,2
8027,1.000000000000e-03,2.000000000000e-02,200,4
8028,1.000000000000e-03,2.000000000000e-02,200,6
8029,1.000000000000e-03,2.000000000000e-02,200,3
8030,1.000000000000e-03,2.000000000000e-02,200,4
8031,1.000000000000e-03,2.000000000000e-02,200,8
8032,1.000000000000e-03,2.000000000000e-02,200,3
8033,1.000000000000e-03,2.000000000000e-02,200,5
8034,1.000000000000e-03,2.000000000000e-02,200,3
8035,1.000000000000e-03,2.000000000000e-02,200,2
8036,1.000000000000e-03,2.000000000000e-02,200,4
8037,1.000000000000e-03,2.000000000000e-02,200,4
8038,1.000000000000e-03,2.000000000000e-02,200,2
8039,1.000000000000e-03,2.000000000000e-02,200,8
8040,1.000000000000e-03,2.000000000000e-02,200,3
8041,1.000000000000e-03,2.000000000000e-02,200,3
8042,1.000000000000e-03,2.000000000000e-02,200,3
8043,1.000000000000e-03,2.000000000000e-02,200,1
8044,1.000000000000e-03,2.000000000000e-02,200,4
8045,1.000000000000e-03,2.000000000000e-02,200,5
8046,1.000000000000e-03,2.000000000000e-02,200,6
8047,1.000000000000e-03,2.000000000000e-02,200,5
8048,1.000000000000e-03,2.000000000000e-02,200,3
8049,1.000000000000e-03,2.000000000000e-02,200,3
8050,1.000000000000e-03,2.000000000000e-02,200,1
8051,1.000000000000e-03,2.000000000000e-02,200,7
8052,1.000000000000e-03,2.000000000000e-02,200,3
8053,1.000000000000e-03,2.000000000000e-02,200,1
8054,1.000000000000e-03,2.000000000000e-02,200,4
8055,1.000000000000e-03,2.000000000000e-02,200,2
8056,1.000000000000e-03,2.000000000000e-02,200,2
8057,1.000000000000e-03,2.000000000000e-02,200,1
8058,1.000000000000e-03,2.000000000000e-02,200,4
8059,1.000000000000e-03,2.000000000000e-02,200,4
8060,1.000000000000e-03,2.000000000000e-02,200,2
8061,1.000000000000e-03,2.000000000000e-02,200,4
8062,1.000000000000e-03,2.000000000000e-02,200,2
8063,1.000000000000e-03,2.000000000000e-02,200,2
8064,1.000000000000e-03,2.000000000000e-02,200,9
8065,1.000000000000e-03,2.000000000000e-02,200,4
8066,1.000000000000e-03,2.000000000000e-02,200,4
8067,1.000000000000e-03,2.000000000000e-02,200,3
8068,1.000000000000e-03,2.000000000000e-02,200,3
8069,1.000000000000e-03,2.000000000000e-02,200,4
8070,1.000000000000e-03,2.000000000000e-02,200,4
8071,1.000000000000e-03,2.000000000000e-02,200,1
8072,1.000000000000e-03,2.000000000000e-02,200,5
8073,1.000000000000e-03,2.000000000000e-02,200,5
8074,1.000000000000e-03,2.000000000000e-02,200,6
8075,1.000000000000e-03,2.000000000000e-02,200,4
8076,1.000000000000e-03,2.000000000000e-02,200,4
8077,1.000000000000e-03,2.000000000000e-02,200,2
8078,1.000000000000e-03,2.000000000000e-02,200,3
8079,1.000000000000e-03,2.000000000000e-02,200,3
8080,1.000000000000e-03,2.000000000000e-02,200,8
8081,1.000000000000e-03,2.000000000000e-02,200,2
8082,1.000000000000e-03,2.000000000000e-02,200,3
8083,1.000000000000e-03,2.000000000000e-02,200,3
8084,1.000000000000e-03,2.000000000000e-02,200,2
8085,1.000000000000e-03,2.000000000000e-02,200,7
8086,1.000000000000e-03,2.000000000000e-02,200,5
8087,1.000000000000e-03,2.000000000000e-02,200,8
8088,1.000000000000e-03,2.000000000000e-02,200,5
8089,1.000000000000e-03,2.000000000000e-02,200,6
8090,1.000000000000e-03,2.000000000000e-02,200,4
8091,1.000000000000e-03,2.000000000000e-02,200,2
8092,1.000000000000e-03,2.000000000000e-02,200,2
8093,1.000000000000e-03,2.000000000000e-02,200,8
8094,1.000000000000e-03,2.000000000000e-02,200,3
8095,1.000000000000e-03,2.000000000000e-02,200,9
8096,1.000000000000e-03,2.000000000000e-02,200,6
8097,1.000000000000e-03,2.000000000000e-02,200,2
8098,1.000000000000e-03,2.000000000000e-02,200,7
8099,1.000000000000e-03,2.000000000000e-02,200,3
8100,1.000000000000e-03,2.000000000000e-02,200,4
8101,1.000000000000e-03,2.000000000000e-02,200,2
8102,1.000000000000e-03,2.000000000000e-02,200,1
8103,1.000000000000e-03,2.000000000000e-02,200,3
8104,1.000000000000e-03,2.000000000000e-02,200,3
8105,1.000000000000e-03,2.000000000000e-02,200,3
8106,1.000000000000e-03,2.000000000000e-02,200,6
8107,1.000000000000e-03,2.000000000000e-02,200,1
8108,1.000000000000e-03,2.000000000000e-02,200,3
8109,1.000000000000e-03,2.000000000000e-02,200,3
8110,1.000000000000e-03,2.000000000000e-02,200,3
8111,1.000000000000e-03,2.000000000000e-02,200,4
8112,1.000000000000e-03,2.000000000000e-02,200,4
8113,1.000000000000e-03,2.000000000000e-02,200,3
8114,1.000000000000e-03,2.000000000000e-02,200,4
8115,1.000000000000e-03,2.000000000000e-02,200,4
8116,1.000000000000e-03,2.000000000000e-02,200,6
8117,1.000000000000e-03,2.000000000000e-02,200,3
8118,1.000000000000e-03,2.000000000000e-02,200,6
8119,1.000000000000e-03,2.000000000000e-02,200,5
8120,1.000000000000e-03,2.000000000000e-02,200,4
8121,1.000000000000e-03,2.000000000000e-02,200,3
8122,1.000000000000e-03,2.000000000000e-02,200,5
8123,1.000000000000e-03,2.000000000000e-02,200,6
8124,1.000000000000e-03,2.000000000000e-02,200,3
8125,1.000000000000e-03,2.000000000000e-02,200,6
8126,1.000000000000e-03,2.000000000000e-02,200,5
8127,1.000000000000e-03,2.000000000000e-02,200,4
8128,1.000000000000e-03,2.000000000000e-02,200,6
8129,1.000000000000e-03,2.000000000000e-02,200,3
8130,1.000000000000e-03,2.000000000000e-02,200,2
8131,1.000000000000e-03,2.000000000000e-02,200,2
8132,1.000000000000e-03,2.000000000000e-02,200,6
8133,1.000000000000e-03,2.000000000000e-02,200,7
8134,1.000000000000e-03,2.000000000000e-02,200,5
8135,1.000000000000e-03,2.000000000000e-02,200,8
8136,1.000000000000e-03,2.000000000000e-02,200,3
8137,1.000000000000e-03,2.000000000000e-02,200,6
8138,1.000000000000e-03,2.000000000000e-02,200,2
8139,1.000000000000e-03,2.000000000000e-02,200,1
8140,1.000000000000e-03,2.000000000000e-02,200,4
8141,1.000000000000e-03,2.000000000000e-02,200,4
8142,1.000000000000e-03,2.000000000000e-02,200,5
8143,1.000000000000e-03,2.000000000000e-02,200,6
8144,1.000000000000e-03,2.000000000000e-02,200,2
8145,1.000000000000e-03,2.000000000000e-02,200,3
8146,1.000000000000e-03,2.000000000000e-02,200,8
8147,1.000000000000e-03,2.000000000000e-02,200,4
8148,1.000000000000e-03,2.000000000000e-02,200,5
8149,1.000000000000e-03,2.000000000000e-02,200,2
8150,1.000000000000e-03,2.000000000000e-02,200,4
8151,1.000000000000e-03,2.000000000000e-02,200,4
8152,1.000000000000e-03,2.000000000000e-02,200,4
8153,1.000000000000e-03,2.000000000000e-02,200,6
8154,1.000000000000e-03,2.000000000000e-02,200,7
8155,1.000000000000e-03,2.000000000000e-02,200,3
8156,1.000000000000e-03,2.000000000000e-02,200,4
8157,1.000000000000e-03,2.000000000000e-02,200,3
8158,1.000000000000e-03,2.000000000000e-02,200,7
8159,1.000000000000e-03,2.000000000000e-02,200,5
8160,1.000000000000e-03,2.000000000000e-02,200,1
8161,1.000000000000e-03,2.000000000000e-02,200,5
8162,1.000000000000e-03,2.000000000000e-02,200,4
8163,1.000000000000e-03,2.000000000000e-02,200,3
8164,1.000000000000e-03,2.000000000000e-02,200,3
8165,1.000000000000e-03,2.000000000000e-02,200,8
8166,1.000000000000e-03,2.000000000000e-02,200,4
8167,1.000000000000e-03,2.000000000000e-02,200,2
8168,1.000000000000e-03,2.000000000000e-02,200,12
8169,1.000000000000e-03,2.000000000000e-02,200,5
8170,1.000000000000e-03,2.000000000000e-02,200,3
8171,1.000000000000e-03,2.000000000000e-02,200,4
8172,1.000000000000e-03,2.000000000000e-02,200,4
8173,1.000000000000e-03,2.000000000000e-02,200,3
8174,1.000000000000e-03,2.000000000000e-02,200,3
8175,1.000000000000e-03,2.000000000000e-02,200,3
8176,1.000000000000e-03,2.000000000000e-02,200,2
8177,1.000000000000e-03,2.000000000000e-02,200,7
8178,1.000000000000e-03,2.000000000000e-02,200,5
8179,1.000000000000e-03,2.000000000000e-02,200,3
8180,1.000000000000e-03,2.000000000000e-02,200,3
8181,1.000000000000e-03,2.000000000000e-02,200,6
8182,1.000000000000e-03,2.000000000000e-02,200,4
8183,1.000000000000e-03,2.000000000000e-02,200,8
8184,1.000000000000e-03,2.000000000000e-02,200,1
8185,1.000000000000e-03,2.000000000000e-02,200,7
8186,1.000000000000e-03,2.000000000000e-02,200,5
8187,1.000000000000e-03,2.000000000000e-02,200,4
8188,1.000000000000e-03,2.000000000000e-02,200,5
8189,1.000000000000e-03,2.000000000000e-02,200,7
8190,1.000000000000e-03,2.000000000000e-02,200,4
8191,1.000000000000e-03,2.000000000000e-02,200,2
8192,1.000000000000e-03,2.000000000000e-02,200,7
8193,1.000000000000e-03,2.000000000000e-02,200,3
8194,1.000000000000e-03,2.000000000000e-02,200,2
8195,1.000000000000e-03,2.000000000000e-02,200,2
8196,1.000000000000e-03,2.000000000000e-02,200,6
8197,1.000000000000e-03,2.000000000000e-02,200,6
8198,1.000000000000e-03,2.000000000000e-02,200,5
8199,1.000000000000e-03,2.000000000000e-02,200,5
8200,1.000000000000e-03,2.000000000000e-02,200,8
8201,1.000000000000e-03,2.000000000000e-02,200,1
8202,1.000000000000e-03,2.000000000000e-02,200,5
8203,1.000000000000e-03,2.000000000000e-02,200,5
8204,1.000000000000e-03,2.000000000000e-02,200,3
8205,1.000000000000e-03,2.000000000000e-02,200,4
8206,1.000000000000e-03,2.000000000000e-02,200,1
8207,1.000000000000e-03,2.000000000000e-02,200,5
8208,1.000000000000e-03,2.000000000000e-02,200,2
8209,1.000000000000e-03,2.000000000000e-02,200,3
8210,1.000000000000e-03,2.000000000000e-02,200,2
8211,1.000000000000e-03,2.000000000000e-02,200,2
8212,1.000000000000e-03,2.000000000000e-02,200,1
8213,1.000000000000e-03,2.000000000000e-02,200,4
8214,1.000000000000e-03,2.000000000000e-02,200,3
8215,1.000000000000e-03,2.000000000000e-02,200,2
8216,1.000000000000e-03,2.000000000000e-02,200,4
8217,1.000000000000e-03,2.000000000000e-02,200,4
8218,1.000000000000e-03,2.000000000000e-02,200,9
8219,1.000000000000e-03,2.000000000000e-02,200,3
8220,1.000000000000e-03,2.000000000000e-02,200,3
8221,1.000000000000e-03,2.000000000000e-02,200,4
8222,1.000000000000e-03,2.000000000000e-02,200,1
8223,1.000000000000e-03,2.000000000000e-02,200,6
8224,1.000000000000e-03,2.000000000000e-02,200,5
8225,1.000000000000e-03,2.000000000000e-02,200,4
8226,1.000000000000e-03,2.000000000000e-02,200,5
8227,1.000000000000e-03,2.000000000000e-02,200,2
8228,1.000000000000e-03,2.000000000000e-02,200,6
8229,1.000000000000e-03,2.000000000000e-02,200,3
8230,1.000000000000e-03,2.000000000000e-02,200,5
8231,1.000000000000e-03,2.000000000000e-02,200,4
8232,1.000000000000e-03,2.000000000000e-02,200,5
8233,1.000000000000e-03,2.000000000000e-02,200,6
8234,1.000000000000e-03,2.000000000000e-02,200,5
8235,1.000000000000e-03,2.000000000000e-02,200,5
8236,1.000000000000e-03,2.000000000000e-02,200,7
8237,1.000000000000e-03,2.000000000000e-02,200,2
8238,1.000000000000e-03,2.000000000000e-02,200,5
8239,1.000000000000e-03,2.000000000000e-02,200,2
8240,1.000000000000e-03,2.000000000000e-02,200,3
8241,1.000000000000e-03,2.000000000000e-02,200,1
8242,1.000000000000e-03,2.000000000000e-02,200,4
8243,1.000000000000e-03,2.000000000000e-02,200,3
8244,1.000000000000e-03,2.000000000000e-02,200,4
8245,1.000000000000e-03,2.000000000000e-02,200,5
8246,1.000000000000e-03,2.000000000000e-02,200,2
8247,1.000000000000e-03,2.000000000000e-02,200,3
8248,1.000000000000e-03,2.000000000000e-02,200,4
8249,1.000000000000e-03,2.000000000000e-02,200,7
8250,1.000000000000e-03,2.000000000000e-02,200,4
8251,1.000000000000e-03,2.000000000000e-02,200,4
8252,1.000000000000e-03,2.000000000000e-02,200,4
8253,1.000000000000e-03,2.000000000000e-02,200,3
8254,1.000000000000e-03,2.000000000000e-02,200,5
8255,1.000000000000e-03,2.000000000000e-02,200,5
8256,1.000000000000e-03,2.000000000000e-02,200,3
8257,1.000000000000e-03,2.000000000000e-02,200,5
8258,1.000000000000e-03,2.000000000000e-02,200,3
8259,1.000000000000e-03,2.000000000000e-02,200,6
8260,1.000000000000e-03,2.000000000000e-02,200,4
8261,1.000000000000e-03,2.000000000000e-02,200,4
8262,1.000000000000e-03,2.000000000000e-02,200,5
8263,1.000000000000e-03,2.000000000000e-02,200,5
8264,1.000000000000e-03,2.000000000000e-02,200,7
8265,1.000000000000e-03,2.000000000000e-02,200,3
8266,1.000000000000e-03,2.000000000000e-02,200,0
8267,1.000000000000e-03,2.000000000000e-02,200,2
8268,1.000000000000e-03,2.000000000000e-02,200,5
8269,1.000000000000e-03,2.000000000000e-02,200,5
8270,1.000000000000e-03,2.000000000000e-02,200,3
8271,1.000000000000e-03,2.000000000000e-02,200,5
8272,1.000000000000e-03,2.000000000000e-02,200,5
8273,1.000000000000e-03,2.000000000000e-02,200,7
8274,1.000000000000e-03,2.000000000000e-02,200,3
8275,1.000000000000e-03,2.000000000000e-02,200,3
8276,1.000000000000e-03,2.000000000000e-02,200,7
8277,1.000000000000e-03,2.000000000000e-02,200,6
8278,1.000000000000e-03,2.000000000000e-02,200,3
8279,1.000000000000e-03,2.000000000000e-02,200,1
8280,1.000000000000e-03,2.000000000000e-02,200,2
8281,1.000000000000e-03,2.000000000000e-02,200,3
8282,1.000000000000e-03,2.000000000000e-02,200,1
8283,1.000000000000e-03,2.000000000000e-02,200,5
8284,1.000000000000e-03,2.000000000000e-02,200,4
8285,1.000000000000e-03,2.000000000000e-02,200,6
8286,1.000000000000e-03,2.000000000000e-02,200,5
8287,1.000000000000e-03,2.000000000000e-02,200,4
8288,1.000000000000e-03,2.000000000000e-02,200,2
8289,1.000000000000e-03,2.000000000000e-02,200,5
8290,1.000000000000e-03,2.000000000000e-02,200,4
8291,1.000000000000e-03,2.000000000000e-02,200,1
8292,1.000000000000e-03,2.000000000000e-02,200,4
8293,1.000000000000e-03,2.000000000000e-02,200,3
8294,1.000000000000e-03,2.000000000000e-02,200,2
8295,1.000000000000e-03,2.000000000000e-02,200,5
8296,1.000000000000e-03,2.000000000000e-02,200,9
8297,1.000000000000e-03,2.000000000000e-02,200,6
8298,1.000000000000e-03,2.000000000000e-02,200,4
8299,1.000000000000e-03,2.000000000000e-02,200,7
8300,1.000000000000e-03,2.000000000000e-02,200,4
8301,1.000000000000e-03,2.000000000000e-02,200,7
8302,1.000000000000e-03,2.000000000000e-02,200,1
8303,1.000000000000e-03,2.000000000000e-02,200,4
8304,1.000000000000e-03,2.000000000000e-02,200,3
8305,1.000000000000e-03,2.000000000000e-02,200,5
8306,1.000000000000e-03,2.000000000000e-02,200,5
8307,1.000000000000e-03,2.000000000000e-02,200,1
8308,1.000000000000e-03,2.000000000000e-02,200,7
8309,1.000000000000e-03,2.000000000000e-02,200,2
8310,1.000000000000e-03,2.000000000000e-02,200,4
8311,1.000000000000e-03,2.000000000000e-02,200,3
8312,1.000000000000e-03,2.000000000000e-02,200,6
8313,1.000000000000e-03,2.000000000000e-02,200,2
8314,1.000000000000e-03,2.000000000000e-02,200,4
8315,1.000000000000e-03,2.000000000000e-02,200,11
8316,1.000000000000e-03,2.000000000000e-02,200,2
8317,1.000000000000e-03,2.000000000000e-02,200,4
8318,1.000000000000e-03,2.000000000000e-02,200,4
8319,1.000000000000e-03,2.000000000000e-02,200,2
8320,1.000000000000e-03,2.000000000000e-02,200,9
8321,1.000000000000e-03,2.000000000000e-02,200,6
8322,1.000000000000e-03,2.000000000000e-02,200,2
8323,1.000000000000e-03,2.000000000000e-02,200,5
8324,1.000000000000e-03,2.000000000000e-02,200,0
8325,1.000000000000e-03,2.000000000000e-02,200,6
8326,1.000000000000e-03,2.000000000000e-02,200,4
8327,1.000000000000e-03,2.000000000000e-02,200,2
8328,1.000000000000e-03,2.000000000000e-02,200,3
8329,1.000000000000e-03,2.000000000000e-02,200,7
8330,1.000000000000e-03,2.000000000000e-02,200,8
8331,1.000000000000e-03,2.000000000000e-02,200,2
8332,1.000000000000e-03,2.000000000000e-02,200,1
8333,1.000000000000e-03,2.000000000000e-02,200,3
8334,1.000000000000e-03,2.000000000000e-02,200,3
8335,1.000000000000e-03,2.000000000000e-02,200,0
8336,1.000000000000e-03,2.000000000000e-02,200,7
8337,1.000000000000e-03,2.000000000000e-02,200,9
8338,1.000000000000e-03,2.000000000000e-02,200,3
8339,1.000000000000e-03,2.000000000000e-02,200,6
8340,1.000000000000e-03,2.000000000000e-02,200,4
8341,1.000000000000e-03,2.000000000000e-02,200,3
8342,1.000000000000e-03,2.000000000000e-02,200,3
8343,1.000000000000e-03,2.000000000000e-02,200,3
8344,1.000000000000e-03,2.000000000000e-02,200,6
8345,1.000000000000e-03,2.000000000000e-02,200,8
8346,1.000000000000e-03,2.000000000000e-02,200,9
8347,1.000000000000e-03,2.000000000000e-02,200,2
8348,1.000000000000e-03,2.000000000000e-02,200,5
8349,1.000000000000e-03,2.000000000000e-02,200,1
8350,1.000000000000e-03,2.000000000000e-02,200,4
8351,1.000000000000e-03,2.000000000000e-02,200,3
8352,1.000000000000e-03,2.000000000000e-02,200,5
8353,1.000000000000e-03,2.000000000000e-02,200,5
8354,1.000000000000e-03,2.000000000000e-02,200,0
8355,1.000000000000e-03,2.000000000000e-02,200,2
8356,1.000000000000e-03,2.000000000000e-02,200,2
8357,1.000000000000e-03,2.000000000000e-02,200,2
8358,1.000000000000e-03,2.000000000000e-02,200,6
8359,1.000000000000e-03,2.000000000000e-02,200,4
8360,1.000000000000e-03,2.000000000000e-02,200,1
8361,1.000000000000e-03,2.000000000000e-02,200,2
8362,1.000000000000e-03,2.000000000000e-02,200,4
8363,1.000000000000e-03,2.000000000000e-02,200,5
8364,1.000000000000e-03,2.000000000000e-02,200,6
8365,1.000000000000e-03,2.000000000000e-02,200,6
8366,1.000000000000e-03,2.000000000000e-02,200,3
8367,1.000000000000e-03,2.000000000000e-02,200,4
8368,1.000000000000e-03,2.000000000000e-02,200,4
8369,1.000000000000e-03,2.000000000000e-02,200,4
8370,1.000000000000e-03,2.000000000000e-02,200,5
8371,1.000000000000e-03,2.000000000000e-02,200,5
8372,1.000000000000e-03,2.000000000000e-02,200,3
8373,1.000000000000e-03,2.000000000000e-02,200,3
8374,1.000000000000e-03,2.000000000000e-02,200,1
8375,1.000000000000e-03,2.000000000000e-02,200,4
8376,1.000000000000e-03,2.000000000000e-02,200,5
8377,1.000000000000e-03,2.000000000000e-02,200,3
8378,1.000000000000e-03,2.000000000000e-02,200,4
8379,1.000000000000e-03,2.000000000000e-02,200,5
8380,1.000000000000e-03,2.000000000000e-02,200,5
8381,1.000000000000e-03,2.000000000000e-02,200,6
8382,1.000000000000e-03,2.000000000000e-02,200,3
8383,1.000000000000e-03,2.000000000000e-02,200,5
8384,1.000000000000e-03,2.000000000000e-02,200,6
8385,1.000000000000e-03,2.000000000000e-02,200,6
8386,1.000000000000e-03,2.000000000000e-02,200,7
8387,1.000000000000e-03,2.000000000000e-02,200,2
8388,1.000000000000e-03,2.000000000000e-02,200,4
8389,1.000000000000e-03,2.000000000000e-02,200,6
8390,1.000000000000e-03,2.000000000000e-02,200,3
8391,1.000000000000e-03,2.000000000000e-02,200,5
8392,1.000000000000e-03,2.000000000000e-02,200,6
8393,1.000000000000e-03,2.000000000000e-02,200,2
8394,1.000000000000e-03,2.000000000000e-02,200,3
8395,1.000000000000e-03,2.000000000000e-02,200,1
8396,1.000000000000e-03,2.000000000000e-02,200,6
8397,1.000000000000e-03,2.000000000000e-02,200,5
8398,1.000000000000e-03,2.000000000000e-02,200,3
8399,1.000000000000e-03,2.000000000000e-02,200,3
8400,1.000000000000e-03,2.000000000000e-02,200,4
8401,1.000000000000e-03,2.000000000000e-02,500,10
8402,1.000000000000e-03,2.000000000000e-02,500,7
8403,1.000000000000e-03,2.000000000000e-02,500,8
8404,1.000000000000e-03,2.000000000000e-02,500,7
8405,1.000000000000e-03,2.000000000000e-02,500,9
8406,1.000000000000e-03,2.000000000000e-02,500,14
8407,1.000000000000e-03,2.000000000000e-02,500,9
8408,1.000000000000e-03,2.000000000000e-02,500,17
8409,1.000000000000e-03,2.000000000000e-02,500,11
8410,1.000000000000e-03,2.000000000000e-02,500,9
8411,1.000000000000e-03,2.000000000000e-02,500,7
8412,1.000000000000e-03,2.000000000000e-02,500,7
8413,1.000000000000e-03,2.000000000000e-02,500,7
8414,1.000000000000e-03,2.000000000000e-02,500,8
8415,1.000000000000e-03,2.000000000000e-02,500,14
8416,1.000000000000e-03,2.000000000000e-02,500,13
8417,1.000000000000e-03,2.000000000000e-02,500,13
8418,1.000000000000e-03,2.000000000000e-02,500,8
8419,1.000000000000e-03,2.000000000000e-02,500,13
8420,1.000000000000e-03,2.000000000000e-02,500,6
8421,1.000000000000e-03,2.000000000000e-02,500,11
8422,1.000000000000e-03,2.000000000000e-02,500,11
8423,1.000000000000e-03,2.000000000000e-02,500,12
8424,1.000000000000e-03,2.000000000000e-02,500,9
8425,1.000000000000e-03,2.000000000000e-02,500,6
8426,1.000000000000e-03,2.000000000000e-02,500,10
8427,1.000000000000e-03,2.000000000000e-02,500,12
8428,1.000000000000e-03,2.000000000000e-02,500,9
8429,1.000000000000e-03,2.000000000000e-02,500,11
8430,1.000000000000e-03,2.000000000000e-02,500,8
8431,1.000000000000e-03,2.000000000000e-02,500,8
8432,1.000000000000e-03,2.000000000000e-02,500,4
8433,1.000000000000e-03,2.000000000000e-02,500,13
8434,1.000000000000e-03,2.000000000000e-02,500,9
8435,1.000000000000e-03,2.000000000000e-02,500,10
8436,1.000000000000e-03,2.000000000000e-02,500,12
8437,1.000000000000e-03,2.000000000000e-02,500,11
8438,1.000000000000e-03,2.000000000000e-02,500,12
8439,1.000000000000e-03,2.000000000000e-02,500,7
8440,1.000000000000e-03,2.000000000000e-02,500,7
8441,1.000000000000e-03,2.000000000000e-02,500,7
8442,1.000000000000e-03,2.000000000000e-02,500,11
8443,1.000000000000e-03,2.000000000000e-02,500,5
8444,1.000000000000e-03,2.000000000000e-02,500,10
8445,1.000000000000e-03,2.000000000000e-02,500,6
8446,1.000000000000e-03,2.000000000000e-02,500,6
8447,1.000000000000e-03,2.000000000000e-02,500,5
8448,1.000000000000e-03,2.000000000000e-02,500,13
8449,1.000000000000e-03,2.000000000000e-02,500,9
8450,1.000000000000e-03,2.000000000000e-02,500,5
8451,1.000000000000e-03,2.000000000000e-02,500,11
8452,1.000000000000e-03,2.000000000000e-02,500,14
8453,1.000000000000e-03,2.000000000000e-02,500,12
8454,1.000000000000e-03,2.000000000000e-02,500,10
8455,1.000000000000e-03,2.000000000000e-02,500,10
8456,1.000000000000e-03,2.000000000000e-02,500,16
8457,1.000000000000e-03,2.000000000000e-02,500,14
8458,1.000000000000e-03,2.000000000000e-02,500,10
8459,1.000000000000e-03,2.000000000000e-02,500,11
8460,1.000000000000e-03,2.000000000000e-02,500,11
8461,1.000000000000e-03,2.000000000000e-02,500,6
8462,1.000000000000e-03,2.000000000000e-02,500,7
8463,1.000000000000e-03,2.000000000000e-02,500,15
8464,1.000000000000e-03,2.000000000000e-02,500,9
8465,1.000000000000e-03,2.000000000000e-02,500,11
8466,1.000000000000e-03,2.000000000000e-02,500,13
8467,1.000000000000e-03,2.000000000000e-02,500,10
8468,1.000000000000e-03,2.000000000000e-02,500,7
8469,1.000000000000e-03,2.000000000000e-02,500,10
8470,1.000000000000e-03,2.000000000000e-02,500,14
8471,1.000000000000e-03,2.000000000000e-02,500,11
8472,1.000000000000e-03,2.000000000000e-02,500,8
8473,1.000000000000e-03,2.000000000000e-02,500,10
8474,1.000000000000e-03,2.000000000000e-02,500,15
8475,1.000000000000e-03,2.000000000000e-02,500,12
8476,1.000000000000e-03,2.000000000000e-02,500,14
8477,1.000000000000e-03,2.000000000000e-02,500,7
8478,1.000000000000e-03,2.000000000000e-02,500,16
8479,1.000000000000e-03,2.000000000000e-02,500,17
8480,1.000000000000e-03,2.000000000000e-02,500,11
8481,1.000000000000e-03,2.000000000000e-02,500,15
8482,1.000000000000e-03,2.000000000000e-02,500,14
8483,1.000000000000e-03,2.000000000000e-02,500,8
8484,1.000000000000e-03,2.000000000000e-02,500,8
8485,1.000000000000e-03,2.000000000000e-02,500,9
8486,1.000000000000e-03,2.000000000000e-02,500,10
8487,1.000000000000e-03,2.000000000000e-02,500,12
8488,1.000000000000e-03,2.000000000000e-02,500,13
8489,1.000000000000e-03,2.000000000000e-02,500,8
8490,1.000000000000e-03,2.000000000000e-02,500,10
8491,1.000000000000e-03,2.000000000000e-02,500,12
8492,1.000000000000e-03,2.000000000000e-02,500,7
8493,1.000000000000e-03,2.000000000000e-02,500,12
8494,1.000000000000e-03,2.000000000000e-02,500,12
8495,1.000000000000e-03,2.000000000000e-02,500,6
8496,1.000000000000e-03,2.000000000000e-02,500,9
8497,1.000000000000e-03,2.000000000000e-02,500,10
8498,1.000000000000e-03,2.000000000000e-02,500,5
8499,1.000000000000e-03,2.000000000000e-02,500,15
8500,1.000000000000e-03,2.000000000000e-02,500,9
8501,1.000000000000e-03,2.000000000000e-02,500,7
8502,1.000000000000e-03,2.000000000000e-02,500,9
8503,1.000000000000e-03,2.000000000000e-02,500,6
8504,1.000000000000e-03,2.000000000000e-02,500,8
8505,1.000000000000e-03,2.000000000000e-02,500,10
8506,1.000000000000e-03,2.000000000000e-02,500,10
8507,1.000000000000e-03,2.000000000000e-02,500,11
8508,1.000000000000e-03,2.000000000000e-02,500,10
8509,1.000000000000e-03,2.000000000000e-02,500,13
8510,1.000000000000e-03,2.000000000000e-02,500,14
8511,1.000000000000e-03,2.000000000000e-02,500,9
8512,1.000000000000e-03,2.000000000000e-02,500,8
8513,1.000000000000e-03,2.000000000000e-02,500,9
8514,1.000000000000e-03,2.000000000000e-02,500,12
8515,1.000000000000e-03,2.000000000000e-02,500,12
8516,1.000000000000e-03,2.000000000000e-02,500,15
8517,1.000000000000e-03,2.000000000000e-02,500,8
8518,1.000000000000e-03,2.000000000000e-02,500,8
8519,1.000000000000e-03,2.000000000000e-02,500,10
8520,1.000000000000e-03,2.000000000000e-02,500,13
8521,1.000000000000e-03,2.000000000000e-02,500,11
8522,1.000000000000e-03,2.000000000000e-02,500,14
8523,1.000000000000e-03,2.000000000000e-02,500,10
8524,1.000000000000e-03,2.000000000000e-02,500,12
8525,1.000000000000e-03,2.000000000000e-02,500,6
8526,1.000000000000e-03,2.000000000000e-02,500,11
8527,1.000000000000e-03,2.000000000000e-02,500,8
8528,1.000000000000e-03,2.000000000000e-02,500,12
8529,1.000000000000e-03,2.000000000000e-02,500,15
8530,1.000000000000e-03,2.000000000000e-02,500,14
8531,1.000000000000e-03,2.000000000000e-02,500,10
8532,1.000000000000e-03,2.000000000000e-02,500,19
8533,1.000000000000e-03,2.000000000000e-02,500,6
8534,1.000000000000e-03,2.000000000000e-02,500,9
8535,1.000000000000e-03,2.000000000000e-02,500,12
8536,1.000000000000e-03,2.000000000000e-02,500,13
8537,1.000000000000e-03,2.000000000000e-02,500,15
8538,1.000000000000e-03,2.000000000000e-02,500,8
8539,1.000000000000e-03,2.000000000000e-02,500,7
8540,1.000000000000e-03,2.000000000000e-02,500,8
8541,1.000000000000e-03,2.000000000000e-02,500,9
8542,1.000000000000e-03,2.000000000000e-02,500,8
8543,1.000000000000e-03,2.000000000000e-02,500,3
8544,1.000000000000e-03,2.000000000000e-02,500,7
8545,1.000000000000e-03,2.000000000000e-02,500,6
8546,1.000000000000e-03,2.000000000000e-02,500,15
8547,1.000000000000e-03,2.000000000000e-02,500,7
8548,1.000000000000e-03,2.000000000000e-02,500,8
8549,1.000000000000e-03,2.000000000000e-02,500,9
8550,1.000000000000e-03,2.000000000000e-02,500,6
8551,1.000000000000e-03,2.000000000000e-02,500,10
8552,1.000000000000e-03,2.000000000000e-02,500,10
8553,1.000000000000e-03,2.000000000000e-02,500,5
8554,1.000000000000e-03,2.000000000000e-02,500,14
8555,1.000000000000e-03,2.000000000000e-02,500,8
8556,1.000000000000e-03,2.000000000000e-02,500,11
8557,1.000000000000e-03,2.000000000000e-02,500,18
8558,1.000000000000e-03,2.000000000000e-02,500,14
8559,1.000000000000e-03,2.000000000000e-02,500,7
8560,1.000000000000e-03,2.000000000000e-02,500,17
8561,1.000000000000e-03,2.000000000000e-02,500,9
8562,1.000000000000e-03,2.000000000000e-02,500,11
8563,1.000000000000e-03,2.000000000000e-02,500,14
8564,1.000000000000e-03,2.000000000000e-02,500,8
8565,1.000000000000e-03,2.000000000000e-02,500,15
8566,1.000000000000e-03,2.000000000000e-02,500,10
8567,1.000000000000e-03,2.000000000000e-02,500,6
8568,1.000000000000e-03,2.000000000000e-02,500,16
8569,1.000000000000e-03,2.000000000000e-02,500,10
8570,1.000000000000e-03,2.000000000000e-02,500,6
8571,1.000000000000e-03,2.000000000000e-02,500,11
8572,1.000000000000e-03,2.000000000000e-02,500,10
8573,1.000000000000e-03,2.000000000000e-02,500,11
8574,1.000000000000e-03,2.000000000000e-02,500,11
8575,1.000000000000e-03,2.000000000000e-02,500,13
8576,1.000000000000e-03,2.000000000000e-02,500,3
8577,1.000000000000e-03,2.000000000000e-02,500,12
8578,1.000000000000e-03,2.000000000000e-02,500,16
8579,1.000000000000e-03,2.000000000000e-02,500,11
8580,1.000000000000e-03,2.000000000000e-02,500,10
8581,1.000000000000e-03,2.000000000000e-02,500,16
8582,1.000000000000e-03,2.000000000000e-02,500,15
8583,1.000000000000e-03,2.000000000000e-02,500,12
8584,1.000000000000e-03,2.000000000000e-02,500,9
8585,1.000000000000e-03,2.000000000000e-02,500,14
8586,1.000000000000e-03,2.000000000000e-02,500,9
8587,1.000000000000e-03,2.000000000000e-02,500,11
8588,1.000000000000e-03,2.000000000000e-02,500,12
8589,1.000000000000e-03,2.000000000000e-02,500,16
8590,1.000000000000e-03,2.000000000000e-02,500,16
8591,1.000000000000e-03,2.000000000000e-02,500,8
8592,1.000000000000e-03,2.000000000000e-02,500,10
8593,1.000000000000e-03,2.000000000000e-02,500,13
8594,1.000000000000e-03,2.000000000000e-02,500,13
8595,1.000000000000e-03,2.000000000000e-02,500,14
8596,1.000000000000e-03,2.000000000000e-02,500,7
8597,1.000000000000e-03,2.000000000000e-02,500,7
8598,1.000000000000e-03,2.000000000000e-02,500,11
8599,1.000000000000e-03,2.000000000000e-02,500,13
8600,1.000000000000e-03,2.000000000000e-02,500,14
8601,1.000000000000e-03,2.000000000000e-02,500,11
8602,1.000000000000e-03,2.000000000000e-02,500,11
8603,1.000000000000e-03,2.000000000000e-02,500,9
8604,1.000000000000e-03,2.000000000000e-02,500,10
8605,1.000000000000e-03,2.000000000000e-02,500,3
8606,1.000000000000e-03,2.000000000000e-02,500,17
8607,1.000000000000e-03,2.000000000000e-02,500,4
8608,1.000000000000e-03,2.000000000000e-02,500,9
8609,1.000000000000e-03,2.000000000000e-02,500,9
8610,1.000000000000e-03,2.000000000000e-02,500,15
8611,1.000000000000e-03,2.000000000000e-02,500,5
8612,1.000000000000e-03,2.000000000000e-02,500,11
8613,1.000000000000e-03,2.000000000000e-02,500,11
8614,1.000000000000e-03,2.000000000000e-02,500,13
8615,1.000000000000e-03,2.000000000000e-02,500,9
8616,1.000000000000e-03,2.000000000000e-02,500,9
8617,1.000000000000e-03,2.000000000000e-02,500,9
8618,1.000000000000e-03,2.000000000000e-02,500,8
8619,1.000000000000e-03,2.000000000000e-02,500,10
8620,1.000000000000e-03,2.000000000000e-02,500,9
8621,1.000000000000e-03,2.000000000000e-02,500,12
8622,1.000000000000e-03,2.000000000000e-02,500,10
8623,1.000000000000e-03,2.000000000000e-02,500,10
8624,1.000000000000e-03,2.000000000000e-02,500,14
8625,1.000000000000e-03,2.000000000000e-02,500,10
8626,1.000000000000e-03,2.000000000000e-02,500,8
8627,1.000000000000e-03,2.000000000000e-02,500,10
8628,1.000000000000e-03,2.000000000000e-02,500,6
8629,1.000000000000e-03,2.000000000000e-02,500,15
8630,1.000000000000e-03,2.000000000000e-02,500,8
8631,1.000000000000e-03,2.000000000000e-02,500,7
8632,1.000000000000e-03,2.000000000000e-02,500,13
8633,1.000000000000e-03,2.000000000000e-02,500,11
8634,1.000000000000e-03,2.000000000000e-02,500,10
8635,1.000000000000e-03,2.000000000000e-02,500,8
8636,1.000000000000e-03,2.000000000000e-02,500,6
8637,1.000000000000e-03,2.000000000000e-02,500,10
8638,1.000000000000e-03,2.000000000000e-02,500,9
8639,1.000000000000e-03,2.000000000000e-02,500,5
8640,1.000000000000e-03,2.000000000000e-02,500,5
8641,1.000000000000e-03,2.000000000000e-02,500,11
8642,1.000000000000e-03,2.000000000000e-02,500,8
8643,1.000000000000e-03,2.000000000000e-02,500,9
8644,1.000000000000e-03,2.000000000000e-02,500,14
8645,1.000000000000e-03,2.000000000000e-02,500,5
8646,1.000000000000e-03,2.000000000000e-02,500,13
8647,1.000000000000e-03,2.000000000000e-02,500,11
8648,1.000000000000e-03,2.000000000000e-02,500,10
8649,1.000000000000e-03,2.000000000000e-02,500,9
8650,1.000000000000e-03,2.000000000000e-02,500,9
8651,1.000000000000e-03,2.000000000000e-02,500,6
8652,1.000000000000e-03,2.000000000000e-02,500,17
8653,1.000000000000e-03,2.000000000000e-02,500,10
8654,1.000000000000e-03,2.000000000000e-02,500,15
8655,1.000000000000e-03,2.000000000000e-02,500,9
8656,1.000000000000e-03,2.000000000000e-02,500,15
8657,1.000000000000e-03,2.000000000000e-02,500,14
8658,1.000000000000e-03,2.000000000000e-02,500,14
8659,1.000000000000e-03,2.000000000000e-02,500,11
8660,1.000000000000e-03,2.000000000000e-02,500,10
8661,1.000000000000e-03,2.000000000000e-02,500,8
8662,1.000000000000e-03,2.000000000000e-02,500,11
8663,1.000000000000e-03,2.000000000000e-02,500,7
8664,1.000000000000e-03,2.000000000000e-02,500,9
8665,1.000000000000e-03,2.000000000000e-02,500,10
8666,1.000000000000e-03,2.000000000000e-02,500,14
8667,1.000000000000e-03,2.000000000000e-02,500,9
8668,1.000000000000e-03,2.000000000000e-02,500,9
8669,1.000000000000e-03,2.000000000000e-02,500,14
8670,1.000000000000e-03,2.000000000000e-02,500,10
8671,1.000000000000e-03,2.000000000000e-02,500,13
8672,1.000000000000e-03,2.000000000000e-02,500,18
8673,1.000000000000e-03,2.000000000000e-02,500,10
8674,1.000000000000e-03,2.000000000000e-02,500,6
8675,1.000000000000e-03,2.000000000000e-02,500,7
8676,1.000000000000e-03,2.000000000000e-02,500,11
8677,1.000000000000e-03,2.000000000000e-02,500,10
8678,1.000000000000e-03,2.000000000000e-02,500,14
8679,1.000000000000e-03,2.000000000000e-02,500,9
8680,1.000000000000e-03,2.000000000000e-02,500,9
8681,1.000000000000e-03,2.000000000000e-02,500,15
8682,1.000000000000e-03,2.000000000000e-02,500,6
8683,1.000000000000e-03,2.000000000000e-02,500,22
8684,1.000000000000e-03,2.000000000000e-02,500,11
8685,1.000000000000e-03,2.000000000000e-02,500,11
8686,1.000000000000e-03,2.000000000000e-02,500,7
8687,1.000000000000e-03,2.000000000000e-02,500,9
8688,1.000000000000e-03,2.000000000000e-02,500,5
8689,1.000000000000e-03,2.000000000000e-02,500,14
8690,1.000000000000e-03,2.000000000000e-02,500,12
8691,1.000000000000e-03,2.000000000000e-02,500,14
8692,1.000000000000e-03,2.000000000000e-02,500,15
8693,1.000000000000e-03,2.000000000000e-02,500,5
8694,1.000000000000e-03,2.000000000000e-02,500,13
8695,1.000000000000e-03,2.000000000000e-02,500,8
8696,1.000000000000e-03,2.000000000000e-02,500,16
8697,1.000000000000e-03,2.000000000000e-02,500,10
8698,1.000000000000e-03,2.000000000000e-02,500,12
8699,1.000000000000e-03,2.000000000000e-02,500,11
8700,1.000000000000e-03,2.000000000000e-02,500,11
8701,1.000000000000e-03,2.000000000000e-02,500,9
8702,1.000000000000e-03,2.000000000000e-02,500,6
8703,1.000000000000e-03,2.000000000000e-02,500,9
8704,1.000000000000e-03,2.000000000000e-02,500,6
8705,1.000000000000e-03,2.000000000000e-02,500,10
8706,1.000000000000e-03,2.000000000000e-02,500,6
8707,1.000000000000e-03,2.000000000000e-02,500,5
8708,1.000000000000e-03,2.000000000000e-02,500,13
8709,1.000000000000e-03,2.000000000000e-02,500,8
8710,1.000000000000e-03,2.000000000000e-02,500,15
8711,1.000000000000e-03,2.000000000000e-02,500,15
8712,1.000000000000e-03,2.000000000000e-02,500,5
8713,1.000000000000e-03,2.000000000000e-02,500,7
8714,1.000000000000e-03,2.000000000000e-02,500,9
8715,1.000000000000e-03,2.000000000000e-02,500,8
8716,1.000000000000e-03,2.000000000000e-02,500,11
8717,1.000000000000e-03,2.000000000000e-02,500,4
8718,1.000000000000e-03,2.000000000000e-02,500,5
8719,1.000000000000e-03,2.000000000000e-02,500,7
8720,1.000000000000e-03,2.000000000000e-02,500,7
8721,1.000000000000e-03,2.000000000000e-02,500,5
8722,1.000000000000e-03,2.000000000000e-02,500,11
8723,1.000000000000e-03,2.000000000000e-02,500,7
8724,1.000000000000e-03,2.000000000000e-02,500,7
8725,1.000000000000e-03,2.000000000000e-02,500,9
8726,1.000000000000e-03,2.000000000000e-02,500,1
8727,1.000000000000e-03,2.000000000000e-02,500,11
8728,1.000000000000e-03,2.000000000000e-02,500,7
8729,1.000000000000e-03,2.000000000000e-02,500,7
8730,1.000000000000e-03,2.000000000000e-02,500,9
8731,1.000000000000e-03,2.000000000000e-02,500,9
8732,1.000000000000e-03,2.000000000000e-02,500,8
8733,1.000000000000e-03,2.000000000000e-02,500,15
8734,1.000000000000e-03,2.000000000000e-02,500,12
8735,1.000000000000e-03,2.000000000000e-02,500,14
8736,1.000000000000e-03,2.000000000000e-02,500,7
8737,1.000000000000e-03,2.000000000000e-02,500,6
8738,1.000000000000e-03,2.000000000000e-02,500,12
8739,1.000000000000e-03,2.000000000000e-02,500,12
8740,1.000000000000e-03,2.000000000000e-02,500,10
8741,1.000000000000e-03,2.000000000000e-02,500,12
8742,1.000000000000e-03,2.000000000000e-02,500,18
8743,1.000000000000e-03,2.000000000000e-02,500,10
8744,1.000000000000e-03,2.000000000000e-02,500,14
8745,1.000000000000e-03,2.000000000000e-02,500,11
8746,1.000000000000e-03,2.000000000000e-02,500,8
8747,1.000000000000e-03,2.000000000000e-02,500,8
8748,1.000000000000e-03,2.000000000000e-02,500,5
8749,1.000000000000e-03,2.000000000000e-02,500,10
8750,1.000000000000e-03,2.000000000000e-02,500,7
8751,1.000000000000e-03,2.000000000000e-02,500,11
8752,1.000000000000e-03,2.000000000000e-02,500,8
8753,1.000000000000e-03,2.000000000000e-02,500,9
8754,1.000000000000e-03,2.000000000000e-02,500,10
8755,1.000000000000e-03,2.000000000000e-02,500,10
8756,1.000000000000e-03,2.000000000000e-02,500,10
8757,1.000000000000e-03,2.000000000000e-02,500,14
8758,1.000000000000e-03,2.000000000000e-02,500,13
8759,1.000000000000e-03,2.000000000000e-02,500,9
8760,1.000000000000e-03,2.000000000000e-02,500,13
8761,1.000000000000e-03,2.000000000000e-02,500,12
8762,1.000000000000e-03,2.000000000000e-02,500,9
8763,1.000000000000e-03,2.000000000000e-02,500,10
8764,1.000000000000e-03,2.000000000000e-02,500,14
8765,1.000000000000e-03,2.000000000000e-02,500,17
8766,1.000000000000e-03,2.000000000000e-02,500,10
8767,1.000000000000e-03,2.000000000000e-02,500,10
8768,1.000000000000e-03,2.000000000000e-02,500,16
8769,1.000000000000e-03,2.000000000000e-02,500,4
8770,1.000000000000e-03,2.000000000000e-02,500,10
8771,1.000000000000e-03,2.000000000000e-02,500,12
8772,1.000000000000e-03,2.000000000000e-02,500,10
8773,1.000000000000e-03,2.000000000000e-02,500,7
8774,1.000000000000e-03,2.000000000000e-02,500,13
8775,1.000000000000e-03,2.000000000000e-02,500,12
8776,1.000000000000e-03,2.000000000000e-02,500,11
8777,1.000000000000e-03,2.000000000000e-02,500,12
8778,1.000000000000e-03,2.000000000000e-02,500,13
8779,1.000000000000e-03,2.000000000000e-02,500,11
8780,1.000000000000e-03,2.000000000000e-02,500,5
8781,1.000000000000e-03,2.000000000000e-02,500,9
8782,1.000000000000e-03,2.000000000000e-02,500,13
8783,1.000000000000e-03,2.000000000000e-02,500,10
8784,1.000000000000e-03,2.000000000000e-02,500,10
8785,1.000000000000e-03,2.000000000000e-02,500,9
8786,1.000000000000e-03,2.000000000000e-02,500,6
8787,1.000000000000e-03,2.000000000000e-02,500,15
8788,1.000000000000e-03,2.000000000000e-02,500,7
8789,1.000000000000e-03,2.000000000000e-02,500,9
8790,1.000000000000e-03,2.000000000000e-02,500,18
8791,1.000000000000e-03,2.000000000000e-02,500,10
8792,1.000000000000e-03,2.000000000000e-02,500,10
8793,1.000000000000e-03,2.000000000000e-02,500,9
8794,1.000000000000e-03,2.000000000000e-02,500,10
8795,1.000000000000e-03,2.000000000000e-02,500,9
8796,1.000000000000e-03,2.000000000000e-02,500,12
8797,1.000000000000e-03,2.000000000000e-02,500,6
8798,1.000000000000e-03,2.000000000000e-02,500,12
8799,1.000000000000e-03,2.000000000000e-02,500,13
8800,1.000000000000e-03,2.000000000000e-02,500,14
8801,1.000000000000e-03,2.000000000000e-02,1000,19
8802,1.000000000000e-03,2.000000000000e-02,1000,20
8803,1.000000000000e-03,2.000000000000e-02,1000,14
8804,1.000000000000e-03,2.000000000000e-02,1000,23
8805,1.000000000000e-03,2.000000000000e-02,1000,20
8806,1.000000000000e-03,2.000000000000e-02,1000,22
8807,1.000000000000e-03,2.000000000000e-02,1000,18
8808,1.000000000000e-03,2.000000000000e-02,1000,26
8809,1.000000000000e-03,2.000000000000e-02,1000,19
8810,1.000000000000e-03,2.000000000000e-02,1000,21
8811,1.000000000000e-03,2.000000000000e-02,1000,21
8812,1.000000000000e-03,2.000000000000e-02,1000,26
8813,1.000000000000e-03,2.000000000000e-02,1000,25
8814,1.000000000000e-03,2.000000000000e-02,1000,30
8815,1.000000000000e-03,2.000000000000e-02,1000,15
8816,1.000000000000e-03,2.000000000000e-02,1000,9
8817,1.000000000000e-03,2.000000000000e-02,1000,18
8818,1.000000000000e-03,2.000000000000e-02,1000,18
8819,1.000000000000e-03,2.000000000000e-02,1000,22
8820,1.000000000000e-03,2.000000000000e-02,1000,13
8821,1.000000000000e-03,2.000000000000e-02,1000,22
8822,1.000000000000e-03,2.000000000000e-02,1000,19
8823,1.000000000000e-03,2.000000000000e-02,1000,10
8824,1.000000000000e-03,2.000000000000e-02,1000,20
8825,1.000000000000e-03,2.000000000000e-02,1000,19
8826,1.000000000000e-03,2.000000000000e-02,1000,19
8827,1.000000000000e-03,2.000000000000e-02,1000,32
8828,1.000000000000e-03,2.000000000000e-02,1000,14
8829,1.000000000000e-03,2.000000000000e-02,1000,15
8830,1.000000000000e-03,2.000000000000e-02,1000,22
8831,1.000000000000e-03,2.000000000000e-02,1000,23
8832,1.000000000000e-03,2.000000000000e-02,1000,14
8833,1.000000000000e-03,2.000000000000e-02,1000,16
8834,1.000000000000e-03,2.000000000000e-02,1000,19
8835,1.000000000000e-03,2.000000000000e-02,1000,24
8836,1.000000000000e-03,2.000000000000e-02,1000,17
8837,1.000000000000e-03,2.000000000000e-02,1000,23
8838,1.000000000000e-03,2.000000000000e-02,1000,29
8839,1.000000000000e-03,2.000000000000e-02,1000,21
8840,1.000000000000e-03,2.000000000000e-02,1000,16
8841,1.000000000000e-03,2.000000000000e-02,1000,19
8842,1.000000000000e-03,2.000000000000e-02,1000,14
8843,1.000000000000e-03,2.000000000000e-02,1000,26
8844,1.000000000000e-03,2.000000000000e-02,1000,19
8845,1.000000000000e-03,2.000000000000e-02,1000,21
8846,1.000000000000e-03,2.000000000000e-02,1000,24
8847,1.000000000000e-03,2.000000000000e-02,1000,8
8848,1.000000000000e-03,2.000000000000e-02,1000,20
8849,1.000000000000e-03,2.000000000000e-02,1000,17
8850,1.000000000000e-03,2.000000000000e-02,1000,22
8851,1.000000000000e-03,2.000000000000e-02,1000,22
8852,1.000000000000e-03,2.000000000000e-02,1000,17
8853,1.000000000000e-03,2.000000000000e-02,1000,23
8854,1.000000000000e-03,2.000000000000e-02,1000,10
8855,1.000000000000e-03,2.000000000000e-02,1000,19
8856,1.000000000000e-03,2.000000000000e-02,1000,23
8857,1.000000000000e-03,2.000000000000e-02,1000,21
8858,1.000000000000e-03,2.000000000000e-02,1000,23
8859,1.000000000000e-03,2.000000000000e-02,1000,20
8860,1.000000000000e-03,2.000000000000e-02,1000,27
8861,1.000000000000e-03,2.000000000000e-02,1000,31
8862,1.000000000000e-03,2.000000000000e-02,1000,19
8863,1.000000000000e-03,2.000000000000e-02,1000,22
8864,1.000000000000e-03,2.000000000000e-02,1000,17
8865,1.000000000000e-03,2.000000000000e-02,1000,20
8866,1.000000000000e-03,2.000000000000e-02,1000,20
8867,1.000000000000e-03,2.000000000000e-02,1000,24
8868,1.000000000000e-03,2.000000000000e-02,1000,19
8869,1.000000000000e-03,2.000000000000e-02,1000,28
8870,1.000000000000e-03,2.000000000000e-02,1000,24
8871,1.000000000000e-03,2.000000000000e-02,1000,25
8872,1.000000000000e-03,2.000000000000e-02,1000,20
8873,1.000000000000e-03,2.000000000000e-02,1000,22
8874,1.000000000000e-03,2.000000000000e-02,1000,24
8875,1.000000000000e-03,2.000000000000e-02,1000,26
8876,1.000000000000e-03,2.000000000000e-02,1000,19
8877,1.000000000000e-03,2.000000000000e-02,1000,26
8878,1.000000000000e-03,2.000000000000e-02,1000,20
8879,1.000000000000e-03,2.000000000000e-02,1000,14
8880,1.000000000000e-03,2.000000000000e-02,1000,23
8881,1.000000000000e-03,2.000000000000e-02,1000,18
8882,1.000000000000e-03,2.000000000000e-02,1000,23
8883,1.000000000000e-03,2.000000000000e-02,1000,17
8884,1.000000000000e-03,2.000000000000e-02,1000,34
8885,1.000000000000e-03,2.000000000000e-02,1000,16
8886,1.000000000000e-03,2.000000000000e-02,1000,27
8887,1.000000000000e-03,2.000000000000e-02,1000,14
8888,1.000000000000e-03,2.000000000000e-02,1000,21
8889,1.000000000000e-03,2.000000000000e-02,1000,22
8890,1.000000000000e-03,2.000000000000e-02,1000,23
8891,1.000000000000e-03,2.000000000000e-02,1000,21
8892,1.000000000000e-03,2.000000000000e-02,1000,28
8893,1.000000000000e-03,2.000000000000e-02,1000,23
8894,1.000000000000e-03,2.000000000000e-02,1000,23
8895,1.000000000000e-03,2.000000000000e-02,1000,20
8896,1.000000000000e-03,2.000000000000e-02,1000,18
8897,1.000000000000e-03,2.000000000000e-02,1000,25
8898,1.000000000000e-03,2.000000000000e-02,1000,21
8899,1.000000000000e-03,2.000000000000e-02,1000,13
8900,1.000000000000e-03,2.000000000000e-02,1000,14
8901,1.000000000000e-03,2.000000000000e-02,1000,18
8902,1.000000000000e-03,2.000000000000e-02,1000,17
8903,1.000000000000e-03,2.000000000000e-02,1000,17
8904,1.000000000000e-03,2.000000000000e-02,1000,29
8905,1.000000000000e-03,2.000000000000e-02,1000,17
8906,1.000000000000e-03,2.000000000000e-02,1000,19
8907,1.000000000000e-03,2.000000000000e-02,1000,26
8908,1.000000000000e-03,2.000000000000e-02,1000,12
8909,1.000000000000e-03,2.000000000000e-02,1000,23
8910,1.000000000000e-03,2.000000000000e-02,1000,17
8911,1.000000000000e-03,2.000000000000e-02,1000,12
8912,1.000000000000e-03,2.000000000000e-02,1000,13
8913,1.000000000000e-03,2.000000000000e-02,1000,17
8914,1.000000000000e-03,2.000000000000e-02,1000,18
8915,1.000000000000e-03,2.000000000000e-02,1000,17
8916,1.000000000000e-03,2.000000000000e-02,1000,22
8917,1.000000000000e-03,2.000000000000e-02,1000,23
8918,1.000000000000e-03,2.000000000000e-02,1000,20
8919,1.000000000000e-03,2.000000000000e-02,1000,15
8920,1.000000000000e-03,2.000000000000e-02,1000,24
8921,1.000000000000e-03,2.000000000000e-02,1000,20
8922,1.000000000000e-03,2.000000000000e-02,1000,19
8923,1.000000000000e-03,2.000000000000e-02,1000,24
8924,1.000000000000e-03,2.000000000000e-02,1000,22
8925,1.000000000000e-03,2.000000000000e-02,1000,13
8926,1.000000000000e-03,2.000000000000e-02,1000,27
8927,1.000000000000e-03,2.000000000000e-02,1000,25
8928,1.000000000000e-03,2.000000000000e-02,1000,16
8929,1.000000000000e-03,2.000000000000e-02,1000,19
8930,1.000000000000e-03,2.000000000000e-02,1000,23
8931,1.000000000000e-03,2.000000000000e-02,1000,20
8932,1.000000000000e-03,2.000000000000e-02,1000,33
8933,1.000000000000e-03,2.000000000000e-02,1000,17
8934,1.000000000000e-03,2.000000000000e-02,1000,17
8935,1.000000000000e-03,2.000000000000e-02,1000,23
8936,1.000000000000e-03,2.000000000000e-02,1000,17
8937,1.000000000000e-03,2.000000000000e-02,1000,21
8938,1.000000000000e-03,2.000000000000e-02,1000,16
8939,1.000000000000e-03,2.000000000000e-02,1000,21
8940,1.000000000000e-03,2.000000000000e-02,1000,24
8941,1.000000000000e-03,2.000000000000e-02,1000,18
8942,1.000000000000e-03,2.000000000000e-02,1000,22
8943,1.000000000000e-03,2.000000000000e-02,1000,26
8944,1.000000000000e-03,2.000000000000e-02,1000,21
8945,1.000000000000e-03,2.000000000000e-02,1000,23
8946,1.000000000000e-03,2.000000000000e-02,1000,21
8947,1.000000000000e-03,2.000000000000e-02,1000,18
8948,1.000000000000e-03,2.000000000000e-02,1000,24
8949,1.000000000000e-03,2.000000000000e-02,1000,24
8950,1.000000000000e-03,2.000000000000e-02,1000,16
8951,1.000000000000e-03,2.000000000000e-02,1000,22
8952,1.000000000000e-03,2.000000000000e-02,1000,19
8953,1.000000000000e-03,2.000000000000e-02,1000,23
8954,1.000000000000e-03,2.000000000000e-02,1000,26
8955,1.000000000000e-03,2.000000000000e-02,1000,19
8956,1.000000000000e-03,2.000000000000e-02,1000,22
8957,1.000000000000e-03,2.000000000000e-02,1000,15
8958,1.000000000000e-03,2.000000000000e-02,1000,24
8959,1.000000000000e-03,2.000000000000e-02,1000,15
8960,1.000000000000e-03,2.000000000000e-02,1000,27
8961,1.000000000000e-03,2.000000000000e-02,1000,20
8962,1.000000000000e-03,2.000000000000e-02,1000,18
8963,1.000000000000e-03,2.000000000000e-02,1000,25
8964,1.000000000000e-03,2.000000000000e-02,1000,26
8965,1.000000000000e-03,2.000000000000e-02,1000,25
8966,1.000000000000e-03,2.000000000000e-02,1000,24
8967,1.000000000000e-03,2.000000000000e-02,1000,13
8968,1.000000000000e-03,2.000000000000e-02,1000,18
8969,1.000000000000e-03,2.000000000000e-02,1000,24
8970,1.000000000000e-03,2.000000000000e-02,1000,31
8971,1.000000000000e-03,2.000000000000e-02,1000,19
8972,1.000000000000e-03,2.000000000000e-02,1000,17
8973,1.000000000000e-03,2.000000000000e-02,1000,18
8974,1.000000000000e-03,2.000000000000e-02,1000,22
8975,1.000000000000e-03,2.000000000000e-02,1000,12
8976,1.000000000000e-03,2.000000000000e-02,1000,15
8977,1.000000000000e-03,2.000000000000e-02,1000,24
8978,1.000000000000e-03,2.000000000000e-02,1000,23
8979,1.000000000000e-03,2.000000000000e-02,1000,21
8980,1.000000000000e-03,2.000000000000e-02,1000,16
8981,1.000000000000e-03,2.000000000000e-02,1000,20
8982,1.000000000000e-03,2.000000000000e-02,1000,19
8983,1.000000000000e-03,2.000000000000e-02,1000,22
8984,1.000000000000e-03,2.000000000000e-02,1000,20
8985,1.000000000000e-03,2.000000000000e-02,1000,26
8986,1.000000000000e-03,2.000000000000e-02,1000,23
8987,1.000000000000e-03,2.000000000000e-02,1000,17
8988,1.000000000000e-03,2.000000000000e-02,1000,31
8989,1.000000000000e-03,2.000000000000e-02,1000,18
8990,1.000000000000e-03,2.000000000000e-02,1000,20
8991,1.000000000000e-03,2.000000000000e-02,1000,17
8992,1.000000000000e-03,2.000000000000e-02,1000,16
8993,1.000000000000e-03,2.000000000000e-02,1000,22
8994,1.000000000000e-03,2.000000000000e-02,1000,19
8995,1.000000000000e-03,2.000000000000e-02,1000,33
8996,1.000000000000e-03,2.000000000000e-02,1000,15
8997,1.000000000000e-03,2.000000000000e-02,1000,18
8998,1.000000000000e-03,2.000000000000e-02,1000,18
8999,1.000000000000e-03,2.000000000000e-02,1000,19
9000,1.000000000000e-03,2.000000000000e-02,1000,24
9001,1.000000000000e-03,2.000000000000e-02,1000,21
9002,1.000000000000e-03,2.000000000000e-02,1000,21
9003,1.000000000000e-03,2.000000000000e-02,1000,16
9004,1.000000000000e-03,2.000000000000e-02,1000,21
9005,1.000000000000e-03,2.000000000000e-02,1000,15
9006,1.000000000000e-03,2.000000000000e-02,1000,18
9007,1.000000000000e-03,2.000000000000e-02,1000,25
9008,1.000000000000e-03,2.000000000000e-02,1000,22
9009,1.000000000000e-03,2.000000000000e-02,1000,28
9010,1.000000000000e-03,2.000000000000e-02,1000,23
9011,1.000000000000e-03,2.000000000000e-02,1000,22
9012,1.000000000000e-03,2.000000000000e-02,1000,21
9013,1.000000000000e-03,2.000000000000e-02,1000,29
9014,1.000000000000e-03,2.000000000000e-02,1000,20
9015,1.000000000000e-03,2.000000000000e-02,1000,22
9016,1.000000000000e-03,2.000000000000e-02,1000,20
9017,1.000000000000e-03,2.000000000000e-02,1000,22
9018,1.000000000000e-03,2.000000000000e-02,1000,26
9019,1.000000000000e-03,2.000000000000e-02,1000,18
9020,1.000000000000e-03,2.000000000000e-02,1000,17
9021,1.000000000000e-03,2.000000000000e-02,1000,22
9022,1.000000000000e-03,2.000000000000e-02,1000,17
9023,1.000000000000e-03,2.000000000000e-02,1000,17
9024,1.000000000000e-03,2.000000000000e-02,1000,25
9025,1.000000000000e-03,2.000000000000e-02,1000,23
9026,1.000000000000e-03,2.000000000000e-02,1000,20
9027,1.000000000000e-03,2.000000000000e-02,1000,26
9028,1.000000000000e-03,2.000000000000e-02,1000,21
9029,1.000000000000e-03,2.000000000000e-02,1000,11
9030,1.000000000000e-03,2.000000000000e-02,1000,31
9031,1.000000000000e-03,2.000000000000e-02,1000,18
9032,1.000000000000e-03,2.000000000000e-02,1000,22
9033,1.000000000000e-03,2.000000000000e-02,1000,24
9034,1.000000000000e-03,2.000000000000e-02,1000,28
9035,1.000000000000e-03,2.000000000000e-02,1000,29
9036,1.000000000000e-03,2.000000000000e-02,1000,21
9037,1.000000000000e-03,2.000000000000e-02,1000,20
9038,1.000000000000e-03,2.000000000000e-02,1000,32
9039,1.000000000000e-03,2.000000000000e-02,1000,27
9040,1.000000000000e-03,2.000000000000e-02,1000,27
9041,1.000000000000e-03,2.000000000000e-02,1000,20
9042,1.000000000000e-03,2.000000000000e-02,1000,20
9043,1.000000000000e-03,2.000000000000e-02,1000,16
9044,1.000000000000e-03,2.000000000000e-02,1000,25
9045,1.000000000000e-03,2.000000000000e-02,1000,19
9046,1.000000000000e-03,2.000000000000e-02,1000,11
9047,1.000000000000e-03,2.000000000000e-02,1000,16
9048,1.000000000000e-03,2.000000000000e-02,1000,19
9049,1.000000000000e-03,2.000000000000e-02,1000,15
9050,1.000000000000e-03,2.000000000000e-02,1000,17
9051,1.000000000000e-03,2.000000000000e-02,1000,16
9052,1.000000000000e-03,2.000000000000e-02,1000,15
9053,1.000000000000e-03,2.000000000000e-02,1000,21
9054,1.000000000000e-03,2.000000000000e-02,1000,22
9055,1.000000000000e-03,2.000000000000e-02,1000,30
9056,1.000000000000e-03,2.000000000000e-02,1000,18
9057,1.000000000000e-03,2.000000000000e-02,1000,10
9058,1.000000000000e-03,2.000000000000e-02,1000,20
9059,1.000000000000e-03,2.000000000000e-02,1000,22
9060,1.000000000000e-03,2.000000000000e-02,1000,20
9061,1.000000000000e-03,2.000000000000e-02,1000,21
9062,1.000000000000e-03,2.000000000000e-02,1000,25
9063,1.000000000000e-03,2.000000000000e-02,1000,13
9064,1.000000000000e-03,2.000000000000e-02,1000,24
9065,1.000000000000e-03,2.000000000000e-02,1000,15
9066,1.000000000000e-03,2.000000000000e-02,1000,8
9067,1.000000000000e-03,2.000000000000e-02,1000,17
9068,1.000000000000e-03,2.000000000000e-02,1000,15
9069,1.000000000000e-03,2.000000000000e-02,1000,19
9070,1.000000000000e-03,2.000000000000e-02,1000,22
9071,1.000000000000e-03,2.000000000000e-02,1000,19
9072,1.000000000000e-03,2.000000000000e-02,1000,17
9073,1.000000000000e-03,2.000000000000e-02,1000,18
9074,1.000000000000e-03,2.000000000000e-02,1000,21
9075,1.000000000000e-03,2.000000000000e-02,1000,22
9076,1.000000000000e-03,2.000000000000e-02,1000,26
9077,1.000000000000e-03,2.000000000000e-02,1000,17
9078,1.000000000000e-03,2.000000000000e-02,1000,21
9079,1.000000000000e-03,2.000000000000e-02,1000,15
9080,1.000000000000e-03,2.000000000000e-02,1000,23
9081,1.000000000000e-03,2.000000000000e-02,1000,21
9082,1.000000000000e-03,2.000000000000e-02,1000,27
9083,1.000000000000e-03,2.000000000000e-02,1000,15
9084,1.000000000000e-03,2.000000000000e-02,1000,22
9085,1.000000000000e-03,2.000000000000e-02,1000,14
9086,1.000000000000e-03,2.000000000000e-02,1000,25
9087,1.000000000000e-03,2.000000000000e-02,1000,22
9088,1.000000000000e-03,2.000000000000e-02,1000,23
9089,1.000000000000e-03,2.000000000000e-02,1000,22
9090,1.000000000000e-03,2.000000000000e-02,1000,30
9091,1.000000000000e-03,2.000000000000e-02,1000,20
9092,1.000000000000e-03,2.000000000000e-02,1000,10
9093,1.000000000000e-03,2.000000000000e-02,1000,17
9094,1.000000000000e-03,2.000000000000e-02,1000,15
9095,1.000000000000e-03,2.000000000000e-02,1000,20
9096,1.000000000000e-03,2.000000000000e-02,1000,19
9097,1.000000000000e-03,2.000000000000e-02,1000,16
9098,1.000000000000e-03,2.000000000000e-02,1000,16
9099,1.000000000000e-03,2.000000000000e-02,1000,15
9100,1.000000000000e-03,2.000000000000e-02,1000,17
9101,1.000000000000e-03,2.000000000000e-02,1000,19
9102,1.000000000000e-03,2.000000000000e-02,1000,26
9103,1.000000000000e-03,2.000000000000e-02,1000,15
9104,1.000000000000e-03,2.000000000000e-02,1000,27
9105,1.000000000000e-03,2.000000000000e-02,1000,22
9106,1.000000000000e-03,2.000000000000e-02,1000,20
9107,1.000000000000e-03,2.000000000000e-02,1000,22
9108,1.000000000000e-03,2.000000000000e-02,1000,23
9109,1.000000000000e-03,2.000000000000e-02,1000,22
9110,1.000000000000e-03,2.000000000000e-02,1000,21
9111,1.000000000000e-03,2.000000000000e-02,1000,12
9112,1.000000000000e-03,2.000000000000e-02,1000,18
9113,1.000000000000e-03,2.000000000000e-02,1000,17
9114,1.000000000000e-03,2.000000000000e-02,1000,19
9115,1.000000000000e-03,2.000000000000e-02,1000,19
9116,1.000000000000e-03,2.000000000000e-02,1000,18
9117,1.000000000000e-03,2.000000000000e-02,1000,18
9118,1.000000000000e-03,2.000000000000e-02,1000,27
9119,1.000000000000e-03,2.000000000000e-02,1000,13
9120,1.000000000000e-03,2.000000000000e-02,1000,27
9121,1.000000000000e-03,2.000000000000e-02,1000,14
9122,1.000000000000e-03,2.000000000000e-02,1000,13
9123,1.000000000000e-03,2.000000000000e-02,1000,18
9124,1.000000000000e-03,2.000000000000e-02,1000,21
9125,1.000000000000e-03,2.000000000000e-02,1000,26
9126,1.000000000000e-03,2.000000000000e-02,1000,17
9127,1.000000000000e-03,2.000000000000e-02,1000,18
9128,1.000000000000e-03,2.000000000000e-02,1000,21
9129,1.000000000000e-03,2.000000000000e-02,1000,19
9130,1.000000000000e-03,2.000000000000e-02,1000,23
9131,1.000000000000e-03,2.000000000000e-02,1000,22
9132,1.000000000000e-03,2.000000000000e-02,1000,17
9133,1.000000000000e-03,2.000000000000e-02,1000,15
9134,1.000000000000e-03,2.000000000000e-02,1000,21
9135,1.000000000000e-03,2.000000000000e-02,1000,32
9136,1.000000000000e-03,2.000000000000e-02,1000,18
9137,1.000000000000e-03,2.000000000000e-02,1000,22
9138,1.000000000000e-03,2.000000000000e-02,1000,23
9139,1.000000000000e-03,2.000000000000e-02,1000,21
9140,1.000000000000e-03,2.000000000000e-02,1000,20
9141,1.000000000000e-03,2.000000000000e-02,1000,22
9142,1.000000000000e-03,2.000000000000e-02,1000,23
9143,1.000000000000e-03,2.000000000000e-02,1000,15
9144,1.000000000000e-03,2.000000000000e-02,1000,11
9145,1.000000000000e-03,2.000000000000e-02,1000,19
9146,1.000000000000e-03,2.000000000000e-02,1000,19
9147,1.000000000000e-03,2.000000000000e-02,1000,28
9148,1.000000000000e-03,2.000000000000e-02,1000,23
9149,1.000000000000e-03,2.000000000000e-02,1000,26
9150,1.000000000000e-03,2.000000000000e-02,1000,16
9151,1.000000000000e-03,2.000000000000e-02,1000,24
9152,1.000000000000e-03,2.000000000000e-02,1000,19
9153,1.000000000000e-03,2.000000000000e-02,1000,24
9154,1.000000000000e-03,2.000000000000e-02,1000,24
9155,1.000000000000e-03,2.000000000000e-02,1000,14
9156,1.000000000000e-03,2.000000000000e-02,1000,15
9157,1.000000000000e-03,2.000000000000e-02,1000,21
9158,1.000000000000e-03,2.000000000000e-02,1000,28
9159,1.000000000000e-03,2.000000000000e-02,1000,18
9160,1.000000000000e-03,2.000000000000e-02,1000,18
9161,1.000000000000e-03,2.000000000000e-02,1000,24
9162,1.000000000000e-03,2.000000000000e-02,1000,23
9163,1.000000000000e-03,2.000000000000e-02,1000,18
9164,1.000000000000e-03,2.000000000000e-02,1000,17
9165,1.000000000000e-03,2.000000000000e-02,1000,23
9166,1.000000000000e-03,2.000000000000e-02,1000,21
9167,1.000000000000e-03,2.000000000000e-02,1000,22
9168,1.000000000000e-03,2.000000000000e-02,1000,15
9169,1.000000000000e-03,2.000000000000e-02,1000,14
9170,1.000000000000e-03,2.000000000000e-02,1000,18
9171,1.000000000000e-03,2.000000000000e-02,1000,19
9172,1.000000000000e-03,2.000000000000e-02,1000,27
9173,1.000000000000e-03,2.000000000000e-02,1000,20
9174,1.000000000000e-03,2.000000000000e-02,1000,23
9175,1.000000000000e-03,2.000000000000e-02,1000,22
9176,1.000000000000e-03,2.000000000000e-02,1000,22
9177,1.000000000000e-03,2.000000000000e-02,1000,15
9178,1.000000000000e-03,2.000000000000e-02,1000,27
9179,1.000000000000e-03,2.000000000000e-02,1000,13
9180,1.000000000000e-03,2.000000000000e-02,1000,26
9181,1.000000000000e-03,2.000000000000e-02,1000,23
9182,1.000000000000e-03,2.000000000000e-02,1000,25
9183,1.000000000000e-03,2.000000000000e-02,1000,24
9184,1.000000000000e-03,2.000000000000e-02,1000,23
9185,1.000000000000e-03,2.000000000000e-02,1000,22
9186,1.000000000000e-03,2.000000000000e-02,1000,18
9187,1.000000000000e-03,2.000000000000e-02,1000,17
9188,1.000000000000e-03,2.000000000000e-02,1000,19
9189,1.000000000000e-03,2.000000000000e-02,1000,26
9190,1.000000000000e-03,2.000000000000e-02,1000,17
9191,1.000000000000e-03,2.000000000000e-02,1000,23
9192,1.000000000000e-03,2.000000000000e-02,1000,17
9193,1.000000000000e-03,2.000000000000e-02,1000,20
9194,1.000000000000e-03,2.000000000000e-02,1000,22
9195,1.000000000000e-03,2.000000000000e-02,1000,21
9196,1.000000000000e-03,2.000000000000e-02,1000,18
9197,1.000000000000e-03,2.000000000000e-02,1000,21
9198,1.000000000000e-03,2.000000000000e-02,1000,24
9199,1.000000000000e-03,2.000000000000e-02,1000,28
9200,1.000000000000e-03,2.000000000000e-02,1000,19
9201,1.000000000000e-03,2.000000000000e-02,2000,38
9202,1.000000000000e-03,2.000000000000e-02,2000,35
9203,1.000000000000e-03,2.000000000000e-02,2000,47
9204,1.000000000000e-03,2.000000000000e-02,2000,20
9205,1.000000000000e-03,2.000000000000e-02,2000,37
9206,1.000000000000e-03,2.000000000000e-02,2000,38
9207,1.000000000000e-03,2.000000000000e-02,2000,44
9208,1.000000000000e-03,2.000000000000e-02,2000,51
9209,1.000000000000e-03,2.000000000000e-02,2000,42
9210,1.000000000000e-03,2.000000000000e-02,2000,40
9211,1.000000000000e-03,2.000000000000e-02,2000,38
9212,1.000000000000e-03,2.000000000000e-02,2000,37
9213,1.000000000000e-03,2.000000000000e-02,2000,51
9214,1.000000000000e-03,2.000000000000e-02,2000,47
9215,1.000000000000e-03,2.000000000000e-02,2000,30
9216,1.000000000000e-03,2.000000000000e-02,2000,43
9217,1.000000000000e-03,2.000000000000e-02,2000,51
9218,1.000000000000e-03,2.000000000000e-02,2000,40
9219,1.000000000000e-03,2.000000000000e-02,2000,53
9220,1.000000000000e-03,2.000000000000e-02,2000,34
9221,1.000000000000e-03,2.000000000000e-02,2000,31
9222,1.000000000000e-03,2.000000000000e-02,2000,38
9223,1.000000000000e-03,2.000000000000e-02,2000,53
9224,1.000000000000e-03,2.000000000000e-02,2000,46
9225,1.000000000000e-03,2.000000000000e-02,2000,35
9226,1.000000000000e-03,2.000000000000e-02,2000,43
9227,1.000000000000e-03,2.000000000000e-02,2000,46
9228,1.000000000000e-03,2.000000000000e-02,2000,46
9229,1.000000000000e-03,2.000000000000e-02,2000,40
9230,1.000000000000e-03,2.000000000000e-02,2000,36
9231,1.000000000000e-03,2.000000000000e-02,2000,44
9232,1.000000000000e-03,2.000000000000e-02,2000,35
9233,1.000000000000e-03,2.000000000000e-02,2000,50
9234,1.000000000000e-03,2.000000000000e-02,2000,48
9235,1.000000000000e-03,2.000000000000e-02,2000,42
9236,1.000000000000e-03,2.000000000000e-02,2000,38
9237,1.000000000000e-03,2.000000000000e-02,2000,41
9238,1.000000000000e-03,2.000000000000e-02,2000,51
9239,1.000000000000e-03,2.000000000000e-02,2000,53
9240,1.000000000000e-03,2.000000000000e-02,2000,40
9241,1.000000000000e-03,2.000000000000e-02,2000,39
9242,1.000000000000e-03,2.000000000000e-02,2000,45
9243,1.000000000000e-03,2.000000000000e-02,2000,40
9244,1.000000000000e-03,2.000000000000e-02,2000,38
9245,1.000000000000e-03,2.000000000000e-02,2000,44
9246,1.000000000000e-03,2.000000000000e-02,2000,35
9247,1.000000000000e-03,2.000000000000e-02,2000,32
9248,1.000000000000e-03,2.000000000000e-02,2000,40
9249,1.000000000000e-03,2.000000000000e-02,2000,41
9250,1.000000000000e-03,2.000000000000e-02,2000,30
9251,1.000000000000e-03,2.000000000000e-02,2000,47
9252,1.000000000000e-03,2.000000000000e-02,2000,39
9253,1.000000000000e-03,2.000000000000e-02,2000,42
9254,1.000000000000e-03,2.000000000000e-02,2000,45
9255,1.000000000000e-03,2.000000000000e-02,2000,45
9256,1.000000000000e-03,2.000000000000e-02,2000,34
9257,1.000000000000e-03,2.000000000000e-02,2000,28
9258,1.000000000000e-03,2.000000000000e-02,2000,30
9259,1.000000000000e-03,2.000000000000e-02,2000,37
9260,1.000000000000e-03,2.000000000000e-02,2000,48
9261,1.000000000000e-03,2.000000000000e-02,2000,37
9262,1.000000000000e-03,2.000000000000e-02,2000,35
9263,1.000000000000e-03,2.000000000000e-02,2000,40
9264,1.000000000000e-03,2.000000000000e-02,2000,56
9265,1.000000000000e-03,2.000000000000e-02,2000,33
9266,1.000000000000e-03,2.000000000000e-02,2000,26
9267,1.000000000000e-03,2.000000000000e-02,2000,50
9268,1.000000000000e-03,2.000000000000e-02,2000,48
9269,1.000000000000e-03,2.000000000000e-02,2000,39
9270,1.000000000000e-03,2.000000000000e-02,2000,44
9271,1.000000000000e-03,2.000000000000e-02,2000,49
9272,1.000000000000e-03,2.000000000000e-02,2000,34
9273,1.000000000000e-03,2.000000000000e-02,2000,35
9274,1.000000000000e-03,2.000000000000e-02,2000,51
9275,1.000000000000e-03,2.000000000000e-02,2000,42
9276,1.000000000000e-03,2.000000000000e-02,2000,43
9277,1.000000000000e-03,2.000000000000e-02,2000,36
9278,1.000000000000e-03,2.000000000000e-02,2000,36
9279,1.000000000000e-03,2.000000000000e-02,2000,38
9280,1.000000000000e-03,2.000000000000e-02,2000,29
9281,1.000000000000e-03,2.000000000000e-02,2000,29
9282,1.000000000000e-03,2.000000000000e-02,2000,34
9283,1.000000000000e-03,2.000000000000e-02,2000,36
9284,1.000000000000e-03,2.000000000000e-02,2000,30
9285,1.000000000000e-03,2.000000000000e-02,2000,45
9286,1.000000000000e-03,2.000000000000e-02,2000,31
9287,1.000000000000e-03,2.000000000000e-02,2000,49
9288,1.000000000000e-03,2.000000000000e-02,2000,39
9289,1.000000000000e-03,2.000000000000e-02,2000,47
9290,1.000000000000e-03,2.000000000000e-02,2000,49
9291,1.000000000000e-03,2.000000000000e-02,2000,40
9292,1.000000000000e-03,2.000000000000e-02,2000,42
9293,1.000000000000e-03,2.000000000000e-02,2000,48
9294,1.000000000000e-03,2.000000000000e-02,2000,35
9295,1.000000000000e-03,2.000000000000e-02,2000,40
9296,1.000000000000e-03,2.000000000000e-02,2000,42
9297,1.000000000000e-03,2.000000000000e-02,2000,37
9298,1.000000000000e-03,2.000000000000e-02,2000,47
9299,1.000000000000e-03,2.000000000000e-02,2000,40
9300,1.000000000000e-03,2.000000000000e-02,2000,47
9301,1.000000000000e-03,2.000000000000e-02,2000,36
9302,1.000000000000e-03,2.000000000000e-02,2000,39
9303,1.000000000000e-03,2.000000000000e-02,2000,42
9304,1.000000000000e-03,2.000000000000e-02,2000,43
9305,1.000000000000e-03,2.000000000000e-02,2000,48
9306,1.000000000000e-03,2.000000000000e-02,2000,40
9307,1.000000000000e-03,2.000000000000e-02,2000,34
9308,1.000000000000e-03,2.000000000000e-02,2000,34
9309,1.000000000000e-03,2.000000000000e-02,2000,38
9310,1.000000000000e-03,2.000000000000e-02,2000,47
9311,1.000000000000e-03,2.000000000000e-02,2000,43
9312,1.000000000000e-03,2.000000000000e-02,2000,43
9313,1.000000000000e-03,2.000000000000e-02,2000,35
9314,1.000000000000e-03,2.000000000000e-02,2000,49
9315,1.000000000000e-03,2.000000000000e-02,2000,46
9316,1.000000000000e-03,2.000000000000e-02,2000,33
9317,1.000000000000e-03,2.000000000000e-02,2000,42
9318,1.000000000000e-03,2.000000000000e-02,2000,51
9319,1.000000000000e-03,2.000000000000e-02,2000,34
9320,1.000000000000e-03,2.000000000000e-02,2000,33
9321,1.000000000000e-03,2.000000000000e-02,2000,34
9322,1.000000000000e-03,2.000000000000e-02,2000,47
9323,1.000000000000e-03,2.000000000000e-02,2000,42
9324,1.000000000000e-03,2.000000000000e-02,2000,53
9325,1.000000000000e-03,2.000000000000e-02,2000,46
9326,1.000000000000e-03,2.000000000000e-02,2000,35
9327,1.000000000000e-03,2.000000000000e-02,2000,23
9328,1.000000000000e-03,2.000000000000e-02,2000,41
9329,1.000000000000e-03,2.000000000000e-02,2000,39
9330,1.000000000000e-03,2.000000000000e-02,2000,34
9331,1.000000000000e-03,2.000000000000e-02,2000,40
9332,1.000000000000e-03,2.000000000000e-02,2000,43
9333,1.000000000000e-03,2.000000000000e-02,2000,36
9334,1.000000000000e-03,2.000000000000e-02,2000,37
9335,1.000000000000e-03,2.000000000000e-02,2000,32
9336,1.000000000000e-03,2.000000000000e-02,2000,42
9337,1.000000000000e-03,2.000000000000e-02,2000,39
9338,1.000000000000e-03,2.000000000000e-02,2000,40
9339,1.000000000000e-03,2.000000000000e-02,2000,39
9340,1.000000000000e-03,2.000000000000e-02,2000,36
9341,1.000000000000e-03,2.000000000000e-02,2000,44
9342,1.000000000000e-03,2.000000000000e-02,2000,36
9343,1.000000000000e-03,2.000000000000e-02,2000,28
9344,1.000000000000e-03,2.000000000000e-02,2000,50
9345,1.000000000000e-03,2.000000000000e-02,2000,57
9346,1.000000000000e-03,2.000000000000e-02,2000,42
9347,1.000000000000e-03,2.000000000000e-02,2000,34
9348,1.000000000000e-03,2.000000000000e-02,2000,39
9349,1.000000000000e-03,2.000000000000e-02,2000,39
9350,1.000000000000e-03,2.000000000000e-02,2000,32
9351,1.000000000000e-03,2.000000000000e-02,2000,47
9352,1.000000000000e-03,2.000000000000e-02,2000,41
9353,1.000000000000e-03,2.000000000000e-02,2000,34
9354,1.000000000000e-03,2.000000000000e-02,2000,45
9355,1.000000000000e-03,2.000000000000e-02,2000,47
9356,1.000000000000e-03,2.000000000000e-02,2000,34
9357,1.000000000000e-03,2.000000000000e-02,2000,38
9358,1.000000000000e-03,2.000000000000e-02,2000,53
9359,1.000000000000e-03,2.000000000000e-02,2000,38
9360,1.000000000000e-03,2.000000000000e-02,2000,29
9361,1.000000000000e-03,2.000000000000e-02,2000,45
9362,1.000000000000e-03,2.000000000000e-02,2000,39
9363,1.000000000000e-03,2.000000000000e-02,2000,38
9364,1.000000000000e-03,2.000000000000e-02,2000,36
9365,1.000000000000e-03,2.000000000000e-02,2000,44
9366,1.000000000000e-03,2.000000000000e-02,2000,45
9367,1.000000000000e-03,2.000000000000e-02,2000,45
9368,1.000000000000e-03,2.000000000000e-02,2000,43
9369,1.000000000000e-03,2.000000000000e-02,2000,46
9370,1.000000000000e-03,2.000000000000e-02,2000,40
9371,1.000000000000e-03,2.000000000000e-02,2000,49
9372,1.000000000000e-03,2.000000000000e-02,2000,60
9373,1.000000000000e-03,2.000000000000e-02,2000,37
9374,1.000000000000e-03,2.000000000000e-02,2000,35
9375,1.000000000000e-03,2.000000000000e-02,2000,40
9376,1.000000000000e-03,2.000000000000e-02,2000,28
9377,1.000000000000e-03,2.000000000000e-02,2000,47
9378,1.000000000000e-03,2.000000000000e-02,2000,66
9379,1.000000000000e-03,2.000000000000e-02,2000,35
9380,1.000000000000e-03,2.000000000000e-02,2000,30
9381,1.000000000000e-03,2.000000000000e-02,2000,33
9382,1.000000000000e-03,2.000000000000e-02,2000,38
9383,1.000000000000e-03,2.000000000000e-02,2000,44
9384,1.000000000000e-03,2.000000000000e-02,2000,40
9385,1.000000000000e-03,2.000000000000e-02,2000,42
9386,1.000000000000e-03,2.000000000000e-02,2000,43
9387,1.000000000000e-03,2.000000000000e-02,2000,45
9388,1.000000000000e-03,2.000000000000e-02,2000,45
9389,1.000000000000e-03,2.000000000000e-02,2000,31
9390,1.000000000000e-03,2.000000000000e-02,2000,34
9391,1.000000000000e-03,2.000000000000e-02,2000,44
9392,1.000000000000e-03,2.000000000000e-02,2000,26
9393,1.000000000000e-03,2.000000000000e-02,2000,44
9394,1.000000000000e-03,2.000000000000e-02,2000,35
9395,1.000000000000e-03,2.000000000000e-02,2000,37
9396,1.000000000000e-03,2.000000000000e-02,2000,43
9397,1.000000000000e-03,2.000000000000e-02,2000,34
9398,1.000000000000e-03,2.000000000000e-02,2000,43
9399,1.000000000000e-03,2.000000000000e-02,2000,32
9400,1.000000000000e-03,2.000000000000e-02,2000,39
9401,1.000000000000e-03,2.000000000000e-02,2000,47
9402,1.000000000000e-03,2.000000000000e-02,2000,44
9403,1.000000000000e-03,2.000000000000e-02,2000,44
9404,1.000000000000e-03,2.000000000000e-02,2000,41
9405,1.000000000000e-03,2.000000000000e-02,2000,40
9406,1.000000000000e-03,2.000000000000e-02,2000,41
9407,1.000000000000e-03,2.000000000000e-02,2000,43
9408,1.000000000000e-03,2.000000000000e-02,2000,40
9409,1.000000000000e-03,2.000000000000e-02,2000,37
9410,1.000000000000e-03,2.000000000000e-02,2000,45
9411,1.000000000000e-03,2.000000000000e-02,2000,44
9412,1.000000000000e-03,2.000000000000e-02,2000,36
9413,1.000000000000e-03,2.000000000000e-02,2000,28
9414,1.000000000000e-03,2.000000000000e-02,2000,34
9415,1.000000000000e-03,2.000000000000e-02,2000,31
9416,1.000000000000e-03,2.000000000000e-02,2000,40
9417,1.000000000000e-03,2.000000000000e-02,2000,52
9418,1.000000000000e-03,2.000000000000e-02,2000,31
9419,1.000000000000e-03,2.000000000000e-02,2000,46
9420,1.000000000000e-03,2.000000000000e-02,2000,41
9421,1.000000000000e-03,2.000000000000e-02,2000,25
9422,1.000000000000e-03,2.000000000000e-02,2000,42
9423,1.000000000000e-03,2.000000000000e-02,2000,43
9424,1.000000000000e-03,2.000000000000e-02,2000,47
9425,1.000000000000e-03,2.000000000000e-02,2000,38
9426,1.000000000000e-03,2.000000000000e-02,2000,45
9427,1.000000000000e-03,2.000000000000e-02,2000,52
9428,1.000000000000e-03,2.000000000000e-02,2000,39
9429,1.000000000000e-03,2.000000000000e-02,2000,40
9430,1.000000000000e-03,2.000000000000e-02,2000,37
9431,1.000000000000e-03,2.000000000000e-02,2000,44
9432,1.000000000000e-03,2.000000000000e-02,2000,38
9433,1.000000000000e-03,2.000000000000e-02,2000,26
9434,1.000000000000e-03,2.000000000000e-02,2000,46
9435,1.000000000000e-03,2.000000000000e-02,2000,43
9436,1.000000000000e-03,2.000000000000e-02,2000,36
9437,1.000000000000e-03,2.000000000000e-02,2000,48
9438,1.000000000000e-03,2.000000000000e-02,2000,33
9439,1.000000000000e-03,2.000000000000e-02,2000,42
9440,1.000000000000e-03,2.000000000000e-02,2000,31
9441,1.000000000000e-03,2.000000000000e-02,2000,48
9442,1.000000000000e-03,2.000000000000e-02,2000,28
9443,1.000000000000e-03,2.000000000000e-02,2000,42
9444,1.000000000000e-03,2.000000000000e-02,2000,36
9445,1.000000000000e-03,2.000000000000e-02,2000,45
9446,1.000000000000e-03,2.000000000000e-02,2000,44
9447,1.000000000000e-03,2.000000000000e-02,2000,40
9448,1.000000000000e-03,2.000000000000e-02,2000,40
9449,1.000000000000e-03,2.000000000000e-02,2000,48
9450,1.000000000000e-03,2.000000000000e-02,2000,38
9451,1.000000000000e-03,2.000000000000e-02,2000,40
9452,1.000000000000e-03,2.000000000000e-02,2000,36
9453,1.000000000000e-03,2.000000000000e-02,2000,44
9454,1.000000000000e-03,2.000000000000e-02,2000,46
9455,1.000000000000e-03,2.000000000000e-02,2000,48
9456,1.000000000000e-03,2.000000000000e-02,2000,36
9457,1.000000000000e-03,2.000000000000e-02,2000,29
9458,1.000000000000e-03,2.000000000000e-02,2000,29
9459,1.000000000000e-03,2.000000000000e-02,2000,43
9460,1.000000000000e-03,2.000000000000e-02,2000,36
9461,1.000000000000e-03,2.000000000000e-02,2000,43
9462,1.000000000000e-03,2.000000000000e-02,2000,36
9463,1.000000000000e-03,2.000000000000e-02,2000,38
9464,1.000000000000e-03,2.000000000000e-02,2000,34
9465,1.000000000000e-03,2.000000000000e-02,2000,37
9466,1.000000000000e-03,2.000000000000e-02,2000,29
9467,1.000000000000e-03,2.000000000000e-02,2000,42
9468,1.000000000000e-03,2.000000000000e-02,2000,33
9469,1.000000000000e-03,2.000000000000e-02,2000,54
9470,1.000000000000e-03,2.000000000000e-02,2000,49
9471,1.000000000000e-03,2.000000000000e-02,2000,39
9472,1.000000000000e-03,2.000000000000e-02,2000,35
9473,1.000000000000e-03,2.000000000000e-02,2000,35
9474,1.000000000000e-03,2.000000000000e-02,2000,33
9475,1.000000000000e-03,2.000000000000e-02,2000,50
9476,1.000000000000e-03,2.000000000000e-02,2000,35
9477,1.000000000000e-03,2.000000000000e-02,2000,45
9478,1.000000000000e-03,2.000000000000e-02,2000,38
9479,1.000000000000e-03,2.000000000000e-02,2000,37
9480,1.000000000000e-03,2.000000000000e-02,2000,36
9481,1.000000000000e-03,2.000000000000e-02,2000,49
9482,1.000000000000e-03,2.000000000000e-02,2000,39
9483,1.000000000000e-03,2.000000000000e-02,2000,56
9484,1.000000000000e-03,2.000000000000e-02,2000,41
9485,1.000000000000e-03,2.000000000000e-02,2000,49
9486,1.000000000000e-03,2.000000000000e-02,2000,41
9487,1.000000000000e-03,2.000000000000e-02,2000,41
9488,1.000000000000e-03,2.000000000000e-02,2000,33
9489,1.000000000000e-03,2.000000000000e-02,2000,45
9490,1.000000000000e-03,2.000000000000e-02,2000,42
9491,1.000000000000e-03,2.000000000000e-02,2000,33
9492,1.000000000000e-03,2.000000000000e-02,2000,39
9493,1.000000000000e-03,2.000000000000e-02,2000,46
9494,1.000000000000e-03,2.000000000000e-02,2000,40
9495,1.000000000000e-03,2.000000000000e-02,2000,38
9496,1.000000000000e-03,2.000000000000e-02,2000,50
9497,1.000000000000e-03,2.000000000000e-02,2000,42
9498,1.000000000000e-03,2.000000000000e-02,2000,45
9499,1.000000000000e-03,2.000000000000e-02,2000,34
9500,1.000000000000e-03,2.000000000000e-02,2000,39
9501,1.000000000000e-03,2.000000000000e-02,2000,48
9502,1.000000000000e-03,2.000000000000e-02,2000,47
9503,1.000000000000e-03,2.000000000000e-02,2000,41
9504,1.000000000000e-03,2.000000000000e-02,2000,32
9505,1.000000000000e-03,2.000000000000e-02,2000,44
9506,1.000000000000e-03,2.000000000000e-02,2000,50
9507,1.000000000000e-03,2.000000000000e-02,2000,39
9508,1.000000000000e-03,2.000000000000e-02,2000,49
9509,1.000000000000e-03,2.000000000000e-02,2000,37
9510,1.000000000000e-03,2.000000000000e-02,2000,42
9511,1.000000000000e-03,2.000000000000e-02,2000,42
9512,1.000000000000e-03,2.000000000000e-02,2000,35
9513,1.000000000000e-03,2.000000000000e-02,2000,39
9514,1.000000000000e-03,2.000000000000e-02,2000,50
9515,1.000000000000e-03,2.000000000000e-02,2000,42
9516,1.000000000000e-03,2.000000000000e-02,2000,40
9517,1.000000000000e-03,2.000000000000e-02,2000,40
9518,1.000000000000e-03,2.000000000000e-02,2000,40
9519,1.000000000000e-03,2.000000000000e-02,2000,42
9520,1.000000000000e-03,2.000000000000e-02,2000,53
9521,1.000000000000e-03,2.000000000000e-02,2000,37
9522,1.000000000000e-03,2.000000000000e-02,2000,30
9523,1.000000000000e-03,2.000000000000e-02,2000,39
9524,1.000000000000e-03,2.000000000000e-02,2000,32
9525,1.000000000000e-03,2.000000000000e-02,2000,37
9526,1.000000000000e-03,2.000000000000e-02,2000,43
9527,1.000000000000e-03,2.000000000000e-02,2000,41
9528,1.000000000000e-03,2.000000000000e-02,2000,33
9529,1.000000000000e-03,2.000000000000e-02,2000,37
9530,1.000000000000e-03,2.000000000000e-02,2000,45
9531,1.000000000000e-03,2.000000000000e-02,2000,45
9532,1.000000000000e-03,2.000000000000e-02,2000,32
9533,1.000000000000e-03,2.000000000000e-02,2000,32
9534,1.000000000000e-03,2.000000000000e-02,2000,36
9535,1.000000000000e-03,2.000000000000e-02,2000,40
9536,1.000000000000e-03,2.000000000000e-02,2000,38
9537,1.000000000000e-03,2.000000000000e-02,2000,43
9538,1.000000000000e-03,2.000000000000e-02,2000,36
9539,1.000000000000e-03,2.000000000000e-02,2000,53
9540,1.000000000000e-03,2.000000000000e-02,2000,34
9541,1.000000000000e-03,2.000000000000e-02,2000,33
9542,1.000000000000e-03,2.000000000000e-02,2000,37
9543,1.000000000000e-03,2.000000000000e-02,2000,47
9544,1.000000000000e-03,2.000000000000e-02,2000,43
9545,1.000000000000e-03,2.000000000000e-02,2000,40
9546,1.000000000000e-03,2.000000000000e-02,2000,38
9547,1.000000000000e-03,2.000000000000e-02,2000,36
9548,1.000000000000e-03,2.000000000000e-02,2000,43
9549,1.000000000000e-03,2.000000000000e-02,2000,35
9550,1.000000000000e-03,2.000000000000e-02,2000,44
9551,1.000000000000e-03,2.000000000000e-02,2000,53
9552,1.000000000000e-03,2.000000000000e-02,2000,37
9553,1.000000000000e-03,2.000000000000e-02,2000,41
9554,1.000000000000e-03,2.000000000000e-02,2000,41
9555,1.000000000000e-03,2.000000000000e-02,2000,32
9556,1.000000000000e-03,2.000000000000e-02,2000,37
9557,1.000000000000e-03,2.000000000000e-02,2000,44
9558,1.000000000000e-03,2.000000000000e-02,2000,40
9559,1.000000000000e-03,2.000000000000e-02,2000,39
9560,1.000000000000e-03,2.000000000000e-02,2000,47
9561,1.000000000000e-03,2.000000000000e-02,2000,48
9562,1.000000000000e-03,2.000000000000e-02,2000,40
9563,1.000000000000e-03,2.000000000000e-02,2000,50
9564,1.000000000000e-03,2.000000000000e-02,2000,45
9565,1.000000000000e-03,2.000000000000e-02,2000,35
9566,1.000000000000e-03,2.000000000000e-02,2000,41
9567,1.000000000000e-03,2.000000000000e-02,2000,47
9568,1.000000000000e-03,2.000000000000e-02,2000,41
9569,1.000000000000e-03,2.000000000000e-02,2000,40
9570,1.000000000000e-03,2.000000000000e-02,2000,35
9571,1.000000000000e-03,2.000000000000e-02,2000,45
9572,1.000000000000e-03,2.000000000000e-02,2000,44
9573,1.000000000000e-03,2.000000000000e-02,2000,39
9574,1.000000000000e-03,2.000000000000e-02,2000,40
9575,1.000000000000e-03,2.000000000000e-02,2000,27
9576,1.000000000000e-03,2.000000000000e-02,2000,38
9577,1.000000000000e-03,2.000000000000e-02,2000,35
9578,1.000000000000e-03,2.000000000000e-02,2000,32
9579,1.000000000000e-03,2.000000000000e-02,2000,43
9580,1.000000000000e-03,2.000000000000e-02,2000,41
9581,1.000000000000e-03,2.000000000000e-02,2000,48
9582,1.000000000000e-03,2.000000000000e-02,2000,37
9583,1.000000000000e-03,2.000000000000e-02,2000,30
9584,1.000000000000e-03,2.000000000000e-02,2000,53
9585,1.000000000000e-03,2.000000000000e-02,2000,33
9586,1.000000000000e-03,2.000000000000e-02,2000,46
9587,1.000000000000e-03,2.000000000000e-02,2000,30
9588,1.000000000000e-03,2.000000000000e-02,2000,47
9589,1.000000000000e-03,2.000000000000e-02,2000,38
9590,1.000000000000e-03,2.000000000000e-02,2000,45
9591,1.000000000000e-03,2.000000000000e-02,2000,40
9592,1.000000000000e-03,2.000000000000e-02,2000,40
9593,1.000000000000e-03,2.000000000000e-02,2000,44
9594,1.000000000000e-03,2.000000000000e-02,2000,37
9595,1.000000000000e-03,2.000000000000e-02,2000,43
9596,1.000000000000e-03,2.000000000000e-02,2000,41
9597,1.000000000000e-03,2.000000000000e-02,2000,38
9598,1.000000000000e-03,2.000000000000e-02,2000,37
9599,1.000000000000e-03,2.000000000000e-02,2000,41
9600,1.000000000000e-03,2.000000000000e-02,2000,35
9601,5.000000000000e-03,0.000000000000e+00,200,0
9602,5.000000000000e-03,0.000000000000e+00,200,0
9603,5.000000000000e-03,0.000000000000e+00,200,0
9604,5.000000000000e-03,0.000000000000e+00,200,0
9605,5.000000000000e-03,0.000000000000e+00,200,0
9606,5.000000000000e-03,0.000000000000e+00,200,0
9607,5.000000000000e-03,0.000000000000e+00,200,0
9608,5.000000000000e-03,0.000000000000e+00,200,1
9609,5.000000000000e-03,0.000000000000e+00,200,0
9610,5.000000000000e-03,0.000000000000e+00,200,0
9611,5.000000000000e-03,0.000000000000e+00,200,0
9612,5.000000000000e-03,0.000000000000e+00,200,1
9613,5.000000000000e-03,0.000000000000e+00,200,0
9614,5.000000000000e-03,0.000000000000e+00,200,1
9615,5.000000000000e-03,0.000000000000e+00,200,0
9616,5.000000000000e-03,0.000000000000e+00,200,2
9617,5.000000000000e-03,0.000000000000e+00,200,0
9618,5.000000000000e-03,0.000000000000e+00,200,1
9619,5.000000000000e-03,0.000000000000e+00,200,0
9620,5.000000000000e-03,0.000000000000e+00,200,0
9621,5.000000000000e-03,0.000000000000e+00,200,0
9622,5.000000000000e-03,0.000000000000e+00,200,1
9623,5.000000000000e-03,0.000000000000e+00,200,0
9624,5.000000000000e-03,0.000000000000e+00,200,0
9625,5.000000000000e-03,0.000000000000e+00,200,0
9626,5.000000000000e-03,0.000000000000e+00,200,0
9627,5.000000000000e-03,0.000000000000e+00,200,0
9628,5.000000000000e-03,0.000000000000e+00,200,0
9629,5.000000000000e-03,0.000000000000e+00,200,0
9630,5.000000000000e-03,0.000000000000e+00,200,1
9631,5.000000000000e-03,0.000000000000e+00,200,0
9632,5.000000000000e-03,0.000000000000e+00,200,0
9633,5.000000000000e-03,0.000000000000e+00,200,0
9634,5.000000000000e-03,0.000000000000e+00,200,0
9635,5.000000000000e-03,0.000000000000e+00,200,0
9636,5.000000000000e-03,0.000000000000e+00,200,0
9637,5.000000000000e-03,0.000000000000e+00,200,1
9638,5.000000000000e-03,0.000000000000e+00,200,0
9639,5.000000000000e-03,0.000000000000e+00,200,0
9640,5.000000000000e-03,0.000000000000e+00,200,0
9641,5.000000000000e-03,0.000000000000e+00,200,1
9642,5.000000000000e-03,0.000000000000e+00,200,1
9643,5.000000000000e-03,0.000000000000e+00,200,2
9644,5.000000000000e-03,0.000000000000e+00,200,0
9645,5.000000000000e-03,0.000000000000e+00,200,0
9646,5.000000000000e-03,0.000000000000e+00,200,0
9647,5.000000000000e-03,0.000000000000e+00,200,1
9648,5.000000000000e-03,0.000000000000e+00,200,0
9649,5.000000000000e-03,0.000000000000e+00,200,0
9650,5.000000000000e-03,0.000000000000e+00,200,0
9651,5.000000000000e-03,0.000000000000e+00,200,0
9652,5.000000000000e-03,0.000000000000e+00,200,0
9653,5.000000000000e-03,0.000000000000e+00,200,1
9654,5.000000000000e-03,0.000000000000e+00,200,0
9655,5.000000000000e-03,0.000000000000e+00,200,0
9656,5.000000000000e-03,0.000000000000e+00,200,0
9657,5.000000000000e-03,0.000000000000e+00,200,1
9658,5.000000000000e-03,0.000000000000e+00,200,1
9659,5.000000000000e-03,0.000000000000e+00,200,1
9660,5.000000000000e-03,0.000000000000e+00,200,1
9661,5.000000000000e-03,0.000000000000e+00,200,1
9662,5.000000000000e-03,0.000000000000e+00,200,0
9663,5.000000000000e-03,0.000000000000e+00,200,1
9664,5.000000000000e-03,0.000000000000e+00,200,0
9665,5.000000000000e-03,0.000000000000e+00,200,3
9666,5.000000000000e-03,0.000000000000e+00,200,0
9667,5.000000000000e-03,0.000000000000e+00,200,0
9668,5.000000000000e-03,0.000000000000e+00,200,0
9669,5.000000000000e-03,0.000000000000e+00,200,1
9670,5.000000000000e-03,0.000000000000e+00,200,1
9671,5.000000000000e-03,0.000000000000e+00,200,0
9672,5.000000000000e-03,0.000000000000e+00,200,0
9673,5.000000000000e-03,0.000000000000e+00,200,0
9674,5.000000000000e-03,0.000000000000e+00,200,0
9675,5.000000000000e-03,0.000000000000e+00,200,0
9676,5.000000000000e-03,0.000000000000e+00,200,1
9677,5.000000000000e-03,0.000000000000e+00,200,1
9678,5.000000000000e-03,0.000000000000e+00,200,0
9679,5.000000000000e-03,0.000000000000e+00,200,1
9680,5.000000000000e-03,0.000000000000e+00,200,1
9681,5.000000000000e-03,0.000000000000e+00,200,1
9682,5.000000000000e-03,0.000000000000e+00,200,1
9683,5.000000000000e-03,0.000000000000e+00,200,1
9684,5.000000000000e-03,0.000000000000e+00,200,1
9685,5.000000000000e-03,0.000000000000e+00,200,0
9686,5.000000000000e-03,0.000000000000e+00,200,1
9687,5.000000000000e-03,0.000000000000e+00,200,0
9688,5.000000000000e-03,0.000000000000e+00,200,1
9689,5.000000000000e-03,0.000000000000e+00,200,0
9690,5.000000000000e-03,0.000000000000e+00,200,1
9691,5.000000000000e-03,0.000000000000e+00,200,1
9692,5.000000000000e-03,0.000000000000e+00,200,0
9693,5.000000000000e-03,0.000000000000e+00,200,1
9694,5.000000000000e-03,0.000000000000e+00,200,0
9695,5.000000000000e-03,0.000000000000e+00,200,0
9696,5.000000000000e-03,0.000000000000e+00,200,1
9697,5.000000000000e-03,0.000000000000e+00,200,0
9698,5.000000000000e-03,0.000000000000e+00,200,1
9699,5.000000000000e-03,0.000000000000e+00,200,0
9700,5.000000000000e-03,0.000000000000e+00,200,0
9701,5.000000000000e-03,0.000000000000e+00,200,0
9702,5.000000000000e-03,0.000000000000e+00,200,0
9703,5.000000000000e-03,0.000000000000e+00,200,0
9704,5.000000000000e-03,0.000000000000e+00,200,0
9705,5.000000000000e-03,0.000000000000e+00,200,0
9706,5.000000000000e-03,0.000000000000e+00,200,0
9707,5.000000000000e-03,0.000000000000e+00,200,0
9708,5.000000000000e-03,0.000000000000e+00,200,0
9709,5.000000000000e-03,0.000000000000e+00,200,0
9710,5.000000000000e-03,0.000000000000e+00,200,0
9711,5.000000000000e-03,0.000000000000e+00,200,2
9712,5.000000000000e-03,0.000000000000e+00,200,0
9713,5.000000000000e-03,0.000000000000e+00,200,1
9714,5.000000000000e-03,0.000000000000e+00,200,0
9715,5.000000000000e-03,0.000000000000e+00,200,0
9716,5.000000000000e-03,0.000000000000e+00,200,0
9717,5.000000000000e-03,0.000000000000e+00,200,0
9718,5.000000000000e-03,0.000000000000e+00,200,0
9719,5.000000000000e-03,0.000000000000e+00,200,0
9720,5.000000000000e-03,0.000000000000e+00,200,0
9721,5.000000000000e-03,0.000000000000e+00,200,0
9722,5.000000000000e-03,0.000000000000e+00,200,0
9723,5.000000000000e-03,0.000000000000e+00,200,0
9724,5.000000000000e-03,0.000000000000e+00,200,0
9725,5.000000000000e-03,0.000000000000e+00,200,1
9726,5.000000000000e-03,0.000000000000e+00,200,1
9727,5.000000000000e-03,0.000000000000e+00,200,1
9728,5.000000000000e-03,0.000000000000e+00,200,1
9729,5.000000000000e-03,0.000000000000e+00,200,0
9730,5.000000000000e-03,0.000000000000e+00,200,0
9731,5.000000000000e-03,0.000000000000e+00,200,0
9732,5.000000000000e-03,0.000000000000e+00,200,0
9733,5.000000000000e-03,0.000000000000e+00,200,0
9734,5.000000000000e-03,0.000000000000e+00,200,0
9735,5.000000000000e-03,0.000000000000e+00,200,0
9736,5.000000000000e-03,0.000000000000e+00,200,1
9737,5.000000000000e-03,0.000000000000e+00,200,0
9738,5.000000000000e-03,0.000000000000e+00,200,0
9739,5.000000000000e-03,0.000000000000e+00,200,0
9740,5.000000000000e-03,0.000000000000e+00,200,0
9741,5.000000000000e-03,0.000000000000e+00,200,0
9742,5.000000000000e-03,0.000000000000e+00,200,1
9743,5.000000000000e-03,0.000000000000e+00,200,1
9744,5.000000000000e-03,0.000000000000e+00,200,0
9745,5.000000000000e-03,0.000000000000e+00,200,0
9746,5.000000000000e-03,0.000000000000e+00,200,0
9747,5.000000000000e-03,0.000000000000e+00,200,0
9748,5.000000000000e-03,0.000000000000e+00,200,0
9749,5.000000000000e-03,0.000000000000e+00,200,1
9750,5.000000000000e-03,0.000000000000e+00,200,0
9751,5.000000000000e-03,0.000000000000e+00,200,0
9752,5.000000000000e-03,0.000000000000e+00,200,0
9753,5.000000000000e-03,0.000000000000e+00,200,0
9754,5.000000000000e-03,0.000000000000e+00,200,0
9755,5.000000000000e-03,0.000000000000e+00,200,1
9756,5.000000000000e-03,0.000000000000e+00,200,1
9757,5.000000000000e-03,0.000000000000e+00,200,0
9758,5.000000000000e-03,0.000000000000e+00,200,0
9759,5.000000000000e-03,0.000000000000e+00,200,0
9760,5.000000000000e-03,0.000000000000e+00,200,0
9761,5.000000000000e-03,0.000000000000e+00,200,0
9762,5.000000000000e-03,0.000000000000e+00,200,0
9763,5.000000000000e-03,0.000000000000e+00,200,1
9764,5.000000000000e-03,0.000000000000e+00,200,0
9765,5.000000000000e-03,0.000000000000e+00,200,0
9766,5.000000000000e-03,0.000000000000e+00,200,0
9767,5.000000000000e-03,0.000000000000e+00,200,4
9768,5.000000000000e-03,0.000000000000e+00,200,0
9769,5.000000000000e-03,0.000000000000e+00,200,0
9770,5.000000000000e-03,0.000000000000e+00,200,0
9771,5.000000000000e-03,0.000000000000e+00,200,0
9772,5.000000000000e-03,0.000000000000e+00,200,1
9773,5.000000000000e-03,0.000000000000e+00,200,0
9774,5.000000000000e-03,0.000000000000e+00,200,1
9775,5.000000000000e-03,0.000000000000e+00,200,0
9776,5.000000000000e-03,0.000000000000e+00,200,0
9777,5.000000000000e-03,0.000000000000e+00,200,0
9778,5.000000000000e-03,0.000000000000e+00,200,0
9779,5.000000000000e-03,0.000000000000e+00,200,0
9780,5.000000000000e-03,0.000000000000e+00,200,0
9781,5.000000000000e-03,0.000000000000e+00,200,0
9782,5.000000000000e-03,0.000000000000e+00,200,0
9783,5.000000000000e-03,0.000000000000e+00,200,0
9784,5.000000000000e-03,0.000000000000e+00,200,0
9785,5.000000000000e-03,0.000000000000e+00,200,0
9786,5.000000000000e-03,0.000000000000e+00,200,0
9787,5.000000000000e-03,0.000000000000e+00,200,0
9788,5.000000000000e-03,0.000000000000e+00,200,0
9789,5.000000000000e-03,0.000000000000e+00,200,0
9790,5.000000000000e-03,0.000000000000e+00,200,0
9791,5.000000000000e-03,0.000000000000e+00,200,0
9792,5.000000000000e-03,0.000000000000e+00,200,0
9793,5.000000000000e-03,0.000000000000e+00,200,0
9794,5.000000000000e-03,0.000000000000e+00,200,0
9795,5.000000000000e-03,0.000000000000e+00,200,0
9796,5.000000000000e-03,0.000000000000e+00,200,0
9797,5.000000000000e-03,0.000000000000e+00,200,0
9798,5.000000000000e-03,0.000000000000e+00,200,0
9799,5.000000000000e-03,0.000000000000e+00,200,0
9800,5.000000000000e-03,0.000000000000e+00,200,1
9801,5.000000000000e-03,0.000000000000e+00,200,2
9802,5.000000000000e-03,0.000000000000e+00,200,0
9803,5.000000000000e-03,0.000000000000e+00,200,0
9804,5.000000000000e-03,0.000000000000e+00,200,0
9805,5.000000000000e-03,0.000000000000e+00,200,1
9806,5.000000000000e-03,0.000000000000e+00,200,0
9807,5.000000000000e-03,0.000000000000e+00,200,1
9808,5.000000000000e-03,0.000000000000e+00,200,0
9809,5.000000000000e-03,0.000000000000e+00,200,0
9810,5.000000000000e-03,0.000000000000e+00,200,0
9811,5.000000000000e-03,0.000000000000e+00,200,0
9812,5.000000000000e-03,0.000000000000e+00,200,2
9813,5.000000000000e-03,0.000000000000e+00,200,0
9814,5.000000000000e-03,0.000000000000e+00,200,0
9815,5.000000000000e-03,0.000000000000e+00,200,1
9816,5.000000000000e-03,0.000000000000e+00,200,1
9817,5.000000000000e-03,0.000000000000e+00,200,1
9818,5.000000000000e-03,0.000000000000e+00,200,0
9819,5.000000000000e-03,0.000000000000e+00,200,0
9820,5.000000000000e-03,0.000000000000e+00,200,0
9821,5.000000000000e-03,0.000000000000e+00,200,0
9822,5.000000000000e-03,0.000000000000e+00,200,0
9823,5.000000000000e-03,0.000000000000e+00,200,1
9824,5.000000000000e-03,0.000000000000e+00,200,0
9825,5.000000000000e-03,0.000000000000e+00,200,0
9826,5.000000000000e-03,0.000000000000e+00,200,0
9827,5.000000000000e-03,0.000000000000e+00,200,0
9828,5.000000000000e-03,0.000000000000e+00,200,0
9829,5.000000000000e-03,0.000000000000e+00,200,0
9830,5.000000000000e-03,0.000000000000e+00,200,0
9831,5.000000000000e-03,0.000000000000e+00,200,1
9832,5.000000000000e-03,0.000000000000e+00,200,0
9833,5.000000000000e-03,0.000000000000e+00,200,0
9834,5.000000000000e-03,0.000000000000e+00,200,0
9835,5.000000000000e-03,0.000000000000e+00,200,0
9836,5.000000000000e-03,0.000000000000e+00,200,0
9837,5.000000000000e-03,0.000000000000e+00,200,0
9838,5.000000000000e-03,0.000000000000e+00,200,1
9839,5.000000000000e-03,0.000000000000e+00,200,0
9840,5.000000000000e-03,0.000000000000e+00,200,0
9841,5.000000000000e-03,0.000000000000e+00,200,0
9842,5.000000000000e-03,0.000000000000e+00,200,0
9843,5.000000000000e-03,0.000000000000e+00,200,1
9844,5.000000000000e-03,0.000000000000e+00,200,1
9845,5.000000000000e-03,0.000000000000e+00,200,1
9846,5.000000000000e-03,0.000000000000e+00,200,1
9847,5.000000000000e-03,0.000000000000e+00,200,0
9848,5.000000000000e-03,0.000000000000e+00,200,1
9849,5.000000000000e-03,0.000000000000e+00,200,1
9850,5.000000000000e-03,0.000000000000e+00,200,1
9851,5.000000000000e-03,0.000000000000e+00,200,0
9852,5.000000000000e-03,0.000000000000e+00,200,0
9853,5.000000000000e-03,0.000000000000e+00,200,0
9854,5.000000000000e-03,0.000000000000e+00,200,1
9855,5.000000000000e-03,0.000000000000e+00,200,0
9856,5.000000000000e-03,0.000000000000e+00,200,2
9857,5.000000000000e-03,0.000000000000e+00,200,1
9858,5.000000000000e-03,0.000000000000e+00,200,0
9859,5.000000000000e-03,0.000000000000e+00,200,0
9860,5.000000000000e-03,0.000000000000e+00,200,0
9861,5.000000000000e-03,0.000000000000e+00,200,1
9862,5.000000000000e-03,0.000000000000e+00,200,0
9863,5.000000000000e-03,0.000000000000e+00,200,0
9864,5.000000000000e-03,0.000000000000e+00,200,0
9865,5.000000000000e-03,0.000000000000e+00,200,0
9866,5.000000000000e-03,0.000000000000e+00,200,0
9867,5.000000000000e-03,0.000000000000e+00,200,0
9868,5.000000000000e-03,0.000000000000e+00,200,0
9869,5.000000000000e-03,0.000000000000e+00,200,0
9870,5.000000000000e-03,0.000000000000e+00,200,0
9871,5.000000000000e-03,0.000000000000e+00,200,0
9872,5.000000000000e-03,0.000000000000e+00,200,1
9873,5.000000000000e-03,0.000000000000e+00,200,0
9874,5.000000000000e-03,0.000000000000e+00,200,0
9875,5.000000000000e-03,0.000000000000e+00,200,1
9876,5.000000000000e-03,0.000000000000e+00,200,0
9877,5.000000000000e-03,0.000000000000e+00,200,0
9878,5.000000000000e-03,0.000000000000e+00,200,0
9879,5.000000000000e-03,0.000000000000e+00,200,0
9880,5.000000000000e-03,0.000000000000e+00,200,0
9881,5.000000000000e-03,0.000000000000e+00,200,0
9882,5.000000000000e-03,0.000000000000e+00,200,1
9883,5.000000000000e-03,0.000000000000e+00,200,0
9884,5.000000000000e-03,0.000000000000e+00,200,1
9885,5.000000000000e-03,0.000000000000e+00,200,0
9886,5.000000000000e-03,0.000000000000e+00,200,0
9887,5.000000000000e-03,0.000000000000e+00,200,0
9888,5.000000000000e-03,0.000000000000e+00,200,0
9889,5.000000000000e-03,0.000000000000e+00,200,1
9890,5.000000000000e-03,0.000000000000e+00,200,0
9891,5.000000000000e-03,0.000000000000e+00,200,0
9892,5.000000000000e-03,0.000000000000e+00,200,1
9893,5.000000000000e-03,0.000000000000e+00,200,0
9894,5.000000000000e-03,0.000000000000e+00,200,1
9895,5.000000000000e-03,0.000000000000e+00,200,0
9896,5.000000000000e-03,0.000000000000e+00,200,0
9897,5.000000000000e-03,0.000000000000e+00,200,0
9898,5.000000000000e-03,0.000000000000e+00,200,1
9899,5.000000000000e-03,0.000000000000e+00,200,1
9900,5.000000000000e-03,0.000000000000e+00,200,0
9901,5.000000000000e-03,0.000000000000e+00,200,0
9902,5.000000000000e-03,0.000000000000e+00,200,0
9903,5.000000000000e-03,0.000000000000e+00,200,0
9904,5.000000000000e-03,0.000000000000e+00,200,0
9905,5.000000000000e-03,0.000000000000e+00,200,0
9906,5.000000000000e-03,0.000000000000e+00,200,1
9907,5.000000000000e-03,0.000000000000e+00,200,0
9908,5.000000000000e-03,0.000000000000e+00,200,0
9909,5.000000000000e-03,0.000000000000e+00,200,0
9910,5.000000000000e-03,0.000000000000e+00,200,0
9911,5.000000000000e-03,0.000000000000e+00,200,0
9912,5.000000000000e-03,0.000000000000e+00,200,0
9913,5.000000000000e-03,0.000000000000e+00,200,0
9914,5.000000000000e-03,0.000000000000e+00,200,0
9915,5.000000000000e-03,0.000000000000e+00,200,0
9916,5.000000000000e-03,0.000000000000e+00,200,0
9917,5.000000000000e-03,0.000000000000e+00,200,0
9918,5.000000000000e-03,0.000000000000e+00,200,0
9919,5.000000000000e-03,0.000000000000e+00,200,0
9920,5.000000000000e-03,0.000000000000e+00,200,0
9921,5.000000000000e-03,0.000000000000e+00,200,0
9922,5.000000000000e-03,0.000000000000e+00,200,0
9923,5.000000000000e-03,0.000000000000e+00,200,0
9924,5.000000000000e-03,0.000000000000e+00,200,0
9925,5.000000000000e-03,0.000000000000e+00,200,0
9926,5.000000000000e-03,0.000000000000e+00,200,1
9927,5.000000000000e-03,0.000000000000e+00,200,0
9928,5.000000000000e-03,0.000000000000e+00,200,0
9929,5.000000000000e-03,0.000000000000e+00,200,0
9930,5.000000000000e-03,0.000000000000e+00,200,0
9931,5.000000000000e-03,0.000000000000e+00,200,1
9932,5.000000000000e-03,0.000000000000e+00,200,1
9933,5.000000000000e-03,0.000000000000e+00,200,0
9934,5.000000000000e-03,0.000000000000e+00,200,0
9935,5.000000000000e-03,0.000000000000e+00,200,2
9936,5.000000000000e-03,0.000000000000e+00,200,1
9937,5.000000000000e-03,0.000000000000e+00,200,0
9938,5.000000000000e-03,0.000000000000e+00,200,0
9939,5.000000000000e-03,0.000000000000e+00,200,0
9940,5.000000000000e-03,0.000000000000e+00,200,0
9941,5.000000000000e-03,0.000000000000e+00,200,0
9942,5.000000000000e-03,0.000000000000e+00,200,1
9943,5.000000000000e-03,0.000000000000e+00,200,0
9944,5.000000000000e-03,0.000000000000e+00,200,0
9945,5.000000000000e-03,0.000000000000e+00,200,0
9946,5.000000000000e-03,0.000000000000e+00,200,0
9947,5.000000000000e-03,0.000000000000e+00,200,0
9948,5.000000000000e-03,0.000000000000e+00,200,0
9949,5.000000000000e-03,0.000000000000e+00,200,1
9950,5.000000000000e-03,0.000000000000e+00,200,0
9951,5.000000000000e-03,0.000000000000e+00,200,0
9952,5.000000000000e-03,0.000000000000e+00,200,0
9953,5.000000000000e-03,0.000000000000e+00,200,0
9954,5.000000000000e-03,0.000000000000e+00,200,0
9955,5.000000000000e-03,0.000000000000e+00,200,0
9956,5.000000000000e-03,0.000000000000e+00,200,1
9957,5.000000000000e-03,0.000000000000e+00,200,0
9958,5.000000000000e-03,0.000000000000e+00,200,0
9959,5.000000000000e-03,0.000000000000e+00,200,0
9960,5.000000000000e-03,0.000000000000e+00,200,0
9961,5.000000000000e-03,0.000000000000e+00,200,0
9962,5.000000000000e-03,0.000000000000e+00,200,2
9963,5.000000000000e-03,0.000000000000e+00,200,0
9964,5.000000000000e-03,0.000000000000e+00,200,0
9965,5.000000000000e-03,0.000000000000e+00,200,0
9966,5.000000000000e-03,0.000000000000e+00,200,0
9967,5.000000000000e-03,0.000000000000e+00,200,0
9968,5.000000000000e-03,0.000000000000e+00,200,1
9969,5.000000000000e-03,0.000000000000e+00,200,2
9970,5.000000000000e-03,0.000000000000e+00,200,0
9971,5.000000000000e-03,0.000000000000e+00,200,0
9972,5.000000000000e-03,0.000000000000e+00,200,0
9973,5.000000000000e-03,0.000000000000e+00,200,0
9974,5.000000000000e-03,0.000000000000e+00,200,0
9975,5.000000000000e-03,0.000000000000e+00,200,1
9976,5.000000000000e-03,0.000000000000e+00,200,0
9977,5.000000000000e-03,0.000000000000e+00,200,0
9978,5.000000000000e-03,0.000000000000e+00,200,0
9979,5.000000000000e-03,0.000000000000e+00,200,1
9980,5.000000000000e-03,0.000000000000e+00,200,1
9981,5.000000000000e-03,0.000000000000e+00,200,0
9982,5.000000000000e-03,0.000000000000e+00,200,0
9983,5.000000000000e-03,0.000000000000e+00,200,0
9984,5.000000000000e-03,0.000000000000e+00,200,1
9985,5.000000000000e-03,0.000000000000e+00,200,1
9986,5.000000000000e-03,0.000000000000e+00,200,1
9987,5.000000000000e-03,0.000000000000e+00,200,0
9988,5.000000000000e-03,0.000000000000e+00,200,0
9989,5.000000000000e-03,0.000000000000e+00,200,0
9990,5.000000000000e-03,0.000000000000e+00,200,0
9991,5.000000000000e-03,0.000000000000e+00,200,0
9992,5.000000000000e-03,0.000000000000e+00,200,0
9993,5.000000000000e-03,0.000000000000e+00,200,0
9994,5.000000000000e-03,0.000000000000e+00,200,0
9995,5.000000000000e-03,0.000000000000e+00,200,0
9996,5.000000000000e-03,0.000000000000e+00,200,1
9997,5.000000000000e-03,0.000000000000e+00,200,0
9998,5.000000000000e-03,0.000000000000e+00,200,0
9999,5.000000000000e-03,0.000000000000e+00,200,0
10000,5.000000000000e-03,0.000000000000e+00,200,0
10001,5.000000000000e-03,0.000000000000e+00,500,0
10002,5.000000000000e-03,0.000000000000e+00,500,1
10003,5.000000000000e-03,0.000000000000e+00,500,2
10004,5.000000000000e-03,0.000000000000e+00,500,2
10005,5.000000000000e-03,0.000000000000e+00,500,0
10006,5.000000000000e-03,0.000000000000e+00,500,1
10007,5.000000000000e-03,0.000000000000e+00,500,2
10008,5.000000000000e-03,0.000000000000e+00,500,1
10009,5.000000000000e-03,0.000000000000e+00,500,2
10010,5.000000000000e-03,0.000000000000e+00,500,0
10011,5.000000000000e-03,0.000000000000e+00,500,2
10012,5.000000000000e-03,0.000000000000e+00,500,0
10013,5.000000000000e-03,0.000000000000e+00,500,0
10014,5.000000000000e-03,0.000000000000e+00,500,2
10015,5.000000000000e-03,0.000000000000e+00,500,2
10016,5.000000000000e-03,0.000000000000e+00,500,2
10017,5.000000000000e-03,0.000000000000e+00,500,1
10018,5.000000000000e-03,0.000000000000e+00,500,0
10019,5.000000000000e-03,0.000000000000e+00,500,1
10020,5.000000000000e-03,0.000000000000e+00,500,0
10021,5.000000000000e-03,0.000000000000e+00,500,0
10022,5.000000000000e-03,0.000000000000e+00,500,1
10023,5.000000000000e-03,0.000000000000e+00,500,1
10024,5.000000000000e-03,0.000000000000e+00,500,2
10025,5.000000000000e-03,0.000000000000e+00,500,1
10026,5.000000000000e-03,0.000000000000e+00,500,1
10027,5.000000000000e-03,0.000000000000e+00,500,0
10028,5.000000000000e-03,0.000000000000e+00,500,1
10029,5.000000000000e-03,0.000000000000e+00,500,0
10030,5.000000000000e-03,0.000000000000e+00,500,1
10031,5.000000000000e-03,0.000000000000e+00,500,0
10032,5.000000000000e-03,0.000000000000e+00,500,1
10033,5.000000000000e-03,0.000000000000e+00,500,1
10034,5.000000000000e-03,0.000000000000e+00,500,1
10035,5.000000000000e-03,0.000000000000e+00,500,0
10036,5.000000000000e-03,0.000000000000e+00,500,1
10037,5.000000000000e-03,0.000000000000e+00,500,1
10038,5.000000000000e-03,0.000000000000e+00,500,3
10039,5.000000000000e-03,0.000000000000e+00,500,1
10040,5.000000000000e-03,0.000000000000e+00,500,0
10041,5.000000000000e-03,0.000000000000e+00,500,0
10042,5.000000000000e-03,0.000000000000e+00,500,0
10043,5.000000000000e-03,0.000000000000e+00,500,1
10044,5.000000000000e-03,0.000000000000e+00,500,0
10045,5.000000000000e-03,0.000000000000e+00,500,1
10046,5.000000000000e-03,0.000000000000e+00,500,0
10047,5.000000000000e-03,0.000000000000e+00,500,2
10048,5.000000000000e-03,0.000000000000e+00,500,2
10049,5.000000000000e-03,0.000000000000e+00,500,0
10050,5.000000000000e-03,0.000000000000e+00,500,3
10051,5.000000000000e-03,0.000000000000e+00,500,0
10052,5.000000000000e-03,0.000000000000e+00,500,1
10053,5.000000000000e-03,0.000000000000e+00,500,2
10054,5.000000000000e-03,0.000000000000e+00,500,1
10055,5.000000000000e-03,0.000000000000e+00,500,0
10056,5.000000000000e-03,0.000000000000e+00,500,0
10057,5.000000000000e-03,0.000000000000e+00,500,0
10058,5.000000000000e-03,0.000000000000e+00,500,0
10059,5.000000000000e-03,0.000000000000e+00,500,0
10060,5.000000000000e-03,0.000000000000e+00,500,0
10061,5.000000000000e-03,0.000000000000e+00,500,0
10062,5.000000000000e-03,0.000000000000e+00,500,0
10063,5.000000000000e-03,0.000000000000e+00,500,2
10064,5.000000000000e-03,0.000000000000e+00,500,0
10065,5.000000000000e-03,0.000000000000e+00,500,0
10066,5.000000000000e-03,0.000000000000e+00,500,0
10067,5.000000000000e-03,0.000000000000e+00,500,2
10068,5.000000000000e-03,0.000000000000e+00,500,1
10069,5.000000000000e-03,0.000000000000e+00,500,1
10070,5.000000000000e-03,0.000000000000e+00,500,0
10071,5.000000000000e-03,0.000000000000e+00,500,0
10072,5.000000000000e-03,0.000000000000e+00,500,1
10073,5.000000000000e-03,0.000000000000e+00,500,0
10074,5.000000000000e-03,0.000000000000e+00,500,0
10075,5.000000000000e-03,0.000000000000e+00,500,0
10076,5.000000000000e-03,0.000000000000e+00,500,0
10077,5.000000000000e-03,0.000000000000e+00,500,2
10078,5.000000000000e-03,0.000000000000e+00,500,0
10079,5.000000000000e-03,0.000000000000e+00,500,0
10080,5.000000000000e-03,0.000000000000e+00,500,1
10081,5.000000000000e-03,0.000000000000e+00,500,0
10082,5.000000000000e-03,0.000000000000e+00,500,1
10083,5.000000000000e-03,0.000000000000e+00,500,1
10084,5.000000000000e-03,0.000000000000e+00,500,1
10085,5.000000000000e-03,0.000000000000e+00,500,2
10086,5.000000000000e-03,0.000000000000e+00,500,0
10087,5.000000000000e-03,0.000000000000e+00,500,0
10088,5.000000000000e-03,0.000000000000e+00,500,1
10089,5.000000000000e-03,0.000000000000e+00,500,0
10090,5.000000000000e-03,0.000000000000e+00,500,1
10091,5.000000000000e-03,0.000000000000e+00,500,2
10092,5.000000000000e-03,0.000000000000e+00,500,2
10093,5.000000000000e-03,0.000000000000e+00,500,2
10094,5.000000000000e-03,0.000000000000e+00,500,1
10095,5.000000000000e-03,0.000000000000e+00,500,3
10096,5.000000000000e-03,0.000000000000e+00,500,1
10097,5.000000000000e-03,0.000000000000e+00,500,1
10098,5.000000000000e-03,0.000000000000e+00,500,0
10099,5.000000000000e-03,0.000000000000e+00,500,1
10100,5.000000000000e-03,0.000000000000e+00,500,1
10101,5.000000000000e-03,0.000000000000e+00,500,1
10102,5.000000000000e-03,0.000000000000e+00,500,1
10103,5.000000000000e-03,0.000000000000e+00,500,0
10104,5.000000000000e-03,0.000000000000e+00,500,0
10105,5.000000000000e-03,0.000000000000e+00,500,0
10106,5.000000000000e-03,0.000000000000e+00,500,1
10107,5.000000000000e-03,0.000000000000e+00,500,0
10108,5.000000000000e-03,0.000000000000e+00,500,3
10109,5.000000000000e-03,0.000000000000e+00,500,0
10110,5.000000000000e-03,0.000000000000e+00,500,1
10111,5.000000000000e-03,0.000000000000e+00,500,0
10112,5.000000000000e-03,0.000000000000e+00,500,0
10113,5.000000000000e-03,0.000000000000e+00,500,0
10114,5.000000000000e-03,0.000000000000e+00,500,0
10115,5.000000000000e-03,0.000000000000e+00,500,0
10116,5.000000000000e-03,0.000000000000e+00,500,1
10117,5.000000000000e-03,0.000000000000e+00,500,0
10118,5.000000000000e-03,0.000000000000e+00,500,1
10119,5.000000000000e-03,0.000000000000e+00,500,1
10120,5.000000000000e-03,0.000000000000e+00,500,0
10121,5.000000000000e-03,0.000000000000e+00,500,1
10122,5.000000000000e-03,0.000000000000e+00,500,0
10123,5.000000000000e-03,0.000000000000e+00,500,2
10124,5.000000000000e-03,0.000000000000e+00,500,0
10125,5.000000000000e-03,0.000000000000e+00,500,2
10126,5.000000000000e-03,0.000000000000e+00,500,1
10127,5.000000000000e-03,0.000000000000e+00,500,1
10128,5.000000000000e-03,0.000000000000e+00,500,3
10129,5.000000000000e-03,0.000000000000e+00,500,1
10130,5.000000000000e-03,0.000000000000e+00,500,0
10131,5.000000000000e-03,0.000000000000e+00,500,1
10132,5.000000000000e-03,0.000000000000e+00,500,1
10133,5.000000000000e-03,0.000000000000e+00,500,0
10134,5.000000000000e-03,0.000000000000e+00,500,0
10135,5.000000000000e-03,0.000000000000e+00,500,1
10136,5.000000000000e-03,0.000000000000e+00,500,1
10137,5.000000000000e-03,0.000000000000e+00,500,1
10138,5.000000000000e-03,0.000000000000e+00,500,1
10139,5.000000000000e-03,0.000000000000e+00,500,2
10140,5.000000000000e-03,0.000000000000e+00,500,0
10141,5.000000000000e-03,0.000000000000e+00,500,2
10142,5.000000000000e-03,0.000000000000e+00,500,1
10143,5.000000000000e-03,0.000000000000e+00,500,0
10144,5.000000000000e-03,0.000000000000e+00,500,2
10145,5.000000000000e-03,0.000000000000e+00,500,2
10146,5.000000000000e-03,0.000000000000e+00,500,1
10147,5.000000000000e-03,0.000000000000e+00,500,0
10148,5.000000000000e-03,0.000000000000e+00,500,1
10149,5.000000000000e-03,0.000000000000e+00,500,2
10150,5.000000000000e-03,0.000000000000e+00,500,2
10151,5.000000000000e-03,0.000000000000e+00,500,2
10152,5.000000000000e-03,0.000000000000e+00,500,4
10153,5.000000000000e-03,0.000000000000e+00,500,1
10154,5.000000000000e-03,0.000000000000e+00,500,1
10155,5.000000000000e-03,0.000000000000e+00,500,1
10156,5.000000000000e-03,0.000000000000e+00,500,0
10157,5.000000000000e-03,0.000000000000e+00,500,1
10158,5.000000000000e-03,0.000000000000e+00,500,2
10159,5.000000000000e-03,0.000000000000e+00,500,2
10160,5.000000000000e-03,0.000000000000e+00,500,1
10161,5.000000000000e-03,0.000000000000e+00,500,1
10162,5.000000000000e-03,0.000000000000e+00,500,4
10163,5.000000000000e-03,0.000000000000e+00,500,1
10164,5.000000000000e-03,0.000000000000e+00,500,1
10165,5.000000000000e-03,0.000000000000e+00,500,1
10166,5.000000000000e-03,0.000000000000e+00,500,1
10167,5.000000000000e-03,0.000000000000e+00,500,3
10168,5.000000000000e-03,0.000000000000e+00,500,2
10169,5.000000000000e-03,0.000000000000e+00,500,2
10170,5.000000000000e-03,0.000000000000e+00,500,3
10171,5.000000000000e-03,0.000000000000e+00,500,0
10172,5.000000000000e-03,0.000000000000e+00,500,2
10173,5.000000000000e-03,0.000000000000e+00,500,0
10174,5.000000000000e-03,0.000000000000e+00,500,2
10175,5.000000000000e-03,0.000000000000e+00,500,0
10176,5.000000000000e-03,0.000000000000e+00,500,3
10177,5.000000000000e-03,0.000000000000e+00,500,0
10178,5.000000000000e-03,0.000000000000e+00,500,0
10179,5.000000000000e-03,0.000000000000e+00,500,1
10180,5.000000000000e-03,0.000000000000e+00,500,1
10181,5.000000000000e-03,0.000000000000e+00,500,0
10182,5.000000000000e-03,0.000000000000e+00,500,1
10183,5.000000000000e-03,0.000000000000e+00,500,1
10184,5.000000000000e-03,0.000000000000e+00,500,2
10185,5.000000000000e-03,0.000000000000e+00,500,0
10186,5.000000000000e-03,0.000000000000e+00,500,0
10187,5.000000000000e-03,0.000000000000e+00,500,1
10188,5.000000000000e-03,0.000000000000e+00,500,2
10189,5.000000000000e-03,0.000000000000e+00,500,0
10190,5.000000000000e-03,0.000000000000e+00,500,0
10191,5.000000000000e-03,0.000000000000e+00,500,2
10192,5.000000000000e-03,0.000000000000e+00,500,0
10193,5.000000000000e-03,0.000000000000e+00,500,0
10194,5.000000000000e-03,0.000000000000e+00,500,0
10195,5.000000000000e-03,0.000000000000e+00,500,0
10196,5.000000000000e-03,0.000000000000e+00,500,0
10197,5.000000000000e-03,0.000000000000e+00,500,0
10198,5.000000000000e-03,0.000000000000e+00,500,1
10199,5.000000000000e-03,0.000000000000e+00,500,2
10200,5.000000000000e-03,0.000000000000e+00,500,0
10201,5.000000000000e-03,0.000000000000e+00,500,0
10202,5.000000000000e-03,0.000000000000e+00,500,2
10203,5.000000000000e-03,0.000000000000e+00,500,0
10204,5.000000000000e-03,0.000000000000e+00,500,1
10205,5.000000000000e-03,0.000000000000e+00,500,1
10206,5.000000000000e-03,0.000000000000e+00,500,1
10207,5.000000000000e-03,0.000000000000e+00,500,0
10208,5.000000000000e-03,0.000000000000e+00,500,1
10209,5.000000000000e-03,0.000000000000e+00,500,0
10210,5.000000000000e-03,0.000000000000e+00,500,1
10211,5.000000000000e-03,0.000000000000e+00,500,1
10212,5.000000000000e-03,0.000000000000e+00,500,0
10213,5.000000000000e-03,0.000000000000e+00,500,2
10214,5.000000000000e-03,0.000000000000e+00,500,1
10215,5.000000000000e-03,0.000000000000e+00,500,1
10216,5.000000000000e-03,0.000000000000e+00,500,1
10217,5.000000000000e-03,0.000000000000e+00,500,3
10218,5.000000000000e-03,0.000000000000e+00,500,1
10219,5.000000000000e-03,0.000000000000e+00,500,1
10220,5.000000000000e-03,0.000000000000e+00,500,0
10221,5.000000000000e-03,0.000000000000e+00,500,0
10222,5.000000000000e-03,0.000000000000e+00,500,0
10223,5.000000000000e-03,0.000000000000e+00,500,0
10224,5.000000000000e-03,0.000000000000e+00,500,1
10225,5.000000000000e-03,0.000000000000e+00,500,1
10226,5.000000000000e-03,0.000000000000e+00,500,0
10227,5.000000000000e-03,0.000000000000e+00,500,6
10228,5.000000000000e-03,0.000000000000e+00,500,0
10229,5.000000000000e-03,0.000000000000e+00,500,1
10230,5.000000000000e-03,0.000000000000e+00,500,0
10231,5.000000000000e-03,0.000000000000e+00,500,1
10232,5.000000000000e-03,0.000000000000e+00,500,2
10233,5.000000000000e-03,0.000000000000e+00,500,2
10234,5.000000000000e-03,0.000000000000e+00,500,2
10235,5.000000000000e-03,0.000000000000e+00,500,1
10236,5.000000000000e-03,0.000000000000e+00,500,1
10237,5.000000000000e-03,0.000000000000e+00,500,2
10238,5.000000000000e-03,0.000000000000e+00,500,1
10239,5.000000000000e-03,0.000000000000e+00,500,2
10240,5.000000000000e-03,0.000000000000e+00,500,1
10241,5.000000000000e-03,0.000000000000e+00,500,1
10242,5.000000000000e-03,0.000000000000e+00,500,1
10243,5.000000000000e-03,0.000000000000e+00,500,0
10244,5.000000000000e-03,0.000000000000e+00,500,2
10245,5.000000000000e-03,0.000000000000e+00,500,1
10246,5.000000000000e-03,0.000000000000e+00,500,1
10247,5.000000000000e-03,0.000000000000e+00,500,1
10248,5.000000000000e-03,0.000000000000e+00,500,0
10249,5.000000000000e-03,0.000000000000e+00,500,1
10250,5.000000000000e-03,0.000000000000e+00,500,0
10251,5.000000000000e-03,0.000000000000e+00,500,1
10252,5.000000000000e-03,0.000000000000e+00,500,0
10253,5.000000000000e-03,0.000000000000e+00,500,0
10254,5.000000000000e-03,0.000000000000e+00,500,0
10255,5.000000000000e-03,0.000000000000e+00,500,1
10256,5.000000000000e-03,0.000000000000e+00,500,0
10257,5.000000000000e-03,0.000000000000e+00,500,2
10258,5.000000000000e-03,0.000000000000e+00,500,2
10259,5.000000000000e-03,0.000000000000e+00,500,1
10260,5.000000000000e-03,0.000000000000e+00,500,2
10261,5.000000000000e-03,0.000000000000e+00,500,0
10262,5.000000000000e-03,0.000000000000e+00,500,1
10263,5.000000000000e-03,0.000000000000e+00,500,0
10264,5.000000000000e-03,0.000000000000e+00,500,0
10265,5.000000000000e-03,0.000000000000e+00,500,1
10266,5.000000000000e-03,0.000000000000e+00,500,1
10267,5.000000000000e-03,0.000000000000e+00,500,1
10268,5.000000000000e-03,0.000000000000e+00,500,1
10269,5.000000000000e-03,0.000000000000e+00,500,2
10270,5.000000000000e-03,0.000000000000e+00,500,0
10271,5.000000000000e-03,0.000000000000e+00,500,1
10272,5.000000000000e-03,0.000000000000e+00,500,1
10273,5.000000000000e-03,0.000000000000e+00,500,1
10274,5.000000000000e-03,0.000000000000e+00,500,1
10275,5.000000000000e-03,0.000000000000e+00,500,0
10276,5.000000000000e-03,0.000000000000e+00,500,0
10277,5.000000000000e-03,0.000000000000e+00,500,1
10278,5.000000000000e-03,0.000000000000e+00,500,1
10279,5.000000000000e-03,0.000000000000e+00,500,0
10280,5.000000000000e-03,0.000000000000e+00,500,0
10281,5.000000000000e-03,0.000000000000e+00,500,1
10282,5.000000000000e-03,0.000000000000e+00,500,1
10283,5.000000000000e-03,0.000000000000e+00,500,0
10284,5.000000000000e-03,0.000000000000e+00,500,0
10285,5.000000000000e-03,0.000000000000e+00,500,1
10286,5.000000000000e-03,0.000000000000e+00,500,1
10287,5.000000000000e-03,0.000000000000e+00,500,2
10288,5.000000000000e-03,0.000000000000e+00,500,1
10289,5.000000000000e-03,0.000000000000e+00,500,0
10290,5.000000000000e-03,0.000000000000e+00,500,0
10291,5.000000000000e-03,0.000000000000e+00,500,0
10292,5.000000000000e-03,0.000000000000e+00,500,0
10293,5.000000000000e-03,0.000000000000e+00,500,1
10294,5.000000000000e-03,0.000000000000e+00,500,0
10295,5.000000000000e-03,0.000000000000e+00,500,0
10296,5.000000000000e-03,0.000000000000e+00,500,0
10297,5.000000000000e-03,0.000000000000e+00,500,0
10298,5.000000000000e-03,0.000000000000e+00,500,2
10299,5.000000000000e-03,0.000000000000e+00,500,1
10300,5.000000000000e-03,0.000000000000e+00,500,1
10301,5.000000000000e-03,0.000000000000e+00,500,0
10302,5.000000000000e-03,0.000000000000e+00,500,1
10303,5.000000000000e-03,0.000000000000e+00,500,2
10304,5.000000000000e-03,0.000000000000e+00,500,0
10305,5.000000000000e-03,0.000000000000e+00,500,1
10306,5.000000000000e-03,0.000000000000e+00,500,0
10307,5.000000000000e-03,0.000000000000e+00,500,0
10308,5.000000000000e-03,0.000000000000e+00,500,1
10309,5.000000000000e-03,0.000000000000e+00,500,0
10310,5.000000000000e-03,0.000000000000e+00,500,0
10311,5.000000000000e-03,0.000000000000e+00,500,2
10312,5.000000000000e-03,0.000000000000e+00,500,0
10313,5.000000000000e-03,0.000000000000e+00,500,1
10314,5.000000000000e-03,0.000000000000e+00,500,0
10315,5.000000000000e-03,0.000000000000e+00,500,1
10316,5.000000000000e-03,0.000000000000e+00,500,2
10317,5.000000000000e-03,0.000000000000e+00,500,0
10318,5.000000000000e-03,0.000000000000e+00,500,1
10319,5.000000000000e-03,0.000000000000e+00,500,0
10320,5.000000000000e-03,0.000000000000e+00,500,0
10321,5.000000000000e-03,0.000000000000e+00,500,3
10322,5.000000000000e-03,0.000000000000e+00,500,0
10323,5.000000000000e-03,0.000000000000e+00,500,0
10324,5.000000000000e-03,0.000000000000e+00,500,0
10325,5.000000000000e-03,0.000000000000e+00,500,1
10326,5.000000000000e-03,0.000000000000e+00,500,0
10327,5.000000000000e-03,0.000000000000e+00,500,2
10328,5.000000000000e-03,0.000000000000e+00,500,1
10329,5.000000000000e-03,0.000000000000e+00,500,3
10330,5.000000000000e-03,0.000000000000e+00,500,0
10331,5.000000000000e-03,0.000000000000e+00,500,0
10332,5.000000000000e-03,0.000000000000e+00,500,2
10333,5.000000000000e-03,0.000000000000e+00,500,0
10334,5.000000000000e-03,0.000000000000e+00,500,1
10335,5.000000000000e-03,0.000000000000e+00,500,1
10336,5.000000000000e-03,0.000000000000e+00,500,2
10337,5.000000000000e-03,0.000000000000e+00,500,1
10338,5.000000000000e-03,0.000000000000e+00,500,3
10339,5.000000000000e-03,0.000000000000e+00,500,0
10340,5.000000000000e-03,0.000000000000e+00,500,1
10341,5.000000000000e-03,0.000000000000e+00,500,0
10342,5.000000000000e-03,0.000000000000e+00,500,0
10343,5.000000000000e-03,0.000000000000e+00,500,1
10344,5.000000000000e-03,0.000000000000e+00,500,0
10345,5.000000000000e-03,0.000000000000e+00,500,0
10346,5.000000000000e-03,0.000000000000e+00,500,1
10347,5.000000000000e-03,0.000000000000e+00,500,0
10348,5.000000000000e-03,0.000000000000e+00,500,1
10349,5.000000000000e-03,0.000000000000e+00,500,1
10350,5.000000000000e-03,0.000000000000e+00,500,0
10351,5.000000000000e-03,0.000000000000e+00,500,0
10352,5.000000000000e-03,0.000000000000e+00,500,1
10353,5.000000000000e-03,0.000000000000e+00,500,1
10354,5.000000000000e-03,0.000000000000e+00,500,0
10355,5.000000000000e-03,0.000000000000e+00,500,2
10356,5.000000000000e-03,0.000000000000e+00,500,3
10357,5.000000000000e-03,0.000000000000e+00,500,1
10358,5.000000000000e-03,0.000000000000e+00,500,1
10359,5.000000000000e-03,0.000000000000e+00,500,1
10360,5.000000000000e-03,0.000000000000e+00,500,0
10361,5.000000000000e-03,0.000000000000e+00,500,1
10362,5.000000000000e-03,0.000000000000e+00,500,0
10363,5.000000000000e-03,0.000000000000e+00,500,1
10364,5.000000000000e-03,0.000000000000e+00,500,1
10365,5.000000000000e-03,0.000000000000e+00,500,0
10366,5.000000000000e-03,0.000000000000e+00,500,0
10367,5.000000000000e-03,0.000000000000e+00,500,0
10368,5.000000000000e-03,0.000000000000e+00,500,1
10369,5.000000000000e-03,0.000000000000e+00,500,1
10370,5.000000000000e-03,0.000000000000e+00,500,1
10371,5.000000000000e-03,0.000000000000e+00,500,1
10372,5.000000000000e-03,0.000000000000e+00,500,0
10373,5.000000000000e-03,0.000000000000e+00,500,3
10374,5.000000000000e-03,0.000000000000e+00,500,1
10375,5.000000000000e-03,0.000000000000e+00,500,0
10376,5.000000000000e-03,0.000000000000e+00,500,0
10377,5.000000000000e-03,0.000000000000e+00,500,0
10378,5.000000000000e-03,0.000000000000e+00,500,1
10379,5.000000000000e-03,0.000000000000e+00,500,0
10380,5.000000000000e-03,0.000000000000e+00,500,1
10381,5.000000000000e-03,0.000000000000e+00,500,1
10382,5.000000000000e-03,0.000000000000e+00,500,1
10383,5.000000000000e-03,0.000000000000e+00,500,1
10384,5.000000000000e-03,0.000000000000e+00,500,1
10385,5.000000000000e-03,0.000000000000e+00,500,0
10386,5.000000000000e-03,0.000000000000e+00,500,1
10387,5.000000000000e-03,0.000000000000e+00,500,0
10388,5.000000000000e-03,0.000000000000e+00,500,0
10389,5.000000000000e-03,0.000000000000e+00,500,1
10390,5.000000000000e-03,0.000000000000e+00,500,0
10391,5.000000000000e-03,0.000000000000e+00,500,1
10392,5.000000000000e-03,0.000000000000e+00,500,3
10393,5.000000000000e-03,0.000000000000e+00,500,2
10394,5.000000000000e-03,0.000000000000e+00,500,0
10395,5.000000000000e-03,0.000000000000e+00,500,0
10396,5.000000000000e-03,0.000000000000e+00,500,1
10397,5.000000000000e-03,0.000000000000e+00,500,0
10398,5.000000000000e-03,0.000000000000e+00,500,0
10399,5.000000000000e-03,0.000000000000e+00,500,0
10400,5.000000000000e-03,0.000000000000e+00,500,0
10401,5.000000000000e-03,0.000000000000e+00,1000,3
10402,5.000000000000e-03,0.000000000000e+00,1000,1
10403,5.000000000000e-03,0.000000000000e+00,1000,2
10404,5.000000000000e-03,0.000000000000e+00,1000,1
10405,5.000000000000e-03,0.000000000000e+00,1000,4
10406,5.000000000000e-03,0.000000000000e+00,1000,2
10407,5.000000000000e-03,0.000000000000e+00,1000,4
10408,5.000000000000e-03,0.000000000000e+00,1000,3
10409,5.000000000000e-03,0.000000000000e+00,1000,5
10410,5.000000000000e-03,0.000000000000e+00,1000,0
10411,5.000000000000e-03,0.000000000000e+00,1000,3
10412,5.000000000000e-03,0.000000000000e+00,1000,2
10413,5.000000000000e-03,0.000000000000e+00,1000,0
10414,5.000000000000e-03,0.000000000000e+00,1000,1
10415,5.000000000000e-03,0.000000000000e+00,1000,2
10416,5.000000000000e-03,0.000000000000e+00,1000,2
10417,5.000000000000e-03,0.000000000000e+00,1000,1
10418,5.000000000000e-03,0.000000000000e+00,1000,0
10419,5.000000000000e-03,0.000000000000e+00,1000,4
10420,5.000000000000e-03,0.000000000000e+00,1000,0
10421,5.000000000000e-03,0.000000000000e+00,1000,1
10422,5.000000000000e-03,0.000000000000e+00,1000,1
10423,5.000000000000e-03,0.000000000000e+00,1000,3
10424,5.000000000000e-03,0.000000000000e+00,1000,4
10425,5.000000000000e-03,0.000000000000e+00,1000,3
10426,5.000000000000e-03,0.000000000000e+00,1000,1
10427,5.000000000000e-03,0.000000000000e+00,1000,0
10428,5.000000000000e-03,0.000000000000e+00,1000,0
10429,5.000000000000e-03,0.000000000000e+00,1000,0
10430,5.000000000000e-03,0.000000000000e+00,1000,1
10431,5.000000000000e-03,0.000000000000e+00,1000,3
10432,5.000000000000e-03,0.000000000000e+00,1000,2
10433,5.000000000000e-03,0.000000000000e+00,1000,2
10434,5.000000000000e-03,0.000000000000e+00,1000,1
10435,5.000000000000e-03,0.000000000000e+00,1000,0
10436,5.000000000000e-03,0.000000000000e+00,1000,1
10437,5.000000000000e-03,0.000000000000e+00,1000,0
10438,5.000000000000e-03,0.000000000000e+00,1000,1
10439,5.000000000000e-03,0.000000000000e+00,1000,0
10440,5.000000000000e-03,0.000000000000e+00,1000,2
10441,5.000000000000e-03,0.000000000000e+00,1000,1
10442,5.000000000000e-03,0.000000000000e+00,1000,1
10443,5.000000000000e-03,0.000000000000e+00,1000,1
10444,5.000000000000e-03,0.000000000000e+00,1000,1
10445,5.000000000000e-03,0.000000000000e+00,1000,1
10446,5.000000000000e-03,0.000000000000e+00,1000,3
10447,5.000000000000e-03,0.000000000000e+00,1000,5
10448,5.000000000000e-03,0.000000000000e+00,1000,2
10449,5.000000000000e-03,0.000000000000e+00,1000,3
10450,5.000000000000e-03,0.000000000000e+00,1000,0
10451,5.000000000000e-03,0.000000000000e+00,1000,4
10452,5.000000000000e-03,0.000000000000e+00,1000,1
10453,5.000000000000e-03,0.000000000000e+00,1000,3
10454,5.000000000000e-03,0.000000000000e+00,1000,1
10455,5.000000000000e-03,0.000000000000e+00,1000,1
10456,5.000000000000e-03,0.000000000000e+00,1000,4
10457,5.000000000000e-03,0.000000000000e+00,1000,0
10458,5.000000000000e-03,0.000000000000e+00,1000,1
10459,5.000000000000e-03,0.000000000000e+00,1000,0
10460,5.000000000000e-03,0.000000000000e+00,1000,0
10461,5.000000000000e-03,0.000000000000e+00,1000,4
10462,5.000000000000e-03,0.000000000000e+00,1000,1
10463,5.000000000000e-03,0.000000000000e+00,1000,2
10464,5.000000000000e-03,0.000000000000e+00,1000,3
10465,5.000000000000e-03,0.000000000000e+00,1000,0
10466,5.000000000000e-03,0.000000000000e+00,1000,3
10467,5.000000000000e-03,0.000000000000e+00,1000,1
10468,5.000000000000e-03,0.000000000000e+00,1000,1
10469,5.000000000000e-03,0.000000000000e+00,1000,1
10470,5.000000000000e-03,0.000000000000e+00,1000,0
10471,5.000000000000e-03,0.000000000000e+00,1000,4
10472,5.000000000000e-03,0.000000000000e+00,1000,2
10473,5.000000000000e-03,0.000000000000e+00,1000,2
10474,5.000000000000e-03,0.000000000000e+00,1000,4
10475,5.000000000000e-03,0.000000000000e+00,1000,1
10476,5.000000000000e-03,0.000000000000e+00,1000,2
10477,5.000000000000e-03,0.000000000000e+00,1000,0
10478,5.000000000000e-03,0.000000000000e+00,1000,0
10479,5.000000000000e-03,0.000000000000e+00,1000,3
10480,5.000000000000e-03,0.000000000000e+00,1000,1
10481,5.000000000000e-03,0.000000000000e+00,1000,1
10482,5.000000000000e-03,0.000000000000e+00,1000,1
10483,5.000000000000e-03,0.000000000000e+00,1000,3
10484,5.000000000000e-03,0.000000000000e+00,1000,0
10485,5.000000000000e-03,0.000000000000e+00,1000,3
10486,5.000000000000e-03,0.000000000000e+00,1000,1
10487,5.000000000000e-03,0.000000000000e+00,1000,2
10488,5.000000000000e-03,0.000000000000e+00,1000,1
10489,5.000000000000e-03,0.000000000000e+00,1000,1
10490,5.000000000000e-03,0.000000000000e+00,1000,0
10491,5.000000000000e-03,0.000000000000e+00,1000,1
10492,5.000000000000e-03,0.000000000000e+00,1000,7
10493,5.000000000000e-03,0.000000000000e+00,1000,1
10494,5.000000000000e-03,0.000000000000e+00,1000,3
10495,5.000000000000e-03,0.000000000000e+00,1000,1
10496,5.000000000000e-03,0.000000000000e+00,1000,0
10497,5.000000000000e-03,0.000000000000e+00,1000,2
10498,5.000000000000e-03,0.000000000000e+00,1000,3
10499,5.000000000000e-03,0.000000000000e+00,1000,1
10500,5.000000000000e-03,0.000000000000e+00,1000,2
10501,5.000000000000e-03,0.000000000000e+00,1000,1
10502,5.000000000000e-03,0.000000000000e+00,1000,0
10503,5.000000000000e-03,0.000000000000e+00,1000,4
10504,5.000000000000e-03,0.000000000000e+00,1000,2
10505,5.000000000000e-03,0.000000000000e+00,1000,5
10506,5.000000000000e-03,0.000000000000e+00,1000,2
10507,5.000000000000e-03,0.000000000000e+00,1000,0
10508,5.000000000000e-03,0.000000000000e+00,1000,1
10509,5.000000000000e-03,0.000000000000e+00,1000,2
10510,5.000000000000e-03,0.000000000000e+00,1000,1
10511,5.000000000000e-03,0.000000000000e+00,1000,2
10512,5.000000000000e-03,0.000000000000e+00,1000,2
10513,5.000000000000e-03,0.000000000000e+00,1000,1
10514,5.000000000000e-03,0.000000000000e+00,1000,1
10515,5.000000000000e-03,0.000000000000e+00,1000,3
10516,5.000000000000e-03,0.000000000000e+00,1000,1
10517,5.000000000000e-03,0.000000000000e+00,1000,0
10518,5.000000000000e-03,0.000000000000e+00,1000,0
10519,5.000000000000e-03,0.000000000000e+00,1000,3
10520,5.000000000000e-03,0.000000000000e+00,1000,3
10521,5.000000000000e-03,0.000000000000e+00,1000,1
10522,5.000000000000e-03,0.000000000000e+00,1000,3
10523,5.000000000000e-03,0.000000000000e+00,1000,1
10524,5.000000000000e-03,0.000000000000e+00,1000,5
10525,5.000000000000e-03,0.000000000000e+00,1000,0
10526,5.000000000000e-03,0.000000000000e+00,1000,3
10527,5.000000000000e-03,0.000000000000e+00,1000,2
10528,5.000000000000e-03,0.000000000000e+00,1000,2
10529,5.000000000000e-03,0.000000000000e+00,1000,2
10530,5.000000000000e-03,0.000000000000e+00,1000,0
10531,5.000000000000e-03,0.000000000000e+00,1000,3
10532,5.000000000000e-03,0.000000000000e+00,1000,1
10533,5.000000000000e-03,0.000000000000e+00,1000,1
10534,5.000000000000e-03,0.000000000000e+00,1000,1
10535,5.000000000000e-03,0.000000000000e+00,1000,5
10536,5.000000000000e-03,0.000000000000e+00,1000,0
10537,5.000000000000e-03,0.000000000000e+00,1000,1
10538,5.000000000000e-03,0.000000000000e+00,1000,2
10539,5.000000000000e-03,0.000000000000e+00,1000,3
10540,5.000000000000e-03,0.000000000000e+00,1000,4
10541,5.000000000000e-03,0.000000000000e+00,1000,0
10542,5.000000000000e-03,0.000000000000e+00,1000,2
10543,5.000000000000e-03,0.000000000000e+00,1000,1
10544,5.000000000000e-03,0.000000000000e+00,1000,1
10545,5.000000000000e-03,0.000000000000e+00,1000,0
10546,5.000000000000e-03,0.000000000000e+00,1000,3
10547,5.000000000000e-03,0.000000000000e+00,1000,3
10548,5.000000000000e-03,0.000000000000e+00,1000,0
10549,5.000000000000e-03,0.000000000000e+00,1000,6
10550,5.000000000000e-03,0.000000000000e+00,1000,1
10551,5.000000000000e-03,0.000000000000e+00,1000,3
10552,5.000000000000e-03,0.000000000000e+00,1000,4
10553,5.000000000000e-03,0.000000000000e+00,1000,1
10554,5.000000000000e-03,0.000000000000e+00,1000,2
10555,5.000000000000e-03,0.000000000000e+00,1000,2
10556,5.000000000000e-03,0.000000000000e+00,1000,5
10557,5.000000000000e-03,0.000000000000e+00,1000,4
10558,5.000000000000e-03,0.000000000000e+00,1000,1
10559,5.000000000000e-03,0.000000000000e+00,1000,1
10560,5.000000000000e-03,0.000000000000e+00,1000,5
10561,5.000000000000e-03,0.000000000000e+00,1000,2
10562,5.000000000000e-03,0.000000000000e+00,1000,3
10563,5.000000000000e-03,0.000000000000e+00,1000,3
10564,5.000000000000e-03,0.000000000000e+00,1000,1
10565,5.000000000000e-03,0.000000000000e+00,1000,0
10566,5.000000000000e-03,0.000000000000e+00,1000,1
10567,5.000000000000e-03,0.000000000000e+00,1000,0
10568,5.000000000000e-03,0.000000000000e+00,1000,4
10569,5.000000000000e-03,0.000000000000e+00,1000,2
10570,5.000000000000e-03,0.000000000000e+00,1000,1
10571,5.000000000000e-03,0.000000000000e+00,1000,1
10572,5.000000000000e-03,0.000000000000e+00,1000,3
10573,5.000000000000e-03,0.000000000000e+00,1000,1
10574,5.000000000000e-03,0.000000000000e+00,1000,1
10575,5.000000000000e-03,0.000000000000e+00,1000,2
10576,5.000000000000e-03,0.000000000000e+00,1000,0
10577,5.000000000000e-03,0.000000000000e+00,1000,3
10578,5.000000000000e-03,0.000000000000e+00,1000,1
10579,5.000000000000e-03,0.000000000000e+00,1000,5
10580,5.000000000000e-03,0.000000000000e+00,1000,4
10581,5.000000000000e-03,0.000000000000e+00,1000,0
10582,5.000000000000e-03,0.000000000000e+00,1000,0
10583,5.000000000000e-03,0.000000000000e+00,1000,1
10584,5.000000000000e-03,0.000000000000e+00,1000,1
10585,5.000000000000e-03,0.000000000000e+00,1000,4
10586,5.000000000000e-03,0.000000000000e+00,1000,2
10587,5.000000000000e-03,0.000000000000e+00,1000,2
10588,5.000000000000e-03,0.000000000000e+00,1000,2
10589,5.000000000000e-03,0.000000000000e+00,1000,1
10590,5.000000000000e-03,0.000000000000e+00,1000,0
10591,5.000000000000e-03,0.000000000000e+00,1000,2
10592,5.000000000000e-03,0.000000000000e+00,1000,3
10593,5.000000000000e-03,0.000000000000e+00,1000,2
10594,5.000000000000e-03,0.000000000000e+00,1000,2
10595,5.000000000000e-03,0.000000000000e+00,1000,0
10596,5.000000000000e-03,0.000000000000e+00,1000,0
10597,5.000000000000e-03,0.000000000000e+00,1000,2
10598,5.000000000000e-03,0.000000000000e+00,1000,0
10599,5.000000000000e-03,0.000000000000e+00,1000,1
10600,5.000000000000e-03,0.000000000000e+00,1000,1
10601,5.000000000000e-03,0.000000000000e+00,1000,2
10602,5.000000000000e-03,0.000000000000e+00,1000,0
10603,5.000000000000e-03,0.000000000000e+00,1000,4
10604,5.000000000000e-03,0.000000000000e+00,1000,1
10605,5.000000000000e-03,0.000000000000e+00,1000,2
10606,5.000000000000e-03,0.000000000000e+00,1000,0
10607,5.000000000000e-03,0.000000000000e+00,1000,1
10608,5.000000000000e-03,0.000000000000e+00,1000,4
10609,5.000000000000e-03,0.000000000000e+00,1000,1
10610,5.000000000000e-03,0.000000000000e+00,1000,3
10611,5.000000000000e-03,0.000000000000e+00,1000,1
10612,5.000000000000e-03,0.000000000000e+00,1000,3
10613,5.000000000000e-03,0.000000000000e+00,1000,3
10614,5.000000000000e-03,0.000000000000e+00,1000,3
10615,5.000000000000e-03,0.000000000000e+00,1000,3
10616,5.000000000000e-03,0.000000000000e+00,1000,2
10617,5.000000000000e-03,0.000000000000e+00,1000,1
10618,5.000000000000e-03,0.000000000000e+00,1000,1
10619,5.000000000000e-03,0.000000000000e+00,1000,3
10620,5.000000000000e-03,0.000000000000e+00,1000,1
10621,5.000000000000e-03,0.000000000000e+00,1000,0
10622,5.000000000000e-03,0.000000000000e+00,1000,3
10623,5.000000000000e-03,0.000000000000e+00,1000,2
10624,5.000000000000e-03,0.000000000000e+00,1000,1
10625,5.000000000000e-03,0.000000000000e+00,1000,1
10626,5.000000000000e-03,0.000000000000e+00,1000,3
10627,5.000000000000e-03,0.000000000000e+00,1000,1
10628,5.000000000000e-03,0.000000000000e+00,1000,2
10629,5.000000000000e-03,0.000000000000e+00,1000,2
10630,5.000000000000e-03,0.000000000000e+00,1000,1
10631,5.000000000000e-03,0.000000000000e+00,1000,0
10632,5.000000000000e-03,0.000000000000e+00,1000,1
10633,5.000000000000e-03,0.000000000000e+00,1000,0
10634,5.000000000000e-03,0.000000000000e+00,1000,2
10635,5.000000000000e-03,0.000000000000e+00,1000,0
10636,5.000000000000e-03,0.000000000000e+00,1000,3
10637,5.000000000000e-03,0.000000000000e+00,1000,5
10638,5.000000000000e-03,0.000000000000e+00,1000,1
10639,5.000000000000e-03,0.000000000000e+00,1000,0
10640,5.000000000000e-03,0.000000000000e+00,1000,3
10641,5.000000000000e-03,0.000000000000e+00,1000,1
10642,5.000000000000e-03,0.000000000000e+00,1000,1
10643,5.000000000000e-03,0.000000000000e+00,1000,1
10644,5.000000000000e-03,0.000000000000e+00,1000,1
10645,5.000000000000e-03,0.000000000000e+00,1000,3
10646,5.000000000000e-03,0.000000000000e+00,1000,1
10647,5.000000000000e-03,0.000000000000e+00,1000,1
10648,5.000000000000e-03,0.000000000000e+00,1000,2
10649,5.000000000000e-03,0.000000000000e+00,1000,1
10650,5.000000000000e-03,0.000000000000e+00,1000,0
10651,5.000000000000e-03,0.000000000000e+00,1000,0
10652,5.000000000000e-03,0.000000000000e+00,1000,2
10653,5.000000000000e-03,0.000000000000e+00,1000,4
10654,5.000000000000e-03,0.000000000000e+00,1000,1
10655,5.000000000000e-03,0.000000000000e+00,1000,4
10656,5.000000000000e-03,0.000000000000e+00,1000,3
10657,5.000000000000e-03,0.000000000000e+00,1000,3
10658,5.000000000000e-03,0.000000000000e+00,1000,2
10659,5.000000000000e-03,0.000000000000e+00,1000,4
10660,5.000000000000e-03,0.000000000000e+00,1000,3
10661,5.000000000000e-03,0.000000000000e+00,1000,2
10662,5.000000000000e-03,0.000000000000e+00,1000,0
10663,5.000000000000e-03,0.000000000000e+00,1000,2
10664,5.000000000000e-03,0.000000000000e+00,1000,3
10665,5.000000000000e-03,0.000000000000e+00,1000,0
10666,5.000000000000e-03,0.000000000000e+00,1000,3
10667,5.000000000000e-03,0.000000000000e+00,1000,1
10668,5.000000000000e-03,0.000000000000e+00,1000,0
10669,5.000000000000e-03,0.000000000000e+00,1000,1
10670,5.000000000000e-03,0.000000000000e+00,1000,0
10671,5.000000000000e-03,0.000000000000e+00,1000,2
10672,5.000000000000e-03,0.000000000000e+00,1000,2
10673,5.000000000000e-03,0.000000000000e+00,1000,2
10674,5.000000000000e-03,0.000000000000e+00,1000,1
10675,5.000000000000e-03,0.000000000000e+00,1000,2
10676,5.000000000000e-03,0.000000000000e+00,1000,3
10677,5.000000000000e-03,0.000000000000e+00,1000,0
10678,5.000000000000e-03,0.000000000000e+00,1000,2
10679,5.000000000000e-03,0.000000000000e+00,1000,0
10680,5.000000000000e-03,0.000000000000e+00,1000,3
10681,5.000000000000e-03,0.000000000000e+00,1000,3
10682,5.000000000000e-03,0.000000000000e+00,1000,1
10683,5.000000000000e-03,0.000000000000e+00,1000,3
10684,5.000000000000e-03,0.000000000000e+00,1000,1
10685,5.000000000000e-03,0.000000000000e+00,1000,3
10686,5.000000000000e-03,0.000000000000e+00,1000,2
10687,5.000000000000e-03,0.000000000000e+00,1000,0
10688,5.000000000000e-03,0.000000000000e+00,1000,2
10689,5.000000000000e-03,0.000000000000e+00,1000,3
10690,5.000000000000e-03,0.000000000000e+00,1000,0
10691,5.000000000000e-03,0.000000000000e+00,1000,2
10692,5.000000000000e-03,0.000000000000e+00,1000,1
10693,5.000000000000e-03,0.000000000000e+00,1000,2
10694,5.000000000000e-03,0.000000000000e+00,1000,2
10695,5.000000000000e-03,0.000000000000e+00,1000,4
10696,5.000000000000e-03,0.000000000000e+00,1000,3
10697,5.000000000000e-03,0.000000000000e+00,1000,1
10698,5.000000000000e-03,0.000000000000e+00,1000,2
10699,5.000000000000e-03,0.000000000000e+00,1000,2
10700,5.000000000000e-03,0.000000000000e+00,1000,3
10701,5.000000000000e-03,0.000000000000e+00,1000,2
10702,5.000000000000e-03,0.000000000000e+00,1000,1
10703,5.000000000000e-03,0.000000000000e+00,1000,0
10704,5.000000000000e-03,0.000000000000e+00,1000,0
10705,5.000000000000e-03,0.000000000000e+00,1000,0
10706,5.000000000000e-03,0.000000000000e+00,1000,1
10707,5.000000000000e-03,0.000000000000e+00,1000,2
10708,5.000000000000e-03,0.000000000000e+00,1000,3
10709,5.000000000000e-03,0.000000000000e+00,1000,0
10710,5.000000000000e-03,0.000000000000e+00,1000,2
10711,5.000000000000e-03,0.000000000000e+00,1000,0
10712,5.000000000000e-03,0.000000000000e+00,1000,2
10713,5.000000000000e-03,0.000000000000e+00,1000,4
10714,5.000000000000e-03,0.000000000000e+00,1000,1
10715,5.000000000000e-03,0.000000000000e+00,1000,2
10716,5.000000000000e-03,0.000000000000e+00,1000,0
10717,5.000000000000e-03,0.000000000000e+00,1000,1
10718,5.000000000000e-03,0.000000000000e+00,1000,3
10719,5.000000000000e-03,0.000000000000e+00,1000,1
10720,5.000000000000e-03,0.000000000000e+00,1000,1
10721,5.000000000000e-03,0.000000000000e+00,1000,1
10722,5.000000000000e-03,0.000000000000e+00,1000,4
10723,5.000000000000e-03,0.000000000000e+00,1000,2
10724,5.000000000000e-03,0.000000000000e+00,1000,0
10725,5.000000000000e-03,0.000000000000e+00,1000,1
10726,5.000000000000e-03,0.000000000000e+00,1000,0
10727,5.000000000000e-03,0.000000000000e+00,1000,2
10728,5.000000000000e-03,0.000000000000e+00,1000,1
10729,5.000000000000e-03,0.000000000000e+00,1000,3
10730,5.000000000000e-03,0.000000000000e+00,1000,0
10731,5.000000000000e-03,0.000000000000e+00,1000,1
10732,5.000000000000e-03,0.000000000000e+00,1000,1
10733,5.000000000000e-03,0.000000000000e+00,1000,5
10734,5.000000000000e-03,0.000000000000e+00,1000,1
10735,5.000000000000e-03,0.000000000000e+00,1000,2
10736,5.000000000000e-03,0.000000000000e+00,1000,1
10737,5.000000000000e-03,0.000000000000e+00,1000,3
10738,5.000000000000e-03,0.000000000000e+00,1000,5
10739,5.000000000000e-03,0.000000000000e+00,1000,0
10740,5.000000000000e-03,0.000000000000e+00,1000,1
10741,5.000000000000e-03,0.000000000000e+00,1000,0
10742,5.000000000000e-03,0.000000000000e+00,1000,1
10743,5.000000000000e-03,0.000000000000e+00,1000,1
10744,5.000000000000e-03,0.000000000000e+00,1000,2
10745,5.000000000000e-03,0.000000000000e+00,1000,3
10746,5.000000000000e-03,0.000000000000e+00,1000,0
10747,5.000000000000e-03,0.000000000000e+00,1000,1
10748,5.000000000000e-03,0.000000000000e+00,1000,1
10749,5.000000000000e-03,0.000000000000e+00,1000,1
10750,5.000000000000e-03,0.000000000000e+00,1000,0
10751,5.000000000000e-03,0.000000000000e+00,1000,0
10752,5.000000000000e-03,0.000000000000e+00,1000,2
10753,5.000000000000e-03,0.000000000000e+00,1000,1
10754,5.000000000000e-03,0.000000000000e+00,1000,1
10755,5.000000000000e-03,0.000000000000e+00,1000,1
10756,5.000000000000e-03,0.000000000000e+00,1000,2
10757,5.000000000000e-03,0.000000000000e+00,1000,4
10758,5.000000000000e-03,0.000000000000e+00,1000,2
10759,5.000000000000e-03,0.000000000000e+00,1000,1
10760,5.000000000000e-03,0.000000000000e+00,1000,2
10761,5.000000000000e-03,0.000000000000e+00,1000,3
10762,5.000000000000e-03,0.000000000000e+00,1000,0
10763,5.000000000000e-03,0.000000000000e+00,1000,0
10764,5.000000000000e-03,0.000000000000e+00,1000,6
10765,5.000000000000e-03,0.000000000000e+00,1000,0
10766,5.000000000000e-03,0.000000000000e+00,1000,0
10767,5.000000000000e-03,0.000000000000e+00,1000,0
10768,5.000000000000e-03,0.000000000000e+00,1000,1
10769,5.000000000000e-03,0.000000000000e+00,1000,2
10770,5.000000000000e-03,0.000000000000e+00,1000,1
10771,5.000000000000e-03,0.000000000000e+00,1000,0
10772,5.000000000000e-03,0.000000000000e+00,1000,2
10773,5.000000000000e-03,0.000000000000e+00,1000,4
10774,5.000000000000e-03,0.000000000000e+00,1000,1
10775,5.000000000000e-03,0.000000000000e+00,1000,2
10776,5.000000000000e-03,0.000000000000e+00,1000,1
10777,5.000000000000e-03,0.000000000000e+00,1000,2
10778,5.000000000000e-03,0.000000000000e+00,1000,1
10779,5.000000000000e-03,0.000000000000e+00,1000,4
10780,5.000000000000e-03,0.000000000000e+00,1000,2
10781,5.000000000000e-03,0.000000000000e+00,1000,1
10782,5.000000000000e-03,0.000000000000e+00,1000,1
10783,5.000000000000e-03,0.000000000000e+00,1000,3
10784,5.000000000000e-03,0.000000000000e+00,1000,0
10785,5.000000000000e-03,0.000000000000e+00,1000,2
10786,5.000000000000e-03,0.000000000000e+00,1000,1
10787,5.000000000000e-03,0.000000000000e+00,1000,3
10788,5.000000000000e-03,0.000000000000e+00,1000,2
10789,5.000000000000e-03,0.000000000000e+00,1000,3
10790,5.000000000000e-03,0.000000000000e+00,1000,1
10791,5.000000000000e-03,0.000000000000e+00,1000,2
10792,5.000000000000e-03,0.000000000000e+00,1000,1
10793,5.000000000000e-03,0.000000000000e+00,1000,2
10794,5.000000000000e-03,0.000000000000e+00,1000,3
10795,5.000000000000e-03,0.000000000000e+00,1000,3
10796,5.000000000000e-03,0.000000000000e+00,1000,1
10797,5.000000000000e-03,0.000000000000e+00,1000,0
10798,5.000000000000e-03,0.000000000000e+00,1000,0
10799,5.000000000000e-03,0.000000000000e+00,1000,0
10800,5.000000000000e-03,0.000000000000e+00,1000,5
10801,5.000000000000e-03,0.000000000000e+00,2000,3
10802,5.000000000000e-03,0.000000000000e+00,2000,4
10803,5.000000000000e-03,0.000000000000e+00,2000,5
10804,5.000000000000e-03,0.000000000000e+00,2000,2
10805,5.000000000000e-03,0.000000000000e+00,2000,3
10806,5.000000000000e-03,0.000000000000e+00,2000,3
10807,5.000000000000e-03,0.000000000000e+00,2000,4
10808,5.000000000000e-03,0.000000000000e+00,2000,2
10809,5.000000000000e-03,0.000000000000e+00,2000,3
10810,5.000000000000e-03,0.000000000000e+00,2000,6
10811,5.000000000000e-03,0.000000000000e+00,2000,3
10812,5.000000000000e-03,0.000000000000e+00,2000,4
10813,5.000000000000e-03,0.000000000000e+00,2000,4
10814,5.000000000000e-03,0.000000000000e+00,2000,3
10815,5.000000000000e-03,0.000000000000e+00,2000,0
10816,5.000000000000e-03,0.000000000000e+00,2000,6
10817,5.000000000000e-03,0.000000000000e+00,2000,1
10818,5.000000000000e-03,0.000000000000e+00,2000,3
10819,5.000000000000e-03,0.000000000000e+00,2000,0
10820,5.000000000000e-03,0.000000000000e+00,2000,4
10821,5.000000000000e-03,0.000000000000e+00,2000,3
10822,5.000000000000e-03,0.000000000000e+00,2000,6
10823,5.000000000000e-03,0.000000000000e+00,2000,0
10824,5.000000000000e-03,0.000000000000e+00,2000,3
10825,5.000000000000e-03,0.000000000000e+00,2000,2
10826,5.000000000000e-03,0.000000000000e+00,2000,4
10827,5.000000000000e-03,0.000000000000e+00,2000,1
10828,5.000000000000e-03,0.000000000000e+00,2000,1
10829,5.000000000000e-03,0.000000000000e+00,2000,8
10830,5.000000000000e-03,0.000000000000e+00,2000,4
10831,5.000000000000e-03,0.000000000000e+00,2000,3
10832,5.000000000000e-03,0.000000000000e+00,2000,3
10833,5.000000000000e-03,0.000000000000e+00,2000,4
10834,5.000000000000e-03,0.000000000000e+00,2000,3
10835,5.000000000000e-03,0.000000000000e+00,2000,2
10836,5.000000000000e-03,0.000000000000e+00,2000,3
10837,5.000000000000e-03,0.000000000000e+00,2000,2
10838,5.000000000000e-03,0.000000000000e+00,2000,3
10839,5.000000000000e-03,0.000000000000e+00,2000,4
10840,5.000000000000e-03,0.000000000000e+00,2000,5
10841,5.000000000000e-03,0.000000000000e+00,2000,4
10842,5.000000000000e-03,0.000000000000e+00,2000,4
10843,5.000000000000e-03,0.000000000000e+00,2000,5
10844,5.000000000000e-03,0.000000000000e+00,2000,4
10845,5.000000000000e-03,0.000000000000e+00,2000,3
10846,5.000000000000e-03,0.000000000000e+00,2000,1
10847,5.000000000000e-03,0.000000000000e+00,2000,4
10848,5.000000000000e-03,0.000000000000e+00,2000,7
10849,5.000000000000e-03,0.000000000000e+00,2000,7
10850,5.000000000000e-03,0.000000000000e+00,2000,3
10851,5.000000000000e-03,0.000000000000e+00,2000,8
10852,5.000000000000e-03,0.000000000000e+00,2000,4
10853,5.000000000000e-03,0.000000000000e+00,2000,6
10854,5.000000000000e-03,0.000000000000e+00,2000,5
10855,5.000000000000e-03,0.000000000000e+00,2000,5
10856,5.000000000000e-03,0.000000000000e+00,2000,3
10857,5.000000000000e-03,0.000000000000e+00,2000,2
10858,5.000000000000e-03,0.000000000000e+00,2000,4
10859,5.000000000000e-03,0.000000000000e+00,2000,3
10860,5.000000000000e-03,0.000000000000e+00,2000,2
10861,5.000000000000e-03,0.000000000000e+00,2000,7
10862,5.000000000000e-03,0.000000000000e+00,2000,3
10863,5.000000000000e-03,0.000000000000e+00,2000,2
10864,5.000000000000e-03,0.000000000000e+00,2000,3
10865,5.000000000000e-03,0.000000000000e+00,2000,0
10866,5.000000000000e-03,0.000000000000e+00,2000,5
10867,5.000000000000e-03,0.000000000000e+00,2000,3
10868,5.000000000000e-03,0.000000000000e+00,2000,4
10869,5.000000000000e-03,0.000000000000e+00,2000,1
10870,5.000000000000e-03,0.000000000000e+00,2000,3
10871,5.000000000000e-03,0.000000000000e+00,2000,6
10872,5.000000000000e-03,0.000000000000e+00,2000,3
10873,5.000000000000e-03,0.000000000000e+00,2000,5
10874,5.000000000000e-03,0.000000000000e+00,2000,3
10875,5.000000000000e-03,0.000000000000e+00,2000,6
10876,5.000000000000e-03,0.000000000000e+00,2000,2
10877,5.000000000000e-03,0.000000000000e+00,2000,2
10878,5.000000000000e-03,0.000000000000e+00,2000,1
10879,5.000000000000e-03,0.000000000000e+00,2000,3
10880,5.000000000000e-03,0.000000000000e+00,2000,4
10881,5.000000000000e-03,0.000000000000e+00,2000,4
10882,5.000000000000e-03,0.000000000000e+00,2000,2
10883,5.000000000000e-03,0.000000000000e+00,2000,3
10884,5.000000000000e-03,0.000000000000e+00,2000,7
10885,5.000000000000e-03,0.000000000000e+00,2000,4
10886,5.000000000000e-03,0.000000000000e+00,2000,6
10887,5.000000000000e-03,0.000000000000e+00,2000,5
10888,5.000000000000e-03,0.000000000000e+00,2000,1
10889,5.000000000000e-03,0.000000000000e+00,2000,2
10890,5.000000000000e-03,0.000000000000e+00,2000,3
10891,5.000000000000e-03,0.000000000000e+00,2000,6
10892,5.000000000000e-03,0.000000000000e+00,2000,2
10893,5.000000000000e-03,0.000000000000e+00,2000,5
10894,5.000000000000e-03,0.000000000000e+00,2000,4
10895,5.000000000000e-03,0.000000000000e+00,2000,1
10896,5.000000000000e-03,0.000000000000e+00,2000,5
10897,5.000000000000e-03,0.000000000000e+00,2000,4
10898,5.000000000000e-03,0.000000000000e+00,2000,2
10899,5.000000000000e-03,0.000000000000e+00,2000,5
10900,5.000000000000e-03,0.000000000000e+00,2000,2
10901,5.000000000000e-03,0.000000000000e+00,2000,4
10902,5.000000000000e-03,0.000000000000e+00,2000,5
10903,5.000000000000e-03,0.000000000000e+00,2000,4
10904,5.000000000000e-03,0.000000000000e+00,2000,2
10905,5.000000000000e-03,0.000000000000e+00,2000,3
10906,5.000000000000e-03,0.000000000000e+00,2000,1
10907,5.000000000000e-03,0.000000000000e+00,2000,7
10908,5.000000000000e-03,0.000000000000e+00,2000,2
10909,5.000000000000e-03,0.000000000000e+00,2000,1
10910,5.000000000000e-03,0.000000000000e+00,2000,3
10911,5.000000000000e-03,0.000000000000e+00,2000,1
10912,5.000000000000e-03,0.000000000000e+00,2000,3
10913,5.000000000000e-03,0.000000000000e+00,2000,2
10914,5.000000000000e-03,0.000000000000e+00,2000,5
10915,5.000000000000e-03,0.000000000000e+00,2000,4
10916,5.000000000000e-03,0.000000000000e+00,2000,2
10917,5.000000000000e-03,0.000000000000e+00,2000,0
10918,5.000000000000e-03,0.000000000000e+00,2000,3
10919,5.000000000000e-03,0.000000000000e+00,2000,5
10920,5.000000000000e-03,0.000000000000e+00,2000,4
10921,5.000000000000e-03,0.000000000000e+00,2000,2
10922,5.000000000000e-03,0.000000000000e+00,2000,1
10923,5.000000000000e-03,0.000000000000e+00,2000,4
10924,5.000000000000e-03,0.000000000000e+00,2000,1
10925,5.000000000000e-03,0.000000000000e+00,2000,3
10926,5.000000000000e-03,0.000000000000e+00,2000,4
10927,5.000000000000e-03,0.000000000000e+00,2000,3
10928,5.000000000000e-03,0.000000000000e+00,2000,2
10929,5.000000000000e-03,0.000000000000e+00,2000,3
10930,5.000000000000e-03,0.000000000000e+00,2000,2
10931,5.000000000000e-03,0.000000000000e+00,2000,1
10932,5.000000000000e-03,0.000000000000e+00,2000,1
10933,5.000000000000e-03,0.000000000000e+00,2000,1
10934,5.000000000000e-03,0.000000000000e+00,2000,4
10935,5.000000000000e-03,0.000000000000e+00,2000,1
10936,5.000000000000e-03,0.000000000000e+00,2000,3
10937,5.000000000000e-03,0.000000000000e+00,2000,3
10938,5.000000000000e-03,0.000000000000e+00,2000,2
10939,5.000000000000e-03,0.000000000000e+00,2000,2
10940,5.000000000000e-03,0.000000000000e+00,2000,6
10941,5.000000000000e-03,0.000000000000e+00,2000,1
10942,5.000000000000e-03,0.000000000000e+00,2000,1
10943,5.000000000000e-03,0.000000000000e+00,2000,6
10944,5.000000000000e-03,0.000000000000e+00,2000,3
10945,5.000000000000e-03,0.000000000000e+00,2000,1
10946,5.000000000000e-03,0.000000000000e+00,2000,1
10947,5.000000000000e-03,0.000000000000e+00,2000,3
10948,5.000000000000e-03,0.000000000000e+00,2000,4
10949,5.000000000000e-03,0.000000000000e+00,2000,5
10950,5.000000000000e-03,0.000000000000e+00,2000,3
10951,5.000000000000e-03,0.000000000000e+00,2000,6
10952,5.000000000000e-03,0.000000000000e+00,2000,1
10953,5.000000000000e-03,0.000000000000e+00,2000,5
10954,5.000000000000e-03,0.000000000000e+00,2000,1
10955,5.000000000000e-03,0.000000000000e+00,2000,3
10956,5.000000000000e-03,0.000000000000e+00,2000,1
10957,5.000000000000e-03,0.000000000000e+00,2000,5
10958,5.000000000000e-03,0.000000000000e+00,2000,4
10959,5.000000000000e-03,0.000000000000e+00,2000,0
10960,5.000000000000e-03,0.000000000000e+00,2000,5
10961,5.000000000000e-03,0.000000000000e+00,2000,2
10962,5.000000000000e-03,0.000000000000e+00,2000,3
10963,5.000000000000e-03,0.000000000000e+00,2000,3
10964,5.000000000000e-03,0.000000000000e+00,2000,4
10965,5.000000000000e-03,0.000000000000e+00,2000,3
10966,5.000000000000e-03,0.000000000000e+00,2000,3
10967,5.000000000000e-03,0.000000000000e+00,2000,8
10968,5.000000000000e-03,0.000000000000e+00,2000,3
10969,5.000000000000e-03,0.000000000000e+00,2000,7
10970,5.000000000000e-03,0.000000000000e+00,2000,2
10971,5.000000000000e-03,0.000000000000e+00,2000,1
10972,5.000000000000e-03,0.000000000000e+00,2000,2
10973,5.000000000000e-03,0.000000000000e+00,2000,5
10974,5.000000000000e-03,0.000000000000e+00,2000,5
10975,5.000000000000e-03,0.000000000000e+00,2000,1
10976,5.000000000000e-03,0.000000000000e+00,2000,5
10977,5.000000000000e-03,0.000000000000e+00,2000,4
10978,5.000000000000e-03,0.000000000000e+00,2000,7
10979,5.000000000000e-03,0.000000000000e+00,2000,5
10980,5.000000000000e-03,0.000000000000e+00,2000,3
10981,5.000000000000e-03,0.000000000000e+00,2000,5
10982,5.000000000000e-03,0.000000000000e+00,2000,2
10983,5.000000000000e-03,0.000000000000e+00,2000,5
10984,5.000000000000e-03,0.000000000000e+00,2000,2
10985,5.000000000000e-03,0.000000000000e+00,2000,3
10986,5.000000000000e-03,0.000000000000e+00,2000,0
10987,5.000000000000e-03,0.000000000000e+00,2000,2
10988,5.000000000000e-03,0.000000000000e+00,2000,4
10989,5.000000000000e-03,0.000000000000e+00,2000,3
10990,5.000000000000e-03,0.000000000000e+00,2000,2
10991,5.000000000000e-03,0.000000000000e+00,2000,3
10992,5.000000000000e-03,0.000000000000e+00,2000,3
10993,5.000000000000e-03,0.000000000000e+00,2000,2
10994,5.000000000000e-03,0.000000000000e+00,2000,3
10995,5.000000000000e-03,0.000000000000e+00,2000,4
10996,5.000000000000e-03,0.000000000000e+00,2000,4
10997,5.000000000000e-03,0.000000000000e+00,2000,7
10998,5.000000000000e-03,0.000000000000e+00,2000,3
10999,5.000000000000e-03,0.000000000000e+00,2000,6
11000,5.000000000000e-03,0.000000000000e+00,2000,2
11001,5.000000000000e-03,0.000000000000e+00,2000,2
11002,5.000000000000e-03,0.000000000000e+00,2000,4
11003,5.000000000000e-03,0.000000000000e+00,2000,5
11004,5.000000000000e-03,0.000000000000e+00,2000,4
11005,5.000000000000e-03,0.000000000000e+00,2000,2
11006,5.000000000000e-03,0.000000000000e+00,2000,4
11007,5.000000000000e-03,0.000000000000e+00,2000,3
11008,5.000000000000e-03,0.000000000000e+00,2000,8
11009,5.000000000000e-03,0.000000000000e+00,2000,2
11010,5.000000000000e-03,0.000000000000e+00,2000,10
11011,5.000000000000e-03,0.000000000000e+00,2000,7
11012,5.000000000000e-03,0.000000000000e+00,2000,3
11013,5.000000000000e-03,0.000000000000e+00,2000,3
11014,5.000000000000e-03,0.000000000000e+00,2000,3
11015,5.000000000000e-03,0.000000000000e+00,2000,2
11016,5.000000000000e-03,0.000000000000e+00,2000,5
11017,5.000000000000e-03,0.000000000000e+00,2000,2
11018,5.000000000000e-03,0.000000000000e+00,2000,1
11019,5.000000000000e-03,0.000000000000e+00,2000,0
11020,5.000000000000e-03,0.000000000000e+00,2000,4
11021,5.000000000000e-03,0.000000000000e+00,2000,2
11022,5.000000000000e-03,0.000000000000e+00,2000,5
11023,5.000000000000e-03,0.000000000000e+00,2000,2
11024,5.000000000000e-03,0.000000000000e+00,2000,2
11025,5.000000000000e-03,0.000000000000e+00,2000,0
11026,5.000000000000e-03,0.000000000000e+00,2000,7
11027,5.000000000000e-03,0.000000000000e+00,2000,5
11028,5.000000000000e-03,0.000000000000e+00,2000,4
11029,5.000000000000e-03,0.000000000000e+00,2000,4
11030,5.000000000000e-03,0.000000000000e+00,2000,4
11031,5.000000000000e-03,0.000000000000e+00,2000,5
11032,5.000000000000e-03,0.000000000000e+00,2000,4
11033,5.000000000000e-03,0.000000000000e+00,2000,6
11034,5.000000000000e-03,0.000000000000e+00,2000,4
11035,5.000000000000e-03,0.000000000000e+00,2000,7
11036,5.000000000000e-03,0.000000000000e+00,2000,2
11037,5.000000000000e-03,0.000000000000e+00,2000,3
11038,5.000000000000e-03,0.000000000000e+00,2000,2
11039,5.000000000000e-03,0.000000000000e+00,2000,4
11040,5.000000000000e-03,0.000000000000e+00,2000,2
11041,5.000000000000e-03,0.000000000000e+00,2000,3
11042,5.000000000000e-03,0.000000000000e+00,2000,4
11043,5.000000000000e-03,0.000000000000e+00,2000,4
11044,5.000000000000e-03,0.000000000000e+00,2000,7
11045,5.000000000000e-03,0.000000000000e+00,2000,3
11046,5.000000000000e-03,0.000000000000e+00,2000,4
11047,5.000000000000e-03,0.000000000000e+00,2000,3
11048,5.000000000000e-03,0.000000000000e+00,2000,1
11049,5.000000000000e-03,0.000000000000e+00,2000,3
11050,5.000000000000e-03,0.000000000000e+00,2000,4
11051,5.000000000000e-03,0.000000000000e+00,2000,0
11052,5.000000000000e-03,0.000000000000e+00,2000,1
11053,5.000000000000e-03,0.000000000000e+00,2000,5
11054,5.000000000000e-03,0.000000000000e+00,2000,1
11055,5.000000000000e-03,0.000000000000e+00,2000,1
11056,5.000000000000e-03,0.000000000000e+00,2000,3
11057,5.000000000000e-03,0.000000000000e+00,2000,0
11058,5.000000000000e-03,0.000000000000e+00,2000,2
11059,5.000000000000e-03,0.000000000000e+00,2000,2
11060,5.000000000000e-03,0.000000000000e+00,2000,2
11061,5.000000000000e-03,0.000000000000e+00,2000,1
11062,5.000000000000e-03,0.000000000000e+00,2000,4
11063,5.000000000000e-03,0.000000000000e+00,2000,3
11064,5.000000000000e-03,0.000000000000e+00,2000,2
11065,5.000000000000e-03,0.000000000000e+00,2000,5
11066,5.000000000000e-03,0.000000000000e+00,2000,3
11067,5.000000000000e-03,0.000000000000e+00,2000,1
11068,5.000000000000e-03,0.000000000000e+00,2000,2
11069,5.000000000000e-03,0.000000000000e+00,2000,4
11070,5.000000000000e-03,0.000000000000e+00,2000,3
11071,5.000000000000e-03,0.000000000000e+00,2000,3
11072,5.000000000000e-03,0.000000000000e+00,2000,4
11073,5.000000000000e-03,0.000000000000e+00,2000,5
11074,5.000000000000e-03,0.000000000000e+00,2000,4
11075,5.000000000000e-03,0.000000000000e+00,2000,1
11076,5.000000000000e-03,0.000000000000e+00,2000,3
11077,5.000000000000e-03,0.000000000000e+00,2000,2
11078,5.000000000000e-03,0.000000000000e+00,2000,2
11079,5.000000000000e-03,0.000000000000e+00,2000,3
11080,5.000000000000e-03,0.000000000000e+00,2000,4
11081,5.000000000000e-03,0.000000000000e+00,2000,7
11082,5.000000000000e-03,0.000000000000e+00,2000,5
11083,5.000000000000e-03,0.000000000000e+00,2000,2
11084,5.000000000000e-03,0.000000000000e+00,2000,1
11085,5.000000000000e-03,0.000000000000e+00,2000,6
11086,5.000000000000e-03,0.000000000000e+00,2000,2
11087,5.000000000000e-03,0.000000000000e+00,2000,3
11088,5.000000000000e-03,0.000000000000e+00,2000,4
11089,5.000000000000e-03,0.000000000000e+00,2000,2
11090,5.000000000000e-03,0.000000000000e+00,2000,4
11091,5.000000000000e-03,0.000000000000e+00,2000,0
11092,5.000000000000e-03,0.000000000000e+00,2000,5
11093,5.000000000000e-03,0.000000000000e+00,2000,3
11094,5.000000000000e-03,0.000000000000e+00,2000,3
11095,5.000000000000e-03,0.000000000000e+00,2000,1
11096,5.000000000000e-03,0.000000000000e+00,2000,1
11097,5.000000000000e-03,0.000000000000e+00,2000,3
11098,5.000000000000e-03,0.000000000000e+00,2000,4
11099,5.000000000000e-03,0.000000000000e+00,2000,5
11100,5.000000000000e-03,0.000000000000e+00,2000,2
11101,5.000000000000e-03,0.000000000000e+00,2000,2
11102,5.000000000000e-03,0.000000000000e+00,2000,4
11103,5.000000000000e-03,0.000000000000e+00,2000,3
11104,5.000000000000e-03,0.000000000000e+00,2000,9
11105,5.000000000000e-03,0.000000000000e+00,2000,2
11106,5.000000000000e-03,0.000000000000e+00,2000,4
11107,5.000000000000e-03,0.000000000000e+00,2000,1
11108,5.000000000000e-03,0.000000000000e+00,2000,3
11109,5.000000000000e-03,0.000000000000e+00,2000,5
11110,5.000000000000e-03,0.000000000000e+00,2000,4
11111,5.000000000000e-03,0.000000000000e+00,2000,4
11112,5.000000000000e-03,0.000000000000e+00,2000,3
11113,5.000000000000e-03,0.000000000000e+00,2000,3
11114,5.000000000000e-03,0.000000000000e+00,2000,5
11115,5.000000000000e-03,0.000000000000e+00,2000,4
11116,5.000000000000e-03,0.000000000000e+00,2000,2
11117,5.000000000000e-03,0.000000000000e+00,2000,2
11118,5.000000000000e-03,0.000000000000e+00,2000,2
11119,5.000000000000e-03,0.000000000000e+00,2000,4
11120,5.000000000000e-03,0.000000000000e+00,2000,5
11121,5.000000000000e-03,0.000000000000e+00,2000,5
11122,5.000000000000e-03,0.000000000000e+00,2000,5
11123,5.000000000000e-03,0.000000000000e+00,2000,3
11124,5.000000000000e-03,0.000000000000e+00,2000,2
11125,5.000000000000e-03,0.000000000000e+00,2000,7
11126,5.000000000000e-03,0.000000000000e+00,2000,5
11127,5.000000000000e-03,0.000000000000e+00,2000,3
11128,5.000000000000e-03,0.000000000000e+00,2000,5
11129,5.000000000000e-03,0.000000000000e+00,2000,2
11130,5.000000000000e-03,0.000000000000e+00,2000,3
11131,5.000000000000e-03,0.000000000000e+00,2000,3
11132,5.000000000000e-03,0.000000000000e+00,2000,4
11133,5.000000000000e-03,0.000000000000e+00,2000,2
11134,5.000000000000e-03,0.000000000000e+00,2000,6
11135,5.000000000000e-03,0.000000000000e+00,2000,6
11136,5.000000000000e-03,0.000000000000e+00,2000,1
11137,5.000000000000e-03,0.000000000000e+00,2000,3
11138,5.000000000000e-03,0.000000000000e+00,2000,1
11139,5.000000000000e-03,0.000000000000e+00,2000,6
11140,5.000000000000e-03,0.000000000000e+00,2000,2
11141,5.000000000000e-03,0.000000000000e+00,2000,4
11142,5.000000000000e-03,0.000000000000e+00,2000,3
11143,5.000000000000e-03,0.000000000000e+00,2000,7
11144,5.000000000000e-03,0.000000000000e+00,2000,3
11145,5.000000000000e-03,0.000000000000e+00,2000,3
11146,5.000000000000e-03,0.000000000000e+00,2000,2
11147,5.000000000000e-03,0.000000000000e+00,2000,1
11148,5.000000000000e-03,0.000000000000e+00,2000,5
11149,5.000000000000e-03,0.000000000000e+00,2000,4
11150,5.000000000000e-03,0.000000000000e+00,2000,3
11151,5.000000000000e-03,0.000000000000e+00,2000,2
11152,5.000000000000e-03,0.000000000000e+00,2000,2
11153,5.000000000000e-03,0.000000000000e+00,2000,5
11154,5.000000000000e-03,0.000000000000e+00,2000,0
11155,5.000000000000e-03,0.000000000000e+00,2000,4
11156,5.000000000000e-03,0.000000000000e+00,2000,5
11157,5.000000000000e-03,0.000000000000e+00,2000,1
11158,5.000000000000e-03,0.000000000000e+00,2000,5
11159,5.000000000000e-03,0.000000000000e+00,2000,5
11160,5.000000000000e-03,0.000000000000e+00,2000,8
11161,5.000000000000e-03,0.000000000000e+00,2000,1
11162,5.000000000000e-03,0.000000000000e+00,2000,2
11163,5.000000000000e-03,0.000000000000e+00,2000,4
11164,5.000000000000e-03,0.000000000000e+00,2000,3
11165,5.000000000000e-03,0.000000000000e+00,2000,1
11166,5.000000000000e-03,0.000000000000e+00,2000,7
11167,5.000000000000e-03,0.000000000000e+00,2000,7
11168,5.000000000000e-03,0.000000000000e+00,2000,2
11169,5.000000000000e-03,0.000000000000e+00,2000,1
11170,5.000000000000e-03,0.000000000000e+00,2000,3
11171,5.000000000000e-03,0.000000000000e+00,2000,3
11172,5.000000000000e-03,0.000000000000e+00,2000,5
11173,5.000000000000e-03,0.000000000000e+00,2000,3
11174,5.000000000000e-03,0.000000000000e+00,2000,2
11175,5.000000000000e-03,0.000000000000e+00,2000,2
11176,5.000000000000e-03,0.000000000000e+00,2000,3
11177,5.000000000000e-03,0.000000000000e+00,2000,3
11178,5.000000000000e-03,0.000000000000e+00,2000,3
11179,5.000000000000e-03,0.000000000000e+00,2000,6
11180,5.000000000000e-03,0.000000000000e+00,2000,1
11181,5.000000000000e-03,0.000000000000e+00,2000,2
11182,5.000000000000e-03,0.000000000000e+00,2000,4
11183,5.000000000000e-03,0.000000000000e+00,2000,2
11184,5.000000000000e-03,0.000000000000e+00,2000,5
11185,5.000000000000e-03,0.000000000000e+00,2000,5
11186,5.000000000000e-03,0.000000000000e+00,2000,3
11187,5.000000000000e-03,0.000000000000e+00,2000,0
11188,5.000000000000e-03,0.000000000000e+00,2000,1
11189,5.000000000000e-03,0.000000000000e+00,2000,2
11190,5.000000000000e-03,0.000000000000e+00,2000,4
11191,5.000000000000e-03,0.000000000000e+00,2000,0
11192,5.000000000000e-03,0.000000000000e+00,2000,6
11193,5.000000000000e-03,0.000000000000e+00,2000,4
11194,5.000000000000e-03,0.000000000000e+00,2000,4
11195,5.000000000000e-03,0.000000000000e+00,2000,2
11196,5.000000000000e-03,0.000000000000e+00,2000,2
11197,5.000000000000e-03,0.000000000000e+00,2000,9
11198,5.000000000000e-03,0.000000000000e+00,2000,3
11199,5.000000000000e-03,0.000000000000e+00,2000,3
11200,5.000000000000e-03,0.000000000000e+00,2000,4
11201,5.000000000000e-03,1.000000000000e-03,200,0
11202,5.000000000000e-03,1.000000000000e-03,200,0
11203,5.000000000000e-03,1.000000000000e-03,200,0
11204,5.000000000000e-03,1.000000000000e-03,200,2
11205,5.000000000000e-03,1.000000000000e-03,200,0
11206,5.000000000000e-03,1.000000000000e-03,200,1
11207,5.000000000000e-03,1.000000000000e-03,200,2
11208,5.000000000000e-03,1.000000000000e-03,200,0
11209,5.000000000000e-03,1.000000000000e-03,200,2
11210,5.000000000000e-03,1.000000000000e-03,200,0
11211,5.000000000000e-03,1.000000000000e-03,200,2
11212,5.000000000000e-03,1.000000000000e-03,200,0
11213,5.000000000000e-03,1.000000000000e-03,200,2
11214,5.000000000000e-03,1.000000000000e-03,200,0
11215,5.000000000000e-03,1.000000000000e-03,200,1
11216,5.000000000000e-03,1.000000000000e-03,200,1
11217,5.000000000000e-03,1.000000000000e-03,200,0
11218,5.000000000000e-03,1.000000000000e-03,200,0
11219,5.000000000000e-03,1.000000000000e-03,200,1
11220,5.000000000000e-03,1.000000000000e-03,200,0
11221,5.000000000000e-03,1.000000000000e-03,200,1
11222,5.000000000000e-03,1.000000000000e-03,200,1
11223,5.000000000000e-03,1.000000000000e-03,200,0
11224,5.000000000000e-03,1.000000000000e-03,200,0
11225,5.000000000000e-03,1.000000000000e-03,200,1
11226,5.000000000000e-03,1.000000000000e-03,200,0
11227,5.000000000000e-03,1.000000000000e-03,200,1
11228,5.000000000000e-03,1.000000000000e-03,200,0
11229,5.000000000000e-03,1.000000000000e-03,200,1
11230,5.000000000000e-03,1.000000000000e-03,200,0
11231,5.000000000000e-03,1.000000000000e-03,200,1
11232,5.000000000000e-03,1.000000000000e-03,200,3
11233,5.000000000000e-03,1.000000000000e-03,200,0
11234,5.000000000000e-03,1.000000000000e-03,200,2
11235,5.000000000000e-03,1.000000000000e-03,200,0
11236,5.000000000000e-03,1.000000000000e-03,200,1
11237,5.000000000000e-03,1.000000000000e-03,200,0
11238,5.000000000000e-03,1.000000000000e-03,200,2
11239,5.000000000000e-03,1.000000000000e-03,200,0
11240,5.000000000000e-03,1.000000000000e-03,200,0
11241,5.000000000000e-03,1.000000000000e-03,200,1
11242,5.000000000000e-03,1.000000000000e-03,200,0
11243,5.000000000000e-03,1.000000000000e-03,200,0
11244,5.000000000000e-03,1.000000000000e-03,200,1
11245,5.000000000000e-03,1.000000000000e-03,200,1
11246,5.000000000000e-03,1.000000000000e-03,200,1
11247,5.000000000000e-03,1.000000000000e-03,200,1
11248,5.000000000000e-03,1.000000000000e-03,200,1
11249,5.000000000000e-03,1.000000000000e-03,200,0
11250,5.000000000000e-03,1.000000000000e-03,200,1
11251,5.000000000000e-03,1.000000000000e-03,200,0
11252,5.000000000000e-03,1.000000000000e-03,200,1
11253,5.000000000000e-03,1.000000000000e-03,200,0
11254,5.000000000000e-03,1.000000000000e-03,200,0
11255,5.000000000000e-03,1.000000000000e-03,200,1
11256,5.000000000000e-03,1.000000000000e-03,200,1
11257,5.000000000000e-03,1.000000000000e-03,200,2
11258,5.000000000000e-03,1.000000000000e-03,200,1
11259,5.000000000000e-03,1.000000000000e-03,200,0
11260,5.000000000000e-03,1.000000000000e-03,200,0
11261,5.000000000000e-03,1.000000000000e-03,200,0
11262,5.000000000000e-03,1.000000000000e-03,200,1
11263,5.000000000000e-03,1.000000000000e-03,200,1
11264,5.000000000000e-03,1.000000000000e-03,200,0
11265,5.000000000000e-03,1.000000000000e-03,200,0
11266,5.000000000000e-03,1.000000000000e-03,200,0
11267,5.000000000000e-03,1.000000000000e-03,200,1
11268,5.000000000000e-03,1.000000000000e-03,200,0
11269,5.000000000000e-03,1.000000000000e-03,200,0
11270,5.000000000000e-03,1.000000000000e-03,200,0
11271,5.000000000000e-03,1.000000000000e-03,200,1
11272,5.000000000000e-03,1.000000000000e-03,200,1
11273,5.000000000000e-03,1.000000000000e-03,200,2
11274,5.000000000000e-03,1.000000000000e-03,200,0
11275,5.000000000000e-03,1.000000000000e-03,200,0
11276,5.000000000000e-03,1.000000000000e-03,200,1
11277,5.000000000000e-03,1.000000000000e-03,200,0
11278,5.000000000000e-03,1.000000000000e-03,200,0
11279,5.000000000000e-03,1.000000000000e-03,200,1
11280,5.000000000000e-03,1.000000000000e-03,200,1
11281,5.000000000000e-03,1.000000000000e-03,200,0
11282,5.000000000000e-03,1.000000000000e-03,200,1
11283,5.000000000000e-03,1.000000000000e-03,200,1
11284,5.000000000000e-03,1.000000000000e-03,200,0
11285,5.000000000000e-03,1.000000000000e-03,200,0
11286,5.000000000000e-03,1.000000000000e-03,200,2
11287,5.000000000000e-03,1.000000000000e-03,200,0
11288,5.000000000000e-03,1.000000000000e-03,200,0
11289,5.000000000000e-03,1.000000000000e-03,200,3
11290,5.000000000000e-03,1.000000000000e-03,200,1
11291,5.000000000000e-03,1.000000000000e-03,200,1
11292,5.000000000000e-03,1.000000000000e-03,200,0
11293,5.000000000000e-03,1.000000000000e-03,200,0
11294,5.000000000000e-03,1.000000000000e-03,200,1
11295,5.000000000000e-03,1.000000000000e-03,200,0
11296,5.000000000000e-03,1.000000000000e-03,200,1
11297,5.000000000000e-03,1.000000000000e-03,200,1
11298,5.000000000000e-03,1.000000000000e-03,200,0
11299,5.000000000000e-03,1.000000000000e-03,200,1
11300,5.000000000000e-03,1.000000000000e-03,200,0
11301,5.000000000000e-03,1.000000000000e-03,200,1
11302,5.000000000000e-03,1.000000000000e-03,200,2
11303,5.000000000000e-03,1.000000000000e-03,200,0
11304,5.000000000000e-03,1.000000000000e-03,200,0
11305,5.000000000000e-03,1.000000000000e-03,200,0
11306,5.000000000000e-03,1.000000000000e-03,200,0
11307,5.000000000000e-03,1.000000000000e-03,200,3
11308,5.000000000000e-03,1.000000000000e-03,200,0
11309,5.000000000000e-03,1.000000000000e-03,200,0
11310,5.000000000000e-03,1.000000000000e-03,200,0
11311,5.000000000000e-03,1.000000000000e-03,200,0
11312,5.000000000000e-03,1.000000000000e-03,200,1
11313,5.000000000000e-03,1.000000000000e-03,200,2
11314,5.000000000000e-03,1.000000000000e-03,200,0
11315,5.000000000000e-03,1.000000000000e-03,200,0
11316,5.000000000000e-03,1.000000000000e-03,200,1
11317,5.000000000000e-03,1.000000000000e-03,200,0
11318,5.000000000000e-03,1.000000000000e-03,200,0
11319,5.000000000000e-03,1.000000000000e-03,200,2
11320,5.000000000000e-03,1.000000000000e-03,200,1
11321,5.000000000000e-03,1.000000000000e-03,200,0
11322,5.000000000000e-03,1.000000000000e-03,200,0
11323,5.000000000000e-03,1.000000000000e-03,200,0
11324,5.000000000000e-03,1.000000000000e-03,200,0
11325,5.000000000000e-03,1.000000000000e-03,200,1
11326,5.000000000000e-03,1.000000000000e-03,200,2
11327,5.000000000000e-03,1.000000000000e-03,200,1
11328,5.000000000000e-03,1.000000000000e-03,200,1
11329,5.000000000000e-03,1.000000000000e-03,200,0
11330,5.000000000000e-03,1.000000000000e-03,200,0
11331,5.000000000000e-03,1.000000000000e-03,200,0
11332,5.000000000000e-03,1.000000000000e-03,200,0
11333,5.000000000000e-03,1.000000000000e-03,200,1
11334,5.000000000000e-03,1.000000000000e-03,200,1
11335,5.000000000000e-03,1.000000000000e-03,200,0
11336,5.000000000000e-03,1.000000000000e-03,200,0
11337,5.000000000000e-03,1.000000000000e-03,200,1
11338,5.000000000000e-03,1.000000000000e-03,200,1
11339,5.000000000000e-03,1.000000000000e-03,200,0
11340,5.000000000000e-03,1.000000000000e-03,200,0
11341,5.000000000000e-03,1.000000000000e-03,200,2
11342,5.000000000000e-03,1.000000000000e-03,200,1
11343,5.000000000000e-03,1.000000000000e-03,200,1
11344,5.000000000000e-03,1.000000000000e-03,200,1
11345,5.000000000000e-03,1.000000000000e-03,200,0
11346,5.000000000000e-03,1.000000000000e-03,200,0
11347,5.000000000000e-03,1.000000000000e-03,200,1
11348,5.000000000000e-03,1.000000000000e-03,200,1
11349,5.000000000000e-03,1.000000000000e-03,200,0
11350,5.000000000000e-03,1.000000000000e-03,200,0
11351,5.000000000000e-03,1.000000000000e-03,200,1
11352,5.000000000000e-03,1.000000000000e-03,200,1
11353,5.000000000000e-03,1.000000000000e-03,200,0
11354,5.000000000000e-03,1.000000000000e-03,200,0
11355,5.000000000000e-03,1.000000000000e-03,200,1
11356,5.000000000000e-03,1.000000000000e-03,200,0
11357,5.000000000000e-03,1.000000000000e-03,200,0
11358,5.000000000000e-03,1.000000000000e-03,200,0
11359,5.000000000000e-03,1.000000000000e-03,200,0
11360,5.000000000000e-03,1.000000000000e-03,200,0
11361,5.000000000000e-03,1.000000000000e-03,200,1
11362,5.000000000000e-03,1.000000000000e-03,200,2
11363,5.000000000000e-03,1.000000000000e-03,200,0
11364,5.000000000000e-03,1.000000000000e-03,200,1
11365,5.000000000000e-03,1.000000000000e-03,200,0
11366,5.000000000000e-03,1.000000000000e-03,200,2
11367,5.000000000000e-03,1.000000000000e-03,200,0
11368,5.000000000000e-03,1.000000000000e-03,200,2
11369,5.000000000000e-03,1.000000000000e-03,200,2
11370,5.000000000000e-03,1.000000000000e-03,200,1
11371,5.000000000000e-03,1.000000000000e-03,200,1
11372,5.000000000000e-03,1.000000000000e-03,200,1
11373,5.000000000000e-03,1.000000000000e-03,200,1
11374,5.000000000000e-03,1.000000000000e-03,200,0
11375,5.000000000000e-03,1.000000000000e-03,200,1
11376,5.000000000000e-03,1.000000000000e-03,200,1
11377,5.000000000000e-03,1.000000000000e-03,200,0
11378,5.000000000000e-03,1.000000000000e-03,200,0
11379,5.000000000000e-03,1.000000000000e-03,200,1
11380,5.000000000000e-03,1.000000000000e-03,200,0
11381,5.000000000000e-03,1.000000000000e-03,200,0
11382,5.000000000000e-03,1.000000000000e-03,200,0
11383,5.000000000000e-03,1.000000000000e-03,200,0
11384,5.000000000000e-03,1.000000000000e-03,200,0
11385,5.000000000000e-03,1.000000000000e-03,200,2
11386,5.000000000000e-03,1.000000000000e-03,200,0
11387,5.000000000000e-03,1.000000000000e-03,200,1
11388,5.000000000000e-03,1.000000000000e-03,200,1
11389,5.000000000000e-03,1.000000000000e-03,200,0
11390,5.000000000000e-03,1.000000000000e-03,200,1
11391,5.000000000000e-03,1.000000000000e-03,200,1
11392,5.000000000000e-03,1.000000000000e-03,200,1
11393,5.000000000000e-03,1.000000000000e-03,200,2
11394,5.000000000000e-03,1.000000000000e-03,200,0
11395,5.000000000000e-03,1.000000000000e-03,200,1
11396,5.000000000000e-03,1.000000000000e-03,200,1
11397,5.000000000000e-03,1.000000000000e-03,200,0
11398,5.000000000000e-03,1.000000000000e-03,200,1
11399,5.000000000000e-03,1.000000000000e-03,200,0
11400,5.000000000000e-03,1.000000000000e-03,200,0
11401,5.000000000000e-03,1.000000000000e-03,200,1
11402,5.000000000000e-03,1.000000000000e-03,200,0
11403,5.000000000000e-03,1.000000000000e-03,200,0
11404,5.000000000000e-03,1.000000000000e-03,200,0
11405,5.000000000000e-03,1.000000000000e-03,200,0
11406,5.000000000000e-03,1.000000000000e-03,200,1
11407,5.000000000000e-03,1.000000000000e-03,200,0
11408,5.000000000000e-03,1.000000000000e-03,200,0
11409,5.000000000000e-03,1.000000000000e-03,200,0
11410,5.000000000000e-03,1.000000000000e-03,200,1
11411,5.000000000000e-03,1.000000000000e-03,200,0
11412,5.000000000000e-03,1.000000000000e-03,200,0
11413,5.000000000000e-03,1.000000000000e-03,200,1
11414,5.000000000000e-03,1.000000000000e-03,200,0
11415,5.000000000000e-03,1.000000000000e-03,200,0
11416,5.000000000000e-03,1.000000000000e-03,200,0
11417,5.000000000000e-03,1.000000000000e-03,200,0
11418,5.000000000000e-03,1.000000000000e-03,200,1
11419,5.000000000000e-03,1.000000000000e-03,200,1
11420,5.000000000000e-03,1.000000000000e-03,200,1
11421,5.000000000000e-03,1.000000000000e-03,200,0
11422,5.000000000000e-03,1.000000000000e-03,200,0
11423,5.000000000000e-03,1.000000000000e-03,200,0
11424,5.000000000000e-03,1.000000000000e-03,200,0
11425,5.000000000000e-03,1.000000000000e-03,200,1
11426,5.000000000000e-03,1.000000000000e-03,200,0
11427,5.000000000000e-03,1.000000000000e-03,200,1
11428,5.000000000000e-03,1.000000000000e-03,200,1
11429,5.000000000000e-03,1.000000000000e-03,200,0
11430,5.000000000000e-03,1.000000000000e-03,200,2
11431,5.000000000000e-03,1.000000000000e-03,200,1
11432,5.000000000000e-03,1.000000000000e-03,200,1
11433,5.000000000000e-03,1.000000000000e-03,200,0
11434,5.000000000000e-03,1.000000000000e-03,200,1
11435,5.000000000000e-03,1.000000000000e-03,200,0
11436,5.000000000000e-03,1.000000000000e-03,200,1
11437,5.000000000000e-03,1.000000000000e-03,200,1
11438,5.000000000000e-03,1.000000000000e-03,200,0
11439,5.000000000000e-03,1.000000000000e-03,200,0
11440,5.000000000000e-03,1.000000000000e-03,200,1
11441,5.000000000000e-03,1.000000000000e-03,200,0
11442,5.000000000000e-03,1.000000000000e-03,200,0
11443,5.000000000000e-03,1.000000000000e-03,200,0
11444,5.000000000000e-03,1.000000000000e-03,200,0
11445,5.000000000000e-03,1.000000000000e-03,200,0
11446,5.000000000000e-03,1.000000000000e-03,200,1
11447,5.000000000000e-03,1.000000000000e-03,200,4
11448,5.000000000000e-03,1.000000000000e-03,200,0
11449,5.000000000000e-03,1.000000000000e-03,200,0
11450,5.000000000000e-03,1.000000000000e-03,200,1
11451,5.000000000000e-03,1.000000000000e-03,200,0
11452,5.000000000000e-03,1.000000000000e-03,200,1
11453,5.000000000000e-03,1.000000000000e-03,200,1
11454,5.000000000000e-03,1.000000000000e-03,200,0
11455,5.000000000000e-03,1.000000000000e-03,200,1
11456,5.000000000000e-03,1.000000000000e-03,200,0
11457,5.000000000000e-03,1.000000000000e-03,200,2
11458,5.000000000000e-03,1.000000000000e-03,200,0
11459,5.000000000000e-03,1.000000000000e-03,200,1
11460,5.000000000000e-03,1.000000000000e-03,200,0
11461,5.000000000000e-03,1.000000000000e-03,200,2
11462,5.000000000000e-03,1.000000000000e-03,200,1
11463,5.000000000000e-03,1.000000000000e-03,200,0
11464,5.000000000000e-03,1.000000000000e-03,200,0
11465,5.000000000000e-03,1.000000000000e-03,200,1
11466,5.000000000000e-03,1.000000000000e-03,200,0
11467,5.000000000000e-03,1.000000000000e-03,200,0
11468,5.000000000000e-03,1.000000000000e-03,200,0
11469,5.000000000000e-03,1.000000000000e-03,200,1
11470,5.000000000000e-03,1.000000000000e-03,200,0
11471,5.000000000000e-03,1.000000000000e-03,200,1
11472,5.000000000000e-03,1.000000000000e-03,200,1
11473,5.000000000000e-03,1.000000000000e-03,200,0
11474,5.000000000000e-03,1.000000000000e-03,200,0
11475,5.000000000000e-03,1.000000000000e-03,200,0
11476,5.000000000000e-03,1.000000000000e-03,200,0
11477,5.000000000000e-03,1.000000000000e-03,200,1
11478,5.000000000000e-03,1.000000000000e-03,200,0
11479,5.000000000000e-03,1.000000000000e-03,200,0
11480,5.000000000000e-03,1.000000000000e-03,200,0
11481,5.000000000000e-03,1.000000000000e-03,200,1
11482,5.000000000000e-03,1.000000000000e-03,200,0
11483,5.000000000000e-03,1.000000000000e-03,200,0
11484,5.000000000000e-03,1.000000000000e-03,200,0
11485,5.000000000000e-03,1.000000000000e-03,200,2
11486,5.000000000000e-03,1.000000000000e-03,200,1
11487,5.000000000000e-03,1.000000000000e-03,200,2
11488,5.000000000000e-03,1.000000000000e-03,200,1
11489,5.000000000000e-03,1.000000000000e-03,200,1
11490,5.000000000000e-03,1.000000000000e-03,200,0
11491,5.000000000000e-03,1.000000000000e-03,200,0
11492,5.000000000000e-03,1.000000000000e-03,200,1
11493,5.000000000000e-03,1.000000000000e-03,200,1
11494,5.000000000000e-03,1.000000000000e-03,200,1
11495,5.000000000000e-03,1.000000000000e-03,200,1
11496,5.000000000000e-03,1.000000000000e-03,200,0
11497,5.000000000000e-03,1.000000000000e-03,200,2
11498,5.000000000000e-03,1.000000000000e-03,200,0
11499,5.000000000000e-03,1.000000000000e-03,200,0
11500,5.000000000000e-03,1.000000000000e-03,200,0
11501,5.000000000000e-03,1.000000000000e-03,200,1
11502,5.000000000000e-03,1.000000000000e-03,200,0
11503,5.000000000000e-03,1.000000000000e-03,200,1
11504,5.000000000000e-03,1.000000000000e-03,200,0
11505,5.000000000000e-03,1.000000000000e-03,200,0
11506,5.000000000000e-03,1.000000000000e-03,200,1
11507,5.000000000000e-03,1.000000000000e-03,200,2
11508,5.000000000000e-03,1.000000000000e-03,200,0
11509,5.000000000000e-03,1.000000000000e-03,200,1
11510,5.000000000000e-03,1.000000000000e-03,200,1
11511,5.000000000000e-03,1.000000000000e-03,200,0
11512,5.000000000000e-03,1.000000000000e-03,200,1
11513,5.000000000000e-03,1.000000000000e-03,200,1
11514,5.000000000000e-03,1.000000000000e-03,200,1
11515,5.000000000000e-03,1.000000000000e-03,200,0
11516,5.000000000000e-03,1.000000000000e-03,200,0
11517,5.000000000000e-03,1.000000000000e-03,200,1
11518,5.000000000000e-03,1.000000000000e-03,200,0
11519,5.000000000000e-03,1.000000000000e-03,200,0
11520,5.000000000000e-03,1.000000000000e-03,200,0
11521,5.000000000000e-03,1.000000000000e-03,200,0
11522,5.000000000000e-03,1.000000000000e-03,200,2
11523,5.000000000000e-03,1.000000000000e-03,200,0
11524,5.000000000000e-03,1.000000000000e-03,200,2
11525,5.000000000000e-03,1.000000000000e-03,200,1
11526,5.000000000000e-03,1.000000000000e-03,200,0
11527,5.000000000000e-03,1.000000000000e-03,200,0
11528,5.000000000000e-03,1.000000000000e-03,200,0
11529,5.000000000000e-03,1.000000000000e-03,200,1
11530,5.000000000000e-03,1.000000000000e-03,200,0
11531,5.000000000000e-03,1.000000000000e-03,200,1
11532,5.000000000000e-03,1.000000000000e-03,200,0
11533,5.000000000000e-03,1.000000000000e-03,200,0
11534,5.000000000000e-03,1.000000000000e-03,200,0
11535,5.000000000000e-03,1.000000000000e-03,200,0
11536,5.000000000000e-03,1.000000000000e-03,200,2
11537,5.000000000000e-03,1.000000000000e-03,200,1
11538,5.000000000000e-03,1.000000000000e-03,200,0
11539,5.000000000000e-03,1.000000000000e-03,200,1
11540,5.000000000000e-03,1.000000000000e-03,200,1
11541,5.000000000000e-03,1.000000000000e-03,200,1
11542,5.000000000000e-03,1.000000000000e-03,200,0
11543,5.000000000000e-03,1.000000000000e-03,200,1
11544,5.000000000000e-03,1.000000000000e-03,200,0
11545,5.000000000000e-03,1.000000000000e-03,200,0
11546,5.000000000000e-03,1.000000000000e-03,200,0
11547,5.000000000000e-03,1.000000000000e-03,200,0
11548,5.000000000000e-03,1.000000000000e-03,200,1
11549,5.000000000000e-03,1.000000000000e-03,200,1
11550,5.000000000000e-03,1.000000000000e-03,200,2
11551,5.000000000000e-03,1.000000000000e-03,200,0
11552,5.000000000000e-03,1.000000000000e-03,200,0
11553,5.000000000000e-03,1.000000000000e-03,200,0
11554,5.000000000000e-03,1.000000000000e-03,200,0
11555,5.000000000000e-03,1.000000000000e-03,200,2
11556,5.000000000000e-03,1.000000000000e-03,200,1
11557,5.000000000000e-03,1.000000000000e-03,200,0
11558,5.000000000000e-03,1.000000000000e-03,200,1
11559,5.000000000000e-03,1.000000000000e-03,200,0
11560,5.000000000000e-03,1.000000000000e-03,200,0
11561,5.000000000000e-03,1.000000000000e-03,200,0
11562,5.000000000000e-03,1.000000000000e-03,200,0
11563,5.000000000000e-03,1.000000000000e-03,200,0
11564,5.000000000000e-03,1.000000000000e-03,200,0
11565,5.000000000000e-03,1.000000000000e-03,200,0
11566,5.000000000000e-03,1.000000000000e-03,200,1
11567,5.000000000000e-03,1.000000000000e-03,200,0
11568,5.000000000000e-03,1.000000000000e-03,200,0
11569,5.000000000000e-03,1.000000000000e-03,200,2
11570,5.000000000000e-03,1.000000000000e-03,200,0
11571,5.000000000000e-03,1.000000000000e-03,200,1
11572,5.000000000000e-03,1.000000000000e-03,200,1
11573,5.000000000000e-03,1.000000000000e-03,200,1
11574,5.000000000000e-03,1.000000000000e-03,200,0
11575,5.000000000000e-03,1.000000000000e-03,200,0
11576,5.000000000000e-03,1.000000000000e-03,200,1
11577,5.000000000000e-03,1.000000000000e-03,200,0
11578,5.000000000000e-03,1.000000000000e-03,200,0
11579,5.000000000000e-03,1.000000000000e-03,200,0
11580,5.000000000000e-03,1.000000000000e-03,200,1
11581,5.000000000000e-03,1.000000000000e-03,200,2
11582,5.000000000000e-03,1.000000000000e-03,200,0
11583,5.000000000000e-03,1.000000000000e-03,200,0
11584,5.000000000000e-03,1.000000000000e-03,200,1
11585,5.000000000000e-03,1.000000000000e-03,200,0
11586,5.000000000000e-03,1.000000000000e-03,200,0
11587,5.000000000000e-03,1.000000000000e-03,200,0
11588,5.000000000000e-03,1.000000000000e-03,200,2
11589,5.000000000000e-03,1.000000000000e-03,200,1
11590,5.000000000000e-03,1.000000000000e-03,200,1
11591,5.000000000000e-03,1.000000000000e-03,200,1
11592,5.000000000000e-03,1.000000000000e-03,200,0
11593,5.000000000000e-03,1.000000000000e-03,200,0
11594,5.000000000000e-03,1.000000000000e-03,200,1
11595,5.000000000000e-03,1.000000000000e-03,200,0
11596,5.000000000000e-03,1.000000000000e-03,200,1
11597,5.000000000000e-03,1.000000000000e-03,200,1
11598,5.000000000000e-03,1.000000000000e-03,200,0
11599,5.000000000000e-03,1.000000000000e-03,200,1
11600,5.000000000000e-03,1.000000000000e-03,200,1
11601,5.000000000000e-03,1.000000000000e-03,500,3
11602,5.000000000000e-03,1.000000000000e-03,500,2
11603,5.000000000000e-03,1.000000000000e-03,500,0
11604,5.000000000000e-03,1.000000000000e-03,500,0
11605,5.000000000000e-03,1.000000000000e-03,500,1
11606,5.000000000000e-03,1.000000000000e-03,500,1
11607,5.000000000000e-03,1.000000000000e-03,500,1
11608,5.000000000000e-03,1.000000000000e-03,500,1
11609,5.000000000000e-03,1.000000000000e-03,500,2
11610,5.000000000000e-03,1.000000000000e-03,500,2
11611,5.000000000000e-03,1.000000000000e-03,500,3
11612,5.000000000000e-03,1.000000000000e-03,500,2
11613,5.000000000000e-03,1.000000000000e-03,500,2
11614,5.000000000000e-03,1.000000000000e-03,500,1
11615,5.000000000000e-03,1.000000000000e-03,500,1
11616,5.000000000000e-03,1.000000000000e-03,500,1
11617,5.000000000000e-03,1.000000000000e-03,500,2
11618,5.000000000000e-03,1.000000000000e-03,500,1
11619,5.000000000000e-03,1.000000000000e-03,500,1
11620,5.000000000000e-03,1.000000000000e-03,500,1
11621,5.000000000000e-03,1.000000000000e-03,500,1
11622,5.000000000000e-03,1.000000000000e-03,500,0
11623,5.000000000000e-03,1.000000000000e-03,500,2
11624,5.000000000000e-03,1.000000000000e-03,500,2
11625,5.000000000000e-03,1.000000000000e-03,500,0
11626,5.000000000000e-03,1.000000000000e-03,500,1
11627,5.000000000000e-03,1.000000000000e-03,500,4
11628,5.000000000000e-03,1.000000000000e-03,500,1
11629,5.000000000000e-03,1.000000000000e-03,500,4
11630,5.000000000000e-03,1.000000000000e-03,500,2
11631,5.000000000000e-03,1.000000000000e-03,500,1
11632,5.000000000000e-03,1.000000000000e-03,500,2
11633,5.000000000000e-03,1.000000000000e-03,500,2
11634,5.000000000000e-03,1.000000000000e-03,500,2
11635,5.000000000000e-03,1.000000000000e-03,500,2
11636,5.000000000000e-03,1.000000000000e-03,500,1
11637,5.000000000000e-03,1.000000000000e-03,500,0
11638,5.000000000000e-03,1.000000000000e-03,500,4
11639,5.000000000000e-03,1.000000000000e-03,500,2
11640,5.000000000000e-03,1.000000000000e-03,500,1
11641,5.000000000000e-03,1.000000000000e-03,500,2
11642,5.000000000000e-03,1.000000000000e-03,500,1
11643,5.000000000000e-03,1.000000000000e-03,500,3
11644,5.000000000000e-03,1.000000000000e-03,500,1
11645,5.000000000000e-03,1.000000000000e-03,500,1
11646,5.000000000000e-03,1.000000000000e-03,500,0
11647,5.000000000000e-03,1.000000000000e-03,500,0
11648,5.000000000000e-03,1.000000000000e-03,500,0
11649,5.000000000000e-03,1.000000000000e-03,500,1
11650,5.000000000000e-03,1.000000000000e-03,500,1
11651,5.000000000000e-03,1.000000000000e-03,500,2
11652,5.000000000000e-03,1.000000000000e-03,500,2
11653,5.000000000000e-03,1.000000000000e-03,500,1
11654,5.000000000000e-03,1.000000000000e-03,500,4
11655,5.000000000000e-03,1.000000000000e-03,500,1
11656,5.000000000000e-03,1.000000000000e-03,500,0
11657,5.000000000000e-03,1.000000000000e-03,500,2
11658,5.000000000000e-03,1.000000000000e-03,500,1
11659,5.000000000000e-03,1.000000000000e-03,500,0
11660,5.000000000000e-03,1.000000000000e-03,500,1
11661,5.000000000000e-03,1.000000000000e-03,500,0
11662,5.000000000000e-03,1.000000000000e-03,500,3
11663,5.000000000000e-03,1.000000000000e-03,500,1
11664,5.000000000000e-03,1.000000000000e-03,500,3
11665,5.000000000000e-03,1.000000000000e-03,500,1
11666,5.000000000000e-03,1.000000000000e-03,500,2
11667,5.000000000000e-03,1.000000000000e-03,500,0
11668,5.000000000000e-03,1.000000000000e-03,500,1
11669,5.000000000000e-03,1.000000000000e-03,500,2
11670,5.000000000000e-03,1.000000000000e-03,500,2
11671,5.000000000000e-03,1.000000000000e-03,500,0
11672,5.000000000000e-03,1.000000000000e-03,500,0
11673,5.000000000000e-03,1.000000000000e-03,500,3
11674,5.000000000000e-03,1.000000000000e-03,500,2
11675,5.000000000000e-03,1.000000000000e-03,500,4
11676,5.000000000000e-03,1.000000000000e-03,500,2
11677,5.000000000000e-03,1.000000000000e-03,500,2
11678,5.000000000000e-03,1.000000000000e-03,500,1
11679,5.000000000000e-03,1.000000000000e-03,500,0
11680,5.000000000000e-03,1.000000000000e-03,500,1
11681,5.000000000000e-03,1.000000000000e-03,500,1
11682,5.000000000000e-03,1.000000000000e-03,500,0
11683,5.000000000000e-03,1.000000000000e-03,500,2
11684,5.000000000000e-03,1.000000000000e-03,500,0
11685,5.000000000000e-03,1.000000000000e-03,500,0
11686,5.000000000000e-03,1.000000000000e-03,500,2
11687,5.000000000000e-03,1.000000000000e-03,500,0
11688,5.000000000000e-03,1.000000000000e-03,500,2
11689,5.000000000000e-03,1.000000000000e-03,500,4
11690,5.000000000000e-03,1.000000000000e-03,500,0
11691,5.000000000000e-03,1.000000000000e-03,500,2
11692,5.000000000000e-03,1.000000000000e-03,500,1
11693,5.000000000000e-03,1.000000000000e-03,500,1
11694,5.000000000000e-03,1.000000000000e-03,500,2
11695,5.000000000000e-03,1.000000000000e-03,500,0
11696,5.000000000000e-03,1.000000000000e-03,500,0
11697,5.000000000000e-03,1.000000000000e-03,500,2
11698,5.000000000000e-03,1.000000000000e-03,500,2
11699,5.000000000000e-03,1.000000000000e-03,500,2
11700,5.000000000000e-03,1.000000000000e-03,500,1
11701,5.000000000000e-03,1.000000000000e-03,500,0
11702,5.000000000000e-03,1.000000000000e-03,500,0
11703,5.000000000000e-03,1.000000000000e-03,500,3
11704,5.000000000000e-03,1.000000000000e-03,500,1
11705,5.000000000000e-03,1.000000000000e-03,500,3
11706,5.000000000000e-03,1.000000000000e-03,500,0
11707,5.000000000000e-03,1.000000000000e-03,500,0
11708,5.000000000000e-03,1.000000000000e-03,500,4
11709,5.000000000000e-03,1.000000000000e-03,500,1
11710,5.000000000000e-03,1.000000000000e-03,500,1
11711,5.000000000000e-03,1.000000000000e-03,500,3
11712,5.000000000000e-03,1.000000000000e-03,500,1
11713,5.000000000000e-03,1.000000000000e-03,500,2
11714,5.000000000000e-03,1.000000000000e-03,500,0
11715,5.000000000000e-03,1.000000000000e-03,500,2
11716,5.000000000000e-03,1.000000000000e-03,500,1
11717,5.000000000000e-03,1.000000000000e-03,500,2
11718,5.000000000000e-03,1.000000000000e-03,500,3
11719,5.000000000000e-03,1.000000000000e-03,500,2
11720,5.000000000000e-03,1.000000000000e-03,500,0
11721,5.000000000000e-03,1.000000000000e-03,500,0
11722,5.000000000000e-03,1.000000000000e-03,500,4
11723,5.000000000000e-03,1.000000000000e-03,500,0
11724,5.000000000000e-03,1.000000000000e-03,500,2
11725,5.000000000000e-03,1.000000000000e-03,500,3
11726,5.000000000000e-03,1.000000000000e-03,500,1
11727,5.000000000000e-03,1.000000000000e-03,500,2
11728,5.000000000000e-03,1.000000000000e-03,500,0
11729,5.000000000000e-03,1.000000000000e-03,500,1
11730,5.000000000000e-03,1.000000000000e-03,500,4
11731,5.000000000000e-03,1.000000000000e-03,500,0
11732,5.000000000000e-03,1.000000000000e-03,500,2
11733,5.000000000000e-03,1.000000000000e-03,500,1
11734,5.000000000000e-03,1.000000000000e-03,500,2
11735,5.000000000000e-03,1.000000000000e-03,500,1
11736,5.000000000000e-03,1.000000000000e-03,500,1
11737,5.000000000000e-03,1.000000000000e-03,500,1
11738,5.000000000000e-03,1.000000000000e-03,500,2
11739,5.000000000000e-03,1.000000000000e-03,500,5
11740,5.000000000000e-03,1.000000000000e-03,500,0
11741,5.000000000000e-03,1.000000000000e-03,500,1
11742,5.000000000000e-03,1.000000000000e-03,500,1
11743,5.000000000000e-03,1.000000000000e-03,500,2
11744,5.000000000000e-03,1.000000000000e-03,500,2
11745,5.000000000000e-03,1.000000000000e-03,500,1
11746,5.000000000000e-03,1.000000000000e-03,500,1
11747,5.000000000000e-03,1.000000000000e-03,500,2
11748,5.000000000000e-03,1.000000000000e-03,500,0
11749,5.000000000000e-03,1.000000000000e-03,500,2
11750,5.000000000000e-03,1.000000000000e-03,500,0
11751,5.000000000000e-03,1.000000000000e-03,500,0
11752,5.000000000000e-03,1.000000000000e-03,500,1
11753,5.000000000000e-03,1.000000000000e-03,500,1
11754,5.000000000000e-03,1.000000000000e-03,500,1
11755,5.000000000000e-03,1.000000000000e-03,500,0
11756,5.000000000000e-03,1.000000000000e-03,500,4
11757,5.000000000000e-03,1.000000000000e-03,500,1
11758,5.000000000000e-03,1.000000000000e-03,500,2
11759,5.000000000000e-03,1.000000000000e-03,500,2
11760,5.000000000000e-03,1.000000000000e-03,500,2
11761,5.000000000000e-03,1.000000000000e-03,500,1
11762,5.000000000000e-03,1.000000000000e-03,500,1
11763,5.000000000000e-03,1.000000000000e-03,500,2
11764,5.000000000000e-03,1.000000000000e-03,500,2
11765,5.000000000000e-03,1.000000000000e-03,500,2
11766,5.000000000000e-03,1.000000000000e-03,500,1
11767,5.000000000000e-03,1.000000000000e-03,500,3
11768,5.000000000000e-03,1.000000000000e-03,500,0
11769,5.000000000000e-03,1.000000000000e-03,500,2
11770,5.000000000000e-03,1.000000000000e-03,500,1
11771,5.000000000000e-03,1.000000000000e-03,500,5
11772,5.000000000000e-03,1.000000000000e-03,500,0
11773,5.000000000000e-03,1.000000000000e-03,500,0
11774,5.000000000000e-03,1.000000000000e-03,500,1
11775,5.000000000000e-03,1.000000000000e-03,500,1
11776,5.000000000000e-03,1.000000000000e-03,500,1
11777,5.000000000000e-03,1.000000000000e-03,500,2
11778,5.000000000000e-03,1.000000000000e-03,500,3
11779,5.000000000000e-03,1.000000000000e-03,500,0
11780,5.000000000000e-03,1.000000000000e-03,500,1
11781,5.000000000000e-03,1.000000000000e-03,500,2
11782,5.000000000000e-03,1.000000000000e-03,500,1
11783,5.000000000000e-03,1.000000000000e-03,500,1
11784,5.000000000000e-03,1.000000000000e-03,500,0
11785,5.000000000000e-03,1.000000000000e-03,500,1
11786,5.000000000000e-03,1.000000000000e-03,500,3
11787,5.000000000000e-03,1.000000000000e-03,500,1
11788,5.000000000000e-03,1.000000000000e-03,500,1
11789,5.000000000000e-03,1.000000000000e-03,500,2
11790,5.000000000000e-03,1.000000000000e-03,500,3
11791,5.000000000000e-03,1.000000000000e-03,500,0
11792,5.000000000000e-03,1.000000000000e-03,500,2
11793,5.000000000000e-03,1.000000000000e-03,500,2
11794,5.000000000000e-03,1.000000000000e-03,500,2
11795,5.000000000000e-03,1.000000000000e-03,500,2
11796,5.000000000000e-03,1.000000000000e-03,500,0
11797,5.000000000000e-03,1.000000000000e-03,500,0
11798,5.000000000000e-03,1.000000000000e-03,500,1
11799,5.000000000000e-03,1.000000000000e-03,500,1
11800,5.000000000000e-03,1.000000000000e-03,500,1
11801,5.000000000000e-03,1.000000000000e-03,500,2
11802,5.000000000000e-03,1.000000000000e-03,500,3
11803,5.000000000000e-03,1.000000000000e-03,500,0
11804,5.000000000000e-03,1.000000000000e-03,500,2
11805,5.000000000000e-03,1.000000000000e-03,500,1
11806,5.000000000000e-03,1.000000000000e-03,500,1
11807,5.000000000000e-03,1.000000000000e-03,500,1
11808,5.000000000000e-03,1.000000000000e-03,500,0
11809,5.000000000000e-03,1.000000000000e-03,500,3
11810,5.000000000000e-03,1.000000000000e-03,500,2
11811,5.000000000000e-03,1.000000000000e-03,500,3
11812,5.000000000000e-03,1.000000000000e-03,500,1
11813,5.000000000000e-03,1.000000000000e-03,500,0
11814,5.000000000000e-03,1.000000000000e-03,500,0
11815,5.000000000000e-03,1.000000000000e-03,500,1
11816,5.000000000000e-03,1.000000000000e-03,500,1
11817,5.000000000000e-03,1.000000000000e-03,500,2
11818,5.000000000000e-03,1.000000000000e-03,500,2
11819,5.000000000000e-03,1.000000000000e-03,500,2
11820,5.000000000000e-03,1.000000000000e-03,500,1
11821,5.000000000000e-03,1.000000000000e-03,500,1
11822,5.000000000000e-03,1.000000000000e-03,500,1
11823,5.000000000000e-03,1.000000000000e-03,500,3
11824,5.000000000000e-03,1.000000000000e-03,500,2
11825,5.000000000000e-03,1.000000000000e-03,500,2
11826,5.000000000000e-03,1.000000000000e-03,500,1
11827,5.000000000000e-03,1.000000000000e-03,500,1
11828,5.000000000000e-03,1.000000000000e-03,500,2
11829,5.000000000000e-03,1.000000000000e-03,500,1
11830,5.000000000000e-03,1.000000000000e-03,500,1
11831,5.000000000000e-03,1.000000000000e-03,500,0
11832,5.000000000000e-03,1.000000000000e-03,500,2
11833,5.000000000000e-03,1.000000000000e-03,500,4
11834,5.000000000000e-03,1.000000000000e-03,500,0
11835,5.000000000000e-03,1.000000000000e-03,500,3
11836,5.000000000000e-03,1.000000000000e-03,500,1
11837,5.000000000000e-03,1.000000000000e-03,500,1
11838,5.000000000000e-03,1.000000000000e-03,500,2
11839,5.000000000000e-03,1.000000000000e-03,500,2
11840,5.000000000000e-03,1.000000000000e-03,500,2
11841,5.000000000000e-03,1.000000000000e-03,500,0
11842,5.000000000000e-03,1.000000000000e-03,500,0
11843,5.000000000000e-03,1.000000000000e-03,500,2
11844,5.000000000000e-03,1.000000000000e-03,500,4
11845,5.000000000000e-03,1.000000000000e-03,500,2
11846,5.000000000000e-03,1.000000000000e-03,500,1
11847,5.000000000000e-03,1.000000000000e-03,500,1
11848,5.000000000000e-03,1.000000000000e-03,500,1
11849,5.000000000000e-03,1.000000000000e-03,500,3
11850,5.000000000000e-03,1.000000000000e-03,500,1
11851,5.000000000000e-03,1.000000000000e-03,500,4
11852,5.000000000000e-03,1.000000000000e-03,500,0
11853,5.000000000000e-03,1.000000000000e-03,500,2
11854,5.000000000000e-03,1.000000000000e-03,500,0
11855,5.000000000000e-03,1.000000000000e-03,500,1
11856,5.000000000000e-03,1.000000000000e-03,500,0
11857,5.000000000000e-03,1.000000000000e-03,500,1
11858,5.000000000000e-03,1.000000000000e-03,500,2
11859,5.000000000000e-03,1.000000000000e-03,500,3
11860,5.000000000000e-03,1.000000000000e-03,500,0
11861,5.000000000000e-03,1.000000000000e-03,500,1
11862,5.000000000000e-03,1.000000000000e-03,500,3
11863,5.000000000000e-03,1.000000000000e-03,500,1
11864,5.000000000000e-03,1.000000000000e-03,500,1
11865,5.000000000000e-03,1.000000000000e-03,500,1
11866,5.000000000000e-03,1.000000000000e-03,500,2
11867,5.000000000000e-03,1.000000000000e-03,500,1
11868,5.000000000000e-03,1.000000000000e-03,500,1
11869,5.000000000000e-03,1.000000000000e-03,500,0
11870,5.000000000000e-03,1.000000000000e-03,500,1
11871,5.000000000000e-03,1.000000000000e-03,500,1
11872,5.000000000000e-03,1.000000000000e-03,500,2
11873,5.000000000000e-03,1.000000000000e-03,500,0
11874,5.000000000000e-03,1.000000000000e-03,500,0
11875,5.000000000000e-03,1.000000000000e-03,500,2
11876,5.000000000000e-03,1.000000000000e-03,500,3
11877,5.000000000000e-03,1.000000000000e-03,500,2
11878,5.000000000000e-03,1.000000000000e-03,500,1
11879,5.000000000000e-03,1.000000000000e-03,500,1
11880,5.000000000000e-03,1.000000000000e-03,500,0
11881,5.000000000000e-03,1.000000000000e-03,500,3
11882,5.000000000000e-03,1.000000000000e-03,500,2
11883,5.000000000000e-03,1.000000000000e-03,500,4
11884,5.000000000000e-03,1.000000000000e-03,500,0
11885,5.000000000000e-03,1.000000000000e-03,500,0
11886,5.000000000000e-03,1.000000000000e-03,500,0
11887,5.000000000000e-03,1.000000000000e-03,500,1
11888,5.000000000000e-03,1.000000000000e-03,500,1
11889,5.000000000000e-03,1.000000000000e-03,500,2
11890,5.000000000000e-03,1.000000000000e-03,500,1
11891,5.000000000000e-03,1.000000000000e-03,500,4
11892,5.000000000000e-03,1.000000000000e-03,500,2
11893,5.000000000000e-03,1.000000000000e-03,500,1
11894,5.000000000000e-03,1.000000000000e-03,500,1
11895,5.000000000000e-03,1.000000000000e-03,500,0
11896,5.000000000000e-03,1.000000000000e-03,500,0
11897,5.000000000000e-03,1.000000000000e-03,500,2
11898,5.000000000000e-03,1.000000000000e-03,500,1
11899,5.000000000000e-03,1.000000000000e-03,500,4
11900,5.000000000000e-03,1.000000000000e-03,500,2
11901,5.000000000000e-03,1.000000000000e-03,500,2
11902,5.000000000000e-03,1.000000000000e-03,500,2
11903,5.000000000000e-03,1.000000000000e-03,500,1
11904,5.000000000000e-03,1.000000000000e-03,500,1
11905,5.000000000000e-03,1.000000000000e-03,500,0
11906,5.000000000000e-03,1.000000000000e-03,500,1
11907,5.000000000000e-03,1.000000000000e-03,500,3
11908,5.000000000000e-03,1.000000000000e-03,500,0
11909,5.000000000000e-03,1.000000000000e-03,500,2
11910,5.000000000000e-03,1.000000000000e-03,500,3
11911,5.000000000000e-03,1.000000000000e-03,500,1
11912,5.000000000000e-03,1.000000000000e-03,500,2
11913,5.000000000000e-03,1.000000000000e-03,500,3
11914,5.000000000000e-03,1.000000000000e-03,500,1
11915,5.000000000000e-03,1.000000000000e-03,500,1
11916,5.000000000000e-03,1.000000000000e-03,500,2
11917,5.000000000000e-03,1.000000000000e-03,500,1
11918,5.000000000000e-03,1.000000000000e-03,500,2
11919,5.000000000000e-03,1.000000000000e-03,500,3
11920,5.000000000000e-03,1.000000000000e-03,500,0
11921,5.000000000000e-03,1.000000000000e-03,500,3
11922,5.000000000000e-03,1.000000000000e-03,500,4
11923,5.000000000000e-03,1.000000000000e-03,500,1
11924,5.000000000000e-03,1.000000000000e-03,500,0
11925,5.000000000000e-03,1.000000000000e-03,500,0
11926,5.000000000000e-03,1.000000000000e-03,500,1
11927,5.000000000000e-03,1.000000000000e-03,500,0
11928,5.000000000000e-03,1.000000000000e-03,500,3
11929,5.000000000000e-03,1.000000000000e-03,500,2
11930,5.000000000000e-03,1.000000000000e-03,500,2
11931,5.000000000000e-03,1.000000000000e-03,500,2
11932,5.000000000000e-03,1.000000000000e-03,500,0
11933,5.000000000000e-03,1.000000000000e-03,500,1
11934,5.000000000000e-03,1.000000000000e-03,500,3
11935,5.000000000000e-03,1.000000000000e-03,500,2
11936,5.000000000000e-03,1.000000000000e-03,500,2
11937,5.000000000000e-03,1.000000000000e-03,500,1
11938,5.000000000000e-03,1.000000000000e-03,500,0
11939,5.000000000000e-03,1.000000000000e-03,500,0
11940,5.000000000000e-03,1.000000000000e-03,500,2
11941,5.000000000000e-03,1.000000000000e-03,500,0
11942,5.000000000000e-03,1.000000000000e-03,500,1
11943,5.000000000000e-03,1.000000000000e-03,500,2
11944,5.000000000000e-03,1.000000000000e-03,500,1
11945,5.000000000000e-03,1.000000000000e-03,500,2
11946,5.000000000000e-03,1.000000000000e-03,500,0
11947,5.000000000000e-03,1.000000000000e-03,500,0
11948,5.000000000000e-03,1.000000000000e-03,500,2
11949,5.000000000000e-03,1.000000000000e-03,500,1
11950,5.000000000000e-03,1.000000000000e-03,500,0
11951,5.000000000000e-03,1.000000000000e-03,500,2
11952,5.000000000000e-03,1.000000000000e-03,500,2
11953,5.000000000000e-03,1.000000000000e-03,500,0
11954,5.000000000000e-03,1.000000000000e-03,500,0
11955,5.000000000000e-03,1.000000000000e-03,500,0
11956,5.000000000000e-03,1.000000000000e-03,500,1
11957,5.000000000000e-03,1.000000000000e-03,500,2
11958,5.000000000000e-03,1.000000000000e-03,500,1
11959,5.000000000000e-03,1.000000000000e-03,500,3
11960,5.000000000000e-03,1.000000000000e-03,500,1
11961,5.000000000000e-03,1.000000000000e-03,500,1
11962,5.000000000000e-03,1.000000000000e-03,500,1
11963,5.000000000000e-03,1.000000000000e-03,500,3
11964,5.000000000000e-03,1.000000000000e-03,500,1
11965,5.000000000000e-03,1.000000000000e-03,500,0
11966,5.000000000000e-03,1.000000000000e-03,500,2
11967,5.000000000000e-03,1.000000000000e-03,500,1
11968,5.000000000000e-03,1.000000000000e-03,500,2
11969,5.000000000000e-03,1.000000000000e-03,500,0
11970,5.000000000000e-03,1.000000000000e-03,500,2
11971,5.000000000000e-03,1.000000000000e-03,500,1
11972,5.000000000000e-03,1.000000000000e-03,500,4
11973,5.000000000000e-03,1.000000000000e-03,500,1
11974,5.000000000000e-03,1.000000000000e-03,500,1
11975,5.000000000000e-03,1.000000000000e-03,500,0
11976,5.000000000000e-03,1.000000000000e-03,500,0
11977,5.000000000000e-03,1.000000000000e-03,500,0
11978,5.000000000000e-03,1.000000000000e-03,500,1
11979,5.000000000000e-03,1.000000000000e-03,500,1
11980,5.000000000000e-03,1.000000000000e-03,500,4
11981,5.000000000000e-03,1.000000000000e-03,500,2
11982,5.000000000000e-03,1.000000000000e-03,500,1
11983,5.000000000000e-03,1.000000000000e-03,500,0
11984,5.000000000000e-03,1.000000000000e-03,500,1
11985,5.000000000000e-03,1.000000000000e-03,500,3
11986,5.000000000000e-03,1.000000000000e-03,500,2
11987,5.000000000000e-03,1.000000000000e-03,500,2
11988,5.000000000000e-03,1.000000000000e-03,500,1
11989,5.000000000000e-03,1.000000000000e-03,500,2
11990,5.000000000000e-03,1.000000000000e-03,500,1
11991,5.000000000000e-03,1.000000000000e-03,500,1
11992,5.000000000000e-03,1.000000000000e-03,500,2
11993,5.000000000000e-03,1.000000000000e-03,500,0
11994,5.000000000000e-03,1.000000000000e-03,500,0
11995,5.000000000000e-03,1.000000000000e-03,500,0
11996,5.000000000000e-03,1.000000000000e-03,500,2
11997,5.000000000000e-03,1.000000000000e-03,500,1
11998,5.000000000000e-03,1.000000000000e-03,500,1
11999,5.000000000000e-03,1.000000000000e-03,500,1
12000,5.000000000000e-03,1.000000000000e-03,500,2
12001,5.000000000000e-03,1.000000000000e-03,1000,3
12002,5.000000000000e-03,1.000000000000e-03,1000,1
12003,5.000000000000e-03,1.000000000000e-03,1000,4
12004,5.000000000000e-03,1.000000000000e-03,1000,2
12005,5.000000000000e-03,1.000000000000e-03,1000,2
12006,5.000000000000e-03,1.000000000000e-03,1000,4
12007,5.000000000000e-03,1.000000000000e-03,1000,0
12008,5.000000000000e-03,1.000000000000e-03,1000,2
12009,5.000000000000e-03,1.000000000000e-03,1000,1
12010,5.000000000000e-03,1.000000000000e-03,1000,2
12011,5.000000000000e-03,1.000000000000e-03,1000,2
12012,5.000000000000e-03,1.000000000000e-03,1000,3
12013,5.000000000000e-03,1.000000000000e-03,1000,2
12014,5.000000000000e-03,1.000000000000e-03,1000,4
12015,5.000000000000e-03,1.000000000000e-03,1000,1
12016,5.000000000000e-03,1.000000000000e-03,1000,2
12017,5.000000000000e-03,1.000000000000e-03,1000,6
12018,5.000000000000e-03,1.000000000000e-03,1000,2
12019,5.000000000000e-03,1.000000000000e-03,1000,1
12020,5.000000000000e-03,1.000000000000e-03,1000,3
12021,5.000000000000e-03,1.000000000000e-03,1000,5
12022,5.000000000000e-03,1.000000000000e-03,1000,2
12023,5.000000000000e-03,1.000000000000e-03,1000,3
12024,5.000000000000e-03,1.000000000000e-03,1000,3
12025,5.000000000000e-03,1.000000000000e-03,1000,2
12026,5.000000000000e-03,1.000000000000e-03,1000,5
12027,5.000000000000e-03,1.000000000000e-03,1000,0
12028,5.000000000000e-03,1.000000000000e-03,1000,4
12029,5.000000000000e-03,1.000000000000e-03,1000,4
12030,5.000000000000e-03,1.000000000000e-03,1000,8
12031,5.000000000000e-03,1.000000000000e-03,1000,2
12032,5.000000000000e-03,1.000000000000e-03,1000,1
12033,5.000000000000e-03,1.000000000000e-03,1000,2
12034,5.000000000000e-03,1.000000000000e-03,1000,5
12035,5.000000000000e-03,1.000000000000e-03,1000,1
12036,5.000000000000e-03,1.000000000000e-03,1000,2
12037,5.000000000000e-03,1.000000000000e-03,1000,4
12038,5.000000000000e-03,1.000000000000e-03,1000,5
12039,5.000000000000e-03,1.000000000000e-03,1000,2
12040,5.000000000000e-03,1.000000000000e-03,1000,5
12041,5.000000000000e-03,1.000000000000e-03,1000,5
12042,5.000000000000e-03,1.000000000000e-03,1000,4
12043,5.000000000000e-03,1.000000000000e-03,1000,0
12044,5.000000000000e-03,1.000000000000e-03,1000,3
12045,5.000000000000e-03,1.000000000000e-03,1000,4
12046,5.000000000000e-03,1.000000000000e-03,1000,0
12047,5.000000000000e-03,1.000000000000e-03,1000,4
12048,5.000000000000e-03,1.000000000000e-03,1000,2
12049,5.000000000000e-03,1.000000000000e-03,1000,4
12050,5.000000000000e-03,1.000000000000e-03,1000,2
12051,5.000000000000e-03,1.000000000000e-03,1000,1
12052,5.000000000000e-03,1.000000000000e-03,1000,9
12053,5.000000000000e-03,1.000000000000e-03,1000,1
12054,5.000000000000e-03,1.000000000000e-03,1000,4
12055,5.000000000000e-03,1.000000000000e-03,1000,6
12056,5.000000000000e-03,1.000000000000e-03,1000,0
12057,5.000000000000e-03,1.000000000000e-03,1000,4
12058,5.000000000000e-03,1.000000000000e-03,1000,4
12059,5.000000000000e-03,1.000000000000e-03,1000,2
12060,5.000000000000e-03,1.000000000000e-03,1000,5
12061,5.000000000000e-03,1.000000000000e-03,1000,1
12062,5.000000000000e-03,1.000000000000e-03,1000,2
12063,5.000000000000e-03,1.000000000000e-03,1000,8
12064,5.000000000000e-03,1.000000000000e-03,1000,3
12065,5.000000000000e-03,1.000000000000e-03,1000,0
12066,5.000000000000e-03,1.000000000000e-03,1000,2
12067,5.000000000000e-03,1.000000000000e-03,1000,4
12068,5.000000000000e-03,1.000000000000e-03,1000,5
12069,5.000000000000e-03,1.000000000000e-03,1000,1
12070,5.000000000000e-03,1.000000000000e-03,1000,2
12071,5.000000000000e-03,1.000000000000e-03,1000,3
12072,5.000000000000e-03,1.000000000000e-03,1000,2
12073,5.000000000000e-03,1.000000000000e-03,1000,0
12074,5.000000000000e-03,1.000000000000e-03,1000,4
12075,5.000000000000e-03,1.000000000000e-03,1000,4
12076,5.000000000000e-03,1.000000000000e-03,1000,2
12077,5.000000000000e-03,1.000000000000e-03,1000,1
12078,5.000000000000e-03,1.000000000000e-03,1000,4
12079,5.000000000000e-03,1.000000000000e-03,1000,1
12080,5.000000000000e-03,1.000000000000e-03,1000,4
12081,5.000000000000e-03,1.000000000000e-03,1000,2
12082,5.000000000000e-03,1.000000000000e-03,1000,1
12083,5.000000000000e-03,1.000000000000e-03,1000,4
12084,5.000000000000e-03,1.000000000000e-03,1000,2
12085,5.000000000000e-03,1.000000000000e-03,1000,1
12086,5.000000000000e-03,1.000000000000e-03,1000,4
12087,5.000000000000e-03,1.000000000000e-03,1000,3
12088,5.000000000000e-03,1.000000000000e-03,1000,3
12089,5.000000000000e-03,1.000000000000e-03,1000,1
12090,5.000000000000e-03,1.000000000000e-03,1000,0
12091,5.000000000000e-03,1.000000000000e-03,1000,0
12092,5.000000000000e-03,1.000000000000e-03,1000,0
12093,5.000000000000e-03,1.000000000000e-03,1000,3
12094,5.000000000000e-03,1.000000000000e-03,1000,5
12095,5.000000000000e-03,1.000000000000e-03,1000,4
12096,5.000000000000e-03,1.000000000000e-03,1000,1
12097,5.000000000000e-03,1.000000000000e-03,1000,0
12098,5.000000000000e-03,1.000000000000e-03,1000,4
12099,5.000000000000e-03,1.000000000000e-03,1000,5
12100,5.000000000000e-03,1.000000000000e-03,1000,3
12101,5.000000000000e-03,1.000000000000e-03,1000,3
12102,5.000000000000e-03,1.000000000000e-03,1000,0
12103,5.000000000000e-03,1.000000000000e-03,1000,2
12104,5.000000000000e-03,1.000000000000e-03,1000,3
12105,5.000000000000e-03,1.000000000000e-03,1000,6
12106,5.000000000000e-03,1.000000000000e-03,1000,1
12107,5.000000000000e-03,1.000000000000e-03,1000,2
12108,5.000000000000e-03,1.000000000000e-03,1000,4
12109,5.000000000000e-03,1.000000000000e-03,1000,6
12110,5.000000000000e-03,1.000000000000e-03,1000,2
12111,5.000000000000e-03,1.000000000000e-03,1000,3
12112,5.000000000000e-03,1.000000000000e-03,1000,5
12113,5.000000000000e-03,1.000000000000e-03,1000,1
12114,5.000000000000e-03,1.000000000000e-03,1000,4
12115,5.000000000000e-03,1.000000000000e-03,1000,5
12116,5.000000000000e-03,1.000000000000e-03,1000,3
12117,5.000000000000e-03,1.000000000000e-03,1000,1
12118,5.000000000000e-03,1.000000000000e-03,1000,2
12119,5.000000000000e-03,1.000000000000e-03,1000,2
12120,5.000000000000e-03,1.000000000000e-03,1000,3
12121,5.000000000000e-03,1.000000000000e-03,1000,6
12122,5.000000000000e-03,1.000000000000e-03,1000,3
12123,5.000000000000e-03,1.000000000000e-03,1000,3
12124,5.000000000000e-03,1.000000000000e-03,1000,2
12125,5.000000000000e-03,1.000000000000e-03,1000,1
12126,5.000000000000e-03,1.000000000000e-03,1000,5
12127,5.000000000000e-03,1.000000000000e-03,1000,4
12128,5.000000000000e-03,1.000000000000e-03,1000,3
12129,5.000000000000e-03,1.000000000000e-03,1000,5
12130,5.000000000000e-03,1.000000000000e-03,1000,5
12131,5.000000000000e-03,1.000000000000e-03,1000,1
12132,5.000000000000e-03,1.000000000000e-03,1000,3
12133,5.000000000000e-03,1.000000000000e-03,1000,2
12134,5.000000000000e-03,1.000000000000e-03,1000,4
12135,5.000000000000e-03,1.000000000000e-03,1000,3
12136,5.000000000000e-03,1.000000000000e-03,1000,4
12137,5.000000000000e-03,1.000000000000e-03,1000,1
12138,5.000000000000e-03,1.000000000000e-03,1000,5
12139,5.000000000000e-03,1.000000000000e-03,1000,5
12140,5.000000000000e-03,1.000000000000e-03,1000,2
12141,5.000000000000e-03,1.000000000000e-03,1000,3
12142,5.000000000000e-03,1.000000000000e-03,1000,2
12143,5.000000000000e-03,1.000000000000e-03,1000,5
12144,5.000000000000e-03,1.000000000000e-03,1000,1
12145,5.000000000000e-03,1.000000000000e-03,1000,1
12146,5.000000000000e-03,1.000000000000e-03,1000,1
12147,5.000000000000e-03,1.000000000000e-03,1000,1
12148,5.000000000000e-03,1.000000000000e-03,1000,1
12149,5.000000000000e-03,1.000000000000e-03,1000,4
12150,5.000000000000e-03,1.000000000000e-03,1000,2
12151,5.000000000000e-03,1.000000000000e-03,1000,1
12152,5.000000000000e-03,1.000000000000e-03,1000,1
12153,5.000000000000e-03,1.000000000000e-03,1000,5
12154,5.000000000000e-03,1.000000000000e-03,1000,4
12155,5.000000000000e-03,1.000000000000e-03,1000,4
12156,5.000000000000e-03,1.000000000000e-03,1000,0
12157,5.000000000000e-03,1.000000000000e-03,1000,4
12158,5.000000000000e-03,1.000000000000e-03,1000,5
12159,5.000000000000e-03,1.000000000000e-03,1000,5
12160,5.000000000000e-03,1.000000000000e-03,1000,1
12161,5.000000000000e-03,1.000000000000e-03,1000,4
12162,5.000000000000e-03,1.000000000000e-03,1000,2
12163,5.000000000000e-03,1.000000000000e-03,1000,3
12164,5.000000000000e-03,1.000000000000e-03,1000,2
12165,5.000000000000e-03,1.000000000000e-03,1000,2
12166,5.000000000000e-03,1.000000000000e-03,1000,2
12167,5.000000000000e-03,1.000000000000e-03,1000,2
12168,5.000000000000e-03,1.000000000000e-03,1000,7
12169,5.000000000000e-03,1.000000000000e-03,1000,1
12170,5.000000000000e-03,1.000000000000e-03,1000,2
12171,5.000000000000e-03,1.000000000000e-03,1000,6
12172,5.000000000000e-03,1.000000000000e-03,1000,4
12173,5.000000000000e-03,1.000000000000e-03,1000,4
12174,5.000000000000e-03,1.000000000000e-03,1000,1
12175,5.000000000000e-03,1.000000000000e-03,1000,2
12176,5.000000000000e-03,1.000000000000e-03,1000,4
12177,5.000000000000e-03,1.000000000000e-03,1000,2
12178,5.000000000000e-03,1.000000000000e-03,1000,0
12179,5.000000000000e-03,1.000000000000e-03,1000,3
12180,5.000000000000e-03,1.000000000000e-03,1000,3
12181,5.000000000000e-03,1.000000000000e-03,1000,4
12182,5.000000000000e-03,1.000000000000e-03,1000,3
12183,5.000000000000e-03,1.000000000000e-03,1000,2
12184,5.000000000000e-03,1.000000000000e-03,1000,3
12185,5.000000000000e-03,1.000000000000e-03,1000,4
12186,5.000000000000e-03,1.000000000000e-03,1000,1
12187,5.000000000000e-03,1.000000000000e-03,1000,1
12188,5.000000000000e-03,1.000000000000e-03,1000,1
12189,5.000000000000e-03,1.000000000000e-03,1000,2
12190,5.000000000000e-03,1.000000000000e-03,1000,5
12191,5.000000000000e-03,1.000000000000e-03,1000,2
12192,5.000000000000e-03,1.000000000000e-03,1000,2
12193,5.000000000000e-03,1.000000000000e-03,1000,6
12194,5.000000000000e-03,1.000000000000e-03,1000,1
12195,5.000000000000e-03,1.000000000000e-03,1000,1
12196,5.000000000000e-03,1.000000000000e-03,1000,2
12197,5.000000000000e-03,1.000000000000e-03,1000,2
12198,5.000000000000e-03,1.000000000000e-03,1000,3
12199,5.000000000000e-03,1.000000000000e-03,1000,4
12200,5.000000000000e-03,1.000000000000e-03,1000,0
12201,5.000000000000e-03,1.000000000000e-03,1000,4
12202,5.000000000000e-03,1.000000000000e-03,1000,2
12203,5.000000000000e-03,1.000000000000e-03,1000,3
12204,5.000000000000e-03,1.000000000000e-03,1000,3
12205,5.000000000000e-03,1.000000000000e-03,1000,3
12206,5.000000000000e-03,1.000000000000e-03,1000,6
12207,5.000000000000e-03,1.000000000000e-03,1000,1
12208,5.000000000000e-03,1.000000000000e-03,1000,4
12209,5.000000000000e-03,1.000000000000e-03,1000,2
12210,5.000000000000e-03,1.000000000000e-03,1000,7
12211,5.000000000000e-03,1.000000000000e-03,1000,6
12212,5.000000000000e-03,1.000000000000e-03,1000,2
12213,5.000000000000e-03,1.000000000000e-03,1000,1
12214,5.000000000000e-03,1.000000000000e-03,1000,3
12215,5.000000000000e-03,1.000000000000e-03,1000,2
12216,5.000000000000e-03,1.000000000000e-03,1000,3
12217,5.000000000000e-03,1.000000000000e-03,1000,5
12218,5.000000000000e-03,1.000000000000e-03,1000,2
12219,5.000000000000e-03,1.000000000000e-03,1000,7
12220,5.000000000000e-03,1.000000000000e-03,1000,2
12221,5.000000000000e-03,1.000000000000e-03,1000,4
12222,5.000000000000e-03,1.000000000000e-03,1000,2
12223,5.000000000000e-03,1.000000000000e-03,1000,2
12224,5.000000000000e-03,1.000000000000e-03,1000,0
12225,5.000000000000e-03,1.000000000000e-03,1000,2
12226,5.000000000000e-03,1.000000000000e-03,1000,3
12227,5.000000000000e-03,1.000000000000e-03,1000,1
12228,5.000000000000e-03,1.000000000000e-03,1000,1
12229,5.000000000000e-03,1.000000000000e-03,1000,3
12230,5.000000000000e-03,1.000000000000e-03,1000,4
12231,5.000000000000e-03,1.000000000000e-03,1000,4
12232,5.000000000000e-03,1.000000000000e-03,1000,2
12233,5.000000000000e-03,1.000000000000e-03,1000,2
12234,5.000000000000e-03,1.000000000000e-03,1000,3
12235,5.000000000000e-03,1.000000000000e-03,1000,1
12236,5.000000000000e-03,1.000000000000e-03,1000,1
12237,5.000000000000e-03,1.000000000000e-03,1000,6
12238,5.000000000000e-03,1.000000000000e-03,1000,4
12239,5.000000000000e-03,1.000000000000e-03,1000,4
12240,5.000000000000e-03,1.000000000000e-03,1000,3
12241,5.000000000000e-03,1.000000000000e-03,1000,5
12242,5.000000000000e-03,1.000000000000e-03,1000,4
12243,5.000000000000e-03,1.000000000000e-03,1000,1
12244,5.000000000000e-03,1.000000000000e-03,1000,0
12245,5.000000000000e-03,1.000000000000e-03,1000,2
12246,5.000000000000e-03,1.000000000000e-03,1000,1
12247,5.000000000000e-03,1.000000000000e-03,1000,1
12248,5.000000000000e-03,1.000000000000e-03,1000,4
12249,5.000000000000e-03,1.000000000000e-03,1000,1
12250,5.000000000000e-03,1.000000000000e-03,1000,3
12251,5.000000000000e-03,1.000000000000e-03,1000,3
12252,5.000000000000e-03,1.000000000000e-03,1000,3
12253,5.000000000000e-03,1.000000000000e-03,1000,4
12254,5.000000000000e-03,1.000000000000e-03,1000,7
12255,5.000000000000e-03,1.000000000000e-03,1000,3
12256,5.000000000000e-03,1.000000000000e-03,1000,5
12257,5.000000000000e-03,1.000000000000e-03,1000,4
12258,5.000000000000e-03,1.000000000000e-03,1000,6
12259,5.000000000000e-03,1.000000000000e-03,1000,2
12260,5.000000000000e-03,1.000000000000e-03,1000,0
12261,5.000000000000e-03,1.000000000000e-03,1000,5
12262,5.000000000000e-03,1.000000000000e-03,1000,2
12263,5.000000000000e-03,1.000000000000e-03,1000,4
12264,5.000000000000e-03,1.000000000000e-03,1000,3
12265,5.000000000000e-03,1.000000000000e-03,1000,6
12266,5.000000000000e-03,1.000000000000e-03,1000,5
12267,5.000000000000e-03,1.000000000000e-03,1000,2
12268,5.000000000000e-03,1.000000000000e-03,1000,1
12269,5.000000000000e-03,1.000000000000e-03,1000,6
12270,5.000000000000e-03,1.000000000000e-03,1000,2
12271,5.000000000000e-03,1.000000000000e-03,1000,3
12272,5.000000000000e-03,1.000000000000e-03,1000,1
12273,5.000000000000e-03,1.000000000000e-03,1000,1
12274,5.000000000000e-03,1.000000000000e-03,1000,0
12275,5.000000000000e-03,1.000000000000e-03,1000,1
12276,5.000000000000e-03,1.000000000000e-03,1000,0
12277,5.000000000000e-03,1.000000000000e-03,1000,3
12278,5.000000000000e-03,1.000000000000e-03,1000,1
12279,5.000000000000e-03,1.000000000000e-03,1000,1
12280,5.000000000000e-03,1.000000000000e-03,1000,4
12281,5.000000000000e-03,1.000000000000e-03,1000,2
12282,5.000000000000e-03,1.000000000000e-03,1000,2
12283,5.000000000000e-03,1.000000000000e-03,1000,2
12284,5.000000000000e-03,1.000000000000e-03,1000,3
12285,5.000000000000e-03,1.000000000000e-03,1000,3
12286,5.000000000000e-03,1.000000000000e-03,1000,2
12287,5.000000000000e-03,1.000000000000e-03,1000,4
12288,5.000000000000e-03,1.000000000000e-03,1000,0
12289,5.000000000000e-03,1.000000000000e-03,1000,5
12290,5.000000000000e-03,1.000000000000e-03,1000,2
12291,5.000000000000e-03,1.000000000000e-03,1000,2
12292,5.000000000000e-03,1.000000000000e-03,1000,3
12293,5.000000000000e-03,1.000000000000e-03,1000,2
12294,5.000000000000e-03,1.000000000000e-03,1000,2
12295,5.000000000000e-03,1.000000000000e-03,1000,4
12296,5.000000000000e-03,1.000000000000e-03,1000,5
12297,5.000000000000e-03,1.000000000000e-03,1000,1
12298,5.000000000000e-03,1.000000000000e-03,1000,0
12299,5.000000000000e-03,1.000000000000e-03,1000,2
12300,5.000000000000e-03,1.000000000000e-03,1000,5
12301,5.000000000000e-03,1.000000000000e-03,1000,3
12302,5.000000000000e-03,1.000000000000e-03,1000,3
12303,5.000000000000e-03,1.000000000000e-03,1000,3
12304,5.000000000000e-03,1.000000000000e-03,1000,2
12305,5.000000000000e-03,1.000000000000e-03,1000,1
12306,5.000000000000e-03,1.000000000000e-03,1000,4
12307,5.000000000000e-03,1.000000000000e-03,1000,1
12308,5.000000000000e-03,1.000000000000e-03,1000,2
12309,5.000000000000e-03,1.000000000000e-03,1000,2
12310,5.000000000000e-03,1.000000000000e-03,1000,2
12311,5.000000000000e-03,1.000000000000e-03,1000,3
12312,5.000000000000e-03,1.000000000000e-03,1000,5
12313,5.000000000000e-03,1.000000000000e-03,1000,3
12314,5.000000000000e-03,1.000000000000e-03,1000,2
12315,5.000000000000e-03,1.000000000000e-03,1000,2
12316,5.000000000000e-03,1.000000000000e-03,1000,1
12317,5.000000000000e-03,1.000000000000e-03,1000,3
12318,5.000000000000e-03,1.000000000000e-03,1000,1
12319,5.000000000000e-03,1.000000000000e-03,1000,2
12320,5.000000000000e-03,1.000000000000e-03,1000,2
12321,5.000000000000e-03,1.000000000000e-03,1000,3
12322,5.000000000000e-03,1.000000000000e-03,1000,1
12323,5.000000000000e-03,1.000000000000e-03,1000,0
12324,5.000000000000e-03,1.000000000000e-03,1000,2
12325,5.000000000000e-03,1.000000000000e-03,1000,1
12326,5.000000000000e-03,1.000000000000e-03,1000,0
12327,5.000000000000e-03,1.000000000000e-03,1000,3
12328,5.000000000000e-03,1.000000000000e-03,1000,5
12329,5.000000000000e-03,1.000000000000e-03,1000,5
12330,5.000000000000e-03,1.000000000000e-03,1000,1
12331,5.000000000000e-03,1.000000000000e-03,1000,2
12332,5.000000000000e-03,1.000000000000e-03,1000,1
12333,5.000000000000e-03,1.000000000000e-03,1000,2
12334,5.000000000000e-03,1.000000000000e-03,1000,3
12335,5.000000000000e-03,1.000000000000e-03,1000,2
12336,5.000000000000e-03,1.000000000000e-03,1000,1
12337,5.000000000000e-03,1.000000000000e-03,1000,4
12338,5.000000000000e-03,1.000000000000e-03,1000,2
12339,5.000000000000e-03,1.000000000000e-03,1000,3
12340,5.000000000000e-03,1.000000000000e-03,1000,2
12341,5.000000000000e-03,1.000000000000e-03,1000,0
12342,5.000000000000e-03,1.000000000000e-03,1000,3
12343,5.000000000000e-03,1.000000000000e-03,1000,4
12344,5.000000000000e-03,1.000000000000e-03,1000,4
12345,5.000000000000e-03,1.000000000000e-03,1000,4
12346,5.000000000000e-03,1.000000000000e-03,1000,1
12347,5.000000000000e-03,1.000000000000e-03,1000,0
12348,5.000000000000e-03,1.000000000000e-03,1000,1
12349,5.000000000000e-03,1.000000000000e-03,1000,1
12350,5.000000000000e-03,1.000000000000e-03,1000,2
12351,5.000000000000e-03,1.000000000000e-03,1000,1
12352,5.000000000000e-03,1.000000000000e-03,1000,2
12353,5.000000000000e-03,1.000000000000e-03,1000,4
12354,5.000000000000e-03,1.000000000000e-03,1000,2
12355,5.000000000000e-03,1.000000000000e-03,1000,1
12356,5.000000000000e-03,1.000000000000e-03,1000,1
12357,5.000000000000e-03,1.000000000000e-03,1000,3
12358,5.000000000000e-03,1.000000000000e-03,1000,3
12359,5.000000000000e-03,1.000000000000e-03,1000,1
12360,5.000000000000e-03,1.000000000000e-03,1000,1
12361,5.000000000000e-03,1.000000000000e-03,1000,1
12362,5.000000000000e-03,1.000000000000e-03,1000,2
12363,5.000000000000e-03,1.000000000000e-03,1000,5
12364,5.000000000000e-03,1.000000000000e-03,1000,1
12365,5.000000000000e-03,1.000000000000e-03,1000,0
12366,5.000000000000e-03,1.000000000000e-03,1000,4
12367,5.000000000000e-03,1.000000000000e-03,1000,3
12368,5.000000000000e-03,1.000000000000e-03,1000,4
12369,5.000000000000e-03,1.000000000000e-03,1000,4
12370,5.000000000000e-03,1.000000000000e-03,1000,2
12371,5.000000000000e-03,1.000000000000e-03,1000,5
12372,5.000000000000e-03,1.000000000000e-03,1000,1
12373,5.000000000000e-03,1.000000000000e-03,1000,3
12374,5.000000000000e-03,1.000000000000e-03,1000,2
12375,5.000000000000e-03,1.000000000000e-03,1000,1
12376,5.000000000000e-03,1.000000000000e-03,1000,2
12377,5.000000000000e-03,1.000000000000e-03,1000,1
12378,5.000000000000e-03,1.000000000000e-03,1000,0
12379,5.000000000000e-03,1.000000000000e-03,1000,2
12380,5.000000000000e-03,1.000000000000e-03,1000,4
12381,5.000000000000e-03,1.000000000000e-03,1000,1
12382,5.000000000000e-03,1.000000000000e-03,1000,1
12383,5.000000000000e-03,1.000000000000e-03,1000,1
12384,5.000000000000e-03,1.000000000000e-03,1000,4
12385,5.000000000000e-03,1.000000000000e-03,1000,2
12386,5.000000000000e-03,1.000000000000e-03,1000,4
12387,5.000000000000e-03,1.000000000000e-03,1000,2
12388,5.000000000000e-03,1.000000000000e-03,1000,2
12389,5.000000000000e-03,1.000000000000e-03,1000,2
12390,5.000000000000e-03,1.000000000000e-03,1000,1
12391,5.000000000000e-03,1.000000000000e-03,1000,3
12392,5.000000000000e-03,1.000000000000e-03,1000,5
12393,5.000000000000e-03,1.000000000000e-03,1000,2
12394,5.000000000000e-03,1.000000000000e-03,1000,5
12395,5.000000000000e-03,1.000000000000e-03,1000,2
12396,5.000000000000e-03,1.000000000000e-03,1000,4
12397,5.000000000000e-03,1.000000000000e-03,1000,2
12398,5.000000000000e-03,1.000000000000e-03,1000,3
12399,5.000000000000e-03,1.000000000000e-03,1000,3
12400,5.000000000000e-03,1.000000000000e-03,1000,1
12401,5.000000000000e-03,1.000000000000e-03,2000,6
12402,5.000000000000e-03,1.000000000000e-03,2000,10
12403,5.000000000000e-03,1.000000000000e-03,2000,5
12404,5.000000000000e-03,1.000000000000e-03,2000,6
12405,5.000000000000e-03,1.000000000000e-03,2000,7
12406,5.000000000000e-03,1.000000000000e-03,2000,4
12407,5.000000000000e-03,1.000000000000e-03,2000,8
12408,5.000000000000e-03,1.000000000000e-03,2000,7
12409,5.000000000000e-03,1.000000000000e-03,2000,3
12410,5.000000000000e-03,1.000000000000e-03,2000,4
12411,5.000000000000e-03,1.000000000000e-03,2000,10
12412,5.000000000000e-03,1.000000000000e-03,2000,6
12413,5.000000000000e-03,1.000000000000e-03,2000,6
12414,5.000000000000e-03,1.000000000000e-03,2000,5
12415,5.000000000000e-03,1.000000000000e-03,2000,3
12416,5.000000000000e-03,1.000000000000e-03,2000,6
12417,5.000000000000e-03,1.000000000000e-03,2000,5
12418,5.000000000000e-03,1.000000000000e-03,2000,7
12419,5.000000000000e-03,1.000000000000e-03,2000,6
12420,5.000000000000e-03,1.000000000000e-03,2000,4
12421,5.000000000000e-03,1.000000000000e-03,2000,6
12422,5.000000000000e-03,1.000000000000e-03,2000,2
12423,5.000000000000e-03,1.000000000000e-03,2000,7
12424,5.000000000000e-03,1.000000000000e-03,2000,6
12425,5.000000000000e-03,1.000000000000e-03,2000,3
12426,5.000000000000e-03,1.000000000000e-03,2000,5
12427,5.000000000000e-03,1.000000000000e-03,2000,4
12428,5.000000000000e-03,1.000000000000e-03,2000,11
12429,5.000000000000e-03,1.000000000000e-03,2000,7
12430,5.000000000000e-03,1.000000000000e-03,2000,7
12431,5.000000000000e-03,1.000000000000e-03,2000,9
12432,5.000000000000e-03,1.000000000000e-03,2000,6
12433,5.000000000000e-03,1.000000000000e-03,2000,6
12434,5.000000000000e-03,1.000000000000e-03,2000,3
12435,5.000000000000e-03,1.000000000000e-03,2000,5
12436,5.000000000000e-03,1.000000000000e-03,2000,3
12437,5.000000000000e-03,1.000000000000e-03,2000,8
12438,5.000000000000e-03,1.000000000000e-03,2000,6
12439,5.000000000000e-03,1.000000000000e-03,2000,3
12440,5.000000000000e-03,1.000000000000e-03,2000,1
12441,5.000000000000e-03,1.000000000000e-03,2000,4
12442,5.000000000000e-03,1.000000000000e-03,2000,10
12443,5.000000000000e-03,1.000000000000e-03,2000,7
12444,5.000000000000e-03,1.000000000000e-03,2000,6
12445,5.000000000000e-03,1.000000000000e-03,2000,6
12446,5.000000000000e-03,1.000000000000e-03,2000,3
12447,5.000000000000e-03,1.000000000000e-03,2000,0
12448,5.000000000000e-03,1.000000000000e-03,2000,5
12449,5.000000000000e-03,1.000000000000e-03,2000,7
12450,5.000000000000e-03,1.000000000000e-03,2000,6
12451,5.000000000000e-03,1.000000000000e-03,2000,5
12452,5.000000000000e-03,1.000000000000e-03,2000,5
12453,5.000000000000e-03,1.000000000000e-03,2000,9
12454,5.000000000000e-03,1.000000000000e-03,2000,6
12455,5.000000000000e-03,1.000000000000e-03,2000,4
12456,5.000000000000e-03,1.000000000000e-03,2000,5
12457,5.000000000000e-03,1.000000000000e-03,2000,4
12458,5.000000000000e-03,1.000000000000e-03,2000,7
12459,5.000000000000e-03,1.000000000000e-03,2000,3
12460,5.000000000000e-03,1.000000000000e-03,2000,6
12461,5.000000000000e-03,1.000000000000e-03,2000,4
12462,5.000000000000e-03,1.000000000000e-03,2000,11
12463,5.000000000000e-03,1.000000000000e-03,2000,4
12464,5.000000000000e-03,1.000000000000e-03,2000,4
12465,5.000000000000e-03,1.000000000000e-03,2000,4
12466,5.000000000000e-03,1.000000000000e-03,2000,6
12467,5.000000000000e-03,1.000000000000e-03,2000,2
12468,5.000000000000e-03,1.000000000000e-03,2000,6
12469,5.000000000000e-03,1.000000000000e-03,2000,6
12470,5.000000000000e-03,1.000000000000e-03,2000,5
12471,5.000000000000e-03,1.000000000000e-03,2000,6
12472,5.000000000000e-03,1.000000000000e-03,2000,4
12473,5.000000000000e-03,1.000000000000e-03,2000,6
12474,5.000000000000e-03,1.000000000000e-03,2000,9
12475,5.000000000000e-03,1.000000000000e-03,2000,0
12476,5.000000000000e-03,1.000000000000e-03,2000,6
12477,5.000000000000e-03,1.000000000000e-03,2000,2
12478,5.000000000000e-03,1.000000000000e-03,2000,5
12479,5.000000000000e-03,1.000000000000e-03,2000,8
12480,5.000000000000e-03,1.000000000000e-03,2000,6
12481,5.000000000000e-03,1.000000000000e-03,2000,5
12482,5.000000000000e-03,1.000000000000e-03,2000,6
12483,5.000000000000e-03,1.000000000000e-03,2000,5
12484,5.000000000000e-03,1.000000000000e-03,2000,4
12485,5.000000000000e-03,1.000000000000e-03,2000,3
12486,5.000000000000e-03,1.000000000000e-03,2000,2
12487,5.000000000000e-03,1.000000000000e-03,2000,8
12488,5.000000000000e-03,1.000000000000e-03,2000,9
12489,5.000000000000e-03,1.000000000000e-03,2000,3
12490,5.000000000000e-03,1.000000000000e-03,2000,2
12491,5.000000000000e-03,1.000000000000e-03,2000,7
12492,5.000000000000e-03,1.000000000000e-03,2000,6
12493,5.000000000000e-03,1.000000000000e-03,2000,4
12494,5.000000000000e-03,1.000000000000e-03,2000,5
12495,5.000000000000e-03,1.000000000000e-03,2000,2
12496,5.000000000000e-03,1.000000000000e-03,2000,7
12497,5.000000000000e-03,1.000000000000e-03,2000,6
12498,5.000000000000e-03,1.000000000000e-03,2000,4
12499,5.000000000000e-03,1.000000000000e-03,2000,3
12500,5.000000000000e-03,1.000000000000e-03,2000,6
12501,5.000000000000e-03,1.000000000000e-03,2000,9
12502,5.000000000000e-03,1.000000000000e-03,2000,7
12503,5.000000000000e-03,1.000000000000e-03,2000,1
12504,5.000000000000e-03,1.000000000000e-03,2000,3
12505,5.000000000000e-03,1.000000000000e-03,2000,7
12506,5.000000000000e-03,1.000000000000e-03,2000,2
12507,5.000000000000e-03,1.000000000000e-03,2000,13
12508,5.000000000000e-03,1.000000000000e-03,2000,8
12509,5.000000000000e-03,1.000000000000e-03,2000,6
12510,5.000000000000e-03,1.000000000000e-03,2000,6
12511,5.000000000000e-03,1.000000000000e-03,2000,4
12512,5.000000000000e-03,1.000000000000e-03,2000,10
12513,5.000000000000e-03,1.000000000000e-03,2000,2
12514,5.000000000000e-03,1.000000000000e-03,2000,7
12515,5.000000000000e-03,1.000000000000e-03,2000,9
12516,5.000000000000e-03,1.000000000000e-03,2000,5
12517,5.000000000000e-03,1.000000000000e-03,2000,6
12518,5.000000000000e-03,1.000000000000e-03,2000,3
12519,5.000000000000e-03,1.000000000000e-03,2000,5
12520,5.000000000000e-03,1.000000000000e-03,2000,4
12521,5.000000000000e-03,1.000000000000e-03,2000,3
12522,5.000000000000e-03,1.000000000000e-03,2000,4
12523,5.000000000000e-03,1.000000000000e-03,2000,8
12524,5.000000000000e-03,1.000000000000e-03,2000,7
12525,5.000000000000e-03,1.000000000000e-03,2000,1
12526,5.000000000000e-03,1.000000000000e-03,2000,8
12527,5.000000000000e-03,1.000000000000e-03,2000,3
12528,5.000000000000e-03,1.000000000000e-03,2000,2
12529,5.000000000000e-03,1.000000000000e-03,2000,6
12530,5.000000000000e-03,1.000000000000e-03,2000,4
12531,5.000000000000e-03,1.000000000000e-03,2000,5
12532,5.000000000000e-03,1.000000000000e-03,2000,8
12533,5.000000000000e-03,1.000000000000e-03,2000,3
12534,5.000000000000e-03,1.000000000000e-03,2000,7
12535,5.000000000000e-03,1.000000000000e-03,2000,6
12536,5.000000000000e-03,1.000000000000e-03,2000,1
12537,5.000000000000e-03,1.000000000000e-03,2000,4
12538,5.000000000000e-03,1.000000000000e-03,2000,4
12539,5.000000000000e-03,1.000000000000e-03,2000,7
12540,5.000000000000e-03,1.000000000000e-03,2000,3
12541,5.000000000000e-03,1.000000000000e-03,2000,10
12542,5.000000000000e-03,1.000000000000e-03,2000,3
12543,5.000000000000e-03,1.000000000000e-03,2000,6
12544,5.000000000000e-03,1.000000000000e-03,2000,9
12545,5.000000000000e-03,1.000000000000e-03,2000,5
12546,5.000000000000e-03,1.000000000000e-03,2000,8
12547,5.000000000000e-03,1.000000000000e-03,2000,10
12548,5.000000000000e-03,1.000000000000e-03,2000,4
12549,5.000000000000e-03,1.000000000000e-03,2000,10
12550,5.000000000000e-03,1.000000000000e-03,2000,2
12551,5.000000000000e-03,1.000000000000e-03,2000,9
12552,5.000000000000e-03,1.000000000000e-03,2000,3
12553,5.000000000000e-03,1.000000000000e-03,2000,7
12554,5.000000000000e-03,1.000000000000e-03,2000,3
12555,5.000000000000e-03,1.000000000000e-03,2000,5
12556,5.000000000000e-03,1.000000000000e-03,2000,5
12557,5.000000000000e-03,1.000000000000e-03,2000,7
12558,5.000000000000e-03,1.000000000000e-03,2000,4
12559,5.000000000000e-03,1.000000000000e-03,2000,9
12560,5.000000000000e-03,1.000000000000e-03,2000,6
12561,5.000000000000e-03,1.000000000000e-03,2000,8
12562,5.000000000000e-03,1.000000000000e-03,2000,6
12563,5.000000000000e-03,1.000000000000e-03,2000,0
12564,5.000000000000e-03,1.000000000000e-03,2000,7
12565,5.000000000000e-03,1.000000000000e-03,2000,1
12566,5.000000000000e-03,1.000000000000e-03,2000,5
12567,5.000000000000e-03,1.000000000000e-03,2000,5
12568,5.000000000000e-03,1.000000000000e-03,2000,6
12569,5.000000000000e-03,1.000000000000e-03,2000,6
12570,5.000000000000e-03,1.000000000000e-03,2000,9
12571,5.000000000000e-03,1.000000000000e-03,2000,5
12572,5.000000000000e-03,1.000000000000e-03,2000,5
12573,5.000000000000e-03,1.000000000000e-03,2000,4
12574,5.000000000000e-03,1.000000000000e-03,2000,4
12575,5.000000000000e-03,1.000000000000e-03,2000,1
12576,5.000000000000e-03,1.000000000000e-03,2000,3
12577,5.000000000000e-03,1.000000000000e-03,2000,5
12578,5.000000000000e-03,1.000000000000e-03,2000,10
12579,5.000000000000e-03,1.000000000000e-03,2000,6
12580,5.000000000000e-03,1.000000000000e-03,2000,7
12581,5.000000000000e-03,1.000000000000e-03,2000,7
12582,5.000000000000e-03,1.000000000000e-03,2000,3
12583,5.000000000000e-03,1.000000000000e-03,2000,5
12584,5.000000000000e-03,1.000000000000e-03,2000,3
12585,5.000000000000e-03,1.000000000000e-03,2000,7
12586,5.000000000000e-03,1.000000000000e-03,2000,3
12587,5.000000000000e-03,1.000000000000e-03,2000,3
12588,5.000000000000e-03,1.000000000000e-03,2000,1
12589,5.000000000000e-03,1.000000000000e-03,2000,5
12590,5.000000000000e-03,1.000000000000e-03,2000,3
12591,5.000000000000e-03,1.000000000000e-03,2000,6
12592,5.000000000000e-03,1.000000000000e-03,2000,4
12593,5.000000000000e-03,1.000000000000e-03,2000,3
12594,5.000000000000e-03,1.000000000000e-03,2000,6
12595,5.000000000000e-03,1.000000000000e-03,2000,3
12596,5.000000000000e-03,1.000000000000e-03,2000,7
12597,5.000000000000e-03,1.000000000000e-03,2000,10
12598,5.000000000000e-03,1.000000000000e-03,2000,4
12599,5.000000000000e-03,1.000000000000e-03,2000,7
12600,5.000000000000e-03,1.000000000000e-03,2000,1
12601,5.000000000000e-03,1.000000000000e-03,2000,5
12602,5.000000000000e-03,1.000000000000e-03,2000,3
12603,5.000000000000e-03,1.000000000000e-03,2000,4
12604,5.000000000000e-03,1.000000000000e-03,2000,1
12605,5.000000000000e-03,1.000000000000e-03,2000,7
12606,5.000000000000e-03,1.000000000000e-03,2000,7
12607,5.000000000000e-03,1.000000000000e-03,2000,7
12608,5.000000000000e-03,1.000000000000e-03,2000,5
12609,5.000000000000e-03,1.000000000000e-03,2000,3
12610,5.000000000000e-03,1.000000000000e-03,2000,4
12611,5.000000000000e-03,1.000000000000e-03,2000,5
12612,5.000000000000e-03,1.000000000000e-03,2000,5
12613,5.000000000000e-03,1.000000000000e-03,2000,5
12614,5.000000000000e-03,1.000000000000e-03,2000,5
12615,5.000000000000e-03,1.000000000000e-03,2000,5
12616,5.000000000000e-03,1.000000000000e-03,2000,4
12617,5.000000000000e-03,1.000000000000e-03,2000,6
12618,5.000000000000e-03,1.000000000000e-03,2000,5
12619,5.000000000000e-03,1.000000000000e-03,2000,6
12620,5.000000000000e-03,1.000000000000e-03,2000,5
12621,5.000000000000e-03,1.000000000000e-03,2000,8
12622,5.000000000000e-03,1.000000000000e-03,2000,7
12623,5.000000000000e-03,1.000000000000e-03,2000,1
12624,5.000000000000e-03,1.000000000000e-03,2000,6
12625,5.000000000000e-03,1.000000000000e-03,2000,4
12626,5.000000000000e-03,1.000000000000e-03,2000,13
12627,5.000000000000e-03,1.000000000000e-03,2000,3
12628,5.000000000000e-03,1.000000000000e-03,2000,7
12629,5.000000000000e-03,1.000000000000e-03,2000,5
12630,5.000000000000e-03,1.000000000000e-03,2000,5
12631,5.000000000000e-03,1.000000000000e-03,2000,4
12632,5.000000000000e-03,1.000000000000e-03,2000,12
12633,5.000000000000e-03,1.000000000000e-03,2000,6
12634,5.000000000000e-03,1.000000000000e-03,2000,3
12635,5.000000000000e-03,1.000000000000e-03,2000,5
12636,5.000000000000e-03,1.000000000000e-03,2000,6
12637,5.000000000000e-03,1.000000000000e-03,2000,5
12638,5.000000000000e-03,1.000000000000e-03,2000,8
12639,5.000000000000e-03,1.000000000000e-03,2000,3
12640,5.000000000000e-03,1.000000000000e-03,2000,7
12641,5.000000000000e-03,1.000000000000e-03,2000,4
12642,5.000000000000e-03,1.000000000000e-03,2000,4
12643,5.000000000000e-03,1.000000000000e-03,2000,7
12644,5.000000000000e-03,1.000000000000e-03,2000,2
12645,5.000000000000e-03,1.000000000000e-03,2000,7
12646,5.000000000000e-03,1.000000000000e-03,2000,5
12647,5.000000000000e-03,1.000000000000e-03,2000,6
12648,5.000000000000e-03,1.000000000000e-03,2000,5
12649,5.000000000000e-03,1.000000000000e-03,2000,4
12650,5.000000000000e-03,1.000000000000e-03,2000,3
12651,5.000000000000e-03,1.000000000000e-03,2000,10
12652,5.000000000000e-03,1.000000000000e-03,2000,7
12653,5.000000000000e-03,1.000000000000e-03,2000,5
12654,5.000000000000e-03,1.000000000000e-03,2000,8
12655,5.000000000000e-03,1.000000000000e-03,2000,3
12656,5.000000000000e-03,1.000000000000e-03,2000,4
12657,5.000000000000e-03,1.000000000000e-03,2000,3
12658,5.000000000000e-03,1.000000000000e-03,2000,1
12659,5.000000000000e-03,1.000000000000e-03,2000,7
12660,5.000000000000e-03,1.000000000000e-03,2000,6
12661,5.000000000000e-03,1.000000000000e-03,2000,2
12662,5.000000000000e-03,1.000000000000e-03,2000,2
12663,5.000000000000e-03,1.000000000000e-03,2000,3
12664,5.000000000000e-03,1.000000000000e-03,2000,3
12665,5.000000000000e-03,1.000000000000e-03,2000,4
12666,5.000000000000e-03,1.000000000000e-03,2000,5
12667,5.000000000000e-03,1.000000000000e-03,2000,7
12668,5.000000000000e-03,1.000000000000e-03,2000,6
12669,5.000000000000e-03,1.000000000000e-03,2000,1
12670,5.000000000000e-03,1.000000000000e-03,2000,3
12671,5.000000000000e-03,1.000000000000e-03,2000,4
12672,5.000000000000e-03,1.000000000000e-03,2000,5
12673,5.000000000000e-03,1.000000000000e-03,2000,5
12674,5.000000000000e-03,1.000000000000e-03,2000,4
12675,5.000000000000e-03,1.000000000000e-03,2000,6
12676,5.000000000000e-03,1.000000000000e-03,2000,8
12677,5.000000000000e-03,1.000000000000e-03,2000,6
12678,5.000000000000e-03,1.000000000000e-03,2000,4
12679,5.000000000000e-03,1.000000000000e-03,2000,7
12680,5.000000000000e-03,1.000000000000e-03,2000,5
12681,5.000000000000e-03,1.000000000000e-03,2000,7
12682,5.000000000000e-03,1.000000000000e-03,2000,8
12683,5.000000000000e-03,1.000000000000e-03,2000,6
12684,5.000000000000e-03,1.000000000000e-03,2000,3
12685,5.000000000000e-03,1.000000000000e-03,2000,7
12686,5.000000000000e-03,1.000000000000e-03,2000,3
12687,5.000000000000e-03,1.000000000000e-03,2000,9
12688,5.000000000000e-03,1.000000000000e-03,2000,8
12689,5.000000000000e-03,1.000000000000e-03,2000,2
12690,5.000000000000e-03,1.000000000000e-03,2000,9
12691,5.000000000000e-03,1.000000000000e-03,2000,2
12692,5.000000000000e-03,1.000000000000e-03,2000,4
12693,5.000000000000e-03,1.000000000000e-03,2000,1
12694,5.000000000000e-03,1.000000000000e-03,2000,5
12695,5.000000000000e-03,1.000000000000e-03,2000,3
12696,5.000000000000e-03,1.000000000000e-03,2000,9
12697,5.000000000000e-03,1.000000000000e-03,2000,7
12698,5.000000000000e-03,1.000000000000e-03,2000,5
12699,5.000000000000e-03,1.000000000000e-03,2000,7
12700,5.000000000000e-03,1.000000000000e-03,2000,7
12701,5.000000000000e-03,1.000000000000e-03,2000,4
12702,5.000000000000e-03,1.000000000000e-03,2000,7
12703,5.000000000000e-03,1.000000000000e-03,2000,8
12704,5.000000000000e-03,1.000000000000e-03,2000,5
12705,5.000000000000e-03,1.000000000000e-03,2000,5
12706,5.000000000000e-03,1.000000000000e-03,2000,1
12707,5.000000000000e-03,1.000000000000e-03,2000,8
12708,5.000000000000e-03,1.000000000000e-03,2000,4
12709,5.000000000000e-03,1.000000000000e-03,2000,5
12710,5.000000000000e-03,1.000000000000e-03,2000,4
12711,5.000000000000e-03,1.000000000000e-03,2000,4
12712,5.000000000000e-03,1.000000000000e-03,2000,2
12713,5.000000000000e-03,1.000000000000e-03,2000,9
12714,5.000000000000e-03,1.000000000000e-03,2000,6
12715,5.000000000000e-03,1.000000000000e-03,2000,5
12716,5.000000000000e-03,1.000000000000e-03,2000,11
12717,5.000000000000e-03,1.000000000000e-03,2000,5
12718,5.000000000000e-03,1.000000000000e-03,2000,1
12719,5.000000000000e-03,1.000000000000e-03,2000,5
12720,5.000000000000e-03,1.000000000000e-03,2000,5
12721,5.000000000000e-03,1.000000000000e-03,2000,2
12722,5.000000000000e-03,1.000000000000e-03,2000,7
12723,5.000000000000e-03,1.000000000000e-03,2000,6
12724,5.000000000000e-03,1.000000000000e-03,2000,9
12725,5.000000000000e-03,1.000000000000e-03,2000,5
12726,5.000000000000e-03,1.000000000000e-03,2000,3
12727,5.000000000000e-03,1.000000000000e-03,2000,6
12728,5.000000000000e-03,1.000000000000e-03,2000,4
12729,5.000000000000e-03,1.000000000000e-03,2000,5
12730,5.000000000000e-03,1.000000000000e-03,2000,10
12731,5.000000000000e-03,1.000000000000e-03,2000,8
12732,5.000000000000e-03,1.000000000000e-03,2000,8
12733,5.000000000000e-03,1.000000000000e-03,2000,8
12734,5.000000000000e-03,1.000000000000e-03,2000,7
12735,5.000000000000e-03,1.000000000000e-03,2000,4
12736,5.000000000000e-03,1.000000000000e-03,2000,7
12737,5.000000000000e-03,1.000000000000e-03,2000,7
12738,5.000000000000e-03,1.000000000000e-03,2000,1
12739,5.000000000000e-03,1.000000000000e-03,2000,3
12740,5.000000000000e-03,1.000000000000e-03,2000,4
12741,5.000000000000e-03,1.000000000000e-03,2000,5
12742,5.000000000000e-03,1.000000000000e-03,2000,6
12743,5.000000000000e-03,1.000000000000e-03,2000,3
12744,5.000000000000e-03,1.000000000000e-03,2000,4
12745,5.000000000000e-03,1.000000000000e-03,2000,3
12746,5.000000000000e-03,1.000000000000e-03,2000,5
12747,5.000000000000e-03,1.000000000000e-03,2000,3
12748,5.000000000000e-03,1.000000000000e-03,2000,10
12749,5.000000000000e-03,1.000000000000e-03,2000,0
12750,5.000000000000e-03,1.000000000000e-03,2000,4
12751,5.000000000000e-03,1.000000000000e-03,2000,2
12752,5.000000000000e-03,1.000000000000e-03,2000,8
12753,5.000000000000e-03,1.000000000000e-03,2000,7
12754,5.000000000000e-03,1.000000000000e-03,2000,5
12755,5.000000000000e-03,1.000000000000e-03,2000,9
12756,5.000000000000e-03,1.000000000000e-03,2000,5
12757,5.000000000000e-03,1.000000000000e-03,2000,4
12758,5.000000000000e-03,1.000000000000e-03,2000,2
12759,5.000000000000e-03,1.000000000000e-03,2000,5
12760,5.000000000000e-03,1.000000000000e-03,2000,2
12761,5.000000000000e-03,1.000000000000e-03,2000,7
12762,5.000000000000e-03,1.000000000000e-03,2000,2
12763,5.000000000000e-03,1.000000000000e-03,2000,6
12764,5.000000000000e-03,1.000000000000e-03,2000,9
12765,5.000000000000e-03,1.000000000000e-03,2000,4
12766,5.000000000000e-03,1.000000000000e-03,2000,6
12767,5.000000000000e-03,1.000000000000e-03,2000,2
12768,5.000000000000e-03,1.000000000000e-03,2000,4
12769,5.000000000000e-03,1.000000000000e-03,2000,4
12770,5.000000000000e-03,1.000000000000e-03,2000,5
12771,5.000000000000e-03,1.000000000000e-03,2000,4
12772,5.000000000000e-03,1.000000000000e-03,2000,5
12773,5.000000000000e-03,1.000000000000e-03,2000,3
12774,5.000000000000e-03,1.000000000000e-03,2000,8
12775,5.000000000000e-03,1.000000000000e-03,2000,3
12776,5.000000000000e-03,1.000000000000e-03,2000,7
12777,5.000000000000e-03,1.000000000000e-03,2000,3
12778,5.000000000000e-03,1.000000000000e-03,2000,6
12779,5.000000000000e-03,1.000000000000e-03,2000,3
12780,5.000000000000e-03,1.000000000000e-03,2000,3
12781,5.000000000000e-03,1.000000000000e-03,2000,8
12782,5.000000000000e-03,1.000000000000e-03,2000,3
12783,5.000000000000e-03,1.000000000000e-03,2000,8
12784,5.000000000000e-03,1.000000000000e-03,2000,3
12785,5.000000000000e-03,1.000000000000e-03,2000,1
12786,5.000000000000e-03,1.000000000000e-03,2000,3
12787,5.000000000000e-03,1.000000000000e-03,2000,9
12788,5.000000000000e-03,1.000000000000e-03,2000,6
12789,5.000000000000e-03,1.000000000000e-03,2000,0
12790,5.000000000000e-03,1.000000000000e-03,2000,6
12791,5.000000000000e-03,1.000000000000e-03,2000,7
12792,5.000000000000e-03,1.000000000000e-03,2000,5
12793,5.000000000000e-03,1.000000000000e-03,2000,3
12794,5.000000000000e-03,1.000000000000e-03,2000,2
12795,5.000000000000e-03,1.000000000000e-03,2000,4
12796,5.000000000000e-03,1.000000000000e-03,2000,1
12797,5.000000000000e-03,1.000000000000e-03,2000,6
12798,5.000000000000e-03,1.000000000000e-03,2000,10
12799,5.000000000000e-03,1.000000000000e-03,2000,10
12800,5.000000000000e-03,1.000000000000e-03,2000,4
12801,5.000000000000e-03,2.500000000000e-03,200,1
12802,5.000000000000e-03,2.500000000000e-03,200,1
12803,5.000000000000e-03,2.500000000000e-03,200,1
12804,5.000000000000e-03,2.500000000000e-03,200,0
12805,5.000000000000e-03,2.500000000000e-03,200,2
12806,5.000000000000e-03,2.500000000000e-03,200,1
12807,5.000000000000e-03,2.500000000000e-03,200,0
12808,5.000000000000e-03,2.500000000000e-03,200,2
12809,5.000000000000e-03,2.500000000000e-03,200,3
12810,5.000000000000e-03,2.500000000000e-03,200,1
12811,5.000000000000e-03,2.500000000000e-03,200,2
12812,5.000000000000e-03,2.500000000000e-03,200,0
12813,5.000000000000e-03,2.500000000000e-03,200,0
12814,5.000000000000e-03,2.500000000000e-03,200,0
12815,5.000000000000e-03,2.500000000000e-03,200,2
12816,5.000000000000e-03,2.500000000000e-03,200,0
12817,5.000000000000e-03,2.500000000000e-03,200,0
12818,5.000000000000e-03,2.500000000000e-03,200,2
12819,5.000000000000e-03,2.500000000000e-03,200,1
12820,5.000000000000e-03,2.500000000000e-03,200,0
12821,5.000000000000e-03,2.500000000000e-03,200,2
12822,5.000000000000e-03,2.500000000000e-03,200,0
12823,5.000000000000e-03,2.500000000000e-03,200,1
12824,5.000000000000e-03,2.500000000000e-03,200,1
12825,5.000000000000e-03,2.500000000000e-03,200,0
12826,5.000000000000e-03,2.500000000000e-03,200,1
12827,5.000000000000e-03,2.500000000000e-03,200,0
12828,5.000000000000e-03,2.500000000000e-03,200,0
12829,5.000000000000e-03,2.500000000000e-03,200,1
12830,5.000000000000e-03,2.500000000000e-03,200,0
12831,5.000000000000e-03,2.500000000000e-03,200,0
12832,5.000000000000e-03,2.500000000000e-03,200,1
12833,5.000000000000e-03,2.500000000000e-03,200,1
12834,5.000000000000e-03,2.500000000000e-03,200,0
12835,5.000000000000e-03,2.500000000000e-03,200,1
12836,5.000000000000e-03,2.500000000000e-03,200,0
12837,5.000000000000e-03,2.500000000000e-03,200,1
12838,5.000000000000e-03,2.500000000000e-03,200,1
12839,5.000000000000e-03,2.500000000000e-03,200,2
12840,5.000000000000e-03,2.500000000000e-03,200,0
12841,5.000000000000e-03,2.500000000000e-03,200,0
12842,5.000000000000e-03,2.500000000000e-03,200,1
12843,5.000000000000e-03,2.500000000000e-03,200,1
12844,5.000000000000e-03,2.500000000000e-03,200,0
12845,5.000000000000e-03,2.500000000000e-03,200,0
12846,5.000000000000e-03,2.500000000000e-03,200,1
12847,5.000000000000e-03,2.500000000000e-03,200,2
12848,5.000000000000e-03,2.500000000000e-03,200,1
12849,5.000000000000e-03,2.500000000000e-03,200,1
12850,5.000000000000e-03,2.500000000000e-03,200,1
12851,5.000000000000e-03,2.500000000000e-03,200,2
12852,5.000000000000e-03,2.500000000000e-03,200,3
12853,5.000000000000e-03,2.500000000000e-03,200,0
12854,5.000000000000e-03,2.500000000000e-03,200,0
12855,5.000000000000e-03,2.500000000000e-03,200,2
12856,5.000000000000e-03,2.500000000000e-03,200,1
12857,5.000000000000e-03,2.500000000000e-03,200,0
12858,5.000000000000e-03,2.500000000000e-03,200,0
12859,5.000000000000e-03,2.500000000000e-03,200,1
12860,5.000000000000e-03,2.500000000000e-03,200,1
12861,5.000000000000e-03,2.500000000000e-03,200,2
12862,5.000000000000e-03,2.500000000000e-03,200,0
12863,5.000000000000e-03,2.500000000000e-03,200,0
12864,5.000000000000e-03,2.500000000000e-03,200,0
12865,5.000000000000e-03,2.500000000000e-03,200,2
12866,5.000000000000e-03,2.500000000000e-03,200,1
12867,5.000000000000e-03,2.500000000000e-03,200,0
12868,5.000000000000e-03,2.500000000000e-03,200,0
12869,5.000000000000e-03,2.500000000000e-03,200,0
12870,5.000000000000e-03,2.500000000000e-03,200,2
12871,5.000000000000e-03,2.500000000000e-03,200,0
12872,5.000000000000e-03,2.500000000000e-03,200,1
12873,5.000000000000e-03,2.500000000000e-03,200,0
12874,5.000000000000e-03,2.500000000000e-03,200,1
12875,5.000000000000e-03,2.500000000000e-03,200,1
12876,5.000000000000e-03,2.500000000000e-03,200,0
12877,5.000000000000e-03,2.500000000000e-03,200,0
12878,5.000000000000e-03,2.500000000000e-03,200,0
12879,5.000000000000e-03,2.500000000000e-03,200,1
12880,5.000000000000e-03,2.500000000000e-03,200,1
12881,5.000000000000e-03,2.500000000000e-03,200,0
12882,5.000000000000e-03,2.500000000000e-03,200,0
12883,5.000000000000e-03,2.500000000000e-03,200,0
12884,5.000000000000e-03,2.500000000000e-03,200,0
12885,5.000000000000e-03,2.500000000000e-03,200,1
12886,5.000000000000e-03,2.500000000000e-03,200,0
12887,5.000000000000e-03,2.500000000000e-03,200,2
12888,5.000000000000e-03,2.500000000000e-03,200,0
12889,5.000000000000e-03,2.500000000000e-03,200,0
12890,5.000000000000e-03,2.500000000000e-03,200,0
12891,5.000000000000e-03,2.500000000000e-03,200,1
12892,5.000000000000e-03,2.500000000000e-03,200,0
12893,5.000000000000e-03,2.500000000000e-03,200,2
12894,5.000000000000e-03,2.500000000000e-03,200,2
12895,5.000000000000e-03,2.500000000000e-03,200,1
12896,5.000000000000e-03,2.500000000000e-03,200,0
12897,5.000000000000e-03,2.500000000000e-03,200,0
12898,5.000000000000e-03,2.500000000000e-03,200,1
12899,5.000000000000e-03,2.500000000000e-03,200,2
12900,5.000000000000e-03,2.500000000000e-03,200,0
12901,5.000000000000e-03,2.500000000000e-03,200,1
12902,5.000000000000e-03,2.500000000000e-03,200,0
12903,5.000000000000e-03,2.500000000000e-03,200,0
12904,5.000000000000e-03,2.500000000000e-03,200,0
12905,5.000000000000e-03,2.500000000000e-03,200,2
12906,5.000000000000e-03,2.500000000000e-03,200,1
12907,5.000000000000e-03,2.500000000000e-03,200,3
12908,5.000000000000e-03,2.500000000000e-03,200,0
12909,5.000000000000e-03,2.500000000000e-03,200,3
12910,5.000000000000e-03,2.500000000000e-03,200,1
12911,5.000000000000e-03,2.500000000000e-03,200,0
12912,5.000000000000e-03,2.500000000000e-03,200,0
12913,5.000000000000e-03,2.500000000000e-03,200,1
12914,5.000000000000e-03,2.500000000000e-03,200,2
12915,5.000000000000e-03,2.500000000000e-03,200,1
12916,5.000000000000e-03,2.500000000000e-03,200,1
12917,5.000000000000e-03,2.500000000000e-03,200,1
12918,5.000000000000e-03,2.500000000000e-03,200,0
12919,5.000000000000e-03,2.500000000000e-03,200,1
12920,5.000000000000e-03,2.500000000000e-03,200,1
12921,5.000000000000e-03,2.500000000000e-03,200,0
12922,5.000000000000e-03,2.500000000000e-03,200,1
12923,5.000000000000e-03,2.500000000000e-03,200,0
12924,5.000000000000e-03,2.500000000000e-03,200,1
12925,5.000000000000e-03,2.500000000000e-03,200,0
12926,5.000000000000e-03,2.500000000000e-03,200,0
12927,5.000000000000e-03,2.500000000000e-03,200,1
12928,5.000000000000e-03,2.500000000000e-03,200,1
12929,5.000000000000e-03,2.500000000000e-03,200,0
12930,5.000000000000e-03,2.500000000000e-03,200,0
12931,5.000000000000e-03,2.500000000000e-03,200,0
12932,5.000000000000e-03,2.500000000000e-03,200,1
12933,5.000000000000e-03,2.500000000000e-03,200,0
12934,5.000000000000e-03,2.500000000000e-03,200,0
12935,5.000000000000e-03,2.500000000000e-03,200,0
12936,5.000000000000e-03,2.500000000000e-03,200,1
12937,5.000000000000e-03,2.500000000000e-03,200,0
12938,5.000000000000e-03,2.500000000000e-03,200,0
12939,5.000000000000e-03,2.500000000000e-03,200,1
12940,5.000000000000e-03,2.500000000000e-03,200,1
12941,5.000000000000e-03,2.500000000000e-03,200,2
12942,5.000000000000e-03,2.500000000000e-03,200,1
12943,5.000000000000e-03,2.500000000000e-03,200,0
12944,5.000000000000e-03,2.500000000000e-03,200,2
12945,5.000000000000e-03,2.500000000000e-03,200,1
12946,5.000000000000e-03,2.500000000000e-03,200,0
12947,5.000000000000e-03,2.500000000000e-03,200,2
12948,5.000000000000e-03,2.500000000000e-03,200,2
12949,5.000000000000e-03,2.500000000000e-03,200,2
12950,5.000000000000e-03,2.500000000000e-03,200,0
12951,5.000000000000e-03,2.500000000000e-03,200,2
12952,5.000000000000e-03,2.500000000000e-03,200,2
12953,5.000000000000e-03,2.500000000000e-03,200,3
12954,5.000000000000e-03,2.500000000000e-03,200,1
12955,5.000000000000e-03,2.500000000000e-03,200,0
12956,5.000000000000e-03,2.500000000000e-03,200,0
12957,5.000000000000e-03,2.500000000000e-03,200,0
12958,5.000000000000e-03,2.500000000000e-03,200,0
12959,5.000000000000e-03,2.500000000000e-03,200,3
12960,5.000000000000e-03,2.500000000000e-03,200,0
12961,5.000000000000e-03,2.500000000000e-03,200,0
12962,5.000000000000e-03,2.500000000000e-03,200,1
12963,5.000000000000e-03,2.500000000000e-03,200,1
12964,5.000000000000e-03,2.500000000000e-03,200,0
12965,5.000000000000e-03,2.500000000000e-03,200,1
12966,5.000000000000e-03,2.500000000000e-03,200,2
12967,5.000000000000e-03,2.500000000000e-03,200,0
12968,5.000000000000e-03,2.500000000000e-03,200,0
12969,5.000000000000e-03,2.500000000000e-03,200,3
12970,5.000000000000e-03,2.500000000000e-03,200,1
12971,5.000000000000e-03,2.500000000000e-03,200,0
12972,5.000000000000e-03,2.500000000000e-03,200,0
12973,5.000000000000e-03,2.500000000000e-03,200,2
12974,5.000000000000e-03,2.500000000000e-03,200,2
12975,5.000000000000e-03,2.500000000000e-03,200,1
12976,5.000000000000e-03,2.500000000000e-03,200,1
12977,5.000000000000e-03,2.500000000000e-03,200,0
12978,5.000000000000e-03,2.500000000000e-03,200,2
12979,5.000000000000e-03,2.500000000000e-03,200,0
12980,5.000000000000e-03,2.500000000000e-03,200,0
12981,5.000000000000e-03,2.500000000000e-03,200,1
12982,5.000000000000e-03,2.500000000000e-03,200,0
12983,5.000000000000e-03,2.500000000000e-03,200,0
12984,5.000000000000e-03,2.500000000000e-03,200,1
12985,5.000000000000e-03,2.500000000000e-03,200,2
12986,5.000000000000e-03,2.500000000000e-03,200,1
12987,5.000000000000e-03,2.500000000000e-03,200,0
12988,5.000000000000e-03,2.500000000000e-03,200,1
12989,5.000000000000e-03,2.500000000000e-03,200,0
12990,5.000000000000e-03,2.500000000000e-03,200,1
12991,5.000000000000e-03,2.500000000000e-03,200,1
12992,5.000000000000e-03,2.500000000000e-03,200,0
12993,5.000000000000e-03,2.500000000000e-03,200,0
12994,5.000000000000e-03,2.500000000000e-03,200,1
12995,5.000000000000e-03,2.500000000000e-03,200,1
12996,5.000000000000e-03,2.500000000000e-03,200,0
12997,5.000000000000e-03,2.500000000000e-03,200,0
12998,5.000000000000e-03,2.500000000000e-03,200,1
12999,5.000000000000e-03,2.500000000000e-03,200,0
13000,5.000000000000e-03,2.500000000000e-03,200,0
13001,5.000000000000e-03,2.500000000000e-03,200,0
13002,5.000000000000e-03,2.500000000000e-03,200,2
13003,5.000000000000e-03,2.500000000000e-03,200,1
13004,5.000000000000e-03,2.500000000000e-03,200,2
13005,5.000000000000e-03,2.500000000000e-03,200,1
13006,5.000000000000e-03,2.500000000000e-03,200,2
13007,5.000000000000e-03,2.500000000000e-03,200,1
13008,5.000000000000e-03,2.500000000000e-03,200,3
13009,5.000000000000e-03,2.500000000000e-03,200,1
13010,5.000000000000e-03,2.500000000000e-03,200,0
13011,5.000000000000e-03,2.500000000000e-03,200,0
13012,5.000000000000e-03,2.500000000000e-03,200,2
13013,5.000000000000e-03,2.500000000000e-03,200,2
13014,5.000000000000e-03,2.500000000000e-03,200,1
13015,5.000000000000e-03,2.500000000000e-03,200,0
13016,5.000000000000e-03,2.500000000000e-03,200,0
13017,5.000000000000e-03,2.500000000000e-03,200,1
13018,5.000000000000e-03,2.500000000000e-03,200,1
13019,5.000000000000e-03,2.500000000000e-03,200,3
13020,5.000000000000e-03,2.500000000000e-03,200,0
13021,5.000000000000e-03,2.500000000000e-03,200,0
13022,5.000000000000e-03,2.500000000000e-03,200,1
13023,5.000000000000e-03,2.500000000000e-03,200,0
13024,5.000000000000e-03,2.500000000000e-03,200,1
13025,5.000000000000e-03,2.500000000000e-03,200,1
13026,5.000000000000e-03,2.500000000000e-03,200,1
13027,5.000000000000e-03,2.500000000000e-03,200,1
13028,5.000000000000e-03,2.500000000000e-03,200,2
13029,5.000000000000e-03,2.500000000000e-03,200,2
13030,5.000000000000e-03,2.500000000000e-03,200,1
13031,5.000000000000e-03,2.500000000000e-03,200,1
13032,5.000000000000e-03,2.500000000000e-03,200,1
13033,5.000000000000e-03,2.500000000000e-03,200,1
13034,5.000000000000e-03,2.500000000000e-03,200,1
13035,5.000000000000e-03,2.500000000000e-03,200,1
13036,5.000000000000e-03,2.500000000000e-03,200,0
13037,5.000000000000e-03,2.500000000000e-03,200,0
13038,5.000000000000e-03,2.500000000000e-03,200,0
13039,5.000000000000e-03,2.500000000000e-03,200,2
13040,5.000000000000e-03,2.500000000000e-03,200,2
13041,5.000000000000e-03,2.500000000000e-03,200,1
13042,5.000000000000e-03,2.500000000000e-03,200,0
13043,5.000000000000e-03,2.500000000000e-03,200,2
13044,5.000000000000e-03,2.500000000000e-03,200,0
13045,5.000000000000e-03,2.500000000000e-03,200,2
13046,5.000000000000e-03,2.500000000000e-03,200,0
13047,5.000000000000e-03,2.500000000000e-03,200,1
13048,5.000000000000e-03,2.500000000000e-03,200,3
13049,5.000000000000e-03,2.500000000000e-03,200,1
13050,5.000000000000e-03,2.500000000000e-03,200,0
13051,5.000000000000e-03,2.500000000000e-03,200,1
13052,5.000000000000e-03,2.500000000000e-03,200,0
13053,5.000000000000e-03,2.500000000000e-03,200,0
13054,5.000000000000e-03,2.500000000000e-03,200,2
13055,5.000000000000e-03,2.500000000000e-03,200,0
13056,5.000000000000e-03,2.500000000000e-03,200,1
13057,5.000000000000e-03,2.500000000000e-03,200,1
13058,5.000000000000e-03,2.500000000000e-03,200,0
13059,5.000000000000e-03,2.500000000000e-03,200,0
13060,5.000000000000e-03,2.500000000000e-03,200,0
13061,5.000000000000e-03,2.500000000000e-03,200,0
13062,5.000000000000e-03,2.500000000000e-03,200,0
13063,5.000000000000e-03,2.500000000000e-03,200,1
13064,5.000000000000e-03,2.500000000000e-03,200,4
13065,5.000000000000e-03,2.500000000000e-03,200,1
13066,5.000000000000e-03,2.500000000000e-03,200,1
13067,5.000000000000e-03,2.500000000000e-03,200,0
13068,5.000000000000e-03,2.500000000000e-03,200,2
13069,5.000000000000e-03,2.500000000000e-03,200,0
13070,5.000000000000e-03,2.500000000000e-03,200,2
13071,5.000000000000e-03,2.500000000000e-03,200,1
13072,5.000000000000e-03,2.500000000000e-03,200,0
13073,5.000000000000e-03,2.500000000000e-03,200,1
13074,5.000000000000e-03,2.500000000000e-03,200,1
13075,5.000000000000e-03,2.500000000000e-03,200,0
13076,5.000000000000e-03,2.500000000000e-03,200,0
13077,5.000000000000e-03,2.500000000000e-03,200,0
13078,5.000000000000e-03,2.500000000000e-03,200,0
13079,5.000000000000e-03,2.500000000000e-03,200,2
13080,5.000000000000e-03,2.500000000000e-03,200,0
13081,5.000000000000e-03,2.500000000000e-03,200,2
13082,5.000000000000e-03,2.500000000000e-03,200,1
13083,5.000000000000e-03,2.500000000000e-03,200,0
13084,5.000000000000e-03,2.500000000000e-03,200,1
13085,5.000000000000e-03,2.500000000000e-03,200,1
13086,5.000000000000e-03,2.500000000000e-03,200,1
13087,5.000000000000e-03,2.500000000000e-03,200,2
13088,5.000000000000e-03,2.500000000000e-03,200,1
13089,5.000000000000e-03,2.500000000000e-03,200,0
13090,5.000000000000e-03,2.500000000000e-03,200,0
13091,5.000000000000e-03,2.500000000000e-03,200,2
13092,5.000000000000e-03,2.500000000000e-03,200,0
13093,5.000000000000e-03,2.500000000000e-03,200,0
13094,5.000000000000e-03,2.500000000000e-03,200,1
13095,5.000000000000e-03,2.500000000000e-03,200,1
13096,5.000000000000e-03,2.500000000000e-03,200,3
13097,5.000000000000e-03,2.500000000000e-03,200,0
13098,5.000000000000e-03,2.500000000000e-03,200,0
13099,5.000000000000e-03,2.500000000000e-03,200,1
13100,5.000000000000e-03,2.500000000000e-03,200,1
13101,5.000000000000e-03,2.500000000000e-03,200,0
13102,5.000000000000e-03,2.500000000000e-03,200,2
13103,5.000000000000e-03,2.500000000000e-03,200,0
13104,5.000000000000e-03,2.500000000000e-03,200,1
13105,5.000000000000e-03,2.500000000000e-03,200,1
13106,5.000000000000e-03,2.500000000000e-03,200,1
13107,5.000000000000e-03,2.500000000000e-03,200,1
13108,5.000000000000e-03,2.500000000000e-03,200,0
13109,5.000000000000e-03,2.500000000000e-03,200,2
13110,5.000000000000e-03,2.500000000000e-03,200,1
13111,5.000000000000e-03,2.500000000000e-03,200,2
13112,5.000000000000e-03,2.500000000000e-03,200,1
13113,5.000000000000e-03,2.500000000000e-03,200,0
13114,5.000000000000e-03,2.500000000000e-03,200,0
13115,5.000000000000e-03,2.500000000000e-03,200,0
13116,5.000000000000e-03,2.500000000000e-03,200,1
13117,5.000000000000e-03,2.500000000000e-03,200,1
13118,5.000000000000e-03,2.500000000000e-03,200,0
13119,5.000000000000e-03,2.500000000000e-03,200,1
13120,5.000000000000e-03,2.500000000000e-03,200,0
13121,5.000000000000e-03,2.500000000000e-03,200,1
13122,5.000000000000e-03,2.500000000000e-03,200,2
13123,5.000000000000e-03,2.500000000000e-03,200,0
13124,5.000000000000e-03,2.500000000000e-03,200,2
13125,5.000000000000e-03,2.500000000000e-03,200,1
13126,5.000000000000e-03,2.500000000000e-03,200,0
13127,5.000000000000e-03,2.500000000000e-03,200,1
13128,5.000000000000e-03,2.500000000000e-03,200,1
13129,5.000000000000e-03,2.500000000000e-03,200,1
13130,5.000000000000e-03,2.500000000000e-03,200,0
13131,5.000000000000e-03,2.500000000000e-03,200,2
13132,5.000000000000e-03,2.500000000000e-03,200,2
13133,5.000000000000e-03,2.500000000000e-03,200,2
13134,5.000000000000e-03,2.500000000000e-03,200,2
13135,5.000000000000e-03,2.500000000000e-03,200,1
13136,5.000000000000e-03,2.500000000000e-03,200,2
13137,5.000000000000e-03,2.500000000000e-03,200,2
13138,5.000000000000e-03,2.500000000000e-03,200,0
13139,5.000000000000e-03,2.500000000000e-03,200,2
13140,5.000000000000e-03,2.500000000000e-03,200,0
13141,5.000000000000e-03,2.500000000000e-03,200,1
13142,5.000000000000e-03,2.500000000000e-03,200,2
13143,5.000000000000e-03,2.500000000000e-03,200,0
13144,5.000000000000e-03,2.500000000000e-03,200,0
13145,5.000000000000e-03,2.500000000000e-03,200,2
13146,5.000000000000e-03,2.500000000000e-03,200,2
13147,5.000000000000e-03,2.500000000000e-03,200,0
13148,5.000000000000e-03,2.500000000000e-03,200,3
13149,5.000000000000e-03,2.500000000000e-03,200,0
13150,5.000000000000e-03,2.500000000000e-03,200,0
13151,5.000000000000e-03,2.500000000000e-03,200,0
13152,5.000000000000e-03,2.500000000000e-03,200,4
13153,5.000000000000e-03,2.500000000000e-03,200,0
13154,5.000000000000e-03,2.500000000000e-03,200,0
13155,5.000000000000e-03,2.500000000000e-03,200,0
13156,5.000000000000e-03,2.500000000000e-03,200,1
13157,5.000000000000e-03,2.500000000000e-03,200,2
13158,5.000000000000e-03,2.500000000000e-03,200,2
13159,5.000000000000e-03,2.500000000000e-03,200,1
13160,5.000000000000e-03,2.500000000000e-03,200,1
13161,5.000000000000e-03,2.500000000000e-03,200,0
13162,5.000000000000e-03,2.500000000000e-03,200,1
13163,5.000000000000e-03,2.500000000000e-03,200,0
13164,5.000000000000e-03,2.500000000000e-03,200,0
13165,5.000000000000e-03,2.500000000000e-03,200,2
13166,5.000000000000e-03,2.500000000000e-03,200,1
13167,5.000000000000e-03,2.500000000000e-03,200,0
13168,5.000000000000e-03,2.500000000000e-03,200,1
13169,5.000000000000e-03,2.500000000000e-03,200,0
13170,5.000000000000e-03,2.500000000000e-03,200,0
13171,5.000000000000e-03,2.500000000000e-03,200,1
13172,5.000000000000e-03,2.500000000000e-03,200,1
13173,5.000000000000e-03,2.500000000000e-03,200,0
13174,5.000000000000e-03,2.500000000000e-03,200,3
13175,5.000000000000e-03,2.500000000000e-03,200,1
13176,5.000000000000e-03,2.500000000000e-03,200,0
13177,5.000000000000e-03,2.500000000000e-03,200,0
13178,5.000000000000e-03,2.500000000000e-03,200,1
13179,5.000000000000e-03,2.500000000000e-03,200,0
13180,5.000000000000e-03,2.500000000000e-03,200,1
13181,5.000000000000e-03,2.500000000000e-03,200,1
13182,5.000000000000e-03,2.500000000000e-03,200,1
13183,5.000000000000e-03,2.500000000000e-03,200,0
13184,5.000000000000e-03,2.500000000000e-03,200,1
13185,5.000000000000e-03,2.500000000000e-03,200,1
13186,5.000000000000e-03,2.500000000000e-03,200,1
13187,5.000000000000e-03,2.500000000000e-03,200,0
13188,5.000000000000e-03,2.500000000000e-03,200,3
13189,5.000000000000e-03,2.500000000000e-03,200,3
13190,5.000000000000e-03,2.500000000000e-03,200,1
13191,5.000000000000e-03,2.500000000000e-03,200,2
13192,5.000000000000e-03,2.500000000000e-03,200,2
13193,5.000000000000e-03,2.500000000000e-03,200,0
13194,5.000000000000e-03,2.500000000000e-03,200,2
13195,5.000000000000e-03,2.500000000000e-03,200,0
13196,5.000000000000e-03,2.500000000000e-03,200,1
13197,5.000000000000e-03,2.500000000000e-03,200,3
13198,5.000000000000e-03,2.500000000000e-03,200,0
13199,5.000000000000e-03,2.500000000000e-03,200,2
13200,5.000000000000e-03,2.500000000000e-03,200,0
13201,5.000000000000e-03,2.500000000000e-03,500,2
13202,5.000000000000e-03,2.500000000000e-03,500,0
13203,5.000000000000e-03,2.500000000000e-03,500,3
13204,5.000000000000e-03,2.500000000000e-03,500,2
13205,5.000000000000e-03,2.500000000000e-03,500,2
13206,5.000000000000e-03,2.500000000000e-03,500,1
13207,5.000000000000e-03,2.500000000000e-03,500,4
13208,5.000000000000e-03,2.500000000000e-03,500,4
13209,5.000000000000e-03,2.500000000000e-03,500,1
13210,5.000000000000e-03,2.500000000000e-03,500,3
13211,5.000000000000e-03,2.500000000000e-03,500,2
13212,5.000000000000e-03,2.500000000000e-03,500,3
13213,5.000000000000e-03,2.500000000000e-03,500,2
13214,5.000000000000e-03,2.500000000000e-03,500,2
13215,5.000000000000e-03,2.500000000000e-03,500,3
13216,5.000000000000e-03,2.500000000000e-03,500,1
13217,5.000000000000e-03,2.500000000000e-03,500,0
13218,5.000000000000e-03,2.500000000000e-03,500,0
13219,5.000000000000e-03,2.500000000000e-03,500,1
13220,5.000000000000e-03,2.500000000000e-03,500,3
13221,5.000000000000e-03,2.500000000000e-03,500,5
13222,5.000000000000e-03,2.500000000000e-03,500,1
13223,5.000000000000e-03,2.500000000000e-03,500,3
13224,5.000000000000e-03,2.500000000000e-03,500,0
13225,5.000000000000e-03,2.500000000000e-03,500,3
13226,5.000000000000e-03,2.500000000000e-03,500,4
13227,5.000000000000e-03,2.500000000000e-03,500,2
13228,5.000000000000e-03,2.500000000000e-03,500,2
13229,5.000000000000e-03,2.500000000000e-03,500,4
13230,5.000000000000e-03,2.500000000000e-03,500,3
13231,5.000000000000e-03,2.500000000000e-03,500,4
13232,5.000000000000e-03,2.500000000000e-03,500,2
13233,5.000000000000e-03,2.500000000000e-03,500,2
13234,5.000000000000e-03,2.500000000000e-03,500,2
13235,5.000000000000e-03,2.500000000000e-03,500,2
13236,5.000000000000e-03,2.500000000000e-03,500,1
13237,5.000000000000e-03,2.500000000000e-03,500,3
13238,5.000000000000e-03,2.500000000000e-03,500,2
13239,5.000000000000e-03,2.500000000000e-03,500,4
13240,5.000000000000e-03,2.500000000000e-03,500,2
13241,5.000000000000e-03,2.500000000000e-03,500,1
13242,5.000000000000e-03,2.500000000000e-03,500,0
13243,5.000000000000e-03,2.500000000000e-03,500,3
13244,5.000000000000e-03,2.500000000000e-03,500,2
13245,5.000000000000e-03,2.500000000000e-03,500,0
13246,5.000000000000e-03,2.500000000000e-03,500,3
13247,5.000000000000e-03,2.500000000000e-03,500,3
13248,5.000000000000e-03,2.500000000000e-03,500,5
13249,5.000000000000e-03,2.500000000000e-03,500,1
13250,5.000000000000e-03,2.500000000000e-03,500,1
13251,5.000000000000e-03,2.500000000000e-03,500,3
13252,5.000000000000e-03,2.500000000000e-03,500,3
13253,5.000000000000e-03,2.500000000000e-03,500,1
13254,5.000000000000e-03,2.500000000000e-03,500,2
13255,5.000000000000e-03,2.500000000000e-03,500,1
13256,5.000000000000e-03,2.500000000000e-03,500,1
13257,5.000000000000e-03,2.500000000000e-03,500,2
13258,5.000000000000e-03,2.500000000000e-03,500,0
13259,5.000000000000e-03,2.500000000000e-03,500,5
13260,5.000000000000e-03,2.500000000000e-03,500,3
13261,5.000000000000e-03,2.500000000000e-03,500,1
13262,5.000000000000e-03,2.500000000000e-03,500,6
13263,5.000000000000e-03,2.500000000000e-03,500,3
13264,5.000000000000e-03,2.500000000000e-03,500,3
13265,5.000000000000e-03,2.500000000000e-03,500,2
13266,5.000000000000e-03,2.500000000000e-03,500,4
13267,5.000000000000e-03,2.500000000000e-03,500,2
13268,5.000000000000e-03,2.500000000000e-03,500,3
13269,5.000000000000e-03,2.500000000000e-03,500,2
13270,5.000000000000e-03,2.500000000000e-03,500,1
13271,5.000000000000e-03,2.500000000000e-03,500,6
13272,5.000000000000e-03,2.500000000000e-03,500,2
13273,5.000000000000e-03,2.500000000000e-03,500,2
13274,5.000000000000e-03,2.500000000000e-03,500,3
13275,5.000000000000e-03,2.500000000000e-03,500,2
13276,5.000000000000e-03,2.500000000000e-03,500,1
13277,5.000000000000e-03,2.500000000000e-03,500,1
13278,5.000000000000e-03,2.500000000000e-03,500,1
13279,5.000000000000e-03,2.500000000000e-03,500,4
13280,5.000000000000e-03,2.500000000000e-03,500,2
13281,5.000000000000e-03,2.500000000000e-03,500,0
13282,5.000000000000e-03,2.500000000000e-03,500,0
13283,5.000000000000e-03,2.500000000000e-03,500,0
13284,5.000000000000e-03,2.500000000000e-03,500,1
13285,5.000000000000e-03,2.500000000000e-03,500,4
13286,5.000000000000e-03,2.500000000000e-03,500,3
13287,5.000000000000e-03,2.500000000000e-03,500,0
13288,5.000000000000e-03,2.500000000000e-03,500,3
13289,5.000000000000e-03,2.500000000000e-03,500,2
13290,5.000000000000e-03,2.500000000000e-03,500,1
13291,5.000000000000e-03,2.500000000000e-03,500,0
13292,5.000000000000e-03,2.500000000000e-03,500,1
13293,5.000000000000e-03,2.500000000000e-03,500,3
13294,5.000000000000e-03,2.500000000000e-03,500,0
13295,5.000000000000e-03,2.500000000000e-03,500,1
13296,5.000000000000e-03,2.500000000000e-03,500,2
13297,5.000000000000e-03,2.500000000000e-03,500,2
13298,5.000000000000e-03,2.500000000000e-03,500,1
13299,5.000000000000e-03,2.500000000000e-03,500,5
13300,5.000000000000e-03,2.500000000000e-03,500,2
13301,5.000000000000e-03,2.500000000000e-03,500,4
13302,5.000000000000e-03,2.500000000000e-03,500,2
13303,5.000000000000e-03,2.500000000000e-03,500,5
13304,5.000000000000e-03,2.500000000000e-03,500,3
13305,5.000000000000e-03,2.500000000000e-03,500,0
13306,5.000000000000e-03,2.500000000000e-03,500,5
13307,5.000000000000e-03,2.500000000000e-03,500,0
13308,5.000000000000e-03,2.500000000000e-03,500,2
13309,5.000000000000e-03,2.500000000000e-03,500,6
13310,5.000000000000e-03,2.500000000000e-03,500,2
13311,5.000000000000e-03,2.500000000000e-03,500,0
13312,5.000000000000e-03,2.500000000000e-03,500,0
13313,5.000000000000e-03,2.500000000000e-03,500,2
13314,5.000000000000e-03,2.500000000000e-03,500,3
13315,5.000000000000e-03,2.500000000000e-03,500,1
13316,5.000000000000e-03,2.500000000000e-03,500,3
13317,5.000000000000e-03,2.500000000000e-03,500,5
13318,5.000000000000e-03,2.500000000000e-03,500,3
13319,5.000000000000e-03,2.500000000000e-03,500,1
13320,5.000000000000e-03,2.500000000000e-03,500,2
13321,5.000000000000e-03,2.500000000000e-03,500,5
13322,5.000000000000e-03,2.500000000000e-03,500,4
13323,5.000000000000e-03,2.500000000000e-03,500,3
13324,5.000000000000e-03,2.500000000000e-03,500,4
13325,5.000000000000e-03,2.500000000000e-03,500,0
13326,5.000000000000e-03,2.500000000000e-03,500,1
13327,5.000000000000e-03,2.500000000000e-03,500,0
13328,5.000000000000e-03,2.500000000000e-03,500,2
13329,5.000000000000e-03,2.500000000000e-03,500,4
13330,5.000000000000e-03,2.500000000000e-03,500,3
13331,5.000000000000e-03,2.500000000000e-03,500,2
13332,5.000000000000e-03,2.500000000000e-03,500,2
13333,5.000000000000e-03,2.500000000000e-03,500,1
13334,5.000000000000e-03,2.500000000000e-03,500,1
13335,5.000000000000e-03,2.500000000000e-03,500,3
13336,5.000000000000e-03,2.500000000000e-03,500,2
13337,5.000000000000e-03,2.500000000000e-03,500,3
13338,5.000000000000e-03,2.500000000000e-03,500,1
13339,5.000000000000e-03,2.500000000000e-03,500,2
13340,5.000000000000e-03,2.500000000000e-03,500,2
13341,5.000000000000e-03,2.500000000000e-03,500,3
13342,5.000000000000e-03,2.500000000000e-03,500,2
13343,5.000000000000e-03,2.500000000000e-03,500,5
13344,5.000000000000e-03,2.500000000000e-03,500,5
13345,5.000000000000e-03,2.500000000000e-03,500,1
13346,5.000000000000e-03,2.500000000000e-03,500,3
13347,5.000000000000e-03,2.500000000000e-03,500,1
13348,5.000000000000e-03,2.500000000000e-03,500,0
13349,5.000000000000e-03,2.500000000000e-03,500,2
13350,5.000000000000e-03,2.500000000000e-03,500,1
13351,5.000000000000e-03,2.500000000000e-03,500,2
13352,5.000000000000e-03,2.500000000000e-03,500,3
13353,5.000000000000e-03,2.500000000000e-03,500,2
13354,5.000000000000e-03,2.500000000000e-03,500,1
13355,5.000000000000e-03,2.500000000000e-03,500,4
13356,5.000000000000e-03,2.500000000000e-03,500,0
13357,5.000000000000e-03,2.500000000000e-03,500,0
13358,5.000000000000e-03,2.500000000000e-03,500,1
13359,5.000000000000e-03,2.500000000000e-03,500,2
13360,5.000000000000e-03,2.500000000000e-03,500,0
13361,5.000000000000e-03,2.500000000000e-03,500,2
13362,5.000000000000e-03,2.500000000000e-03,500,1
13363,5.000000000000e-03,2.500000000000e-03,500,4
13364,5.000000000000e-03,2.500000000000e-03,500,1
13365,5.000000000000e-03,2.500000000000e-03,500,3
13366,5.000000000000e-03,2.500000000000e-03,500,1
13367,5.000000000000e-03,2.500000000000e-03,500,2
13368,5.000000000000e-03,2.500000000000e-03,500,2
13369,5.000000000000e-03,2.500000000000e-03,500,3
13370,5.000000000000e-03,2.500000000000e-03,500,2
13371,5.000000000000e-03,2.500000000000e-03,500,0
13372,5.000000000000e-03,2.500000000000e-03,500,2
13373,5.000000000000e-03,2.500000000000e-03,500,1
13374,5.000000000000e-03,2.500000000000e-03,500,7
13375,5.000000000000e-03,2.500000000000e-03,500,1
13376,5.000000000000e-03,2.500000000000e-03,500,3
13377,5.000000000000e-03,2.500000000000e-03,500,3
13378,5.000000000000e-03,2.500000000000e-03,500,1
13379,5.000000000000e-03,2.500000000000e-03,500,4
13380,5.000000000000e-03,2.500000000000e-03,500,1
13381,5.000000000000e-03,2.500000000000e-03,500,1
13382,5.000000000000e-03,2.500000000000e-03,500,4
13383,5.000000000000e-03,2.500000000000e-03,500,1
13384,5.000000000000e-03,2.500000000000e-03,500,3
13385,5.000000000000e-03,2.500000000000e-03,500,3
13386,5.000000000000e-03,2.500000000000e-03,500,1
13387,5.000000000000e-03,2.500000000000e-03,500,0
13388,5.000000000000e-03,2.500000000000e-03,500,3
13389,5.000000000000e-03,2.500000000000e-03,500,2
13390,5.000000000000e-03,2.500000000000e-03,500,3
13391,5.000000000000e-03,2.500000000000e-03,500,3
13392,5.000000000000e-03,2.500000000000e-03,500,4
13393,5.000000000000e-03,2.500000000000e-03,500,4
13394,5.000000000000e-03,2.500000000000e-03,500,0
13395,5.000000000000e-03,2.500000000000e-03,500,1
13396,5.000000000000e-03,2.500000000000e-03,500,0
13397,5.000000000000e-03,2.500000000000e-03,500,1
13398,5.000000000000e-03,2.500000000000e-03,500,2
13399,5.000000000000e-03,2.500000000000e-03,500,3
13400,5.000000000000e-03,2.500000000000e-03,500,1
13401,5.000000000000e-03,2.500000000000e-03,500,0
13402,5.000000000000e-03,2.500000000000e-03,500,2
13403,5.000000000000e-03,2.500000000000e-03,500,1
13404,5.000000000000e-03,2.500000000000e-03,500,1
13405,5.000000000000e-03,2.500000000000e-03,500,1
13406,5.000000000000e-03,2.500000000000e-03,500,2
13407,5.000000000000e-03,2.500000000000e-03,500,1
13408,5.000000000000e-03,2.500000000000e-03,500,1
13409,5.000000000000e-03,2.500000000000e-03,500,0
13410,5.000000000000e-03,2.500000000000e-03,500,4
13411,5.000000000000e-03,2.500000000000e-03,500,4
13412,5.000000000000e-03,2.500000000000e-03,500,2
13413,5.000000000000e-03,2.500000000000e-03,500,1
13414,5.000000000000e-03,2.500000000000e-03,500,2
13415,5.000000000000e-03,2.500000000000e-03,500,2
13416,5.000000000000e-03,2.500000000000e-03,500,3
13417,5.000000000000e-03,2.500000000000e-03,500,0
13418,5.000000000000e-03,2.500000000000e-03,500,3
13419,5.000000000000e-03,2.500000000000e-03,500,1
13420,5.000000000000e-03,2.500000000000e-03,500,1
13421,5.000000000000e-03,2.500000000000e-03,500,4
13422,5.000000000000e-03,2.500000000000e-03,500,1
13423,5.000000000000e-03,2.500000000000e-03,500,1
13424,5.000000000000e-03,2.500000000000e-03,500,5
13425,5.000000000000e-03,2.500000000000e-03,500,1
13426,5.000000000000e-03,2.500000000000e-03,500,1
13427,5.000000000000e-03,2.500000000000e-03,500,1
13428,5.000000000000e-03,2.500000000000e-03,500,5
13429,5.000000000000e-03,2.500000000000e-03,500,1
13430,5.000000000000e-03,2.500000000000e-03,500,0
13431,5.000000000000e-03,2.500000000000e-03,500,1
13432,5.000000000000e-03,2.500000000000e-03,500,3
13433,5.000000000000e-03,2.500000000000e-03,500,0
13434,5.000000000000e-03,2.500000000000e-03,500,3
13435,5.000000000000e-03,2.500000000000e-03,500,3
13436,5.000000000000e-03,2.500000000000e-03,500,2
13437,5.000000000000e-03,2.500000000000e-03,500,1
13438,5.000000000000e-03,2.500000000000e-03,500,1
13439,5.000000000000e-03,2.500000000000e-03,500,1
13440,5.000000000000e-03,2.500000000000e-03,500,2
13441,5.000000000000e-03,2.500000000000e-03,500,2
13442,5.000000000000e-03,2.500000000000e-03,500,3
13443,5.000000000000e-03,2.500000000000e-03,500,6
13444,5.000000000000e-03,2.500000000000e-03,500,1
13445,5.000000000000e-03,2.500000000000e-03,500,0
13446,5.000000000000e-03,2.500000000000e-03,500,0
13447,5.000000000000e-03,2.500000000000e-03,500,1
13448,5.000000000000e-03,2.500000000000e-03,500,3
13449,5.000000000000e-03,2.500000000000e-03,500,2
13450,5.000000000000e-03,2.500000000000e-03,500,1
13451,5.000000000000e-03,2.500000000000e-03,500,0
13452,5.000000000000e-03,2.500000000000e-03,500,3
13453,5.000000000000e-03,2.500000000000e-03,500,0
13454,5.000000000000e-03,2.500000000000e-03,500,0
13455,5.000000000000e-03,2.500000000000e-03,500,3
13456,5.000000000000e-03,2.500000000000e-03,500,4
13457,5.000000000000e-03,2.500000000000e-03,500,1
13458,5.000000000000e-03,2.500000000000e-03,500,4
13459,5.000000000000e-03,2.500000000000e-03,500,2
13460,5.000000000000e-03,2.500000000000e-03,500,1
13461,5.000000000000e-03,2.500000000000e-03,500,2
13462,5.000000000000e-03,2.500000000000e-03,500,3
13463,5.000000000000e-03,2.500000000000e-03,500,4
13464,5.000000000000e-03,2.500000000000e-03,500,1
13465,5.000000000000e-03,2.500000000000e-03,500,4
13466,5.000000000000e-03,2.500000000000e-03,500,3
13467,5.000000000000e-03,2.500000000000e-03,500,1
13468,5.000000000000e-03,2.500000000000e-03,500,1
13469,5.000000000000e-03,2.500000000000e-03,500,5
13470,5.000000000000e-03,2.500000000000e-03,500,1
13471,5.000000000000e-03,2.500000000000e-03,500,1
13472,5.000000000000e-03,2.500000000000e-03,500,1
13473,5.000000000000e-03,2.500000000000e-03,500,2
13474,5.000000000000e-03,2.500000000000e-03,500,1
13475,5.000000000000e-03,2.500000000000e-03,500,3
13476,5.000000000000e-03,2.500000000000e-03,500,0
13477,5.000000000000e-03,2.500000000000e-03,500,4
13478,5.000000000000e-03,2.500000000000e-03,500,3
13479,5.000000000000e-03,2.500000000000e-03,500,4
13480,5.000000000000e-03,2.500000000000e-03,500,3
13481,5.000000000000e-03,2.500000000000e-03,500,4
13482,5.000000000000e-03,2.500000000000e-03,500,1
13483,5.000000000000e-03,2.500000000000e-03,500,3
13484,5.000000000000e-03,2.500000000000e-03,500,3
13485,5.000000000000e-03,2.500000000000e-03,500,0
13486,5.000000000000e-03,2.500000000000e-03,500,3
13487,5.000000000000e-03,2.500000000000e-03,500,0
13488,5.000000000000e-03,2.500000000000e-03,500,0
13489,5.000000000000e-03,2.500000000000e-03,500,2
13490,5.000000000000e-03,2.500000000000e-03,500,3
13491,5.000000000000e-03,2.500000000000e-03,500,3
13492,5.000000000000e-03,2.500000000000e-03,500,2
13493,5.000000000000e-03,2.500000000000e-03,500,1
13494,5.000000000000e-03,2.500000000000e-03,500,2
13495,5.000000000000e-03,2.500000000000e-03,500,1
13496,5.000000000000e-03,2.500000000000e-03,500,0
13497,5.000000000000e-03,2.500000000000e-03,500,2
13498,5.000000000000e-03,2.500000000000e-03,500,3
13499,5.000000000000e-03,2.500000000000e-03,500,1
13500,5.000000000000e-03,2.500000000000e-03,500,4
13501,5.000000000000e-03,2.500000000000e-03,500,2
13502,5.000000000000e-03,2.500000000000e-03,500,2
13503,5.000000000000e-03,2.500000000000e-03,500,4
13504,5.000000000000e-03,2.500000000000e-03,500,2
13505,5.000000000000e-03,2.500000000000e-03,500,3
13506,5.000000000000e-03,2.500000000000e-03,500,1
13507,5.000000000000e-03,2.500000000000e-03,500,1
13508,5.000000000000e-03,2.500000000000e-03,500,3
13509,5.000000000000e-03,2.500000000000e-03,500,1
13510,5.000000000000e-03,2.500000000000e-03,500,3
13511,5.000000000000e-03,2.500000000000e-03,500,1
13512,5.000000000000e-03,2.500000000000e-03,500,1
13513,5.000000000000e-03,2.500000000000e-03,500,3
13514,5.000000000000e-03,2.500000000000e-03,500,2
13515,5.000000000000e-03,2.500000000000e-03,500,3
13516,5.000000000000e-03,2.500000000000e-03,500,1
13517,5.000000000000e-03,2.500000000000e-03,500,1
13518,5.000000000000e-03,2.500000000000e-03,500,3
13519,5.000000000000e-03,2.500000000000e-03,500,2
13520,5.000000000000e-03,2.500000000000e-03,500,2
13521,5.000000000000e-03,2.500000000000e-03,500,3
13522,5.000000000000e-03,2.500000000000e-03,500,1
13523,5.000000000000e-03,2.500000000000e-03,500,3
13524,5.000000000000e-03,2.500000000000e-03,500,3
13525,5.000000000000e-03,2.500000000000e-03,500,2
13526,5.000000000000e-03,2.500000000000e-03,500,0
13527,5.000000000000e-03,2.500000000000e-03,500,3
13528,5.000000000000e-03,2.500000000000e-03,500,5
13529,5.000000000000e-03,2.500000000000e-03,500,3
13530,5.000000000000e-03,2.500000000000e-03,500,1
13531,5.000000000000e-03,2.500000000000e-03,500,2
13532,5.000000000000e-03,2.500000000000e-03,500,1
13533,5.000000000000e-03,2.500000000000e-03,500,3
13534,5.000000000000e-03,2.500000000000e-03,500,2
13535,5.000000000000e-03,2.500000000000e-03,500,1
13536,5.000000000000e-03,2.500000000000e-03,500,1
13537,5.000000000000e-03,2.500000000000e-03,500,2
13538,5.000000000000e-03,2.500000000000e-03,500,2
13539,5.000000000000e-03,2.500000000000e-03,500,1
13540,5.000000000000e-03,2.500000000000e-03,500,2
13541,5.000000000000e-03,2.500000000000e-03,500,3
13542,5.000000000000e-03,2.500000000000e-03,500,3
13543,5.000000000000e-03,2.500000000000e-03,500,2
13544,5.000000000000e-03,2.500000000000e-03,500,2
13545,5.000000000000e-03,2.500000000000e-03,500,1
13546,5.000000000000e-03,2.500000000000e-03,500,2
13547,5.000000000000e-03,2.500000000000e-03,500,1
13548,5.000000000000e-03,2.500000000000e-03,500,4
13549,5.000000000000e-03,2.500000000000e-03,500,4
13550,5.000000000000e-03,2.500000000000e-03,500,2
13551,5.000000000000e-03,2.500000000000e-03,500,3
13552,5.000000000000e-03,2.500000000000e-03,500,1
13553,5.000000000000e-03,2.500000000000e-03,500,3
13554,5.000000000000e-03,2.500000000000e-03,500,2
13555,5.000000000000e-03,2.500000000000e-03,500,3
13556,5.000000000000e-03,2.500000000000e-03,500,0
13557,5.000000000000e-03,2.500000000000e-03,500,3
13558,5.000000000000e-03,2.500000000000e-03,500,3
13559,5.000000000000e-03,2.500000000000e-03,500,4
13560,5.000000000000e-03,2.500000000000e-03,500,1
13561,5.000000000000e-03,2.500000000000e-03,500,1
13562,5.000000000000e-03,2.500000000000e-03,500,1
13563,5.000000000000e-03,2.500000000000e-03,500,1
13564,5.000000000000e-03,2.500000000000e-03,500,0
13565,5.000000000000e-03,2.500000000000e-03,500,4
13566,5.000000000000e-03,2.500000000000e-03,500,2
13567,5.000000000000e-03,2.500000000000e-03,500,3
13568,5.000000000000e-03,2.500000000000e-03,500,4
13569,5.000000000000e-03,2.500000000000e-03,500,9
13570,5.000000000000e-03,2.500000000000e-03,500,1
13571,5.000000000000e-03,2.500000000000e-03,500,4
13572,5.000000000000e-03,2.500000000000e-03,500,3
13573,5.000000000000e-03,2.500000000000e-03,500,1
13574,5.000000000000e-03,2.500000000000e-03,500,5
13575,5.000000000000e-03,2.500000000000e-03,500,4
13576,5.000000000000e-03,2.500000000000e-03,500,0
13577,5.000000000000e-03,2.500000000000e-03,500,2
13578,5.000000000000e-03,2.500000000000e-03,500,2
13579,5.000000000000e-03,2.500000000000e-03,500,1
13580,5.000000000000e-03,2.500000000000e-03,500,1
13581,5.000000000000e-03,2.500000000000e-03,500,2
13582,5.000000000000e-03,2.500000000000e-03,500,2
13583,5.000000000000e-03,2.500000000000e-03,500,1
13584,5.000000000000e-03,2.500000000000e-03,500,4
13585,5.000000000000e-03,2.500000000000e-03,500,6
13586,5.000000000000e-03,2.500000000000e-03,500,1
13587,5.000000000000e-03,2.500000000000e-03,500,3
13588,5.000000000000e-03,2.500000000000e-03,500,3
13589,5.000000000000e-03,2.500000000000e-03,500,6
13590,5.000000000000e-03,2.500000000000e-03,500,4
13591,5.000000000000e-03,2.500000000000e-03,500,2
13592,5.000000000000e-03,2.500000000000e-03,500,1
13593,5.000000000000e-03,2.500000000000e-03,500,5
13594,5.000000000000e-03,2.500000000000e-03,500,0
13595,5.000000000000e-03,2.500000000000e-03,500,1
13596,5.000000000000e-03,2.500000000000e-03,500,2
13597,5.000000000000e-03,2.500000000000e-03,500,5
13598,5.000000000000e-03,2.500000000000e-03,500,1
13599,5.000000000000e-03,2.500000000000e-03,500,3
13600,5.000000000000e-03,2.500000000000e-03,500,0
13601,5.000000000000e-03,2.500000000000e-03,1000,2
13602,5.000000000000e-03,2.500000000000e-03,1000,5
13603,5.000000000000e-03,2.500000000000e-03,1000,3
13604,5.000000000000e-03,2.500000000000e-03,1000,7
13605,5.000000000000e-03,2.500000000000e-03,1000,7
13606,5.000000000000e-03,2.500000000000e-03,1000,7
13607,5.000000000000e-03,2.500000000000e-03,1000,3
13608,5.000000000000e-03,2.500000000000e-03,1000,4
13609,5.000000000000e-03,2.500000000000e-03,1000,5
13610,5.000000000000e-03,2.500000000000e-03,1000,1
13611,5.000000000000e-03,2.500000000000e-03,1000,3
13612,5.000000000000e-03,2.500000000000e-03,1000,2
13613,5.000000000000e-03,2.500000000000e-03,1000,5
13614,5.000000000000e-03,2.500000000000e-03,1000,2
13615,5.000000000000e-03,2.500000000000e-03,1000,2
13616,5.000000000000e-03,2.500000000000e-03,1000,6
13617,5.000000000000e-03,2.500000000000e-03,1000,4
13618,5.000000000000e-03,2.500000000000e-03,1000,1
13619,5.000000000000e-03,2.500000000000e-03,1000,8
13620,5.000000000000e-03,2.500000000000e-03,1000,9
13621,5.000000000000e-03,2.500000000000e-03,1000,1
13622,5.000000000000e-03,2.500000000000e-03,1000,6
13623,5.000000000000e-03,2.500000000000e-03,1000,4
13624,5.000000000000e-03,2.500000000000e-03,1000,4
13625,5.000000000000e-03,2.500000000000e-03,1000,3
13626,5.000000000000e-03,2.500000000000e-03,1000,3
13627,5.000000000000e-03,2.500000000000e-03,1000,2
13628,5.000000000000e-03,2.500000000000e-03,1000,6
13629,5.000000000000e-03,2.500000000000e-03,1000,6
13630,5.000000000000e-03,2.500000000000e-03,1000,6
13631,5.000000000000e-03,2.500000000000e-03,1000,1
13632,5.000000000000e-03,2.500000000000e-03,1000,6
13633,5.000000000000e-03,2.500000000000e-03,1000,3
13634,5.000000000000e-03,2.500000000000e-03,1000,8
13635,5.000000000000e-03,2.500000000000e-03,1000,5
13636,5.000000000000e-03,2.500000000000e-03,1000,5
13637,5.000000000000e-03,2.500000000000e-03,1000,6
13638,5.000000000000e-03,2.500000000000e-03,1000,2
13639,5.000000000000e-03,2.500000000000e-03,1000,4
13640,5.000000000000e-03,2.500000000000e-03,1000,5
13641,5.000000000000e-03,2.500000000000e-03,1000,7
13642,5.000000000000e-03,2.500000000000e-03,1000,3
13643,5.000000000000e-03,2.500000000000e-03,1000,6
13644,5.000000000000e-03,2.500000000000e-03,1000,6
13645,5.000000000000e-03,2.500000000000e-03,1000,1
13646,5.000000000000e-03,2.500000000000e-03,1000,6
13647,5.000000000000e-03,2.500000000000e-03,1000,5
13648,5.000000000000e-03,2.500000000000e-03,1000,5
13649,5.000000000000e-03,2.500000000000e-03,1000,3
13650,5.000000000000e-03,2.500000000000e-03,1000,2
13651,5.000000000000e-03,2.500000000000e-03,1000,5
13652,5.000000000000e-03,2.500000000000e-03,1000,9
13653,5.000000000000e-03,2.500000000000e-03,1000,1
13654,5.000000000000e-03,2.500000000000e-03,1000,4
13655,5.000000000000e-03,2.500000000000e-03,1000,2
13656,5.000000000000e-03,2.500000000000e-03,1000,5
13657,5.000000000000e-03,2.500000000000e-03,1000,4
13658,5.000000000000e-03,2.500000000000e-03,1000,7
13659,5.000000000000e-03,2.500000000000e-03,1000,7
13660,5.000000000000e-03,2.500000000000e-03,1000,3
13661,5.000000000000e-03,2.500000000000e-03,1000,3
13662,5.000000000000e-03,2.500000000000e-03,1000,3
13663,5.000000000000e-03,2.500000000000e-03,1000,3
13664,5.000000000000e-03,2.500000000000e-03,1000,0
13665,5.000000000000e-03,2.500000000000e-03,1000,1
13666,5.000000000000e-03,2.500000000000e-03,1000,8
13667,5.000000000000e-03,2.500000000000e-03,1000,6
13668,5.000000000000e-03,2.500000000000e-03,1000,1
13669,5.000000000000e-03,2.500000000000e-03,1000,4
13670,5.000000000000e-03,2.500000000000e-03,1000,5
13671,5.000000000000e-03,2.500000000000e-03,1000,7
13672,5.000000000000e-03,2.500000000000e-03,1000,2
13673,5.000000000000e-03,2.500000000000e-03,1000,2
13674,5.000000000000e-03,2.500000000000e-03,1000,4
13675,5.000000000000e-03,2.500000000000e-03,1000,5
13676,5.000000000000e-03,2.500000000000e-03,1000,5
13677,5.000000000000e-03,2.500000000000e-03,1000,5
13678,5.000000000000e-03,2.500000000000e-03,1000,5
13679,5.000000000000e-03,2.500000000000e-03,1000,3
13680,5.000000000000e-03,2.500000000000e-03,1000,5
13681,5.000000000000e-03,2.500000000000e-03,1000,0
13682,5.000000000000e-03,2.500000000000e-03,1000,6
13683,5.000000000000e-03,2.500000000000e-03,1000,3
13684,5.000000000000e-03,2.500000000000e-03,1000,6
13685,5.000000000000e-03,2.500000000000e-03,1000,2
13686,5.000000000000e-03,2.500000000000e-03,1000,3
13687,5.000000000000e-03,2.500000000000e-03,1000,7
13688,5.000000000000e-03,2.500000000000e-03,1000,5
13689,5.000000000000e-03,2.500000000000e-03,1000,7
13690,5.000000000000e-03,2.500000000000e-03,1000,6
13691,5.000000000000e-03,2.500000000000e-03,1000,5
13692,5.000000000000e-03,2.500000000000e-03,1000,4
13693,5.000000000000e-03,2.500000000000e-03,1000,2
13694,5.000000000000e-03,2.500000000000e-03,1000,4
13695,5.000000000000e-03,2.500000000000e-03,1000,5
13696,5.000000000000e-03,2.500000000000e-03,1000,5
13697,5.000000000000e-03,2.500000000000e-03,1000,4
13698,5.000000000000e-03,2.500000000000e-03,1000,2
13699,5.000000000000e-03,2.500000000000e-03,1000,2
13700,5.000000000000e-03,2.500000000000e-03,1000,6
13701,5.000000000000e-03,2.500000000000e-03,1000,4
13702,5.000000000000e-03,2.500000000000e-03,1000,9
13703,5.000000000000e-03,2.500000000000e-03,1000,2
13704,5.000000000000e-03,2.500000000000e-03,1000,5
13705,5.000000000000e-03,2.500000000000e-03,1000,7
13706,5.000000000000e-03,2.500000000000e-03,1000,4
13707,5.000000000000e-03,2.500000000000e-03,1000,12
13708,5.000000000000e-03,2.500000000000e-03,1000,5
13709,5.000000000000e-03,2.500000000000e-03,1000,3
13710,5.000000000000e-03,2.500000000000e-03,1000,2
13711,5.000000000000e-03,2.500000000000e-03,1000,5
13712,5.000000000000e-03,2.500000000000e-03,1000,6
13713,5.000000000000e-03,2.500000000000e-03,1000,5
13714,5.000000000000e-03,2.500000000000e-03,1000,4
13715,5.000000000000e-03,2.500000000000e-03,1000,6
13716,5.000000000000e-03,2.500000000000e-03,1000,0
13717,5.000000000000e-03,2.500000000000e-03,1000,5
13718,5.000000000000e-03,2.500000000000e-03,1000,5
13719,5.000000000000e-03,2.500000000000e-03,1000,7
13720,5.000000000000e-03,2.500000000000e-03,1000,3
13721,5.000000000000e-03,2.500000000000e-03,1000,4
13722,5.000000000000e-03,2.500000000000e-03,1000,5
13723,5.000000000000e-03,2.500000000000e-03,1000,6
13724,5.000000000000e-03,2.500000000000e-03,1000,3
13725,5.000000000000e-03,2.500000000000e-03,1000,4
13726,5.000000000000e-03,2.500000000000e-03,1000,2
13727,5.000000000000e-03,2.500000000000e-03,1000,6
13728,5.000000000000e-03,2.500000000000e-03,1000,10
13729,5.000000000000e-03,2.500000000000e-03,1000,0
13730,5.000000000000e-03,2.500000000000e-03,1000,6
13731,5.000000000000e-03,2.500000000000e-03,1000,3
13732,5.000000000000e-03,2.500000000000e-03,1000,4
13733,5.000000000000e-03,2.500000000000e-03,1000,6
13734,5.000000000000e-03,2.500000000000e-03,1000,7
13735,5.000000000000e-03,2.500000000000e-03,1000,5
13736,5.000000000000e-03,2.500000000000e-03,1000,4
13737,5.000000000000e-03,2.500000000000e-03,1000,1
13738,5.000000000000e-03,2.500000000000e-03,1000,1
13739,5.000000000000e-03,2.500000000000e-03,1000,2
13740,5.000000000000e-03,2.500000000000e-03,1000,6
13741,5.000000000000e-03,2.500000000000e-03,1000,5
13742,5.000000000000e-03,2.500000000000e-03,1000,4
13743,5.000000000000e-03,2.500000000000e-03,1000,3
13744,5.000000000000e-03,2.500000000000e-03,1000,10
13745,5.000000000000e-03,2.500000000000e-03,1000,1
13746,5.000000000000e-03,2.500000000000e-03,1000,5
13747,5.000000000000e-03,2.500000000000e-03,1000,4
13748,5.000000000000e-03,2.500000000000e-03,1000,2
13749,5.000000000000e-03,2.500000000000e-03,1000,5
13750,5.000000000000e-03,2.500000000000e-03,1000,4
13751,5.000000000000e-03,2.500000000000e-03,1000,6
13752,5.000000000000e-03,2.500000000000e-03,1000,4
13753,5.000000000000e-03,2.500000000000e-03,1000,7
13754,5.000000000000e-03,2.500000000000e-03,1000,5
13755,5.000000000000e-03,2.500000000000e-03,1000,5
13756,5.000000000000e-03,2.500000000000e-03,1000,2
13757,5.000000000000e-03,2.500000000000e-03,1000,7
13758,5.000000000000e-03,2.500000000000e-03,1000,3
13759,5.000000000000e-03,2.500000000000e-03,1000,8
13760,5.000000000000e-03,2.500000000000e-03,1000,4
13761,5.000000000000e-03,2.500000000000e-03,1000,6
13762,5.000000000000e-03,2.500000000000e-03,1000,4
13763,5.000000000000e-03,2.500000000000e-03,1000,1
13764,5.000000000000e-03,2.500000000000e-03,1000,6
13765,5.000000000000e-03,2.500000000000e-03,1000,3
13766,5.000000000000e-03,2.500000000000e-03,1000,2
13767,5.000000000000e-03,2.500000000000e-03,1000,3
13768,5.000000000000e-03,2.500000000000e-03,1000,3
13769,5.000000000000e-03,2.500000000000e-03,1000,5
13770,5.000000000000e-03,2.500000000000e-03,1000,2
13771,5.000000000000e-03,2.500000000000e-03,1000,6
13772,5.000000000000e-03,2.500000000000e-03,1000,2
13773,5.000000000000e-03,2.500000000000e-03,1000,5
13774,5.000000000000e-03,2.500000000000e-03,1000,4
13775,5.000000000000e-03,2.500000000000e-03,1000,0
13776,5.000000000000e-03,2.500000000000e-03,1000,4
13777,5.000000000000e-03,2.500000000000e-03,1000,5
13778,5.000000000000e-03,2.500000000000e-03,1000,1
13779,5.000000000000e-03,2.500000000000e-03,1000,1
13780,5.000000000000e-03,2.500000000000e-03,1000,5
13781,5.000000000000e-03,2.500000000000e-03,1000,4
13782,5.000000000000e-03,2.500000000000e-03,1000,3
13783,5.000000000000e-03,2.500000000000e-03,1000,5
13784,5.000000000000e-03,2.500000000000e-03,1000,3
13785,5.000000000000e-03,2.500000000000e-03,1000,5
13786,5.000000000000e-03,2.500000000000e-03,1000,7
13787,5.000000000000e-03,2.500000000000e-03,1000,5
13788,5.000000000000e-03,2.500000000000e-03,1000,7
13789,5.000000000000e-03,2.500000000000e-03,1000,2
13790,5.000000000000e-03,2.500000000000e-03,1000,3
13791,5.000000000000e-03,2.500000000000e-03,1000,4
13792,5.000000000000e-03,2.500000000000e-03,1000,2
13793,5.000000000000e-03,2.500000000000e-03,1000,6
13794,5.000000000000e-03,2.500000000000e-03,1000,1
13795,5.000000000000e-03,2.500000000000e-03,1000,4
13796,5.000000000000e-03,2.500000000000e-03,1000,5
13797,5.000000000000e-03,2.500000000000e-03,1000,5
13798,5.000000000000e-03,2.500000000000e-03,1000,4
13799,5.000000000000e-03,2.500000000000e-03,1000,6
13800,5.000000000000e-03,2.500000000000e-03,1000,7
13801,5.000000000000e-03,2.500000000000e-03,1000,3
13802,5.000000000000e-03,2.500000000000e-03,1000,1
13803,5.000000000000e-03,2.500000000000e-03,1000,4
13804,5.000000000000e-03,2.500000000000e-03,1000,4
13805,5.000000000000e-03,2.500000000000e-03,1000,6
13806,5.000000000000e-03,2.500000000000e-03,1000,7
13807,5.000000000000e-03,2.500000000000e-03,1000,4
13808,5.000000000000e-03,2.500000000000e-03,1000,5
13809,5.000000000000e-03,2.500000000000e-03,1000,3
13810,5.000000000000e-03,2.500000000000e-03,1000,5
13811,5.000000000000e-03,2.500000000000e-03,1000,4
13812,5.000000000000e-03,2.500000000000e-03,1000,5
13813,5.000000000000e-03,2.500000000000e-03,1000,3
13814,5.000000000000e-03,2.500000000000e-03,1000,2
13815,5.000000000000e-03,2.500000000000e-03,1000,5
13816,5.000000000000e-03,2.500000000000e-03,1000,1
13817,5.000000000000e-03,2.500000000000e-03,1000,7
13818,5.000000000000e-03,2.500000000000e-03,1000,1
13819,5.000000000000e-03,2.500000000000e-03,1000,3
13820,5.000000000000e-03,2.500000000000e-03,1000,7
13821,5.000000000000e-03,2.500000000000e-03,1000,3
13822,5.000000000000e-03,2.500000000000e-03,1000,0
13823,5.000000000000e-03,2.500000000000e-03,1000,1
13824,5.000000000000e-03,2.500000000000e-03,1000,4
13825,5.000000000000e-03,2.500000000000e-03,1000,4
13826,5.000000000000e-03,2.500000000000e-03,1000,6
13827,5.000000000000e-03,2.500000000000e-03,1000,4
13828,5.000000000000e-03,2.500000000000e-03,1000,4
13829,5.000000000000e-03,2.500000000000e-03,1000,1
13830,5.000000000000e-03,2.500000000000e-03,1000,3
13831,5.000000000000e-03,2.500000000000e-03,1000,7
13832,5.000000000000e-03,2.500000000000e-03,1000,4
13833,5.000000000000e-03,2.500000000000e-03,1000,3
13834,5.000000000000e-03,2.500000000000e-03,1000,4
13835,5.000000000000e-03,2.500000000000e-03,1000,6
13836,5.000000000000e-03,2.500000000000e-03,1000,2
13837,5.000000000000e-03,2.500000000000e-03,1000,4
13838,5.000000000000e-03,2.500000000000e-03,1000,0
13839,5.000000000000e-03,2.500000000000e-03,1000,9
13840,5.000000000000e-03,2.500000000000e-03,1000,4
13841,5.000000000000e-03,2.500000000000e-03,1000,1
13842,5.000000000000e-03,2.500000000000e-03,1000,3
13843,5.000000000000e-03,2.500000000000e-03,1000,9
13844,5.000000000000e-03,2.500000000000e-03,1000,3
13845,5.000000000000e-03,2.500000000000e-03,1000,6
13846,5.000000000000e-03,2.500000000000e-03,1000,3
13847,5.000000000000e-03,2.500000000000e-03,1000,2
13848,5.000000000000e-03,2.500000000000e-03,1000,7
13849,5.000000000000e-03,2.500000000000e-03,1000,5
13850,5.000000000000e-03,2.500000000000e-03,1000,4
13851,5.000000000000e-03,2.500000000000e-03,1000,8
13852,5.000000000000e-03,2.500000000000e-03,1000,7
13853,5.000000000000e-03,2.500000000000e-03,1000,5
13854,5.000000000000e-03,2.500000000000e-03,1000,3
13855,5.000000000000e-03,2.500000000000e-03,1000,4
13856,5.000000000000e-03,2.500000000000e-03,1000,5
13857,5.000000000000e-03,2.500000000000e-03,1000,5
13858,5.000000000000e-03,2.500000000000e-03,1000,2
13859,5.000000000000e-03,2.500000000000e-03,1000,5
13860,5.000000000000e-03,2.500000000000e-03,1000,3
13861,5.000000000000e-03,2.500000000000e-03,1000,6
13862,5.000000000000e-03,2.500000000000e-03,1000,1
13863,5.000000000000e-03,2.500000000000e-03,1000,4
13864,5.000000000000e-03,2.500000000000e-03,1000,2
13865,5.000000000000e-03,2.500000000000e-03,1000,7
13866,5.000000000000e-03,2.500000000000e-03,1000,3
13867,5.000000000000e-03,2.500000000000e-03,1000,5
13868,5.000000000000e-03,2.500000000000e-03,1000,2
13869,5.000000000000e-03,2.500000000000e-03,1000,4
13870,5.000000000000e-03,2.500000000000e-03,1000,3
13871,5.000000000000e-03,2.500000000000e-03,1000,4
13872,5.000000000000e-03,2.500000000000e-03,1000,2
13873,5.000000000000e-03,2.500000000000e-03,1000,4
13874,5.000000000000e-03,2.500000000000e-03,1000,4
13875,5.000000000000e-03,2.500000000000e-03,1000,4
13876,5.000000000000e-03,2.500000000000e-03,1000,5
13877,5.000000000000e-03,2.500000000000e-03,1000,4
13878,5.000000000000e-03,2.500000000000e-03,1000,4
13879,5.000000000000e-03,2.500000000000e-03,1000,2
13880,5.000000000000e-03,2.500000000000e-03,1000,4
13881,5.000000000000e-03,2.500000000000e-03,1000,2
13882,5.000000000000e-03,2.500000000000e-03,1000,11
13883,5.000000000000e-03,2.500000000000e-03,1000,4
13884,5.000000000000e-03,2.500000000000e-03,1000,5
13885,5.000000000000e-03,2.500000000000e-03,1000,5
13886,5.000000000000e-03,2.500000000000e-03,1000,4
13887,5.000000000000e-03,2.500000000000e-03,1000,4
13888,5.000000000000e-03,2.500000000000e-03,1000,5
13889,5.000000000000e-03,2.500000000000e-03,1000,1
13890,5.000000000000e-03,2.500000000000e-03,1000,4
13891,5.000000000000e-03,2.500000000000e-03,1000,4
13892,5.000000000000e-03,2.500000000000e-03,1000,1
13893,5.000000000000e-03,2.500000000000e-03,1000,3
13894,5.000000000000e-03,2.500000000000e-03,1000,6
13895,5.000000000000e-03,2.500000000000e-03,1000,3
13896,5.000000000000e-03,2.500000000000e-03,1000,4
13897,5.000000000000e-03,2.500000000000e-03,1000,5
13898,5.000000000000e-03,2.500000000000e-03,1000,6
13899,5.000000000000e-03,2.500000000000e-03,1000,2
13900,5.000000000000e-03,2.500000000000e-03,1000,4
13901,5.000000000000e-03,2.500000000000e-03,1000,4
13902,5.000000000000e-03,2.500000000000e-03,1000,4
13903,5.000000000000e-03,2.500000000000e-03,1000,5
13904,5.000000000000e-03,2.500000000000e-03,1000,3
13905,5.000000000000e-03,2.500000000000e-03,1000,4
13906,5.000000000000e-03,2.500000000000e-03,1000,6
13907,5.000000000000e-03,2.500000000000e-03,1000,7
13908,5.000000000000e-03,2.500000000000e-03,1000,6
13909,5.000000000000e-03,2.500000000000e-03,1000,9
13910,5.000000000000e-03,2.500000000000e-03,1000,4
13911,5.000000000000e-03,2.500000000000e-03,1000,4
13912,5.000000000000e-03,2.500000000000e-03,1000,5
13913,5.000000000000e-03,2.500000000000e-03,1000,4
13914,5.000000000000e-03,2.500000000000e-03,1000,2
13915,5.000000000000e-03,2.500000000000e-03,1000,3
13916,5.000000000000e-03,2.500000000000e-03,1000,1
13917,5.000000000000e-03,2.500000000000e-03,1000,5
13918,5.000000000000e-03,2.500000000000e-03,1000,3
13919,5.000000000000e-03,2.500000000000e-03,1000,2
13920,5.000000000000e-03,2.500000000000e-03,1000,6
13921,5.000000000000e-03,2.500000000000e-03,1000,6
13922,5.000000000000e-03,2.500000000000e-03,1000,3
13923,5.000000000000e-03,2.500000000000e-03,1000,8
13924,5.000000000000e-03,2.500000000000e-03,1000,8
13925,5.000000000000e-03,2.500000000000e-03,1000,5
13926,5.000000000000e-03,2.500000000000e-03,1000,4
13927,5.000000000000e-03,2.500000000000e-03,1000,2
13928,5.000000000000e-03,2.500000000000e-03,1000,3
13929,5.000000000000e-03,2.500000000000e-03,1000,3
13930,5.000000000000e-03,2.500000000000e-03,1000,3
13931,5.000000000000e-03,2.500000000000e-03,1000,7
13932,5.000000000000e-03,2.500000000000e-03,1000,2
13933,5.000000000000e-03,2.500000000000e-03,1000,8
13934,5.000000000000e-03,2.500000000000e-03,1000,4
13935,5.000000000000e-03,2.500000000000e-03,1000,7
13936,5.000000000000e-03,2.500000000000e-03,1000,4
13937,5.000000000000e-03,2.500000000000e-03,1000,4
13938,5.000000000000e-03,2.500000000000e-03,1000,1
13939,5.000000000000e-03,2.500000000000e-03,1000,3
13940,5.000000000000e-03,2.500000000000e-03,1000,7
13941,5.000000000000e-03,2.500000000000e-03,1000,4
13942,5.000000000000e-03,2.500000000000e-03,1000,0
13943,5.000000000000e-03,2.500000000000e-03,1000,9
13944,5.000000000000e-03,2.500000000000e-03,1000,5
13945,5.000000000000e-03,2.500000000000e-03,1000,2
13946,5.000000000000e-03,2.500000000000e-03,1000,3
13947,5.000000000000e-03,2.500000000000e-03,1000,0
13948,5.000000000000e-03,2.500000000000e-03,1000,1
13949,5.000000000000e-03,2.500000000000e-03,1000,6
13950,5.000000000000e-03,2.500000000000e-03,1000,7
13951,5.000000000000e-03,2.500000000000e-03,1000,0
13952,5.000000000000e-03,2.500000000000e-03,1000,3
13953,5.000000000000e-03,2.500000000000e-03,1000,4
13954,5.000000000000e-03,2.500000000000e-03,1000,4
13955,5.000000000000e-03,2.500000000000e-03,1000,4
13956,5.000000000000e-03,2.500000000000e-03,1000,7
13957,5.000000000000e-03,2.500000000000e-03,1000,2
13958,5.000000000000e-03,2.500000000000e-03,1000,5
13959,5.000000000000e-03,2.500000000000e-03,1000,5
13960,5.000000000000e-03,2.500000000000e-03,1000,3
13961,5.000000000000e-03,2.500000000000e-03,1000,6
13962,5.000000000000e-03,2.500000000000e-03,1000,5
13963,5.000000000000e-03,2.500000000000e-03,1000,4
13964,5.000000000000e-03,2.500000000000e-03,1000,2
13965,5.000000000000e-03,2.500000000000e-03,1000,7
13966,5.000000000000e-03,2.500000000000e-03,1000,5
13967,5.000000000000e-03,2.500000000000e-03,1000,7
13968,5.000000000000e-03,2.500000000000e-03,1000,2
13969,5.000000000000e-03,2.500000000000e-03,1000,5
13970,5.000000000000e-03,2.500000000000e-03,1000,0
13971,5.000000000000e-03,2.500000000000e-03,1000,4
13972,5.000000000000e-03,2.500000000000e-03,1000,5
13973,5.000000000000e-03,2.500000000000e-03,1000,7
13974,5.000000000000e-03,2.500000000000e-03,1000,3
13975,5.000000000000e-03,2.500000000000e-03,1000,4
13976,5.000000000000e-03,2.500000000000e-03,1000,2
13977,5.000000000000e-03,2.500000000000e-03,1000,2
13978,5.000000000000e-03,2.500000000000e-03,1000,3
13979,5.000000000000e-03,2.500000000000e-03,1000,5
13980,5.000000000000e-03,2.500000000000e-03,1000,3
13981,5.000000000000e-03,2.500000000000e-03,1000,3
13982,5.000000000000e-03,2.500000000000e-03,1000,2
13983,5.000000000000e-03,2.500000000000e-03,1000,2
13984,5.000000000000e-03,2.500000000000e-03,1000,3
13985,5.000000000000e-03,2.500000000000e-03,1000,1
13986,5.000000000000e-03,2.500000000000e-03,1000,1
13987,5.000000000000e-03,2.500000000000e-03,1000,5
13988,5.000000000000e-03,2.500000000000e-03,1000,6
13989,5.000000000000e-03,2.500000000000e-03,1000,5
13990,5.000000000000e-03,2.500000000000e-03,1000,6
13991,5.000000000000e-03,2.500000000000e-03,1000,6
13992,5.000000000000e-03,2.500000000000e-03,1000,7
13993,5.000000000000e-03,2.500000000000e-03,1000,3
13994,5.000000000000e-03,2.500000000000e-03,1000,2
13995,5.000000000000e-03,2.500000000000e-03,1000,5
13996,5.000000000000e-03,2.500000000000e-03,1000,6
13997,5.000000000000e-03,2.500000000000e-03,1000,5
13998,5.000000000000e-03,2.500000000000e-03,1000,5
13999,5.000000000000e-03,2.500000000000e-03,1000,3
14000,5.000000000000e-03,2.500000000000e-03,1000,5
14001,5.000000000000e-03,2.500000000000e-03,2000,14
14002,5.000000000000e-03,2.500000000000e-03,2000,4
14003,5.000000000000e-03,2.500000000000e-03,2000,5
14004,5.000000000000e-03,2.500000000000e-03,2000,16
14005,5.000000000000e-03,2.500000000000e-03,2000,7
14006,5.000000000000e-03,2.500000000000e-03,2000,9
14007,5.000000000000e-03,2.500000000000e-03,2000,1
14008,5.000000000000e-03,2.500000000000e-03,2000,7
14009,5.000000000000e-03,2.500000000000e-03,2000,6
14010,5.000000000000e-03,2.500000000000e-03,2000,10
14011,5.000000000000e-03,2.500000000000e-03,2000,9
14012,5.000000000000e-03,2.500000000000e-03,2000,7
14013,5.000000000000e-03,2.500000000000e-03,2000,9
14014,5.000000000000e-03,2.500000000000e-03,2000,6
14015,5.000000000000e-03,2.500000000000e-03,2000,10
14016,5.000000000000e-03,2.500000000000e-03,2000,9
14017,5.000000000000e-03,2.500000000000e-03,2000,5
14018,5.000000000000e-03,2.500000000000e-03,2000,9
14019,5.000000000000e-03,2.500000000000e-03,2000,7
14020,5.000000000000e-03,2.500000000000e-03,2000,6
14021,5.000000000000e-03,2.500000000000e-03,2000,10
14022,5.000000000000e-03,2.500000000000e-03,2000,16
14023,5.000000000000e-03,2.500000000000e-03,2000,6
14024,5.000000000000e-03,2.500000000000e-03,2000,5
14025,5.000000000000e-03,2.500000000000e-03,2000,6
14026,5.000000000000e-03,2.500000000000e-03,2000,7
14027,5.000000000000e-03,2.500000000000e-03,2000,8
14028,5.000000000000e-03,2.500000000000e-03,2000,9
14029,5.000000000000e-03,2.500000000000e-03,2000,8
14030,5.000000000000e-03,2.500000000000e-03,2000,12
14031,5.000000000000e-03,2.500000000000e-03,2000,13
14032,5.000000000000e-03,2.500000000000e-03,2000,11
14033,5.000000000000e-03,2.500000000000e-03,2000,16
14034,5.000000000000e-03,2.500000000000e-03,2000,6
14035,5.000000000000e-03,2.500000000000e-03,2000,10
14036,5.000000000000e-03,2.500000000000e-03,2000,7
14037,5.000000000000e-03,2.500000000000e-03,2000,13
14038,5.000000000000e-03,2.500000000000e-03,2000,10
14039,5.000000000000e-03,2.500000000000e-03,2000,7
14040,5.000000000000e-03,2.500000000000e-03,2000,12
14041,5.000000000000e-03,2.500000000000e-03,2000,10
14042,5.000000000000e-03,2.500000000000e-03,2000,5
14043,5.000000000000e-03,2.500000000000e-03,2000,7
14044,5.000000000000e-03,2.500000000000e-03,2000,6
14045,5.000000000000e-03,2.500000000000e-03,2000,8
14046,5.000000000000e-03,2.500000000000e-03,2000,14
14047,5.000000000000e-03,2.500000000000e-03,2000,11
14048,5.000000000000e-03,2.500000000000e-03,2000,10
14049,5.000000000000e-03,2.500000000000e-03,2000,6
14050,5.000000000000e-03,2.500000000000e-03,2000,5
14051,5.000000000000e-03,2.500000000000e-03,2000,7
14052,5.000000000000e-03,2.500000000000e-03,2000,7
14053,5.000000000000e-03,2.500000000000e-03,2000,10
14054,5.000000000000e-03,2.500000000000e-03,2000,3
14055,5.000000000000e-03,2.500000000000e-03,2000,6
14056,5.000000000000e-03,2.500000000000e-03,2000,12
14057,5.000000000000e-03,2.500000000000e-03,2000,9
14058,5.000000000000e-03,2.500000000000e-03,2000,7
14059,5.000000000000e-03,2.500000000000e-03,2000,2
14060,5.000000000000e-03,2.500000000000e-03,2000,5
14061,5.000000000000e-03,2.500000000000e-03,2000,6
14062,5.000000000000e-03,2.500000000000e-03,2000,7
14063,5.000000000000e-03,2.500000000000e-03,2000,7
14064,5.000000000000e-03,2.500000000000e-03,2000,10
14065,5.000000000000e-03,2.500000000000e-03,2000,11
14066,5.000000000000e-03,2.500000000000e-03,2000,14
14067,5.000000000000e-03,2.500000000000e-03,2000,7
14068,5.000000000000e-03,2.500000000000e-03,2000,4
14069,5.000000000000e-03,2.500000000000e-03,2000,10
14070,5.000000000000e-03,2.500000000000e-03,2000,9
14071,5.000000000000e-03,2.500000000000e-03,2000,5
14072,5.000000000000e-03,2.500000000000e-03,2000,10
14073,5.000000000000e-03,2.500000000000e-03,2000,6
14074,5.000000000000e-03,2.500000000000e-03,2000,7
14075,5.000000000000e-03,2.500000000000e-03,2000,10
14076,5.000000000000e-03,2.500000000000e-03,2000,4
14077,5.000000000000e-03,2.500000000000e-03,2000,8
14078,5.000000000000e-03,2.500000000000e-03,2000,11
14079,5.000000000000e-03,2.500000000000e-03,2000,10
14080,5.000000000000e-03,2.500000000000e-03,2000,8
14081,5.000000000000e-03,2.500000000000e-03,2000,8
14082,5.000000000000e-03,2.500000000000e-03,2000,6
14083,5.000000000000e-03,2.500000000000e-03,2000,8
14084,5.000000000000e-03,2.500000000000e-03,2000,10
14085,5.000000000000e-03,2.500000000000e-03,2000,14
14086,5.000000000000e-03,2.500000000000e-03,2000,5
14087,5.000000000000e-03,2.500000000000e-03,2000,13
14088,5.000000000000e-03,2.500000000000e-03,2000,4
14089,5.000000000000e-03,2.500000000000e-03,2000,8
14090,5.000000000000e-03,2.500000000000e-03,2000,10
14091,5.000000000000e-03,2.500000000000e-03,2000,8
14092,5.000000000000e-03,2.500000000000e-03,2000,15
14093,5.000000000000e-03,2.500000000000e-03,2000,9
14094,5.000000000000e-03,2.500000000000e-03,2000,11
14095,5.000000000000e-03,2.500000000000e-03,2000,9
14096,5.000000000000e-03,2.500000000000e-03,2000,7
14097,5.000000000000e-03,2.500000000000e-03,2000,3
14098,5.000000000000e-03,2.500000000000e-03,2000,10
14099,5.000000000000e-03,2.500000000000e-03,2000,7
14100,5.000000000000e-03,2.500000000000e-03,2000,12
14101,5.000000000000e-03,2.500000000000e-03,2000,9
14102,5.000000000000e-03,2.500000000000e-03,2000,6
14103,5.000000000000e-03,2.500000000000e-03,2000,6
14104,5.000000000000e-03,2.500000000000e-03,2000,6
14105,5.000000000000e-03,2.500000000000e-03,2000,9
14106,5.000000000000e-03,2.500000000000e-03,2000,11
14107,5.000000000000e-03,2.500000000000e-03,2000,9
14108,5.000000000000e-03,2.500000000000e-03,2000,5
14109,5.000000000000e-03,2.500000000000e-03,2000,9
14110,5.000000000000e-03,2.500000000000e-03,2000,6
14111,5.000000000000e-03,2.500000000000e-03,2000,7
14112,5.000000000000e-03,2.500000000000e-03,2000,4
14113,5.000000000000e-03,2.500000000000e-03,2000,2
14114,5.000000000000e-03,2.500000000000e-03,2000,7
14115,5.000000000000e-03,2.500000000000e-03,2000,6
14116,5.000000000000e-03,2.500000000000e-03,2000,7
14117,5.000000000000e-03,2.500000000000e-03,2000,9
14118,5.000000000000e-03,2.500000000000e-03,2000,10
14119,5.000000000000e-03,2.500000000000e-03,2000,9
14120,5.000000000000e-03,2.500000000000e-03,2000,6
14121,5.000000000000e-03,2.500000000000e-03,2000,8
14122,5.000000000000e-03,2.500000000000e-03,2000,8
14123,5.000000000000e-03,2.500000000000e-03,2000,9
14124,5.000000000000e-03,2.500000000000e-03,2000,6
14125,5.000000000000e-03,2.500000000000e-03,2000,7
14126,5.000000000000e-03,2.500000000000e-03,2000,10
14127,5.000000000000e-03,2.500000000000e-03,2000,6
14128,5.000000000000e-03,2.500000000000e-03,2000,7
14129,5.000000000000e-03,2.500000000000e-03,2000,4
14130,5.000000000000e-03,2.500000000000e-03,2000,6
14131,5.000000000000e-03,2.500000000000e-03,2000,9
14132,5.000000000000e-03,2.500000000000e-03,2000,12
14133,5.000000000000e-03,2.500000000000e-03,2000,5
14134,5.000000000000e-03,2.500000000000e-03,2000,10
14135,5.000000000000e-03,2.500000000000e-03,2000,5
14136,5.000000000000e-03,2.500000000000e-03,2000,12
14137,5.000000000000e-03,2.500000000000e-03,2000,5
14138,5.000000000000e-03,2.500000000000e-03,2000,9
14139,5.000000000000e-03,2.500000000000e-03,2000,12
14140,5.000000000000e-03,2.500000000000e-03,2000,11
14141,5.000000000000e-03,2.500000000000e-03,2000,7
14142,5.000000000000e-03,2.500000000000e-03,2000,10
14143,5.000000000000e-03,2.500000000000e-03,2000,7
14144,5.000000000000e-03,2.500000000000e-03,2000,9
14145,5.000000000000e-03,2.500000000000e-03,2000,13
14146,5.000000000000e-03,2.500000000000e-03,2000,7
14147,5.000000000000e-03,2.500000000000e-03,2000,8
14148,5.000000000000e-03,2.500000000000e-03,2000,8
14149,5.000000000000e-03,2.500000000000e-03,2000,3
14150,5.000000000000e-03,2.500000000000e-03,2000,10
14151,5.000000000000e-03,2.500000000000e-03,2000,8
14152,5.000000000000e-03,2.500000000000e-03,2000,8
14153,5.000000000000e-03,2.500000000000e-03,2000,11
14154,5.000000000000e-03,2.500000000000e-03,2000,8
14155,5.000000000000e-03,2.500000000000e-03,2000,13
14156,5.000000000000e-03,2.500000000000e-03,2000,8
14157,5.000000000000e-03,2.500000000000e-03,2000,9
14158,5.000000000000e-03,2.500000000000e-03,2000,11
14159,5.000000000000e-03,2.500000000000e-03,2000,14
14160,5.000000000000e-03,2.500000000000e-03,2000,8
14161,5.000000000000e-03,2.500000000000e-03,2000,5
14162,5.000000000000e-03,2.500000000000e-03,2000,10
14163,5.000000000000e-03,2.500000000000e-03,2000,15
14164,5.000000000000e-03,2.500000000000e-03,2000,8
14165,5.000000000000e-03,2.500000000000e-03,2000,7
14166,5.000000000000e-03,2.500000000000e-03,2000,5
14167,5.000000000000e-03,2.500000000000e-03,2000,10
14168,5.000000000000e-03,2.500000000000e-03,2000,7
14169,5.000000000000e-03,2.500000000000e-03,2000,12
14170,5.000000000000e-03,2.500000000000e-03,2000,1
14171,5.000000000000e-03,2.500000000000e-03,2000,8
14172,5.000000000000e-03,2.500000000000e-03,2000,10
14173,5.000000000000e-03,2.500000000000e-03,2000,9
14174,5.000000000000e-03,2.500000000000e-03,2000,6
14175,5.000000000000e-03,2.500000000000e-03,2000,9
14176,5.000000000000e-03,2.500000000000e-03,2000,8
14177,5.000000000000e-03,2.500000000000e-03,2000,7
14178,5.000000000000e-03,2.500000000000e-03,2000,14
14179,5.000000000000e-03,2.500000000000e-03,2000,8
14180,5.000000000000e-03,2.500000000000e-03,2000,8
14181,5.000000000000e-03,2.500000000000e-03,2000,10
14182,5.000000000000e-03,2.500000000000e-03,2000,5
14183,5.000000000000e-03,2.500000000000e-03,2000,6
14184,5.000000000000e-03,2.500000000000e-03,2000,8
14185,5.000000000000e-03,2.500000000000e-03,2000,6
14186,5.000000000000e-03,2.500000000000e-03,2000,5
14187,5.000000000000e-03,2.500000000000e-03,2000,8
14188,5.000000000000e-03,2.500000000000e-03,2000,10
14189,5.000000000000e-03,2.500000000000e-03,2000,13
14190,5.000000000000e-03,2.500000000000e-03,2000,5
14191,5.000000000000e-03,2.500000000000e-03,2000,5
14192,5.000000000000e-03,2.500000000000e-03,2000,14
14193,5.000000000000e-03,2.500000000000e-03,2000,8
14194,5.000000000000e-03,2.500000000000e-03,2000,10
14195,5.000000000000e-03,2.500000000000e-03,2000,7
14196,5.000000000000e-03,2.500000000000e-03,2000,13
14197,5.000000000000e-03,2.500000000000e-03,2000,9
14198,5.000000000000e-03,2.500000000000e-03,2000,10
14199,5.000000000000e-03,2.500000000000e-03,2000,8
14200,5.000000000000e-03,2.500000000000e-03,2000,9
14201,5.000000000000e-03,2.500000000000e-03,2000,9
14202,5.000000000000e-03,2.500000000000e-03,2000,11
14203,5.000000000000e-03,2.500000000000e-03,2000,9
14204,5.000000000000e-03,2.500000000000e-03,2000,8
14205,5.000000000000e-03,2.500000000000e-03,2000,9
14206,5.000000000000e-03,2.500000000000e-03,2000,9
14207,5.000000000000e-03,2.500000000000e-03,2000,8
14208,5.000000000000e-03,2.500000000000e-03,2000,12
14209,5.000000000000e-03,2.500000000000e-03,2000,9
14210,5.000000000000e-03,2.500000000000e-03,2000,8
14211,5.000000000000e-03,2.500000000000e-03,2000,11
14212,5.000000000000e-03,2.500000000000e-03,2000,9
14213,5.000000000000e-03,2.500000000000e-03,2000,10
14214,5.000000000000e-03,2.500000000000e-03,2000,8
14215,5.000000000000e-03,2.500000000000e-03,2000,10
14216,5.000000000000e-03,2.500000000000e-03,2000,11
14217,5.000000000000e-03,2.500000000000e-03,2000,8
14218,5.000000000000e-03,2.500000000000e-03,2000,7
14219,5.000000000000e-03,2.500000000000e-03,2000,7
14220,5.000000000000e-03,2.500000000000e-03,2000,5
14221,5.000000000000e-03,2.500000000000e-03,2000,6
14222,5.000000000000e-03,2.500000000000e-03,2000,9
14223,5.000000000000e-03,2.500000000000e-03,2000,8
14224,5.000000000000e-03,2.500000000000e-03,2000,2
14225,5.000000000000e-03,2.500000000000e-03,2000,7
14226,5.000000000000e-03,2.500000000000e-03,2000,7
14227,5.000000000000e-03,2.500000000000e-03,2000,7
14228,5.000000000000e-03,2.500000000000e-03,2000,4
14229,5.000000000000e-03,2.500000000000e-03,2000,7
14230,5.000000000000e-03,2.500000000000e-03,2000,12
14231,5.000000000000e-03,2.500000000000e-03,2000,15
14232,5.000000000000e-03,2.500000000000e-03,2000,9
14233,5.000000000000e-03,2.500000000000e-03,2000,9
14234,5.000000000000e-03,2.500000000000e-03,2000,7
14235,5.000000000000e-03,2.500000000000e-03,2000,15
14236,5.000000000000e-03,2.500000000000e-03,2000,4
14237,5.000000000000e-03,2.500000000000e-03,2000,7
14238,5.000000000000e-03,2.500000000000e-03,2000,11
14239,5.000000000000e-03,2.500000000000e-03,2000,10
14240,5.000000000000e-03,2.500000000000e-03,2000,11
14241,5.000000000000e-03,2.500000000000e-03,2000,13
14242,5.000000000000e-03,2.500000000000e-03,2000,7
14243,5.000000000000e-03,2.500000000000e-03,2000,6
14244,5.000000000000e-03,2.500000000000e-03,2000,16
14245,5.000000000000e-03,2.500000000000e-03,2000,5
14246,5.000000000000e-03,2.500000000000e-03,2000,9
14247,5.000000000000e-03,2.500000000000e-03,2000,8
14248,5.000000000000e-03,2.500000000000e-03,2000,5
14249,5.000000000000e-03,2.500000000000e-03,2000,8
14250,5.000000000000e-03,2.500000000000e-03,2000,8
14251,5.000000000000e-03,2.500000000000e-03,2000,6
14252,5.000000000000e-03,2.500000000000e-03,2000,9
14253,5.000000000000e-03,2.500000000000e-03,2000,15
14254,5.000000000000e-03,2.500000000000e-03,2000,6
14255,5.000000000000e-03,2.500000000000e-03,2000,5
14256,5.000000000000e-03,2.500000000000e-03,2000,10
14257,5.000000000000e-03,2.500000000000e-03,2000,4
14258,5.000000000000e-03,2.500000000000e-03,2000,8
14259,5.000000000000e-03,2.500000000000e-03,2000,9
14260,5.000000000000e-03,2.500000000000e-03,2000,5
14261,5.000000000000e-03,2.500000000000e-03,2000,11
14262,5.000000000000e-03,2.500000000000e-03,2000,6
14263,5.000000000000e-03,2.500000000000e-03,2000,8
14264,5.000000000000e-03,2.500000000000e-03,2000,4
14265,5.000000000000e-03,2.500000000000e-03,2000,10
14266,5.000000000000e-03,2.500000000000e-03,2000,10
14267,5.000000000000e-03,2.500000000000e-03,2000,7
14268,5.000000000000e-03,2.500000000000e-03,2000,11
14269,5.000000000000e-03,2.500000000000e-03,2000,5
14270,5.000000000000e-03,2.500000000000e-03,2000,8
14271,5.000000000000e-03,2.500000000000e-03,2000,6
14272,5.000000000000e-03,2.500000000000e-03,2000,6
14273,5.000000000000e-03,2.500000000000e-03,2000,11
14274,5.000000000000e-03,2.500000000000e-03,2000,11
14275,5.000000000000e-03,2.500000000000e-03,2000,6
14276,5.000000000000e-03,2.500000000000e-03,2000,9
14277,5.000000000000e-03,2.500000000000e-03,2000,6
14278,5.000000000000e-03,2.500000000000e-03,2000,9
14279,5.000000000000e-03,2.500000000000e-03,2000,5
14280,5.000000000000e-03,2.500000000000e-03,2000,6
14281,5.000000000000e-03,2.500000000000e-03,2000,6
14282,5.000000000000e-03,2.500000000000e-03,2000,5
14283,5.000000000000e-03,2.500000000000e-03,2000,11
14284,5.000000000000e-03,2.500000000000e-03,2000,14
14285,5.000000000000e-03,2.500000000000e-03,2000,9
14286,5.000000000000e-03,2.500000000000e-03,2000,6
14287,5.000000000000e-03,2.500000000000e-03,2000,3
14288,5.000000000000e-03,2.500000000000e-03,2000,11
14289,5.000000000000e-03,2.500000000000e-03,2000,7
14290,5.000000000000e-03,2.500000000000e-03,2000,8
14291,5.000000000000e-03,2.500000000000e-03,2000,6
14292,5.000000000000e-03,2.500000000000e-03,2000,7
14293,5.000000000000e-03,2.500000000000e-03,2000,11
14294,5.000000000000e-03,2.500000000000e-03,2000,2
14295,5.000000000000e-03,2.500000000000e-03,2000,11
14296,5.000000000000e-03,2.500000000000e-03,2000,7
14297,5.000000000000e-03,2.500000000000e-03,2000,13
14298,5.000000000000e-03,2.500000000000e-03,2000,7
14299,5.000000000000e-03,2.500000000000e-03,2000,13
14300,5.000000000000e-03,2.500000000000e-03,2000,10
14301,5.000000000000e-03,2.500000000000e-03,2000,3
14302,5.000000000000e-03,2.500000000000e-03,2000,13
14303,5.000000000000e-03,2.500000000000e-03,2000,9
14304,5.000000000000e-03,2.500000000000e-03,2000,3
14305,5.000000000000e-03,2.500000000000e-03,2000,8
14306,5.000000000000e-03,2.500000000000e-03,2000,5
14307,5.000000000000e-03,2.500000000000e-03,2000,9
14308,5.000000000000e-03,2.500000000000e-03,2000,9
14309,5.000000000000e-03,2.500000000000e-03,2000,14
14310,5.000000000000e-03,2.500000000000e-03,2000,7
14311,5.000000000000e-03,2.500000000000e-03,2000,7
14312,5.000000000000e-03,2.500000000000e-03,2000,8
14313,5.000000000000e-03,2.500000000000e-03,2000,13
14314,5.000000000000e-03,2.500000000000e-03,2000,7
14315,5.000000000000e-03,2.500000000000e-03,2000,15
14316,5.000000000000e-03,2.500000000000e-03,2000,3
14317,5.000000000000e-03,2.500000000000e-03,2000,13
14318,5.000000000000e-03,2.500000000000e-03,2000,8
14319,5.000000000000e-03,2.500000000000e-03,2000,10
14320,5.000000000000e-03,2.500000000000e-03,2000,16
14321,5.000000000000e-03,2.500000000000e-03,2000,8
14322,5.000000000000e-03,2.500000000000e-03,2000,10
14323,5.000000000000e-03,2.500000000000e-03,2000,11
14324,5.000000000000e-03,2.500000000000e-03,2000,9
14325,5.000000000000e-03,2.500000000000e-03,2000,8
14326,5.000000000000e-03,2.500000000000e-03,2000,3
14327,5.000000000000e-03,2.500000000000e-03,2000,11
14328,5.000000000000e-03,2.500000000000e-03,2000,11
14329,5.000000000000e-03,2.500000000000e-03,2000,11
14330,5.000000000000e-03,2.500000000000e-03,2000,6
14331,5.000000000000e-03,2.500000000000e-03,2000,9
14332,5.000000000000e-03,2.500000000000e-03,2000,13
14333,5.000000000000e-03,2.500000000000e-03,2000,9
14334,5.000000000000e-03,2.500000000000e-03,2000,5
14335,5.000000000000e-03,2.500000000000e-03,2000,10
14336,5.000000000000e-03,2.500000000000e-03,2000,8
14337,5.000000000000e-03,2.500000000000e-03,2000,10
14338,5.000000000000e-03,2.500000000000e-03,2000,8
14339,5.000000000000e-03,2.500000000000e-03,2000,11
14340,5.000000000000e-03,2.500000000000e-03,2000,11
14341,5.000000000000e-03,2.500000000000e-03,2000,10
14342,5.000000000000e-03,2.500000000000e-03,2000,2
14343,5.000000000000e-03,2.500000000000e-03,2000,5
14344,5.000000000000e-03,2.500000000000e-03,2000,11
14345,5.000000000000e-03,2.500000000000e-03,2000,7
14346,5.000000000000e-03,2.500000000000e-03,2000,16
14347,5.000000000000e-03,2.500000000000e-03,2000,9
14348,5.000000000000e-03,2.500000000000e-03,2000,6
14349,5.000000000000e-03,2.500000000000e-03,2000,9
14350,5.000000000000e-03,2.500000000000e-03,2000,8
14351,5.000000000000e-03,2.500000000000e-03,2000,6
14352,5.000000000000e-03,2.500000000000e-03,2000,11
14353,5.000000000000e-03,2.500000000000e-03,2000,6
14354,5.000000000000e-03,2.500000000000e-03,2000,8
14355,5.000000000000e-03,2.500000000000e-03,2000,7
14356,5.000000000000e-03,2.500000000000e-03,2000,6
14357,5.000000000000e-03,2.500000000000e-03,2000,11
14358,5.000000000000e-03,2.500000000000e-03,2000,7
14359,5.000000000000e-03,2.500000000000e-03,2000,8
14360,5.000000000000e-03,2.500000000000e-03,2000,7
14361,5.000000000000e-03,2.500000000000e-03,2000,3
14362,5.000000000000e-03,2.500000000000e-03,2000,9
14363,5.000000000000e-03,2.500000000000e-03,2000,10
14364,5.000000000000e-03,2.500000000000e-03,2000,14
14365,5.000000000000e-03,2.500000000000e-03,2000,13
14366,5.000000000000e-03,2.500000000000e-03,2000,8
14367,5.000000000000e-03,2.500000000000e-03,2000,6
14368,5.000000000000e-03,2.500000000000e-03,2000,10
14369,5.000000000000e-03,2.500000000000e-03,2000,5
14370,5.000000000000e-03,2.500000000000e-03,2000,10
14371,5.000000000000e-03,2.500000000000e-03,2000,9
14372,5.000000000000e-03,2.500000000000e-03,2000,10
14373,5.000000000000e-03,2.500000000000e-03,2000,12
14374,5.000000000000e-03,2.500000000000e-03,2000,6
14375,5.000000000000e-03,2.500000000000e-03,2000,8
14376,5.000000000000e-03,2.500000000000e-03,2000,7
14377,5.000000000000e-03,2.500000000000e-03,2000,7
14378,5.000000000000e-03,2.500000000000e-03,2000,10
14379,5.000000000000e-03,2.500000000000e-03,2000,7
14380,5.000000000000e-03,2.500000000000e-03,2000,9
14381,5.000000000000e-03,2.500000000000e-03,2000,13
14382,5.000000000000e-03,2.500000000000e-03,2000,9
14383,5.000000000000e-03,2.500000000000e-03,2000,10
14384,5.000000000000e-03,2.500000000000e-03,2000,7
14385,5.000000000000e-03,2.500000000000e-03,2000,7
14386,5.000000000000e-03,2.500000000000e-03,2000,9
14387,5.000000000000e-03,2.500000000000e-03,2000,7
14388,5.000000000000e-03,2.500000000000e-03,2000,7
14389,5.000000000000e-03,2.500000000000e-03,2000,5
14390,5.000000000000e-03,2.500000000000e-03,2000,12
14391,5.000000000000e-03,2.500000000000e-03,2000,10
14392,5.000000000000e-03,2.500000000000e-03,2000,14
14393,5.000000000000e-03,2.500000000000e-03,2000,6
14394,5.000000000000e-03,2.500000000000e-03,2000,3
14395,5.000000000000e-03,2.500000000000e-03,2000,8
14396,5.000000000000e-03,2.500000000000e-03,2000,8
14397,5.000000000000e-03,2.500000000000e-03,2000,6
14398,5.000000000000e-03,2.500000000000e-03,2000,5
14399,5.000000000000e-03,2.500000000000e-03,2000,9
14400,5.000000000000e-03,2.500000000000e-03,2000,6
14401,5.000000000000e-03,5.000000000000e-03,200,4
14402,5.000000000000e-03,5.000000000000e-03,200,1
14403,5.000000000000e-03,5.000000000000e-03,200,1
14404,5.000000000000e-03,5.000000000000e-03,200,2
14405,5.000000000000e-03,5.000000000000e-03,200,4
14406,5.000000000000e-03,5.000000000000e-03,200,3
14407,5.000000000000e-03,5.000000000000e-03,200,0
14408,5.000000000000e-03,5.000000000000e-03,200,1
14409,5.000000000000e-03,5.000000000000e-03,200,1
14410,5.000000000000e-03,5.000000000000e-03,200,1
14411,5.000000000000e-03,5.000000000000e-03,200,1
14412,5.000000000000e-03,5.000000000000e-03,200,1
14413,5.000000000000e-03,5.000000000000e-03,200,1
14414,5.000000000000e-03,5.000000000000e-03,200,1
14415,5.000000000000e-03,5.000000000000e-03,200,2
14416,5.000000000000e-03,5.000000000000e-03,200,1
14417,5.000000000000e-03,5.000000000000e-03,200,0
14418,5.000000000000e-03,5.000000000000e-03,200,0
14419,5.000000000000e-03,5.000000000000e-03,200,1
14420,5.000000000000e-03,5.000000000000e-03,200,1
14421,5.000000000000e-03,5.000000000000e-03,200,0
14422,5.000000000000e-03,5.000000000000e-03,200,0
14423,5.000000000000e-03,5.000000000000e-03,200,1
14424,5.000000000000e-03,5.000000000000e-03,200,1
14425,5.000000000000e-03,5.000000000000e-03,200,0
14426,5.000000000000e-03,5.000000000000e-03,200,0
14427,5.000000000000e-03,5.000000000000e-03,200,0
14428,5.000000000000e-03,5.000000000000e-03,200,1
14429,5.000000000000e-03,5.000000000000e-03,200,3
14430,5.000000000000e-03,5.000000000000e-03,200,1
14431,5.000000000000e-03,5.000000000000e-03,200,2
14432,5.000000000000e-03,5.000000000000e-03,200,1
14433,5.000000000000e-03,5.000000000000e-03,200,1
14434,5.000000000000e-03,5.000000000000e-03,200,0
14435,5.000000000000e-03,5.000000000000e-03,200,2
14436,5.000000000000e-03,5.000000000000e-03,200,3
14437,5.000000000000e-03,5.000000000000e-03,200,2
14438,5.000000000000e-03,5.000000000000e-03,200,0
14439,5.000000000000e-03,5.000000000000e-03,200,1
14440,5.000000000000e-03,5.000000000000e-03,200,1
14441,5.000000000000e-03,5.000000000000e-03,200,4
14442,5.000000000000e-03,5.000000000000e-03,200,3
14443,5.000000000000e-03,5.000000000000e-03,200,3
14444,5.000000000000e-03,5.000000000000e-03,200,0
14445,5.000000000000e-03,5.000000000000e-03,200,0
14446,5.000000000000e-03,5.000000000000e-03,200,0
14447,5.000000000000e-03,5.000000000000e-03,200,0
14448,5.000000000000e-03,5.000000000000e-03,200,1
14449,5.000000000000e-03,5.000000000000e-03,200,1
14450,5.000000000000e-03,5.000000000000e-03,200,1
14451,5.000000000000e-03,5.000000000000e-03,200,0
14452,5.000000000000e-03,5.000000000000e-03,200,1
14453,5.000000000000e-03,5.000000000000e-03,200,1
14454,5.000000000000e-03,5.000000000000e-03,200,1
14455,5.000000000000e-03,5.000000000000e-03,200,2
14456,5.000000000000e-03,5.000000000000e-03,200,1
14457,5.000000000000e-03,5.000000000000e-03,200,2
14458,5.000000000000e-03,5.000000000000e-03,200,0
14459,5.000000000000e-03,5.000000000000e-03,200,1
14460,5.000000000000e-03,5.000000000000e-03,200,3
14461,5.000000000000e-03,5.000000000000e-03,200,0
14462,5.000000000000e-03,5.000000000000e-03,200,2
14463,5.000000000000e-03,5.000000000000e-03,200,1
14464,5.000000000000e-03,5.000000000000e-03,200,2
14465,5.000000000000e-03,5.000000000000e-03,200,2
14466,5.000000000000e-03,5.000000000000e-03,200,0
14467,5.000000000000e-03,5.000000000000e-03,200,2
14468,5.000000000000e-03,5.000000000000e-03,200,0
14469,5.000000000000e-03,5.000000000000e-03,200,1
14470,5.000000000000e-03,5.000000000000e-03,200,0
14471,5.000000000000e-03,5.000000000000e-03,200,0
14472,5.000000000000e-03,5.000000000000e-03,200,2
14473,5.000000000000e-03,5.000000000000e-03,200,1
14474,5.000000000000e-03,5.000000000000e-03,200,0
14475,5.000000000000e-03,5.000000000000e-03,200,1
14476,5.000000000000e-03,5.000000000000e-03,200,1
14477,5.000000000000e-03,5.000000000000e-03,200,1
14478,5.000000000000e-03,5.000000000000e-03,200,1
14479,5.000000000000e-03,5.000000000000e-03,200,1
14480,5.000000000000e-03,5.000000000000e-03,200,0
14481,5.000000000000e-03,5.000000000000e-03,200,1
14482,5.000000000000e-03,5.000000000000e-03,200,0
14483,5.000000000000e-03,5.000000000000e-03,200,0
14484,5.000000000000e-03,5.000000000000e-03,200,1
14485,5.000000000000e-03,5.000000000000e-03,200,1
14486,5.000000000000e-03,5.000000000000e-03,200,4
14487,5.000000000000e-03,5.000000000000e-03,200,2
14488,5.000000000000e-03,5.000000000000e-03,200,0
14489,5.000000000000e-03,5.000000000000e-03,200,1
14490,5.000000000000e-03,5.000000000000e-03,200,1
14491,5.000000000000e-03,5.000000000000e-03,200,3
14492,5.000000000000e-03,5.000000000000e-03,200,2
14493,5.000000000000e-03,5.000000000000e-03,200,2
14494,5.000000000000e-03,5.000000000000e-03,200,2
14495,5.000000000000e-03,5.000000000000e-03,200,0
14496,5.000000000000e-03,5.000000000000e-03,200,0
14497,5.000000000000e-03,5.000000000000e-03,200,1
14498,5.000000000000e-03,5.000000000000e-03,200,4
14499,5.000000000000e-03,5.000000000000e-03,200,2
14500,5.000000000000e-03,5.000000000000e-03,200,2
14501,5.000000000000e-03,5.000000000000e-03,200,2
14502,5.000000000000e-03,5.000000000000e-03,200,2
14503,5.000000000000e-03,5.000000000000e-03,200,0
14504,5.000000000000e-03,5.000000000000e-03,200,4
14505,5.000000000000e-03,5.000000000000e-03,200,1
14506,5.000000000000e-03,5.000000000000e-03,200,2
14507,5.000000000000e-03,5.000000000000e-03,200,1
14508,5.000000000000e-03,5.000000000000e-03,200,3
14509,5.000000000000e-03,5.000000000000e-03,200,1
14510,5.000000000000e-03,5.000000000000e-03,200,1
14511,5.000000000000e-03,5.000000000000e-03,200,0
14512,5.000000000000e-03,5.000000000000e-03,200,0
14513,5.000000000000e-03,5.000000000000e-03,200,2
14514,5.000000000000e-03,5.000000000000e-03,200,0
14515,5.000000000000e-03,5.000000000000e-03,200,0
14516,5.000000000000e-03,5.000000000000e-03,200,2
14517,5.000000000000e-03,5.000000000000e-03,200,6
14518,5.000000000000e-03,5.000000000000e-03,200,1
14519,5.000000000000e-03,5.000000000000e-03,200,2
14520,5.000000000000e-03,5.000000000000e-03,200,1
14521,5.000000000000e-03,5.000000000000e-03,200,2
14522,5.000000000000e-03,5.000000000000e-03,200,2
14523,5.000000000000e-03,5.000000000000e-03,200,0
14524,5.000000000000e-03,5.000000000000e-03,200,1
14525,5.000000000000e-03,5.000000000000e-03,200,1
14526,5.000000000000e-03,5.000000000000e-03,200,0
14527,5.000000000000e-03,5.000000000000e-03,200,2
14528,5.000000000000e-03,5.000000000000e-03,200,2
14529,5.000000000000e-03,5.000000000000e-03,200,0
14530,5.000000000000e-03,5.000000000000e-03,200,1
14531,5.000000000000e-03,5.000000000000e-03,200,0
14532,5.000000000000e-03,5.000000000000e-03,200,0
14533,5.000000000000e-03,5.000000000000e-03,200,1
14534,5.000000000000e-03,5.000000000000e-03,200,1
14535,5.000000000000e-03,5.000000000000e-03,200,2
14536,5.000000000000e-03,5.000000000000e-03,200,2
14537,5.000000000000e-03,5.000000000000e-03,200,0
14538,5.000000000000e-03,5.000000000000e-03,200,0
14539,5.000000000000e-03,5.000000000000e-03,200,2
14540,5.000000000000e-03,5.000000000000e-03,200,0
14541,5.000000000000e-03,5.000000000000e-03,200,1
14542,5.000000000000e-03,5.000000000000e-03,200,3
14543,5.000000000000e-03,5.000000000000e-03,200,2
14544,5.000000000000e-03,5.000000000000e-03,200,1
14545,5.000000000000e-03,5.000000000000e-03,200,1
14546,5.000000000000e-03,5.000000000000e-03,200,1
14547,5.000000000000e-03,5.000000000000e-03,200,1
14548,5.000000000000e-03,5.000000000000e-03,200,0
14549,5.000000000000e-03,5.000000000000e-03,200,3
14550,5.000000000000e-03,5.000000000000e-03,200,0
14551,5.000000000000e-03,5.000000000000e-03,200,0
14552,5.000000000000e-03,5.000000000000e-03,200,1
14553,5.000000000000e-03,5.000000000000e-03,200,3
14554,5.000000000000e-03,5.000000000000e-03,200,0
14555,5.000000000000e-03,5.000000000000e-03,200,0
14556,5.000000000000e-03,5.000000000000e-03,200,3
14557,5.000000000000e-03,5.000000000000e-03,200,0
14558,5.000000000000e-03,5.000000000000e-03,200,0
14559,5.000000000000e-03,5.000000000000e-03,200,4
14560,5.000000000000e-03,5.000000000000e-03,200,1
14561,5.000000000000e-03,5.000000000000e-03,200,1
14562,5.000000000000e-03,5.000000000000e-03,200,2
14563,5.000000000000e-03,5.000000000000e-03,200,0
14564,5.000000000000e-03,5.000000000000e-03,200,0
14565,5.000000000000e-03,5.000000000000e-03,200,1
14566,5.000000000000e-03,5.000000000000e-03,200,2
14567,5.000000000000e-03,5.000000000000e-03,200,1
14568,5.000000000000e-03,5.000000000000e-03,200,3
14569,5.000000000000e-03,5.000000000000e-03,200,0
14570,5.000000000000e-03,5.000000000000e-03,200,0
14571,5.000000000000e-03,5.000000000000e-03,200,1
14572,5.000000000000e-03,5.000000000000e-03,200,0
14573,5.000000000000e-03,5.000000000000e-03,200,3
14574,5.000000000000e-03,5.000000000000e-03,200,4
14575,5.000000000000e-03,5.000000000000e-03,200,0
14576,5.000000000000e-03,5.000000000000e-03,200,0
14577,5.000000000000e-03,5.000000000000e-03,200,2
14578,5.000000000000e-03,5.000000000000e-03,200,1
14579,5.000000000000e-03,5.000000000000e-03,200,1
14580,5.000000000000e-03,5.000000000000e-03,200,0
14581,5.000000000000e-03,5.000000000000e-03,200,1
14582,5.000000000000e-03,5.000000000000e-03,200,1
14583,5.000000000000e-03,5.000000000000e-03,200,0
14584,5.000000000000e-03,5.000000000000e-03,200,0
14585,5.000000000000e-03,5.000000000000e-03,200,0
14586,5.000000000000e-03,5.000000000000e-03,200,1
14587,5.000000000000e-03,5.000000000000e-03,200,2
14588,5.000000000000e-03,5.000000000000e-03,200,2
14589,5.000000000000e-03,5.000000000000e-03,200,3
14590,5.000000000000e-03,5.000000000000e-03,200,1
14591,5.000000000000e-03,5.000000000000e-03,200,1
14592,5.000000000000e-03,5.000000000000e-03,200,4
14593,5.000000000000e-03,5.000000000000e-03,200,0
14594,5.000000000000e-03,5.000000000000e-03,200,1
14595,5.000000000000e-03,5.000000000000e-03,200,0
14596,5.000000000000e-03,5.000000000000e-03,200,4
14597,5.000000000000e-03,5.000000000000e-03,200,0
14598,5.000000000000e-03,5.000000000000e-03,200,1
14599,5.000000000000e-03,5.000000000000e-03,200,1
14600,5.000000000000e-03,5.000000000000e-03,200,0
14601,5.000000000000e-03,5.000000000000e-03,200,4
14602,5.000000000000e-03,5.000000000000e-03,200,2
14603,5.000000000000e-03,5.000000000000e-03,200,4
14604,5.000000000000e-03,5.000000000000e-03,200,0
14605,5.000000000000e-03,5.000000000000e-03,200,0
14606,5.000000000000e-03,5.000000000000e-03,200,0
14607,5.000000000000e-03,5.000000000000e-03,200,1
14608,5.000000000000e-03,5.000000000000e-03,200,1
14609,5.000000000000e-03,5.000000000000e-03,200,0
14610,5.000000000000e-03,5.000000000000e-03,200,2
14611,5.000000000000e-03,5.000000000000e-03,200,2
14612,5.000000000000e-03,5.000000000000e-03,200,4
14613,5.000000000000e-03,5.000000000000e-03,200,3
14614,5.000000000000e-03,5.000000000000e-03,200,0
14615,5.000000000000e-03,5.000000000000e-03,200,0
14616,5.000000000000e-03,5.000000000000e-03,200,0
14617,5.000000000000e-03,5.000000000000e-03,200,7
14618,5.000000000000e-03,5.000000000000e-03,200,2
14619,5.000000000000e-03,5.000000000000e-03,200,2
14620,5.000000000000e-03,5.000000000000e-03,200,2
14621,5.000000000000e-03,5.000000000000e-03,200,2
14622,5.000000000000e-03,5.000000000000e-03,200,1
14623,5.000000000000e-03,5.000000000000e-03,200,3
14624,5.000000000000e-03,5.000000000000e-03,200,1
14625,5.000000000000e-03,5.000000000000e-03,200,2
14626,5.000000000000e-03,5.000000000000e-03,200,1
14627,5.000000000000e-03,5.000000000000e-03,200,1
14628,5.000000000000e-03,5.000000000000e-03,200,2
14629,5.000000000000e-03,5.000000000000e-03,200,0
14630,5.000000000000e-03,5.000000000000e-03,200,3
14631,5.000000000000e-03,5.000000000000e-03,200,1
14632,5.000000000000e-03,5.000000000000e-03,200,0
14633,5.000000000000e-03,5.000000000000e-03,200,2
14634,5.000000000000e-03,5.000000000000e-03,200,0
14635,5.000000000000e-03,5.000000000000e-03,200,1
14636,5.000000000000e-03,5.000000000000e-03,200,1
14637,5.000000000000e-03,5.000000000000e-03,200,3
14638,5.000000000000e-03,5.000000000000e-03,200,1
14639,5.000000000000e-03,5.000000000000e-03,200,2
14640,5.000000000000e-03,5.000000000000e-03,200,1
14641,5.000000000000e-03,5.000000000000e-03,200,0
14642,5.000000000000e-03,5.000000000000e-03,200,1
14643,5.000000000000e-03,5.000000000000e-03,200,3
14644,5.000000000000e-03,5.000000000000e-03,200,2
14645,5.000000000000e-03,5.000000000000e-03,200,1
14646,5.000000000000e-03,5.000000000000e-03,200,2
14647,5.000000000000e-03,5.000000000000e-03,200,0
14648,5.000000000000e-03,5.000000000000e-03,200,1
14649,5.000000000000e-03,5.000000000000e-03,200,1
14650,5.000000000000e-03,5.000000000000e-03,200,0
14651,5.000000000000e-03,5.000000000000e-03,200,1
14652,5.000000000000e-03,5.000000000000e-03,200,2
14653,5.000000000000e-03,5.000000000000e-03,200,1
14654,5.000000000000e-03,5.000000000000e-03,200,4
14655,5.000000000000e-03,5.000000000000e-03,200,3
14656,5.000000000000e-03,5.000000000000e-03,200,1
14657,5.000000000000e-03,5.000000000000e-03,200,2
14658,5.000000000000e-03,5.000000000000e-03,200,3
14659,5.000000000000e-03,5.000000000000e-03,200,3
14660,5.000000000000e-03,5.000000000000e-03,200,1
14661,5.000000000000e-03,5.000000000000e-03,200,2
14662,5.000000000000e-03,5.000000000000e-03,200,0
14663,5.000000000000e-03,5.000000000000e-03,200,0
14664,5.000000000000e-03,5.000000000000e-03,200,4
14665,5.000000000000e-03,5.000000000000e-03,200,2
14666,5.000000000000e-03,5.000000000000e-03,200,1
14667,5.000000000000e-03,5.000000000000e-03,200,0
14668,5.000000000000e-03,5.000000000000e-03,200,6
14669,5.000000000000e-03,5.000000000000e-03,200,1
14670,5.000000000000e-03,5.000000000000e-03,200,4
14671,5.000000000000e-03,5.000000000000e-03,200,1
14672,5.000000000000e-03,5.000000000000e-03,200,1
14673,5.000000000000e-03,5.000000000000e-03,200,2
14674,5.000000000000e-03,5.000000000000e-03,200,1
14675,5.000000000000e-03,5.000000000000e-03,200,3
14676,5.000000000000e-03,5.000000000000e-03,200,2
14677,5.000000000000e-03,5.000000000000e-03,200,0
14678,5.000000000000e-03,5.000000000000e-03,200,3
14679,5.000000000000e-03,5.000000000000e-03,200,0
14680,5.000000000000e-03,5.000000000000e-03,200,0
14681,5.000000000000e-03,5.000000000000e-03,200,1
14682,5.000000000000e-03,5.000000000000e-03,200,2
14683,5.000000000000e-03,5.000000000000e-03,200,0
14684,5.000000000000e-03,5.000000000000e-03,200,1
14685,5.000000000000e-03,5.000000000000e-03,200,3
14686,5.000000000000e-03,5.000000000000e-03,200,0
14687,5.000000000000e-03,5.000000000000e-03,200,3
14688,5.000000000000e-03,5.000000000000e-03,200,1
14689,5.000000000000e-03,5.000000000000e-03,200,2
14690,5.000000000000e-03,5.000000000000e-03,200,0
14691,5.000000000000e-03,5.000000000000e-03,200,2
14692,5.000000000000e-03,5.000000000000e-03,200,0
14693,5.000000000000e-03,5.000000000000e-03,200,1
14694,5.000000000000e-03,5.000000000000e-03,200,2
14695,5.000000000000e-03,5.000000000000e-03,200,0
14696,5.000000000000e-03,5.000000000000e-03,200,1
14697,5.000000000000e-03,5.000000000000e-03,200,1
14698,5.000000000000e-03,5.000000000000e-03,200,0
14699,5.000000000000e-03,5.000000000000e-03,200,3
14700,5.000000000000e-03,5.000000000000e-03,200,1
14701,5.000000000000e-03,5.000000000000e-03,200,2
14702,5.000000000000e-03,5.000000000000e-03,200,0
14703,5.000000000000e-03,5.000000000000e-03,200,2
14704,5.000000000000e-03,5.000000000000e-03,200,1
14705,5.000000000000e-03,5.000000000000e-03,200,1
14706,5.000000000000e-03,5.000000000000e-03,200,0
14707,5.000000000000e-03,5.000000000000e-03,200,1
14708,5.000000000000e-03,5.000000000000e-03,200,2
14709,5.000000000000e-03,5.000000000000e-03,200,1
14710,5.000000000000e-03,5.000000000000e-03,200,0
14711,5.000000000000e-03,5.000000000000e-03,200,3
14712,5.000000000000e-03,5.000000000000e-03,200,1
14713,5.000000000000e-03,5.000000000000e-03,200,2
14714,5.000000000000e-03,5.000000000000e-03,200,2
14715,5.000000000000e-03,5.000000000000e-03,200,0
14716,5.000000000000e-03,5.000000000000e-03,200,2
14717,5.000000000000e-03,5.000000000000e-03,200,1
14718,5.000000000000e-03,5.000000000000e-03,200,1
14719,5.000000000000e-03,5.000000000000e-03,200,1
14720,5.000000000000e-03,5.000000000000e-03,200,2
14721,5.000000000000e-03,5.000000000000e-03,200,2
14722,5.000000000000e-03,5.000000000000e-03,200,4
14723,5.000000000000e-03,5.000000000000e-03,200,2
14724,5.000000000000e-03,5.000000000000e-03,200,0
14725,5.000000000000e-03,5.000000000000e-03,200,1
14726,5.000000000000e-03,5.000000000000e-03,200,1
14727,5.000000000000e-03,5.000000000000e-03,200,1
14728,5.000000000000e-03,5.000000000000e-03,200,1
14729,5.000000000000e-03,5.000000000000e-03,200,0
14730,5.000000000000e-03,5.000000000000e-03,200,0
14731,5.000000000000e-03,5.000000000000e-03,200,4
14732,5.000000000000e-03,5.000000000000e-03,200,1
14733,5.000000000000e-03,5.000000000000e-03,200,1
14734,5.000000000000e-03,5.000000000000e-03,200,3
14735,5.000000000000e-03,5.000000000000e-03,200,1
14736,5.000000000000e-03,5.000000000000e-03,200,2
14737,5.000000000000e-03,5.000000000000e-03,200,0
14738,5.000000000000e-03,5.000000000000e-03,200,2
14739,5.000000000000e-03,5.000000000000e-03,200,2
14740,5.000000000000e-03,5.000000000000e-03,200,2
14741,5.000000000000e-03,5.000000000000e-03,200,2
14742,5.000000000000e-03,5.000000000000e-03,200,0
14743,5.000000000000e-03,5.000000000000e-03,200,1
14744,5.000000000000e-03,5.000000000000e-03,200,1
14745,5.000000000000e-03,5.000000000000e-03,200,0
14746,5.000000000000e-03,5.000000000000e-03,200,1
14747,5.000000000000e-03,5.000000000000e-03,200,0
14748,5.000000000000e-03,5.000000000000e-03,200,1
14749,5.000000000000e-03,5.000000000000e-03,200,3
14750,5.000000000000e-03,5.000000000000e-03,200,0
14751,5.000000000000e-03,5.000000000000e-03,200,1
14752,5.000000000000e-03,5.000000000000e-03,200,2
14753,5.000000000000e-03,5.000000000000e-03,200,0
14754,5.000000000000e-03,5.000000000000e-03,200,2
14755,5.000000000000e-03,5.000000000000e-03,200,4
14756,5.000000000000e-03,5.000000000000e-03,200,0
14757,5.000000000000e-03,5.000000000000e-03,200,1
14758,5.000000000000e-03,5.000000000000e-03,200,2
14759,5.000000000000e-03,5.000000000000e-03,200,1
14760,5.000000000000e-03,5.000000000000e-03,200,0
14761,5.000000000000e-03,5.000000000000e-03,200,1
14762,5.000000000000e-03,5.000000000000e-03,200,1
14763,5.000000000000e-03,5.000000000000e-03,200,0
14764,5.000000000000e-03,5.000000000000e-03,200,0
14765,5.000000000000e-03,5.000000000000e-03,200,2
14766,5.000000000000e-03,5.000000000000e-03,200,0
14767,5.000000000000e-03,5.000000000000e-03,200,2
14768,5.000000000000e-03,5.000000000000e-03,200,1
14769,5.000000000000e-03,5.000000000000e-03,200,1
14770,5.000000000000e-03,5.000000000000e-03,200,1
14771,5.000000000000e-03,5.000000000000e-03,200,0
14772,5.000000000000e-03,5.000000000000e-03,200,1
14773,5.000000000000e-03,5.000000000000e-03,200,2
14774,5.000000000000e-03,5.000000000000e-03,200,2
14775,5.000000000000e-03,5.000000000000e-03,200,1
14776,5.000000000000e-03,5.000000000000e-03,200,1
14777,5.000000000000e-03,5.000000000000e-03,200,0
14778,5.000000000000e-03,5.000000000000e-03,200,2
14779,5.000000000000e-03,5.000000000000e-03,200,2
14780,5.000000000000e-03,5.000000000000e-03,200,0
14781,5.000000000000e-03,5.000000000000e-03,200,2
14782,5.000000000000e-03,5.000000000000e-03,200,4
14783,5.000000000000e-03,5.000000000000e-03,200,0
14784,5.000000000000e-03,5.000000000000e-03,200,0
14785,5.000000000000e-03,5.000000000000e-03,200,1
14786,5.000000000000e-03,5.000000000000e-03,200,1
14787,5.000000000000e-03,5.000000000000e-03,200,2
14788,5.000000000000e-03,5.000000000000e-03,200,0
14789,5.000000000000e-03,5.000000000000e-03,200,1
14790,5.000000000000e-03,5.000000000000e-03,200,1
14791,5.000000000000e-03,5.000000000000e-03,200,3
14792,5.000000000000e-03,5.000000000000e-03,200,4
14793,5.000000000000e-03,5.000000000000e-03,200,2
14794,5.000000000000e-03,5.000000000000e-03,200,1
14795,5.000000000000e-03,5.000000000000e-03,200,0
14796,5.000000000000e-03,5.000000000000e-03,200,3
14797,5.000000000000e-03,5.000000000000e-03,200,0
14798,5.000000000000e-03,5.000000000000e-03,200,3
14799,5.000000000000e-03,5.000000000000e-03,200,1
14800,5.000000000000e-03,5.000000000000e-03,200,3
14801,5.000000000000e-03,5.000000000000e-03,500,5
14802,5.000000000000e-03,5.000000000000e-03,500,2
14803,5.000000000000e-03,5.000000000000e-03,500,3
14804,5.000000000000e-03,5.000000000000e-03,500,5
14805,5.000000000000e-03,5.000000000000e-03,500,5
14806,5.000000000000e-03,5.000000000000e-03,500,3
14807,5.000000000000e-03,5.000000000000e-03,500,3
14808,5.000000000000e-03,5.000000000000e-03,500,3
14809,5.000000000000e-03,5.000000000000e-03,500,3
14810,5.000000000000e-03,5.000000000000e-03,500,5
14811,5.000000000000e-03,5.000000000000e-03,500,2
14812,5.000000000000e-03,5.000000000000e-03,500,3
14813,5.000000000000e-03,5.000000000000e-03,500,4
14814,5.000000000000e-03,5.000000000000e-03,500,5
14815,5.000000000000e-03,5.000000000000e-03,500,5
14816,5.000000000000e-03,5.000000000000e-03,500,4
14817,5.000000000000e-03,5.000000000000e-03,500,2
14818,5.000000000000e-03,5.000000000000e-03,500,4
14819,5.000000000000e-03,5.000000000000e-03,500,2
14820,5.000000000000e-03,5.000000000000e-03,500,4
14821,5.000000000000e-03,5.000000000000e-03,500,5
14822,5.000000000000e-03,5.000000000000e-03,500,5
14823,5.000000000000e-03,5.000000000000e-03,500,3
14824,5.000000000000e-03,5.000000000000e-03,500,3
14825,5.000000000000e-03,5.000000000000e-03,500,8
14826,5.000000000000e-03,5.000000000000e-03,500,4
14827,5.000000000000e-03,5.000000000000e-03,500,4
14828,5.000000000000e-03,5.000000000000e-03,500,1
14829,5.000000000000e-03,5.000000000000e-03,500,7
14830,5.000000000000e-03,5.000000000000e-03,500,1
14831,5.000000000000e-03,5.000000000000e-03,500,1
14832,5.000000000000e-03,5.000000000000e-03,500,2
14833,5.000000000000e-03,5.000000000000e-03,500,5
14834,5.000000000000e-03,5.000000000000e-03,500,3
14835,5.000000000000e-03,5.000000000000e-03,500,2
14836,5.000000000000e-03,5.000000000000e-03,500,3
14837,5.000000000000e-03,5.000000000000e-03,500,4
14838,5.000000000000e-03,5.000000000000e-03,500,4
14839,5.000000000000e-03,5.000000000000e-03,500,2
14840,5.000000000000e-03,5.000000000000e-03,500,1
14841,5.000000000000e-03,5.000000000000e-03,500,0
14842,5.000000000000e-03,5.000000000000e-03,500,2
14843,5.000000000000e-03,5.000000000000e-03,500,5
14844,5.000000000000e-03,5.000000000000e-03,500,4
14845,5.000000000000e-03,5.000000000000e-03,500,5
14846,5.000000000000e-03,5.000000000000e-03,500,5
14847,5.000000000000e-03,5.000000000000e-03,500,3
14848,5.000000000000e-03,5.000000000000e-03,500,3
14849,5.000000000000e-03,5.000000000000e-03,500,5
14850,5.000000000000e-03,5.000000000000e-03,500,2
14851,5.000000000000e-03,5.000000000000e-03,500,4
14852,5.000000000000e-03,5.000000000000e-03,500,4
14853,5.000000000000e-03,5.000000000000e-03,500,4
14854,5.000000000000e-03,5.000000000000e-03,500,4
14855,5.000000000000e-03,5.000000000000e-03,500,3
14856,5.000000000000e-03,5.000000000000e-03,500,0
14857,5.000000000000e-03,5.000000000000e-03,500,4
14858,5.000000000000e-03,5.000000000000e-03,500,6
14859,5.000000000000e-03,5.000000000000e-03,500,3
14860,5.000000000000e-03,5.000000000000e-03,500,2
14861,5.000000000000e-03,5.000000000000e-03,500,2
14862,5.000000000000e-03,5.000000000000e-03,500,2
14863,5.000000000000e-03,5.000000000000e-03,500,3
14864,5.000000000000e-03,5.000000000000e-03,500,3
14865,5.000000000000e-03,5.000000000000e-03,500,7
14866,5.000000000000e-03,5.000000000000e-03,500,2
14867,5.000000000000e-03,5.000000000000e-03,500,4
14868,5.000000000000e-03,5.000000000000e-03,500,4
14869,5.000000000000e-03,5.000000000000e-03,500,1
14870,5.000000000000e-03,5.000000000000e-03,500,1
14871,5.000000000000e-03,5.000000000000e-03,500,1
14872,5.000000000000e-03,5.000000000000e-03,500,4
14873,5.000000000000e-03,5.000000000000e-03,500,4
14874,5.000000000000e-03,5.000000000000e-03,500,3
14875,5.000000000000e-03,5.000000000000e-03,500,4
14876,5.000000000000e-03,5.000000000000e-03,500,2
14877,5.000000000000e-03,5.000000000000e-03,500,2
14878,5.000000000000e-03,5.000000000000e-03,500,3
14879,5.000000000000e-03,5.000000000000e-03,500,4
14880,5.000000000000e-03,5.000000000000e-03,500,4
14881,5.000000000000e-03,5.000000000000e-03,500,7
14882,5.000000000000e-03,5.000000000000e-03,500,3
14883,5.000000000000e-03,5.000000000000e-03,500,4
14884,5.000000000000e-03,5.000000000000e-03,500,2
14885,5.000000000000e-03,5.000000000000e-03,500,6
14886,5.000000000000e-03,5.000000000000e-03,500,3
14887,5.000000000000e-03,5.000000000000e-03,500,3
14888,5.000000000000e-03,5.000000000000e-03,500,7
14889,5.000000000000e-03,5.000000000000e-03,500,1
14890,5.000000000000e-03,5.000000000000e-03,500,1
14891,5.000000000000e-03,5.000000000000e-03,500,3
14892,5.000000000000e-03,5.000000000000e-03,500,5
14893,5.000000000000e-03,5.000000000000e-03,500,2
14894,5.000000000000e-03,5.000000000000e-03,500,2
14895,5.000000000000e-03,5.000000000000e-03,500,3
14896,5.000000000000e-03,5.000000000000e-03,500,1
14897,5.000000000000e-03,5.000000000000e-03,500,2
14898,5.000000000000e-03,5.000000000000e-03,500,6
14899,5.000000000000e-03,5.000000000000e-03,500,4
14900,5.000000000000e-03,5.000000000000e-03,500,2
14901,5.000000000000e-03,5.000000000000e-03,500,7
14902,5.000000000000e-03,5.000000000000e-03,500,1
14903,5.000000000000e-03,5.000000000000e-03,500,1
14904,5.000000000000e-03,5.000000000000e-03,500,4
14905,5.000000000000e-03,5.000000000000e-03,500,3
14906,5.000000000000e-03,5.000000000000e-03,500,0
14907,5.000000000000e-03,5.000000000000e-03,500,4
14908,5.000000000000e-03,5.000000000000e-03,500,0
14909,5.000000000000e-03,5.000000000000e-03,500,6
14910,5.000000000000e-03,5.000000000000e-03,500,3
14911,5.000000000000e-03,5.000000000000e-03,500,3
14912,5.000000000000e-03,5.000000000000e-03,500,3
14913,5.000000000000e-03,5.000000000000e-03,500,0
14914,5.000000000000e-03,5.000000000000e-03,500,8
14915,5.000000000000e-03,5.000000000000e-03,500,6
14916,5.000000000000e-03,5.000000000000e-03,500,5
14917,5.000000000000e-03,5.000000000000e-03,500,3
14918,5.000000000000e-03,5.000000000000e-03,500,7
14919,5.000000000000e-03,5.000000000000e-03,500,3
14920,5.000000000000e-03,5.000000000000e-03,500,1
14921,5.000000000000e-03,5.000000000000e-03,500,4
14922,5.000000000000e-03,5.000000000000e-03,500,3
14923,5.000000000000e-03,5.000000000000e-03,500,4
14924,5.000000000000e-03,5.000000000000e-03,500,5
14925,5.000000000000e-03,5.000000000000e-03,500,3
14926,5.000000000000e-03,5.000000000000e-03,500,2
14927,5.000000000000e-03,5.000000000000e-03,500,1
14928,5.000000000000e-03,5.000000000000e-03,500,3
14929,5.000000000000e-03,5.000000000000e-03,500,3
14930,5.000000000000e-03,5.000000000000e-03,500,1
14931,5.000000000000e-03,5.000000000000e-03,500,5
14932,5.000000000000e-03,5.000000000000e-03,500,5
14933,5.000000000000e-03,5.000000000000e-03,500,4
14934,5.000000000000e-03,5.000000000000e-03,500,4
14935,5.000000000000e-03,5.000000000000e-03,500,1
14936,5.000000000000e-03,5.000000000000e-03,500,4
14937,5.000000000000e-03,5.000000000000e-03,500,1
14938,5.000000000000e-03,5.000000000000e-03,500,5
14939,5.000000000000e-03,5.000000000000e-03,500,3
14940,5.000000000000e-03,5.000000000000e-03,500,5
14941,5.000000000000e-03,5.000000000000e-03,500,3
14942,5.000000000000e-03,5.000000000000e-03,500,1
14943,5.000000000000e-03,5.000000000000e-03,500,2
14944,5.000000000000e-03,5.000000000000e-03,500,2
14945,5.000000000000e-03,5.000000000000e-03,500,0
14946,5.000000000000e-03,5.000000000000e-03,500,6
14947,5.000000000000e-03,5.000000000000e-03,500,2
14948,5.000000000000e-03,5.000000000000e-03,500,1
14949,5.000000000000e-03,5.000000000000e-03,500,0
14950,5.000000000000e-03,5.000000000000e-03,500,3
14951,5.000000000000e-03,5.000000000000e-03,500,2
14952,5.000000000000e-03,5.000000000000e-03,500,1
14953,5.000000000000e-03,5.000000000000e-03,500,4
14954,5.000000000000e-03,5.000000000000e-03,500,2
14955,5.000000000000e-03,5.000000000000e-03,500,1
14956,5.000000000000e-03,5.000000000000e-03,500,2
14957,5.000000000000e-03,5.000000000000e-03,500,1
14958,5.000000000000e-03,5.000000000000e-03,500,3
14959,5.000000000000e-03,5.000000000000e-03,500,5
14960,5.000000000000e-03,5.000000000000e-03,500,5
14961,5.000000000000e-03,5.000000000000e-03,500,5
14962,5.000000000000e-03,5.000000000000e-03,500,3
14963,5.000000000000e-03,5.000000000000e-03,500,1
14964,5.000000000000e-03,5.000000000000e-03,500,1
14965,5.000000000000e-03,5.000000000000e-03,500,1
14966,5.000000000000e-03,5.000000000000e-03,500,2
14967,5.000000000000e-03,5.000000000000e-03,500,2
14968,5.000000000000e-03,5.000000000000e-03,500,4
14969,5.000000000000e-03,5.000000000000e-03,500,2
14970,5.000000000000e-03,5.000000000000e-03,500,1
14971,5.000000000000e-03,5.000000000000e-03,500,6
14972,5.000000000000e-03,5.000000000000e-03,500,3
14973,5.000000000000e-03,5.000000000000e-03,500,4
14974,5.000000000000e-03,5.000000000000e-03,500,7
14975,5.000000000000e-03,5.000000000000e-03,500,3
14976,5.000000000000e-03,5.000000000000e-03,500,0
14977,5.000000000000e-03,5.000000000000e-03,500,3
14978,5.000000000000e-03,5.000000000000e-03,500,4
14979,5.000000000000e-03,5.000000000000e-03,500,4
14980,5.000000000000e-03,5.000000000000e-03,500,3
14981,5.000000000000e-03,5.000000000000e-03,500,0
14982,5.000000000000e-03,5.000000000000e-03,500,3
14983,5.000000000000e-03,5.000000000000e-03,500,4
14984,5.000000000000e-03,5.000000000000e-03,500,1
14985,5.000000000000e-03,5.000000000000e-03,500,3
14986,5.000000000000e-03,5.000000000000e-03,500,2
14987,5.000000000000e-03,5.000000000000e-03,500,4
14988,5.000000000000e-03,5.000000000000e-03,500,5
14989,5.000000000000e-03,5.000000000000e-03,500,1
14990,5.000000000000e-03,5.000000000000e-03,500,1
14991,5.000000000000e-03,5.000000000000e-03,500,4
14992,5.000000000000e-03,5.000000000000e-03,500,2
14993,5.000000000000e-03,5.000000000000e-03,500,7
14994,5.000000000000e-03,5.000000000000e-03,500,7
14995,5.000000000000e-03,5.000000000000e-03,500,4
14996,5.000000000000e-03,5.000000000000e-03,500,4
14997,5.000000000000e-03,5.000000000000e-03,500,2
14998,5.000000000000e-03,5.000000000000e-03,500,4
14999,5.000000000000e-03,5.000000000000e-03,500,4
15000,5.000000000000e-03,5.000000000000e-03,500,4
15001,5.000000000000e-03,5.000000000000e-03,500,2
15002,5.000000000000e-03,5.000000000000e-03,500,5
15003,5.000000000000e-03,5.000000000000e-03,500,7
15004,5.000000000000e-03,5.000000000000e-03,500,3
15005,5.000000000000e-03,5.000000000000e-03,500,2
15006,5.000000000000e-03,5.000000000000e-03,500,4
15007,5.000000000000e-03,5.000000000000e-03,500,1
15008,5.000000000000e-03,5.000000000000e-03,500,2
15009,5.000000000000e-03,5.000000000000e-03,500,4
15010,5.000000000000e-03,5.000000000000e-03,500,3
15011,5.000000000000e-03,5.000000000000e-03,500,4
15012,5.000000000000e-03,5.000000000000e-03,500,3
15013,5.000000000000e-03,5.000000000000e-03,500,1
15014,5.000000000000e-03,5.000000000000e-03,500,2
15015,5.000000000000e-03,5.000000000000e-03,500,3
15016,5.000000000000e-03,5.000000000000e-03,500,3
15017,5.000000000000e-03,5.000000000000e-03,500,4
15018,5.000000000000e-03,5.000000000000e-03,500,0
15019,5.000000000000e-03,5.000000000000e-03,500,1
15020,5.000000000000e-03,5.000000000000e-03,500,4
15021,5.000000000000e-03,5.000000000000e-03,500,2
15022,5.000000000000e-03,5.000000000000e-03,500,2
15023,5.000000000000e-03,5.000000000000e-03,500,3
15024,5.000000000000e-03,5.000000000000e-03,500,7
15025,5.000000000000e-03,5.000000000000e-03,500,6
15026,5.000000000000e-03,5.000000000000e-03,500,3
15027,5.000000000000e-03,5.000000000000e-03,500,3
15028,5.000000000000e-03,5.000000000000e-03,500,8
15029,5.000000000000e-03,5.000000000000e-03,500,2
15030,5.000000000000e-03,5.000000000000e-03,500,3
15031,5.000000000000e-03,5.000000000000e-03,500,8
15032,5.000000000000e-03,5.000000000000e-03,500,1
15033,5.000000000000e-03,5.000000000000e-03,500,5
15034,5.000000000000e-03,5.000000000000e-03,500,5
15035,5.000000000000e-03,5.000000000000e-03,500,2
15036,5.000000000000e-03,5.000000000000e-03,500,6
15037,5.000000000000e-03,5.000000000000e-03,500,4
15038,5.000000000000e-03,5.000000000000e-03,500,3
15039,5.000000000000e-03,5.000000000000e-03,500,4
15040,5.000000000000e-03,5.000000000000e-03,500,5
15041,5.000000000000e-03,5.000000000000e-03,500,6
15042,5.000000000000e-03,5.000000000000e-03,500,2
15043,5.000000000000e-03,5.000000000000e-03,500,1
15044,5.000000000000e-03,5.000000000000e-03,500,7
15045,5.000000000000e-03,5.000000000000e-03,500,3
15046,5.000000000000e-03,5.000000000000e-03,500,2
15047,5.000000000000e-03,5.000000000000e-03,500,1
15048,5.000000000000e-03,5.000000000000e-03,500,4
15049,5.000000000000e-03,5.000000000000e-03,500,5
15050,5.000000000000e-03,5.000000000000e-03,500,3
15051,5.000000000000e-03,5.000000000000e-03,500,2
15052,5.000000000000e-03,5.000000000000e-03,500,6
15053,5.000000000000e-03,5.000000000000e-03,500,4
15054,5.000000000000e-03,5.000000000000e-03,500,4
15055,5.000000000000e-03,5.000000000000e-03,500,2
15056,5.000000000000e-03,5.000000000000e-03,500,5
15057,5.000000000000e-03,5.000000000000e-03,500,3
15058,5.000000000000e-03,5.000000000000e-03,500,4
15059,5.000000000000e-03,5.000000000000e-03,500,3
15060,5.000000000000e-03,5.000000000000e-03,500,7
15061,5.000000000000e-03,5.000000000000e-03,500,3
15062,5.000000000000e-03,5.000000000000e-03,500,6
15063,5.000000000000e-03,5.000000000000e-03,500,4
15064,5.000000000000e-03,5.000000000000e-03,500,6
15065,5.000000000000e-03,5.000000000000e-03,500,1
15066,5.000000000000e-03,5.000000000000e-03,500,4
15067,5.000000000000e-03,5.000000000000e-03,500,2
15068,5.000000000000e-03,5.000000000000e-03,500,3
15069,5.000000000000e-03,5.000000000000e-03,500,1
15070,5.000000000000e-03,5.000000000000e-03,500,3
15071,5.000000000000e-03,5.000000000000e-03,500,1
15072,5.000000000000e-03,5.000000000000e-03,500,1
15073,5.000000000000e-03,5.000000000000e-03,500,1
15074,5.000000000000e-03,5.000000000000e-03,500,1
15075,5.000000000000e-03,5.000000000000e-03,500,3
15076,5.000000000000e-03,5.000000000000e-03,500,4
15077,5.000000000000e-03,5.000000000000e-03,500,2
15078,5.000000000000e-03,5.000000000000e-03,500,4
15079,5.000000000000e-03,5.000000000000e-03,500,2
15080,5.000000000000e-03,5.000000000000e-03,500,4
15081,5.000000000000e-03,5.000000000000e-03,500,2
15082,5.000000000000e-03,5.000000000000e-03,500,2
15083,5.000000000000e-03,5.000000000000e-03,500,5
15084,5.000000000000e-03,5.000000000000e-03,500,4
15085,5.000000000000e-03,5.000000000000e-03,500,6
15086,5.000000000000e-03,5.000000000000e-03,500,4
15087,5.000000000000e-03,5.000000000000e-03,500,3
15088,5.000000000000e-03,5.000000000000e-03,500,0
15089,5.000000000000e-03,5.000000000000e-03,500,4
15090,5.000000000000e-03,5.000000000000e-03,500,9
15091,5.000000000000e-03,5.000000000000e-03,500,2
15092,5.000000000000e-03,5.000000000000e-03,500,0
15093,5.000000000000e-03,5.000000000000e-03,500,1
15094,5.000000000000e-03,5.000000000000e-03,500,3
15095,5.000000000000e-03,5.000000000000e-03,500,1
15096,5.000000000000e-03,5.000000000000e-03,500,3
15097,5.000000000000e-03,5.000000000000e-03,500,3
15098,5.000000000000e-03,5.000000000000e-03,500,6
15099,5.000000000000e-03,5.000000000000e-03,500,4
15100,5.000000000000e-03,5.000000000000e-03,500,4
15101,5.000000000000e-03,5.000000000000e-03,500,2
15102,5.000000000000e-03,5.000000000000e-03,500,1
15103,5.000000000000e-03,5.000000000000e-03,500,2
15104,5.000000000000e-03,5.000000000000e-03,500,2
15105,5.000000000000e-03,5.000000000000e-03,500,3
15106,5.000000000000e-03,5.000000000000e-03,500,3
15107,5.000000000000e-03,5.000000000000e-03,500,3
15108,5.000000000000e-03,5.000000000000e-03,500,5
15109,5.000000000000e-03,5.000000000000e-03,500,6
15110,5.000000000000e-03,5.000000000000e-03,500,3
15111,5.000000000000e-03,5.000000000000e-03,500,6
15112,5.000000000000e-03,5.000000000000e-03,500,1
15113,5.000000000000e-03,5.000000000000e-03,500,0
15114,5.000000000000e-03,5.000000000000e-03,500,5
15115,5.000000000000e-03,5.000000000000e-03,500,3
15116,5.000000000000e-03,5.000000000000e-03,500,2
15117,5.000000000000e-03,5.000000000000e-03,500,4
15118,5.000000000000e-03,5.000000000000e-03,500,5
15119,5.000000000000e-03,5.000000000000e-03,500,4
15120,5.000000000000e-03,5.000000000000e-03,500,2
15121,5.000000000000e-03,5.000000000000e-03,500,5
15122,5.000000000000e-03,5.000000000000e-03,500,3
15123,5.000000000000e-03,5.000000000000e-03,500,3
15124,5.000000000000e-03,5.000000000000e-03,500,4
15125,5.000000000000e-03,5.000000000000e-03,500,4
15126,5.000000000000e-03,5.000000000000e-03,500,2
15127,5.000000000000e-03,5.000000000000e-03,500,3
15128,5.000000000000e-03,5.000000000000e-03,500,1
15129,5.000000000000e-03,5.000000000000e-03,500,1
15130,5.000000000000e-03,5.000000000000e-03,500,3
15131,5.000000000000e-03,5.000000000000e-03,500,2
15132,5.000000000000e-03,5.000000000000e-03,500,0
15133,5.000000000000e-03,5.000000000000e-03,500,3
15134,5.000000000000e-03,5.000000000000e-03,500,1
15135,5.000000000000e-03,5.000000000000e-03,500,2
15136,5.000000000000e-03,5.000000000000e-03,500,5
15137,5.000000000000e-03,5.000000000000e-03,500,5
15138,5.000000000000e-03,5.000000000000e-03,500,3
15139,5.000000000000e-03,5.000000000000e-03,500,2
15140,5.000000000000e-03,5.000000000000e-03,500,5
15141,5.000000000000e-03,5.000000000000e-03,500,4
15142,5.000000000000e-03,5.000000000000e-03,500,1
15143,5.000000000000e-03,5.000000000000e-03,500,3
15144,5.000000000000e-03,5.000000000000e-03,500,2
15145,5.000000000000e-03,5.000000000000e-03,500,2
15146,5.000000000000e-03,5.000000000000e-03,500,5
15147,5.000000000000e-03,5.000000000000e-03,500,2
15148,5.000000000000e-03,5.000000000000e-03,500,2
15149,5.000000000000e-03,5.000000000000e-03,500,6
15150,5.000000000000e-03,5.000000000000e-03,500,4
15151,5.000000000000e-03,5.000000000000e-03,500,1
15152,5.000000000000e-03,5.000000000000e-03,500,1
15153,5.000000000000e-03,5.000000000000e-03,500,1
15154,5.000000000000e-03,5.000000000000e-03,500,4
15155,5.000000000000e-03,5.000000000000e-03,500,2
15156,5.000000000000e-03,5.000000000000e-03,500,4
15157,5.000000000000e-03,5.000000000000e-03,500,1
15158,5.000000000000e-03,5.000000000000e-03,500,2
15159,5.000000000000e-03,5.000000000000e-03,500,5
15160,5.000000000000e-03,5.000000000000e-03,500,2
15161,5.000000000000e-03,5.000000000000e-03,500,2
15162,5.000000000000e-03,5.000000000000e-03,500,7
15163,5.000000000000e-03,5.000000000000e-03,500,2
15164,5.000000000000e-03,5.000000000000e-03,500,4
15165,5.000000000000e-03,5.000000000000e-03,500,6
15166,5.000000000000e-03,5.000000000000e-03,500,5
15167,5.000000000000e-03,5.000000000000e-03,500,7
15168,5.000000000000e-03,5.000000000000e-03,500,0
15169,5.000000000000e-03,5.000000000000e-03,500,5
15170,5.000000000000e-03,5.000000000000e-03,500,2
15171,5.000000000000e-03,5.000000000000e-03,500,3
15172,5.000000000000e-03,5.000000000000e-03,500,3
15173,5.000000000000e-03,5.000000000000e-03,500,3
15174,5.000000000000e-03,5.000000000000e-03,500,4
15175,5.000000000000e-03,5.000000000000e-03,500,2
15176,5.000000000000e-03,5.000000000000e-03,500,2
15177,5.000000000000e-03,5.000000000000e-03,500,3
15178,5.000000000000e-03,5.000000000000e-03,500,3
15179,5.000000000000e-03,5.000000000000e-03,500,1
15180,5.000000000000e-03,5.000000000000e-03,500,4
15181,5.000000000000e-03,5.000000000000e-03,500,5
15182,5.000000000000e-03,5.000000000000e-03,500,2
15183,5.000000000000e-03,5.000000000000e-03,500,7
15184,5.000000000000e-03,5.000000000000e-03,500,5
15185,5.000000000000e-03,5.000000000000e-03,500,3
15186,5.000000000000e-03,5.000000000000e-03,500,3
15187,5.000000000000e-03,5.000000000000e-03,500,2
15188,5.000000000000e-03,5.000000000000e-03,500,6
15189,5.000000000000e-03,5.000000000000e-03,500,2
15190,5.000000000000e-03,5.000000000000e-03,500,4
15191,5.000000000000e-03,5.000000000000e-03,500,3
15192,5.000000000000e-03,5.000000000000e-03,500,3
15193,5.000000000000e-03,5.000000000000e-03,500,2
15194,5.000000000000e-03,5.000000000000e-03,500,2
15195,5.000000000000e-03,5.000000000000e-03,500,2
15196,5.000000000000e-03,5.000000000000e-03,500,2
15197,5.000000000000e-03,5.000000000000e-03,500,5
15198,5.000000000000e-03,5.000000000000e-03,500,5
15199,5.000000000000e-03,5.000000000000e-03,500,2
15200,5.000000000000e-03,5.000000000000e-03,500,4
15201,5.000000000000e-03,5.000000000000e-03,1000,7
15202,5.000000000000e-03,5.000000000000e-03,1000,7
15203,5.000000000000e-03,5.000000000000e-03,1000,4
15204,5.000000000000e-03,5.000000000000e-03,1000,6
15205,5.000000000000e-03,5.000000000000e-03,1000,7
15206,5.000000000000e-03,5.000000000000e-03,1000,6
15207,5.000000000000e-03,5.000000000000e-03,1000,2
15208,5.000000000000e-03,5.000000000000e-03,1000,8
15209,5.000000000000e-03,5.000000000000e-03,1000,7
15210,5.000000000000e-03,5.000000000000e-03,1000,3
15211,5.000000000000e-03,5.000000000000e-03,1000,3
15212,5.000000000000e-03,5.000000000000e-03,1000,5
15213,5.000000000000e-03,5.000000000000e-03,1000,7
15214,5.000000000000e-03,5.000000000000e-03,1000,8
15215,5.000000000000e-03,5.000000000000e-03,1000,5
15216,5.000000000000e-03,5.000000000000e-03,1000,6
15217,5.000000000000e-03,5.000000000000e-03,1000,12
15218,5.000000000000e-03,5.000000000000e-03,1000,10
15219,5.000000000000e-03,5.000000000000e-03,1000,7
15220,5.000000000000e-03,5.000000000000e-03,1000,5
15221,5.000000000000e-03,5.000000000000e-03,1000,4
15222,5.000000000000e-03,5.000000000000e-03,1000,7
15223,5.000000000000e-03,5.000000000000e-03,1000,10
15224,5.000000000000e-03,5.000000000000e-03,1000,8
15225,5.000000000000e-03,5.000000000000e-03,1000,7
15226,5.000000000000e-03,5.000000000000e-03,1000,5
15227,5.000000000000e-03,5.000000000000e-03,1000,6
15228,5.000000000000e-03,5.000000000000e-03,1000,2
15229,5.000000000000e-03,5.000000000000e-03,1000,3
15230,5.000000000000e-03,5.000000000000e-03,1000,4
15231,5.000000000000e-03,5.000000000000e-03,1000,4
15232,5.000000000000e-03,5.000000000000e-03,1000,6
15233,5.000000000000e-03,5.000000000000e-03,1000,3
15234,5.000000000000e-03,5.000000000000e-03,1000,7
15235,5.000000000000e-03,5.000000000000e-03,1000,7
15236,5.000000000000e-03,5.000000000000e-03,1000,8
15237,5.000000000000e-03,5.000000000000e-03,1000,13
15238,5.000000000000e-03,5.000000000000e-03,1000,7
15239,5.000000000000e-03,5.000000000000e-03,1000,9
15240,5.000000000000e-03,5.000000000000e-03,1000,7
15241,5.000000000000e-03,5.000000000000e-03,1000,9
15242,5.000000000000e-03,5.000000000000e-03,1000,7
15243,5.000000000000e-03,5.000000000000e-03,1000,9
15244,5.000000000000e-03,5.000000000000e-03,1000,7
15245,5.000000000000e-03,5.000000000000e-03,1000,4
15246,5.000000000000e-03,5.000000000000e-03,1000,8
15247,5.000000000000e-03,5.000000000000e-03,1000,4
15248,5.000000000000e-03,5.000000000000e-03,1000,4
15249,5.000000000000e-03,5.000000000000e-03,1000,5
15250,5.000000000000e-03,5.000000000000e-03,1000,7
15251,5.000000000000e-03,5.000000000000e-03,1000,8
15252,5.000000000000e-03,5.000000000000e-03,1000,4
15253,5.000000000000e-03,5.000000000000e-03,1000,4
15254,5.000000000000e-03,5.000000000000e-03,1000,10
15255,5.000000000000e-03,5.000000000000e-03,1000,7
15256,5.000000000000e-03,5.000000000000e-03,1000,5
15257,5.000000000000e-03,5.000000000000e-03,1000,11
15258,5.000000000000e-03,5.000000000000e-03,1000,5
15259,5.000000000000e-03,5.000000000000e-03,1000,2
15260,5.000000000000e-03,5.000000000000e-03,1000,10
15261,5.000000000000e-03,5.000000000000e-03,1000,7
15262,5.000000000000e-03,5.000000000000e-03,1000,5
15263,5.000000000000e-03,5.000000000000e-03,1000,3
15264,5.000000000000e-03,5.000000000000e-03,1000,5
15265,5.000000000000e-03,5.000000000000e-03,1000,7
15266,5.000000000000e-03,5.000000000000e-03,1000,3
15267,5.000000000000e-03,5.000000000000e-03,1000,8
15268,5.000000000000e-03,5.000000000000e-03,1000,7
15269,5.000000000000e-03,5.000000000000e-03,1000,8
15270,5.000000000000e-03,5.000000000000e-03,1000,5
15271,5.000000000000e-03,5.000000000000e-03,1000,9
15272,5.000000000000e-03,5.000000000000e-03,1000,6
15273,5.000000000000e-03,5.000000000000e-03,1000,5
15274,5.000000000000e-03,5.000000000000e-03,1000,4
15275,5.000000000000e-03,5.000000000000e-03,1000,5
15276,5.000000000000e-03,5.000000000000e-03,1000,7
15277,5.000000000000e-03,5.000000000000e-03,1000,3
15278,5.000000000000e-03,5.000000000000e-03,1000,8
15279,5.000000000000e-03,5.000000000000e-03,1000,3
15280,5.000000000000e-03,5.000000000000e-03,1000,9
15281,5.000000000000e-03,5.000000000000e-03,1000,4
15282,5.000000000000e-03,5.000000000000e-03,1000,7
15283,5.000000000000e-03,5.000000000000e-03,1000,7
15284,5.000000000000e-03,5.000000000000e-03,1000,2
15285,5.000000000000e-03,5.000000000000e-03,1000,5
15286,5.000000000000e-03,5.000000000000e-03,1000,5
15287,5.000000000000e-03,5.000000000000e-03,1000,6
15288,5.000000000000e-03,5.000000000000e-03,1000,7
15289,5.000000000000e-03,5.000000000000e-03,1000,4
15290,5.000000000000e-03,5.000000000000e-03,1000,3
15291,5.000000000000e-03,5.000000000000e-03,1000,7
15292,5.000000000000e-03,5.000000000000e-03,1000,7
15293,5.000000000000e-03,5.000000000000e-03,1000,6
15294,5.000000000000e-03,5.000000000000e-03,1000,6
15295,5.000000000000e-03,5.000000000000e-03,1000,4
15296,5.000000000000e-03,5.000000000000e-03,1000,5
15297,5.000000000000e-03,5.000000000000e-03,1000,13
15298,5.000000000000e-03,5.000000000000e-03,1000,5
15299,5.000000000000e-03,5.000000000000e-03,1000,6
15300,5.000000000000e-03,5.000000000000e-03,1000,6
15301,5.000000000000e-03,5.000000000000e-03,1000,8
15302,5.000000000000e-03,5.000000000000e-03,1000,4
15303,5.000000000000e-03,5.000000000000e-03,1000,10
15304,5.000000000000e-03,5.000000000000e-03,1000,6
15305,5.000000000000e-03,5.000000000000e-03,1000,8
15306,5.000000000000e-03,5.000000000000e-03,1000,2
15307,5.000000000000e-03,5.000000000000e-03,1000,3
15308,5.000000000000e-03,5.000000000000e-03,1000,5
15309,5.000000000000e-03,5.000000000000e-03,1000,7
15310,5.000000000000e-03,5.000000000000e-03,1000,3
15311,5.000000000000e-03,5.000000000000e-03,1000,5
15312,5.000000000000e-03,5.000000000000e-03,1000,4
15313,5.000000000000e-03,5.000000000000e-03,1000,3
15314,5.000000000000e-03,5.000000000000e-03,1000,5
15315,5.000000000000e-03,5.000000000000e-03,1000,7
15316,5.000000000000e-03,5.000000000000e-03,1000,8
15317,5.000000000000e-03,5.000000000000e-03,1000,4
15318,5.000000000000e-03,5.000000000000e-03,1000,6
15319,5.000000000000e-03,5.000000000000e-03,1000,8
15320,5.000000000000e-03,5.000000000000e-03,1000,8
15321,5.000000000000e-03,5.000000000000e-03,1000,8
15322,5.000000000000e-03,5.000000000000e-03,1000,6
15323,5.000000000000e-03,5.000000000000e-03,1000,10
15324,5.000000000000e-03,5.000000000000e-03,1000,3
15325,5.000000000000e-03,5.000000000000e-03,1000,5
15326,5.000000000000e-03,5.000000000000e-03,1000,9
15327,5.000000000000e-03,5.000000000000e-03,1000,4
15328,5.000000000000e-03,5.000000000000e-03,1000,5
15329,5.000000000000e-03,5.000000000000e-03,1000,10
15330,5.000000000000e-03,5.000000000000e-03,1000,3
15331,5.000000000000e-03,5.000000000000e-03,1000,4
15332,5.000000000000e-03,5.000000000000e-03,1000,4
15333,5.000000000000e-03,5.000000000000e-03,1000,5
15334,5.000000000000e-03,5.000000000000e-03,1000,8
15335,5.000000000000e-03,5.000000000000e-03,1000,5
15336,5.000000000000e-03,5.000000000000e-03,1000,5
15337,5.000000000000e-03,5.000000000000e-03,1000,5
15338,5.000000000000e-03,5.000000000000e-03,1000,6
15339,5.000000000000e-03,5.000000000000e-03,1000,5
15340,5.000000000000e-03,5.000000000000e-03,1000,7
15341,5.000000000000e-03,5.000000000000e-03,1000,7
15342,5.000000000000e-03,5.000000000000e-03,1000,5
15343,5.000000000000e-03,5.000000000000e-03,1000,5
15344,5.000000000000e-03,5.000000000000e-03,1000,9
15345,5.000000000000e-03,5.000000000000e-03,1000,7
15346,5.000000000000e-03,5.000000000000e-03,1000,3
15347,5.000000000000e-03,5.000000000000e-03,1000,9
15348,5.000000000000e-03,5.000000000000e-03,1000,5
15349,5.000000000000e-03,5.000000000000e-03,1000,8
15350,5.000000000000e-03,5.000000000000e-03,1000,9
15351,5.000000000000e-03,5.000000000000e-03,1000,3
15352,5.000000000000e-03,5.000000000000e-03,1000,3
15353,5.000000000000e-03,5.000000000000e-03,1000,6
15354,5.000000000000e-03,5.000000000000e-03,1000,7
15355,5.000000000000e-03,5.000000000000e-03,1000,7
15356,5.000000000000e-03,5.000000000000e-03,1000,5
15357,5.000000000000e-03,5.000000000000e-03,1000,7
15358,5.000000000000e-03,5.000000000000e-03,1000,9
15359,5.000000000000e-03,5.000000000000e-03,1000,1
15360,5.000000000000e-03,5.000000000000e-03,1000,4
15361,5.000000000000e-03,5.000000000000e-03,1000,6
15362,5.000000000000e-03,5.000000000000e-03,1000,8
15363,5.000000000000e-03,5.000000000000e-03,1000,5
15364,5.000000000000e-03,5.000000000000e-03,1000,6
15365,5.000000000000e-03,5.000000000000e-03,1000,5
15366,5.000000000000e-03,5.000000000000e-03,1000,6
15367,5.000000000000e-03,5.000000000000e-03,1000,6
15368,5.000000000000e-03,5.000000000000e-03,1000,5
15369,5.000000000000e-03,5.000000000000e-03,1000,9
15370,5.000000000000e-03,5.000000000000e-03,1000,2
15371,5.000000000000e-03,5.000000000000e-03,1000,5
15372,5.000000000000e-03,5.000000000000e-03,1000,2
15373,5.000000000000e-03,5.000000000000e-03,1000,10
15374,5.000000000000e-03,5.000000000000e-03,1000,5
15375,5.000000000000e-03,5.000000000000e-03,1000,7
15376,5.000000000000e-03,5.000000000000e-03,1000,6
15377,5.000000000000e-03,5.000000000000e-03,1000,9
15378,5.000000000000e-03,5.000000000000e-03,1000,3
15379,5.000000000000e-03,5.000000000000e-03,1000,14
15380,5.000000000000e-03,5.000000000000e-03,1000,7
15381,5.000000000000e-03,5.000000000000e-03,1000,6
15382,5.000000000000e-03,5.000000000000e-03,1000,10
15383,5.000000000000e-03,5.000000000000e-03,1000,12
15384,5.000000000000e-03,5.000000000000e-03,1000,3
15385,5.000000000000e-03,5.000000000000e-03,1000,6
15386,5.000000000000e-03,5.000000000000e-03,1000,5
15387,5.000000000000e-03,5.000000000000e-03,1000,8
15388,5.000000000000e-03,5.000000000000e-03,1000,4
15389,5.000000000000e-03,5.000000000000e-03,1000,9
15390,5.000000000000e-03,5.000000000000e-03,1000,11
15391,5.000000000000e-03,5.000000000000e-03,1000,11
15392,5.000000000000e-03,5.000000000000e-03,1000,7
15393,5.000000000000e-03,5.000000000000e-03,1000,8
15394,5.000000000000e-03,5.000000000000e-03,1000,14
15395,5.000000000000e-03,5.000000000000e-03,1000,7
15396,5.000000000000e-03,5.000000000000e-03,1000,4
15397,5.000000000000e-03,5.000000000000e-03,1000,5
15398,5.000000000000e-03,5.000000000000e-03,1000,10
15399,5.000000000000e-03,5.000000000000e-03,1000,8
15400,5.000000000000e-03,5.000000000000e-03,1000,6
15401,5.000000000000e-03,5.000000000000e-03,1000,6
15402,5.000000000000e-03,5.000000000000e-03,1000,10
15403,5.000000000000e-03,5.000000000000e-03,1000,5
15404,5.000000000000e-03,5.000000000000e-03,1000,5
15405,5.000000000000e-03,5.000000000000e-03,1000,8
15406,5.000000000000e-03,5.000000000000e-03,1000,5
15407,5.000000000000e-03,5.000000000000e-03,1000,9
15408,5.000000000000e-03,5.000000000000e-03,1000,5
15409,5.000000000000e-03,5.000000000000e-03,1000,5
15410,5.000000000000e-03,5.000000000000e-03,1000,5
15411,5.000000000000e-03,5.000000000000e-03,1000,7
15412,5.000000000000e-03,5.000000000000e-03,1000,5
15413,5.000000000000e-03,5.000000000000e-03,1000,8
15414,5.000000000000e-03,5.000000000000e-03,1000,8
15415,5.000000000000e-03,5.000000000000e-03,1000,5
15416,5.000000000000e-03,5.000000000000e-03,1000,6
15417,5.000000000000e-03,5.000000000000e-03,1000,11
15418,5.000000000000e-03,5.000000000000e-03,1000,7
15419,5.000000000000e-03,5.000000000000e-03,1000,11
15420,5.000000000000e-03,5.000000000000e-03,1000,9
15421,5.000000000000e-03,5.000000000000e-03,1000,10
15422,5.000000000000e-03,5.000000000000e-03,1000,12
15423,5.000000000000e-03,5.000000000000e-03,1000,8
15424,5.000000000000e-03,5.000000000000e-03,1000,7
15425,5.000000000000e-03,5.000000000000e-03,1000,4
15426,5.000000000000e-03,5.000000000000e-03,1000,8
15427,5.000000000000e-03,5.000000000000e-03,1000,5
15428,5.000000000000e-03,5.000000000000e-03,1000,10
15429,5.000000000000e-03,5.000000000000e-03,1000,9
15430,5.000000000000e-03,5.000000000000e-03,1000,4
15431,5.000000000000e-03,5.000000000000e-03,1000,10
15432,5.000000000000e-03,5.000000000000e-03,1000,11
15433,5.000000000000e-03,5.000000000000e-03,1000,11
15434,5.000000000000e-03,5.000000000000e-03,1000,7
15435,5.000000000000e-03,5.000000000000e-03,1000,9
15436,5.000000000000e-03,5.000000000000e-03,1000,7
15437,5.000000000000e-03,5.000000000000e-03,1000,9
15438,5.000000000000e-03,5.000000000000e-03,1000,5
15439,5.000000000000e-03,5.000000000000e-03,1000,2
15440,5.000000000000e-03,5.000000000000e-03,1000,5
15441,5.000000000000e-03,5.000000000000e-03,1000,2
15442,5.000000000000e-03,5.000000000000e-03,1000,4
15443,5.000000000000e-03,5.000000000000e-03,1000,8
15444,5.000000000000e-03,5.000000000000e-03,1000,12
15445,5.000000000000e-03,5.000000000000e-03,1000,10
15446,5.000000000000e-03,5.000000000000e-03,1000,4
15447,5.000000000000e-03,5.000000000000e-03,1000,8
15448,5.000000000000e-03,5.000000000000e-03,1000,10
15449,5.000000000000e-03,5.000000000000e-03,1000,5
15450,5.000000000000e-03,5.000000000000e-03,1000,3
15451,5.000000000000e-03,5.000000000000e-03,1000,1
15452,5.000000000000e-03,5.000000000000e-03,1000,1
15453,5.000000000000e-03,5.000000000000e-03,1000,7
15454,5.000000000000e-03,5.000000000000e-03,1000,7
15455,5.000000000000e-03,5.000000000000e-03,1000,9
15456,5.000000000000e-03,5.000000000000e-03,1000,5
15457,5.000000000000e-03,5.000000000000e-03,1000,5
15458,5.000000000000e-03,5.000000000000e-03,1000,5
15459,5.000000000000e-03,5.000000000000e-03,1000,7
15460,5.000000000000e-03,5.000000000000e-03,1000,4
15461,5.000000000000e-03,5.000000000000e-03,1000,7
15462,5.000000000000e-03,5.000000000000e-03,1000,6
15463,5.000000000000e-03,5.000000000000e-03,1000,9
15464,5.000000000000e-03,5.000000000000e-03,1000,9
15465,5.000000000000e-03,5.000000000000e-03,1000,5
15466,5.000000000000e-03,5.000000000000e-03,1000,7
15467,5.000000000000e-03,5.000000000000e-03,1000,5
15468,5.000000000000e-03,5.000000000000e-03,1000,3
15469,5.000000000000e-03,5.000000000000e-03,1000,6
15470,5.000000000000e-03,5.000000000000e-03,1000,8
15471,5.000000000000e-03,5.000000000000e-03,1000,10
15472,5.000000000000e-03,5.000000000000e-03,1000,6
15473,5.000000000000e-03,5.000000000000e-03,1000,0
15474,5.000000000000e-03,5.000000000000e-03,1000,6
15475,5.000000000000e-03,5.000000000000e-03,1000,3
15476,5.000000000000e-03,5.000000000000e-03,1000,5
15477,5.000000000000e-03,5.000000000000e-03,1000,4
15478,5.000000000000e-03,5.000000000000e-03,1000,7
15479,5.000000000000e-03,5.000000000000e-03,1000,8
15480,5.000000000000e-03,5.000000000000e-03,1000,10
15481,5.000000000000e-03,5.000000000000e-03,1000,8
15482,5.000000000000e-03,5.000000000000e-03,1000,7
15483,5.000000000000e-03,5.000000000000e-03,1000,10
15484,5.000000000000e-03,5.000000000000e-03,1000,8
15485,5.000000000000e-03,5.000000000000e-03,1000,2
15486,5.000000000000e-03,5.000000000000e-03,1000,3
15487,5.000000000000e-03,5.000000000000e-03,1000,6
15488,5.000000000000e-03,5.000000000000e-03,1000,7
15489,5.000000000000e-03,5.000000000000e-03,1000,6
15490,5.000000000000e-03,5.000000000000e-03,1000,13
15491,5.000000000000e-03,5.000000000000e-03,1000,7
15492,5.000000000000e-03,5.000000000000e-03,1000,9
15493,5.000000000000e-03,5.000000000000e-03,1000,6
15494,5.000000000000e-03,5.000000000000e-03,1000,4
15495,5.000000000000e-03,5.000000000000e-03,1000,5
15496,5.000000000000e-03,5.000000000000e-03,1000,3
15497,5.000000000000e-03,5.000000000000e-03,1000,6
15498,5.000000000000e-03,5.000000000000e-03,1000,7
15499,5.000000000000e-03,5.000000000000e-03,1000,8
15500,5.000000000000e-03,5.000000000000e-03,1000,6
15501,5.000000000000e-03,5.000000000000e-03,1000,6
15502,5.000000000000e-03,5.000000000000e-03,1000,7
15503,5.000000000000e-03,5.000000000000e-03,1000,11
15504,5.000000000000e-03,5.000000000000e-03,1000,5
15505,5.000000000000e-03,5.000000000000e-03,1000,8
15506,5.000000000000e-03,5.000000000000e-03,1000,6
15507,5.000000000000e-03,5.000000000000e-03,1000,8
15508,5.000000000000e-03,5.000000000000e-03,1000,5
15509,5.000000000000e-03,5.000000000000e-03,1000,3
15510,5.000000000000e-03,5.000000000000e-03,1000,3
15511,5.000000000000e-03,5.000000000000e-03,1000,5
15512,5.000000000000e-03,5.000000000000e-03,1000,6
15513,5.000000000000e-03,5.000000000000e-03,1000,4
15514,5.000000000000e-03,5.000000000000e-03,1000,5
15515,5.000000000000e-03,5.000000000000e-03,1000,6
15516,5.000000000000e-03,5.000000000000e-03,1000,11
15517,5.000000000000e-03,5.000000000000e-03,1000,7
15518,5.000000000000e-03,5.000000000000e-03,1000,6
15519,5.000000000000e-03,5.000000000000e-03,1000,9
15520,5.000000000000e-03,5.000000000000e-03,1000,6
15521,5.000000000000e-03,5.000000000000e-03,1000,5
15522,5.000000000000e-03,5.000000000000e-03,1000,6
15523,5.000000000000e-03,5.000000000000e-03,1000,8
15524,5.000000000000e-03,5.000000000000e-03,1000,7
15525,5.000000000000e-03,5.000000000000e-03,1000,6
15526,5.000000000000e-03,5.000000000000e-03,1000,9
15527,5.000000000000e-03,5.000000000000e-03,1000,9
15528,5.000000000000e-03,5.000000000000e-03,1000,5
15529,5.000000000000e-03,5.000000000000e-03,1000,7
15530,5.000000000000e-03,5.000000000000e-03,1000,12
15531,5.000000000000e-03,5.000000000000e-03,1000,5
15532,5.000000000000e-03,5.000000000000e-03,1000,6
15533,5.000000000000e-03,5.000000000000e-03,1000,3
15534,5.000000000000e-03,5.000000000000e-03,1000,9
15535,5.000000000000e-03,5.000000000000e-03,1000,6
15536,5.000000000000e-03,5.000000000000e-03,1000,6
15537,5.000000000000e-03,5.000000000000e-03,1000,13
15538,5.000000000000e-03,5.000000000000e-03,1000,4
15539,5.000000000000e-03,5.000000000000e-03,1000,5
15540,5.000000000000e-03,5.000000000000e-03,1000,6
15541,5.000000000000e-03,5.000000000000e-03,1000,10
15542,5.000000000000e-03,5.000000000000e-03,1000,13
15543,5.000000000000e-03,5.000000000000e-03,1000,4
15544,5.000000000000e-03,5.000000000000e-03,1000,10
15545,5.000000000000e-03,5.000000000000e-03,1000,9
15546,5.000000000000e-03,5.000000000000e-03,1000,6
15547,5.000000000000e-03,5.000000000000e-03,1000,5
15548,5.000000000000e-03,5.000000000000e-03,1000,12
15549,5.000000000000e-03,5.000000000000e-03,1000,7
15550,5.000000000000e-03,5.000000000000e-03,1000,10
15551,5.000000000000e-03,5.000000000000e-03,1000,9
15552,5.000000000000e-03,5.000000000000e-03,1000,10
15553,5.000000000000e-03,5.000000000000e-03,1000,8
15554,5.000000000000e-03,5.000000000000e-03,1000,12
15555,5.000000000000e-03,5.000000000000e-03,1000,3
15556,5.000000000000e-03,5.000000000000e-03,1000,3
15557,5.000000000000e-03,5.000000000000e-03,1000,3
15558,5.000000000000e-03,5.000000000000e-03,1000,5
15559,5.000000000000e-03,5.000000000000e-03,1000,5
15560,5.000000000000e-03,5.000000000000e-03,1000,7
15561,5.000000000000e-03,5.000000000000e-03,1000,1
15562,5.000000000000e-03,5.000000000000e-03,1000,8
15563,5.000000000000e-03,5.000000000000e-03,1000,10
15564,5.000000000000e-03,5.000000000000e-03,1000,6
15565,5.000000000000e-03,5.000000000000e-03,1000,4
15566,5.000000000000e-03,5.000000000000e-03,1000,9
15567,5.000000000000e-03,5.000000000000e-03,1000,6
15568,5.000000000000e-03,5.000000000000e-03,1000,8
15569,5.000000000000e-03,5.000000000000e-03,1000,10
15570,5.000000000000e-03,5.000000000000e-03,1000,9
15571,5.000000000000e-03,5.000000000000e-03,1000,6
15572,5.000000000000e-03,5.000000000000e-03,1000,9
15573,5.000000000000e-03,5.000000000000e-03,1000,7
15574,5.000000000000e-03,5.000000000000e-03,1000,3
15575,5.000000000000e-03,5.000000000000e-03,1000,4
15576,5.000000000000e-03,5.000000000000e-03,1000,10
15577,5.000000000000e-03,5.000000000000e-03,1000,6
15578,5.000000000000e-03,5.000000000000e-03,1000,11
15579,5.000000000000e-03,5.000000000000e-03,1000,8
15580,5.000000000000e-03,5.000000000000e-03,1000,7
15581,5.000000000000e-03,5.000000000000e-03,1000,8
15582,5.000000000000e-03,5.000000000000e-03,1000,4
15583,5.000000000000e-03,5.000000000000e-03,1000,8
15584,5.000000000000e-03,5.000000000000e-03,1000,13
15585,5.000000000000e-03,5.000000000000e-03,1000,6
15586,5.000000000000e-03,5.000000000000e-03,1000,10
15587,5.000000000000e-03,5.000000000000e-03,1000,8
15588,5.000000000000e-03,5.000000000000e-03,1000,4
15589,5.000000000000e-03,5.000000000000e-03,1000,4
15590,5.000000000000e-03,5.000000000000e-03,1000,3
15591,5.000000000000e-03,5.000000000000e-03,1000,5
15592,5.000000000000e-03,5.000000000000e-03,1000,7
15593,5.000000000000e-03,5.000000000000e-03,1000,4
15594,5.000000000000e-03,5.000000000000e-03,1000,5
15595,5.000000000000e-03,5.000000000000e-03,1000,6
15596,5.000000000000e-03,5.000000000000e-03,1000,6
15597,5.000000000000e-03,5.000000000000e-03,1000,8
15598,5.000000000000e-03,5.000000000000e-03,1000,4
15599,5.000000000000e-03,5.000000000000e-03,1000,9
15600,5.000000000000e-03,5.000000000000e-03,1000,5
15601,5.000000000000e-03,5.000000000000e-03,2000,13
15602,5.000000000000e-03,5.000000000000e-03,2000,13
15603,5.000000000000e-03,5.000000000000e-03,2000,12
15604,5.000000000000e-03,5.000000000000e-03,2000,13
15605,5.000000000000e-03,5.000000000000e-03,2000,14
15606,5.000000000000e-03,5.000000000000e-03,2000,10
15607,5.000000000000e-03,5.000000000000e-03,2000,15
15608,5.000000000000e-03,5.000000000000e-03,2000,12
15609,5.000000000000e-03,5.000000000000e-03,2000,12
15610,5.000000000000e-03,5.000000000000e-03,2000,17
15611,5.000000000000e-03,5.000000000000e-03,2000,8
15612,5.000000000000e-03,5.000000000000e-03,2000,21
15613,5.000000000000e-03,5.000000000000e-03,2000,6
15614,5.000000000000e-03,5.000000000000e-03,2000,10
15615,5.000000000000e-03,5.000000000000e-03,2000,9
15616,5.000000000000e-03,5.000000000000e-03,2000,11
15617,5.000000000000e-03,5.000000000000e-03,2000,16
15618,5.000000000000e-03,5.000000000000e-03,2000,8
15619,5.000000000000e-03,5.000000000000e-03,2000,12
15620,5.000000000000e-03,5.000000000000e-03,2000,21
15621,5.000000000000e-03,5.000000000000e-03,2000,14
15622,5.000000000000e-03,5.000000000000e-03,2000,12
15623,5.000000000000e-03,5.000000000000e-03,2000,9
15624,5.000000000000e-03,5.000000000000e-03,2000,17
15625,5.000000000000e-03,5.000000000000e-03,2000,13
15626,5.000000000000e-03,5.000000000000e-03,2000,9
15627,5.000000000000e-03,5.000000000000e-03,2000,13
15628,5.000000000000e-03,5.000000000000e-03,2000,11
15629,5.000000000000e-03,5.000000000000e-03,2000,12
15630,5.000000000000e-03,5.000000000000e-03,2000,19
15631,5.000000000000e-03,5.000000000000e-03,2000,15
15632,5.000000000000e-03,5.000000000000e-03,2000,7
15633,5.000000000000e-03,5.000000000000e-03,2000,5
15634,5.000000000000e-03,5.000000000000e-03,2000,10
15635,5.000000000000e-03,5.000000000000e-03,2000,6
15636,5.000000000000e-03,5.000000000000e-03,2000,11
15637,5.000000000000e-03,5.000000000000e-03,2000,17
15638,5.000000000000e-03,5.000000000000e-03,2000,10
15639,5.000000000000e-03,5.000000000000e-03,2000,5
15640,5.000000000000e-03,5.000000000000e-03,2000,13
15641,5.000000000000e-03,5.000000000000e-03,2000,18
15642,5.000000000000e-03,5.000000000000e-03,2000,9
15643,5.000000000000e-03,5.000000000000e-03,2000,15
15644,5.000000000000e-03,5.000000000000e-03,2000,9
15645,5.000000000000e-03,5.000000000000e-03,2000,11
15646,5.000000000000e-03,5.000000000000e-03,2000,17
15647,5.000000000000e-03,5.000000000000e-03,2000,13
15648,5.000000000000e-03,5.000000000000e-03,2000,15
15649,5.000000000000e-03,5.000000000000e-03,2000,8
15650,5.000000000000e-03,5.000000000000e-03,2000,10
15651,5.000000000000e-03,5.000000000000e-03,2000,13
15652,5.000000000000e-03,5.000000000000e-03,2000,13
15653,5.000000000000e-03,5.000000000000e-03,2000,12
15654,5.000000000000e-03,5.000000000000e-03,2000,7
15655,5.000000000000e-03,5.000000000000e-03,2000,11
15656,5.000000000000e-03,5.000000000000e-03,2000,16
15657,5.000000000000e-03,5.000000000000e-03,2000,11
15658,5.000000000000e-03,5.000000000000e-03,2000,10
15659,5.000000000000e-03,5.000000000000e-03,2000,9
15660,5.000000000000e-03,5.000000000000e-03,2000,16
15661,5.000000000000e-03,5.000000000000e-03,2000,17
15662,5.000000000000e-03,5.000000000000e-03,2000,23
15663,5.000000000000e-03,5.000000000000e-03,2000,18
15664,5.000000000000e-03,5.000000000000e-03,2000,12
15665,5.000000000000e-03,5.000000000000e-03,2000,9
15666,5.000000000000e-03,5.000000000000e-03,2000,7
15667,5.000000000000e-03,5.000000000000e-03,2000,14
15668,5.000000000000e-03,5.000000000000e-03,2000,14
15669,5.000000000000e-03,5.000000000000e-03,2000,19
15670,5.000000000000e-03,5.000000000000e-03,2000,16
15671,5.000000000000e-03,5.000000000000e-03,2000,9
15672,5.000000000000e-03,5.000000000000e-03,2000,10
15673,5.000000000000e-03,5.000000000000e-03,2000,13
15674,5.000000000000e-03,5.000000000000e-03,2000,15
15675,5.000000000000e-03,5.000000000000e-03,2000,13
15676,5.000000000000e-03,5.000000000000e-03,2000,18
15677,5.000000000000e-03,5.000000000000e-03,2000,14
15678,5.000000000000e-03,5.000000000000e-03,2000,13
15679,5.000000000000e-03,5.000000000000e-03,2000,10
15680,5.000000000000e-03,5.000000000000e-03,2000,16
15681,5.000000000000e-03,5.000000000000e-03,2000,15
15682,5.000000000000e-03,5.000000000000e-03,2000,8
15683,5.000000000000e-03,5.000000000000e-03,2000,10
15684,5.000000000000e-03,5.000000000000e-03,2000,11
15685,5.000000000000e-03,5.000000000000e-03,2000,13
15686,5.000000000000e-03,5.000000000000e-03,2000,17
15687,5.000000000000e-03,5.000000000000e-03,2000,11
15688,5.000000000000e-03,5.000000000000e-03,2000,16
15689,5.000000000000e-03,5.000000000000e-03,2000,10
15690,5.000000000000e-03,5.000000000000e-03,2000,17
15691,5.000000000000e-03,5.000000000000e-03,2000,15
15692,5.000000000000e-03,5.000000000000e-03,2000,17
15693,5.000000000000e-03,5.000000000000e-03,2000,8
15694,5.000000000000e-03,5.000000000000e-03,2000,13
15695,5.000000000000e-03,5.000000000000e-03,2000,15
15696,5.000000000000e-03,5.000000000000e-03,2000,13
15697,5.000000000000e-03,5.000000000000e-03,2000,10
15698,5.000000000000e-03,5.000000000000e-03,2000,14
15699,5.000000000000e-03,5.000000000000e-03,2000,13
15700,5.000000000000e-03,5.000000000000e-03,2000,8
15701,5.000000000000e-03,5.000000000000e-03,2000,11
15702,5.000000000000e-03,5.000000000000e-03,2000,17
15703,5.000000000000e-03,5.000000000000e-03,2000,7
15704,5.000000000000e-03,5.000000000000e-03,2000,13
15705,5.000000000000e-03,5.000000000000e-03,2000,10
15706,5.000000000000e-03,5.000000000000e-03,2000,10
15707,5.000000000000e-03,5.000000000000e-03,2000,16
15708,5.000000000000e-03,5.000000000000e-03,2000,12
15709,5.000000000000e-03,5.000000000000e-03,2000,17
15710,5.000000000000e-03,5.000000000000e-03,2000,11
15711,5.000000000000e-03,5.000000000000e-03,2000,9
15712,5.000000000000e-03,5.000000000000e-03,2000,13
15713,5.000000000000e-03,5.000000000000e-03,2000,14
15714,5.000000000000e-03,5.000000000000e-03,2000,16
15715,5.000000000000e-03,5.000000000000e-03,2000,12
15716,5.000000000000e-03,5.000000000000e-03,2000,19
15717,5.000000000000e-03,5.000000000000e-03,2000,21
15718,5.000000000000e-03,5.000000000000e-03,2000,24
15719,5.000000000000e-03,5.000000000000e-03,2000,15
15720,5.000000000000e-03,5.000000000000e-03,2000,11
15721,5.000000000000e-03,5.000000000000e-03,2000,8
15722,5.000000000000e-03,5.000000000000e-03,2000,10
15723,5.000000000000e-03,5.000000000000e-03,2000,22
15724,5.000000000000e-03,5.000000000000e-03,2000,16
15725,5.000000000000e-03,5.000000000000e-03,2000,8
15726,5.000000000000e-03,5.000000000000e-03,2000,15
15727,5.000000000000e-03,5.000000000000e-03,2000,15
15728,5.000000000000e-03,5.000000000000e-03,2000,10
15729,5.000000000000e-03,5.000000000000e-03,2000,16
15730,5.000000000000e-03,5.000000000000e-03,2000,10
15731,5.000000000000e-03,5.000000000000e-03,2000,12
15732,5.000000000000e-03,5.000000000000e-03,2000,17
15733,5.000000000000e-03,5.000000000000e-03,2000,15
15734,5.000000000000e-03,5.000000000000e-03,2000,9
15735,5.000000000000e-03,5.000000000000e-03,2000,14
15736,5.000000000000e-03,5.000000000000e-03,2000,11
15737,5.000000000000e-03,5.000000000000e-03,2000,4
15738,5.000000000000e-03,5.000000000000e-03,2000,11
15739,5.000000000000e-03,5.000000000000e-03,2000,9
15740,5.000000000000e-03,5.000000000000e-03,2000,17
15741,5.000000000000e-03,5.000000000000e-03,2000,17
15742,5.000000000000e-03,5.000000000000e-03,2000,11
15743,5.000000000000e-03,5.000000000000e-03,2000,18
15744,5.000000000000e-03,5.000000000000e-03,2000,10
15745,5.000000000000e-03,5.000000000000e-03,2000,15
15746,5.000000000000e-03,5.000000000000e-03,2000,19
15747,5.000000000000e-03,5.000000000000e-03,2000,12
15748,5.000000000000e-03,5.000000000000e-03,2000,16
15749,5.000000000000e-03,5.000000000000e-03,2000,12
15750,5.000000000000e-03,5.000000000000e-03,2000,9
15751,5.000000000000e-03,5.000000000000e-03,2000,19
15752,5.000000000000e-03,5.000000000000e-03,2000,14
15753,5.000000000000e-03,5.000000000000e-03,2000,14
15754,5.000000000000e-03,5.000000000000e-03,2000,13
15755,5.000000000000e-03,5.000000000000e-03,2000,8
15756,5.000000000000e-03,5.000000000000e-03,2000,12
15757,5.000000000000e-03,5.000000000000e-03,2000,19
15758,5.000000000000e-03,5.000000000000e-03,2000,15
15759,5.000000000000e-03,5.000000000000e-03,2000,17
15760,5.000000000000e-03,5.000000000000e-03,2000,14
15761,5.000000000000e-03,5.000000000000e-03,2000,17
15762,5.000000000000e-03,5.000000000000e-03,2000,6
15763,5.000000000000e-03,5.000000000000e-03,2000,14
15764,5.000000000000e-03,5.000000000000e-03,2000,14
15765,5.000000000000e-03,5.000000000000e-03,2000,10
15766,5.000000000000e-03,5.000000000000e-03,2000,15
15767,5.000000000000e-03,5.000000000000e-03,2000,16
15768,5.000000000000e-03,5.000000000000e-03,2000,12
15769,5.000000000000e-03,5.000000000000e-03,2000,9
15770,5.000000000000e-03,5.000000000000e-03,2000,12
15771,5.000000000000e-03,5.000000000000e-03,2000,9
15772,5.000000000000e-03,5.000000000000e-03,2000,9
15773,5.000000000000e-03,5.000000000000e-03,2000,17
15774,5.000000000000e-03,5.000000000000e-03,2000,18
15775,5.000000000000e-03,5.000000000000e-03,2000,23
15776,5.000000000000e-03,5.000000000000e-03,2000,12
15777,5.000000000000e-03,5.000000000000e-03,2000,18
15778,5.000000000000e-03,5.000000000000e-03,2000,11
15779,5.000000000000e-03,5.000000000000e-03,2000,9
15780,5.000000000000e-03,5.000000000000e-03,2000,16
15781,5.000000000000e-03,5.000000000000e-03,2000,13
15782,5.000000000000e-03,5.000000000000e-03,2000,16
15783,5.000000000000e-03,5.000000000000e-03,2000,11
15784,5.000000000000e-03,5.000000000000e-03,2000,14
15785,5.000000000000e-03,5.000000000000e-03,2000,15
15786,5.000000000000e-03,5.000000000000e-03,2000,8
15787,5.000000000000e-03,5.000000000000e-03,2000,14
15788,5.000000000000e-03,5.000000000000e-03,2000,13
15789,5.000000000000e-03,5.000000000000e-03,2000,14
15790,5.000000000000e-03,5.000000000000e-03,2000,12
15791,5.000000000000e-03,5.000000000000e-03,2000,18
15792,5.000000000000e-03,5.000000000000e-03,2000,16
15793,5.000000000000e-03,5.000000000000e-03,2000,17
15794,5.000000000000e-03,5.000000000000e-03,2000,11
15795,5.000000000000e-03,5.000000000000e-03,2000,17
15796,5.000000000000e-03,5.000000000000e-03,2000,12
15797,5.000000000000e-03,5.000000000000e-03,2000,15
15798,5.000000000000e-03,5.000000000000e-03,2000,10
15799,5.000000000000e-03,5.000000000000e-03,2000,17
15800,5.000000000000e-03,5.000000000000e-03,2000,12
15801,5.000000000000e-03,5.000000000000e-03,2000,11
15802,5.000000000000e-03,5.000000000000e-03,2000,16
15803,5.000000000000e-03,5.000000000000e-03,2000,17
15804,5.000000000000e-03,5.000000000000e-03,2000,13
15805,5.000000000000e-03,5.000000000000e-03,2000,12
15806,5.000000000000e-03,5.000000000000e-03,2000,14
15807,5.000000000000e-03,5.000000000000e-03,2000,10
15808,5.000000000000e-03,5.000000000000e-03,2000,15
15809,5.000000000000e-03,5.000000000000e-03,2000,15
15810,5.000000000000e-03,5.000000000000e-03,2000,18
15811,5.000000000000e-03,5.000000000000e-03,2000,9
15812,5.000000000000e-03,5.000000000000e-03,2000,13
15813,5.000000000000e-03,5.000000000000e-03,2000,12
15814,5.000000000000e-03,5.000000000000e-03,2000,14
15815,5.000000000000e-03,5.000000000000e-03,2000,15
15816,5.000000000000e-03,5.000000000000e-03,2000,11
15817,5.000000000000e-03,5.000000000000e-03,2000,14
15818,5.000000000000e-03,5.000000000000e-03,2000,12
15819,5.000000000000e-03,5.000000000000e-03,2000,22
15820,5.000000000000e-03,5.000000000000e-03,2000,13
15821,5.000000000000e-03,5.000000000000e-03,2000,14
15822,5.000000000000e-03,5.000000000000e-03,2000,10
15823,5.000000000000e-03,5.000000000000e-03,2000,16
15824,5.000000000000e-03,5.000000000000e-03,2000,8
15825,5.000000000000e-03,5.000000000000e-03,2000,11
15826,5.000000000000e-03,5.000000000000e-03,2000,11
15827,5.000000000000e-03,5.000000000000e-03,2000,8
15828,5.000000000000e-03,5.000000000000e-03,2000,15
15829,5.000000000000e-03,5.000000000000e-03,2000,9
15830,5.000000000000e-03,5.000000000000e-03,2000,13
15831,5.000000000000e-03,5.000000000000e-03,2000,16
15832,5.000000000000e-03,5.000000000000e-03,2000,17
15833,5.000000000000e-03,5.000000000000e-03,2000,11
15834,5.000000000000e-03,5.000000000000e-03,2000,15
15835,5.000000000000e-03,5.000000000000e-03,2000,16
15836,5.000000000000e-03,5.000000000000e-03,2000,12
15837,5.000000000000e-03,5.000000000000e-03,2000,14
15838,5.000000000000e-03,5.000000000000e-03,2000,15
15839,5.000000000000e-03,5.000000000000e-03,2000,13
15840,5.000000000000e-03,5.000000000000e-03,2000,13
15841,5.000000000000e-03,5.000000000000e-03,2000,11
15842,5.000000000000e-03,5.000000000000e-03,2000,14
15843,5.000000000000e-03,5.000000000000e-03,2000,16
15844,5.000000000000e-03,5.000000000000e-03,2000,20
15845,5.000000000000e-03,5.000000000000e-03,2000,15
15846,5.000000000000e-03,5.000000000000e-03,2000,7
15847,5.000000000000e-03,5.000000000000e-03,2000,13
15848,5.000000000000e-03,5.000000000000e-03,2000,16
15849,5.000000000000e-03,5.000000000000e-03,2000,9
15850,5.000000000000e-03,5.000000000000e-03,2000,11
15851,5.000000000000e-03,5.000000000000e-03,2000,14
15852,5.000000000000e-03,5.000000000000e-03,2000,8
15853,5.000000000000e-03,5.000000000000e-03,2000,6
15854,5.000000000000e-03,5.000000000000e-03,2000,16
15855,5.000000000000e-03,5.000000000000e-03,2000,10
15856,5.000000000000e-03,5.000000000000e-03,2000,10
15857,5.000000000000e-03,5.000000000000e-03,2000,12
15858,5.000000000000e-03,5.000000000000e-03,2000,11
15859,5.000000000000e-03,5.000000000000e-03,2000,20
15860,5.000000000000e-03,5.000000000000e-03,2000,12
15861,5.000000000000e-03,5.000000000000e-03,2000,16
15862,5.000000000000e-03,5.000000000000e-03,2000,17
15863,5.000000000000e-03,5.000000000000e-03,2000,12
15864,5.000000000000e-03,5.000000000000e-03,2000,16
15865,5.000000000000e-03,5.000000000000e-03,2000,15
15866,5.000000000000e-03,5.000000000000e-03,2000,11
15867,5.000000000000e-03,5.000000000000e-03,2000,13
15868,5.000000000000e-03,5.000000000000e-03,2000,15
15869,5.000000000000e-03,5.000000000000e-03,2000,9
15870,5.000000000000e-03,5.000000000000e-03,2000,12
15871,5.000000000000e-03,5.000000000000e-03,2000,16
15872,5.000000000000e-03,5.000000000000e-03,2000,13
15873,5.000000000000e-03,5.000000000000e-03,2000,11
15874,5.000000000000e-03,5.000000000000e-03,2000,12
15875,5.000000000000e-03,5.000000000000e-03,2000,11
15876,5.000000000000e-03,5.000000000000e-03,2000,12
15877,5.000000000000e-03,5.000000000000e-03,2000,17
15878,5.000000000000e-03,5.000000000000e-03,2000,11
15879,5.000000000000e-03,5.000000000000e-03,2000,9
15880,5.000000000000e-03,5.000000000000e-03,2000,8
15881,5.000000000000e-03,5.000000000000e-03,2000,18
15882,5.000000000000e-03,5.000000000000e-03,2000,13
15883,5.000000000000e-03,5.000000000000e-03,2000,15
15884,5.000000000000e-03,5.000000000000e-03,2000,15
15885,5.000000000000e-03,5.000000000000e-03,2000,7
15886,5.000000000000e-03,5.000000000000e-03,2000,16
15887,5.000000000000e-03,5.000000000000e-03,2000,11
15888,5.000000000000e-03,5.000000000000e-03,2000,16
15889,5.000000000000e-03,5.000000000000e-03,2000,16
15890,5.000000000000e-03,5.000000000000e-03,2000,11
15891,5.000000000000e-03,5.000000000000e-03,2000,15
15892,5.000000000000e-03,5.000000000000e-03,2000,18
15893,5.000000000000e-03,5.000000000000e-03,2000,12
15894,5.000000000000e-03,5.000000000000e-03,2000,13
15895,5.000000000000e-03,5.000000000000e-03,2000,13
15896,5.000000000000e-03,5.000000000000e-03,2000,9
15897,5.000000000000e-03,5.000000000000e-03,2000,13
15898,5.000000000000e-03,5.000000000000e-03,2000,17
15899,5.000000000000e-03,5.000000000000e-03,2000,7
15900,5.000000000000e-03,5.000000000000e-03,2000,18
15901,5.000000000000e-03,5.000000000000e-03,2000,13
15902,5.000000000000e-03,5.000000000000e-03,2000,14
15903,5.000000000000e-03,5.000000000000e-03,2000,13
15904,5.000000000000e-03,5.000000000000e-03,2000,15
15905,5.000000000000e-03,5.000000000000e-03,2000,14
15906,5.000000000000e-03,5.000000000000e-03,2000,11
15907,5.000000000000e-03,5.000000000000e-03,2000,19
15908,5.000000000000e-03,5.000000000000e-03,2000,10
15909,5.000000000000e-03,5.000000000000e-03,2000,14
15910,5.000000000000e-03,5.000000000000e-03,2000,13
15911,5.000000000000e-03,5.000000000000e-03,2000,12
15912,5.000000000000e-03,5.000000000000e-03,2000,19
15913,5.000000000000e-03,5.000000000000e-03,2000,7
15914,5.000000000000e-03,5.000000000000e-03,2000,12
15915,5.000000000000e-03,5.000000000000e-03,2000,14
15916,5.000000000000e-03,5.000000000000e-03,2000,14
15917,5.000000000000e-03,5.000000000000e-03,2000,20
15918,5.000000000000e-03,5.000000000000e-03,2000,13
15919,5.000000000000e-03,5.000000000000e-03,2000,19
15920,5.000000000000e-03,5.000000000000e-03,2000,15
15921,5.000000000000e-03,5.000000000000e-03,2000,11
15922,5.000000000000e-03,5.000000000000e-03,2000,19
15923,5.000000000000e-03,5.000000000000e-03,2000,16
15924,5.000000000000e-03,5.000000000000e-03,2000,6
15925,5.000000000000e-03,5.000000000000e-03,2000,7
15926,5.000000000000e-03,5.000000000000e-03,2000,10
15927,5.000000000000e-03,5.000000000000e-03,2000,12
15928,5.000000000000e-03,5.000000000000e-03,2000,18
15929,5.000000000000e-03,5.000000000000e-03,2000,13
15930,5.000000000000e-03,5.000000000000e-03,2000,14
15931,5.000000000000e-03,5.000000000000e-03,2000,23
15932,5.000000000000e-03,5.000000000000e-03,2000,21
15933,5.000000000000e-03,5.000000000000e-03,2000,20
15934,5.000000000000e-03,5.000000000000e-03,2000,11
15935,5.000000000000e-03,5.000000000000e-03,2000,11
15936,5.000000000000e-03,5.000000000000e-03,2000,7
15937,5.000000000000e-03,5.000000000000e-03,2000,16
15938,5.000000000000e-03,5.000000000000e-03,2000,14
15939,5.000000000000e-03,5.000000000000e-03,2000,13
15940,5.000000000000e-03,5.000000000000e-03,2000,8
15941,5.000000000000e-03,5.000000000000e-03,2000,15
15942,5.000000000000e-03,5.000000000000e-03,2000,11
15943,5.000000000000e-03,5.000000000000e-03,2000,11
15944,5.000000000000e-03,5.000000000000e-03,2000,14
15945,5.000000000000e-03,5.000000000000e-03,2000,17
15946,5.000000000000e-03,5.000000000000e-03,2000,12
15947,5.000000000000e-03,5.000000000000e-03,2000,12
15948,5.000000000000e-03,5.000000000000e-03,2000,10
15949,5.000000000000e-03,5.000000000000e-03,2000,11
15950,5.000000000000e-03,5.000000000000e-03,2000,17
15951,5.000000000000e-03,5.000000000000e-03,2000,11
15952,5.000000000000e-03,5.000000000000e-03,2000,13
15953,5.000000000000e-03,5.000000000000e-03,2000,7
15954,5.000000000000e-03,5.000000000000e-03,2000,13
15955,5.000000000000e-03,5.000000000000e-03,2000,8
15956,5.000000000000e-03,5.000000000000e-03,2000,13
15957,5.000000000000e-03,5.000000000000e-03,2000,14
15958,5.000000000000e-03,5.000000000000e-03,2000,15
15959,5.000000000000e-03,5.000000000000e-03,2000,13
15960,5.000000000000e-03,5.000000000000e-03,2000,10
15961,5.000000000000e-03,5.000000000000e-03,2000,20
15962,5.000000000000e-03,5.000000000000e-03,2000,7
15963,5.000000000000e-03,5.000000000000e-03,2000,10
15964,5.000000000000e-03,5.000000000000e-03,2000,19
15965,5.000000000000e-03,5.000000000000e-03,2000,9
15966,5.000000000000e-03,5.000000000000e-03,2000,11
15967,5.000000000000e-03,5.000000000000e-03,2000,11
15968,5.000000000000e-03,5.000000000000e-03,2000,19
15969,5.000000000000e-03,5.000000000000e-03,2000,9
15970,5.000000000000e-03,5.000000000000e-03,2000,10
15971,5.000000000000e-03,5.000000000000e-03,2000,14
15972,5.000000000000e-03,5.000000000000e-03,2000,8
15973,5.000000000000e-03,5.000000000000e-03,2000,14
15974,5.000000000000e-03,5.000000000000e-03,2000,18
15975,5.000000000000e-03,5.000000000000e-03,2000,11
15976,5.000000000000e-03,5.000000000000e-03,2000,15
15977,5.000000000000e-03,5.000000000000e-03,2000,14
15978,5.000000000000e-03,5.000000000000e-03,2000,14
15979,5.000000000000e-03,5.000000000000e-03,2000,10
15980,5.000000000000e-03,5.000000000000e-03,2000,12
15981,5.000000000000e-03,5.000000000000e-03,2000,18
15982,5.000000000000e-03,5.000000000000e-03,2000,13
15983,5.000000000000e-03,5.000000000000e-03,2000,16
15984,5.000000000000e-03,5.000000000000e-03,2000,19
15985,5.000000000000e-03,5.000000000000e-03,2000,11
15986,5.000000000000e-03,5.000000000000e-03,2000,17
15987,5.000000000000e-03,5.000000000000e-03,2000,16
15988,5.000000000000e-03,5.000000000000e-03,2000,16
15989,5.000000000000e-03,5.000000000000e-03,2000,7
15990,5.000000000000e-03,5.000000000000e-03,2000,23
15991,5.000000000000e-03,5.000000000000e-03,2000,9
15992,5.000000000000e-03,5.000000000000e-03,2000,8
15993,5.000000000000e-03,5.000000000000e-03,2000,10
15994,5.000000000000e-03,5.000000000000e-03,2000,10
15995,5.000000000000e-03,5.000000000000e-03,2000,12
15996,5.000000000000e-03,5.000000000000e-03,2000,19
15997,5.000000000000e-03,5.000000000000e-03,2000,12
15998,5.000000000000e-03,5.000000000000e-03,2000,15
15999,5.000000000000e-03,5.000000000000e-03,2000,11
16000,5.000000000000e-03,5.000000000000e-03,2000,14
16001,5.000000000000e-03,1.000000000000e-02,200,1
16002,5.000000000000e-03,1.000000000000e-02,200,3
16003,5.000000000000e-03,1.000000000000e-02,200,5
16004,5.000000000000e-03,1.000000000000e-02,200,3
16005,5.000000000000e-03,1.000000000000e-02,200,3
16006,5.000000000000e-03,1.000000000000e-02,200,3
16007,5.000000000000e-03,1.000000000000e-02,200,2
16008,5.000000000000e-03,1.000000000000e-02,200,0
16009,5.000000000000e-03,1.000000000000e-02,200,4
16010,5.000000000000e-03,1.000000000000e-02,200,3
16011,5.000000000000e-03,1.000000000000e-02,200,4
16012,5.000000000000e-03,1.000000000000e-02,200,2
16013,5.000000000000e-03,1.000000000000e-02,200,5
16014,5.000000000000e-03,1.000000000000e-02,200,1
16015,5.000000000000e-03,1.000000000000e-02,200,1
16016,5.000000000000e-03,1.000000000000e-02,200,0
16017,5.000000000000e-03,1.000000000000e-02,200,3
16018,5.000000000000e-03,1.000000000000e-02,200,1
16019,5.000000000000e-03,1.000000000000e-02,200,4
16020,5.000000000000e-03,1.000000000000e-02,200,4
16021,5.000000000000e-03,1.000000000000e-02,200,1
16022,5.000000000000e-03,1.000000000000e-02,200,1
16023,5.000000000000e-03,1.000000000000e-02,200,1
16024,5.000000000000e-03,1.000000000000e-02,200,4
16025,5.000000000000e-03,1.000000000000e-02,200,4
16026,5.000000000000e-03,1.000000000000e-02,200,4
16027,5.000000000000e-03,1.000000000000e-02,200,1
16028,5.000000000000e-03,1.000000000000e-02,200,1
16029,5.000000000000e-03,1.000000000000e-02,200,3
16030,5.000000000000e-03,1.000000000000e-02,200,1
16031,5.000000000000e-03,1.000000000000e-02,200,1
16032,5.000000000000e-03,1.000000000000e-02,200,2
16033,5.000000000000e-03,1.000000000000e-02,200,0
16034,5.000000000000e-03,1.000000000000e-02,200,2
16035,5.000000000000e-03,1.000000000000e-02,200,1
16036,5.000000000000e-03,1.000000000000e-02,200,1
16037,5.000000000000e-03,1.000000000000e-02,200,1
16038,5.000000000000e-03,1.000000000000e-02,200,4
16039,5.000000000000e-03,1.000000000000e-02,200,2
16040,5.000000000000e-03,1.000000000000e-02,200,1
16041,5.000000000000e-03,1.000000000000e-02,200,4
16042,5.000000000000e-03,1.000000000000e-02,200,0
16043,5.000000000000e-03,1.000000000000e-02,200,2
16044,5.000000000000e-03,1.000000000000e-02,200,0
16045,5.000000000000e-03,1.000000000000e-02,200,7
16046,5.000000000000e-03,1.000000000000e-02,200,2
16047,5.000000000000e-03,1.000000000000e-02,200,1
16048,5.000000000000e-03,1.000000000000e-02,200,4
16049,5.000000000000e-03,1.000000000000e-02,200,1
16050,5.000000000000e-03,1.000000000000e-02,200,3
16051,5.000000000000e-03,1.000000000000e-02,200,1
16052,5.000000000000e-03,1.000000000000e-02,200,4
16053,5.000000000000e-03,1.000000000000e-02,200,2
16054,5.000000000000e-03,1.000000000000e-02,200,3
16055,5.000000000000e-03,1.000000000000e-02,200,2
16056,5.000000000000e-03,1.000000000000e-02,200,3
16057,5.000000000000e-03,1.000000000000e-02,200,2
16058,5.000000000000e-03,1.000000000000e-02,200,2
16059,5.000000000000e-03,1.000000000000e-02,200,2
16060,5.000000000000e-03,1.000000000000e-02,200,1
16061,5.000000000000e-03,1.000000000000e-02,200,4
16062,5.000000000000e-03,1.000000000000e-02,200,1
16063,5.000000000000e-03,1.000000000000e-02,200,1
16064,5.000000000000e-03,1.000000000000e-02,200,0
16065,5.000000000000e-03,1.000000000000e-02,200,3
16066,5.000000000000e-03,1.000000000000e-02,200,2
16067,5.000000000000e-03,1.000000000000e-02,200,2
16068,5.000000000000e-03,1.000000000000e-02,200,0
16069,5.000000000000e-03,1.000000000000e-02,200,3
16070,5.000000000000e-03,1.000000000000e-02,200,1
16071,5.000000000000e-03,1.000000000000e-02,200,2
16072,5.000000000000e-03,1.000000000000e-02,200,1
16073,5.000000000000e-03,1.000000000000e-02,200,2
16074,5.000000000000e-03,1.000000000000e-02,200,3
16075,5.000000000000e-03,1.000000000000e-02,200,0
16076,5.000000000000e-03,1.000000000000e-02,200,3
16077,5.000000000000e-03,1.000000000000e-02,200,3
16078,5.000000000000e-03,1.000000000000e-02,200,1
16079,5.000000000000e-03,1.000000000000e-02,200,3
16080,5.000000000000e-03,1.000000000000e-02,200,5
16081,5.000000000000e-03,1.000000000000e-02,200,2
16082,5.000000000000e-03,1.000000000000e-02,200,0
16083,5.000000000000e-03,1.000000000000e-02,200,1
16084,5.000000000000e-03,1.000000000000e-02,200,0
16085,5.000000000000e-03,1.000000000000e-02,200,3
16086,5.000000000000e-03,1.000000000000e-02,200,2
16087,5.000000000000e-03,1.000000000000e-02,200,1
16088,5.000000000000e-03,1.000000000000e-02,200,2
16089,5.000000000000e-03,1.000000000000e-02,200,1
16090,5.000000000000e-03,1.000000000000e-02,200,1
16091,5.000000000000e-03,1.000000000000e-02,200,0
16092,5.000000000000e-03,1.000000000000e-02,200,0
16093,5.000000000000e-03,1.000000000000e-02,200,2
16094,5.000000000000e-03,1.000000000000e-02,200,2
16095,5.000000000000e-03,1.000000000000e-02,200,0
16096,5.000000000000e-03,1.000000000000e-02,200,2
16097,5.000000000000e-03,1.000000000000e-02,200,0
16098,5.000000000000e-03,1.000000000000e-02,200,4
16099,5.000000000000e-03,1.000000000000e-02,200,1
16100,5.000000000000e-03,1.000000000000e-02,200,3
16101,5.000000000000e-03,1.000000000000e-02,200,0
16102,5.000000000000e-03,1.000000000000e-02,200,6
16103,5.000000000000e-03,1.000000000000e-02,200,2
16104,5.000000000000e-03,1.000000000000e-02,200,2
16105,5.000000000000e-03,1.000000000000e-02,200,4
16106,5.000000000000e-03,1.000000000000e-02,200,2
16107,5.000000000000e-03,1.000000000000e-02,200,2
16108,5.000000000000e-03,1.000000000000e-02,200,2
16109,5.000000000000e-03,1.000000000000e-02,200,2
16110,5.000000000000e-03,1.000000000000e-02,200,5
16111,5.000000000000e-03,1.000000000000e-02,200,2
16112,5.000000000000e-03,1.000000000000e-02,200,3
16113,5.000000000000e-03,1.000000000000e-02,200,3
16114,5.000000000000e-03,1.000000000000e-02,200,2
16115,5.000000000000e-03,1.000000000000e-02,200,1
16116,5.000000000000e-03,1.000000000000e-02,200,2
16117,5.000000000000e-03,1.000000000000e-02,200,1
16118,5.000000000000e-03,1.000000000000e-02,200,3
16119,5.000000000000e-03,1.000000000000e-02,200,2
16120,5.000000000000e-03,1.000000000000e-02,200,3
16121,5.000000000000e-03,1.000000000000e-02,200,2
16122,5.000000000000e-03,1.000000000000e-02,200,0
16123,5.000000000000e-03,1.000000000000e-02,200,3
16124,5.000000000000e-03,1.000000000000e-02,200,2
16125,5.000000000000e-03,1.000000000000e-02,200,3
16126,5.000000000000e-03,1.000000000000e-02,200,5
16127,5.000000000000e-03,1.000000000000e-02,200,4
16128,5.000000000000e-03,1.000000000000e-02,200,1
16129,5.000000000000e-03,1.000000000000e-02,200,2
16130,5.000000000000e-03,1.000000000000e-02,200,2
16131,5.000000000000e-03,1.000000000000e-02,200,2
16132,5.000000000000e-03,1.000000000000e-02,200,2
16133,5.000000000000e-03,1.000000000000e-02,200,4
16134,5.000000000000e-03,1.000000000000e-02,200,1
16135,5.000000000000e-03,1.000000000000e-02,200,0
16136,5.000000000000e-03,1.000000000000e-02,200,2
16137,5.000000000000e-03,1.000000000000e-02,200,5
16138,5.000000000000e-03,1.000000000000e-02,200,1
16139,5.000000000000e-03,1.000000000000e-02,200,1
16140,5.000000000000e-03,1.000000000000e-02,200,2
16141,5.000000000000e-03,1.000000000000e-02,200,1
16142,5.000000000000e-03,1.000000000000e-02,200,0
16143,5.000000000000e-03,1.000000000000e-02,200,2
16144,5.000000000000e-03,1.000000000000e-02,200,2
16145,5.000000000000e-03,1.000000000000e-02,200,2
16146,5.000000000000e-03,1.000000000000e-02,200,4
16147,5.000000000000e-03,1.000000000000e-02,200,1
16148,5.000000000000e-03,1.000000000000e-02,200,2
16149,5.000000000000e-03,1.000000000000e-02,200,0
16150,5.000000000000e-03,1.000000000000e-02,200,1
16151,5.000000000000e-03,1.000000000000e-02,200,0
16152,5.000000000000e-03,1.000000000000e-02,200,3
16153,5.000000000000e-03,1.000000000000e-02,200,1
16154,5.000000000000e-03,1.000000000000e-02,200,2
16155,5.000000000000e-03,1.000000000000e-02,200,4
16156,5.000000000000e-03,1.000000000000e-02,200,2
16157,5.000000000000e-03,1.000000000000e-02,200,4
16158,5.000000000000e-03,1.000000000000e-02,200,3
16159,5.000000000000e-03,1.000000000000e-02,200,2
16160,5.000000000000e-03,1.000000000000e-02,200,2
16161,5.000000000000e-03,1.000000000000e-02,200,4
16162,5.000000000000e-03,1.000000000000e-02,200,1
16163,5.000000000000e-03,1.000000000000e-02,200,3
16164,5.000000000000e-03,1.000000000000e-02,200,1
16165,5.000000000000e-03,1.000000000000e-02,200,1
16166,5.000000000000e-03,1.000000000000e-02,200,3
16167,5.000000000000e-03,1.000000000000e-02,200,3
16168,5.000000000000e-03,1.000000000000e-02,200,3
16169,5.000000000000e-03,1.000000000000e-02,200,2
16170,5.000000000000e-03,1.000000000000e-02,200,3
16171,5.000000000000e-03,1.000000000000e-02,200,2
16172,5.000000000000e-03,1.000000000000e-02,200,0
16173,5.000000000000e-03,1.000000000000e-02,200,2
16174,5.000000000000e-03,1.000000000000e-02,200,2
16175,5.000000000000e-03,1.000000000000e-02,200,3
16176,5.000000000000e-03,1.000000000000e-02,200,1
16177,5.000000000000e-03,1.000000000000e-02,200,7
16178,5.000000000000e-03,1.000000000000e-02,200,4
16179,5.000000000000e-03,1.000000000000e-02,200,1
16180,5.000000000000e-03,1.000000000000e-02,200,4
16181,5.000000000000e-03,1.000000000000e-02,200,2
16182,5.000000000000e-03,1.000000000000e-02,200,1
16183,5.000000000000e-03,1.000000000000e-02,200,2
16184,5.000000000000e-03,1.000000000000e-02,200,3
16185,5.000000000000e-03,1.000000000000e-02,200,4
16186,5.000000000000e-03,1.000000000000e-02,200,3
16187,5.000000000000e-03,1.000000000000e-02,200,6
16188,5.000000000000e-03,1.000000000000e-02,200,2
16189,5.000000000000e-03,1.000000000000e-02,200,4
16190,5.000000000000e-03,1.000000000000e-02,200,2
16191,5.000000000000e-03,1.000000000000e-02,200,3
16192,5.000000000000e-03,1.000000000000e-02,200,0
16193,5.000000000000e-03,1.000000000000e-02,200,3
16194,5.000000000000e-03,1.000000000000e-02,200,1
16195,5.000000000000e-03,1.000000000000e-02,200,3
16196,5.000000000000e-03,1.000000000000e-02,200,1
16197,5.000000000000e-03,1.000000000000e-02,200,2
16198,5.000000000000e-03,1.000000000000e-02,200,2
16199,5.000000000000e-03,1.000000000000e-02,200,6
16200,5.000000000000e-03,1.000000000000e-02,200,4
16201,5.000000000000e-03,1.000000000000e-02,200,2
16202,5.000000000000e-03,1.000000000000e-02,200,4
16203,5.000000000000e-03,1.000000000000e-02,200,4
16204,5.000000000000e-03,1.000000000000e-02,200,1
16205,5.000000000000e-03,1.000000000000e-02,200,1
16206,5.000000000000e-03,1.000000000000e-02,200,0
16207,5.000000000000e-03,1.000000000000e-02,200,1
16208,5.000000000000e-03,1.000000000000e-02,200,5
16209,5.000000000000e-03,1.000000000000e-02,200,1
16210,5.000000000000e-03,1.000000000000e-02,200,1
16211,5.000000000000e-03,1.000000000000e-02,200,3
16212,5.000000000000e-03,1.000000000000e-02,200,3
16213,5.000000000000e-03,1.000000000000e-02,200,0
16214,5.000000000000e-03,1.000000000000e-02,200,2
16215,5.000000000000e-03,1.000000000000e-02,200,2
16216,5.000000000000e-03,1.000000000000e-02,200,3
16217,5.000000000000e-03,1.000000000000e-02,200,4
16218,5.000000000000e-03,1.000000000000e-02,200,5
16219,5.000000000000e-03,1.000000000000e-02,200,2
16220,5.000000000000e-03,1.000000000000e-02,200,1
16221,5.000000000000e-03,1.000000000000e-02,200,1
16222,5.000000000000e-03,1.000000000000e-02,200,4
16223,5.000000000000e-03,1.000000000000e-02,200,3
16224,5.000000000000e-03,1.000000000000e-02,200,2
16225,5.000000000000e-03,1.000000000000e-02,200,3
16226,5.000000000000e-03,1.000000000000e-02,200,1
16227,5.000000000000e-03,1.000000000000e-02,200,3
16228,5.000000000000e-03,1.000000000000e-02,200,0
16229,5.000000000000e-03,1.000000000000e-02,200,3
16230,5.000000000000e-03,1.000000000000e-02,200,4
16231,5.000000000000e-03,1.000000000000e-02,200,3
16232,5.000000000000e-03,1.000000000000e-02,200,2
16233,5.000000000000e-03,1.000000000000e-02,200,0
16234,5.000000000000e-03,1.000000000000e-02,200,1
16235,5.000000000000e-03,1.000000000000e-02,200,3
16236,5.000000000000e-03,1.000000000000e-02,200,0
16237,5.000000000000e-03,1.000000000000e-02,200,4
16238,5.000000000000e-03,1.000000000000e-02,200,0
16239,5.000000000000e-03,1.000000000000e-02,200,2
16240,5.000000000000e-03,1.000000000000e-02,200,1
16241,5.000000000000e-03,1.000000000000e-02,200,1
16242,5.000000000000e-03,1.000000000000e-02,200,2
16243,5.000000000000e-03,1.000000000000e-02,200,1
16244,5.000000000000e-03,1.000000000000e-02,200,2
16245,5.000000000000e-03,1.000000000000e-02,200,2
16246,5.000000000000e-03,1.000000000000e-02,200,3
16247,5.000000000000e-03,1.000000000000e-02,200,2
16248,5.000000000000e-03,1.000000000000e-02,200,2
16249,5.000000000000e-03,1.000000000000e-02,200,4
16250,5.000000000000e-03,1.000000000000e-02,200,2
16251,5.000000000000e-03,1.000000000000e-02,200,1
16252,5.000000000000e-03,1.000000000000e-02,200,2
16253,5.000000000000e-03,1.000000000000e-02,200,5
16254,5.000000000000e-03,1.000000000000e-02,200,4
16255,5.000000000000e-03,1.000000000000e-02,200,2
16256,5.000000000000e-03,1.000000000000e-02,200,1
16257,5.000000000000e-03,1.000000000000e-02,200,2
16258,5.000000000000e-03,1.000000000000e-02,200,2
16259,5.000000000000e-03,1.000000000000e-02,200,4
16260,5.000000000000e-03,1.000000000000e-02,200,3
16261,5.000000000000e-03,1.000000000000e-02,200,2
16262,5.000000000000e-03,1.000000000000e-02,200,2
16263,5.000000000000e-03,1.000000000000e-02,200,4
16264,5.000000000000e-03,1.000000000000e-02,200,2
16265,5.000000000000e-03,1.000000000000e-02,200,4
16266,5.000000000000e-03,1.000000000000e-02,200,3
16267,5.000000000000e-03,1.000000000000e-02,200,2
16268,5.000000000000e-03,1.000000000000e-02,200,1
16269,5.000000000000e-03,1.000000000000e-02,200,2
16270,5.000000000000e-03,1.000000000000e-02,200,2
16271,5.000000000000e-03,1.000000000000e-02,200,3
16272,5.000000000000e-03,1.000000000000e-02,200,3
16273,5.000000000000e-03,1.000000000000e-02,200,3
16274,5.000000000000e-03,1.000000000000e-02,200,4
16275,5.000000000000e-03,1.000000000000e-02,200,1
16276,5.000000000000e-03,1.000000000000e-02,200,0
16277,5.000000000000e-03,1.000000000000e-02,200,4
16278,5.000000000000e-03,1.000000000000e-02,200,1
16279,5.000000000000e-03,1.000000000000e-02,200,5
16280,5.000000000000e-03,1.000000000000e-02,200,3
16281,5.000000000000e-03,1.000000000000e-02,200,1
16282,5.000000000000e-03,1.000000000000e-02,200,2
16283,5.000000000000e-03,1.000000000000e-02,200,3
16284,5.000000000000e-03,1.000000000000e-02,200,8
16285,5.000000000000e-03,1.000000000000e-02,200,3
16286,5.000000000000e-03,1.000000000000e-02,200,0
16287,5.000000000000e-03,1.000000000000e-02,200,2
16288,5.000000000000e-03,1.000000000000e-02,200,6
16289,5.000000000000e-03,1.000000000000e-02,200,1
16290,5.000000000000e-03,1.000000000000e-02,200,2
16291,5.000000000000e-03,1.000000000000e-02,200,2
16292,5.000000000000e-03,1.000000000000e-02,200,3
16293,5.000000000000e-03,1.000000000000e-02,200,3
16294,5.000000000000e-03,1.000000000000e-02,200,3
16295,5.000000000000e-03,1.000000000000e-02,200,4
16296,5.000000000000e-03,1.000000000000e-02,200,2
16297,5.000000000000e-03,1.000000000000e-02,200,2
16298,5.000000000000e-03,1.000000000000e-02,200,4
16299,5.000000000000e-03,1.000000000000e-02,200,2
16300,5.000000000000e-03,1.000000000000e-02,200,3
16301,5.000000000000e-03,1.000000000000e-02,200,1
16302,5.000000000000e-03,1.000000000000e-02,200,1
16303,5.000000000000e-03,1.000000000000e-02,200,0
16304,5.000000000000e-03,1.000000000000e-02,200,1
16305,5.000000000000e-03,1.000000000000e-02,200,3
16306,5.000000000000e-03,1.000000000000e-02,200,2
16307,5.000000000000e-03,1.000000000000e-02,200,2
16308,5.000000000000e-03,1.000000000000e-02,200,6
16309,5.000000000000e-03,1.000000000000e-02,200,1
16310,5.000000000000e-03,1.000000000000e-02,200,3
16311,5.000000000000e-03,1.000000000000e-02,200,3
16312,5.000000000000e-03,1.000000000000e-02,200,0
16313,5.000000000000e-03,1.000000000000e-02,200,0
16314,5.000000000000e-03,1.000000000000e-02,200,2
16315,5.000000000000e-03,1.000000000000e-02,200,4
16316,5.000000000000e-03,1.000000000000e-02,200,2
16317,5.000000000000e-03,1.000000000000e-02,200,2
16318,5.000000000000e-03,1.000000000000e-02,200,2
16319,5.000000000000e-03,1.000000000000e-02,200,1
16320,5.000000000000e-03,1.000000000000e-02,200,3
16321,5.000000000000e-03,1.000000000000e-02,200,4
16322,5.000000000000e-03,1.000000000000e-02,200,5
16323,5.000000000000e-03,1.000000000000e-02,200,5
16324,5.000000000000e-03,1.000000000000e-02,200,5
16325,5.000000000000e-03,1.000000000000e-02,200,2
16326,5.000000000000e-03,1.000000000000e-02,200,3
16327,5.000000000000e-03,1.000000000000e-02,200,1
16328,5.000000000000e-03,1.000000000000e-02,200,5
16329,5.000000000000e-03,1.000000000000e-02,200,4
16330,5.000000000000e-03,1.000000000000e-02,200,2
16331,5.000000000000e-03,1.000000000000e-02,200,1
16332,5.000000000000e-03,1.000000000000e-02,200,0
16333,5.000000000000e-03,1.000000000000e-02,200,1
16334,5.000000000000e-03,1.000000000000e-02,200,0
16335,5.000000000000e-03,1.000000000000e-02,200,1
16336,5.000000000000e-03,1.000000000000e-02,200,0
16337,5.000000000000e-03,1.000000000000e-02,200,1
16338,5.000000000000e-03,1.000000000000e-02,200,4
16339,5.000000000000e-03,1.000000000000e-02,200,2
16340,5.000000000000e-03,1.000000000000e-02,200,1
16341,5.000000000000e-03,1.000000000000e-02,200,3
16342,5.000000000000e-03,1.000000000000e-02,200,0
16343,5.000000000000e-03,1.000000000000e-02,200,3
16344,5.000000000000e-03,1.000000000000e-02,200,5
16345,5.000000000000e-03,1.000000000000e-02,200,4
16346,5.000000000000e-03,1.000000000000e-02,200,3
16347,5.000000000000e-03,1.000000000000e-02,200,4
16348,5.000000000000e-03,1.000000000000e-02,200,2
16349,5.000000000000e-03,1.000000000000e-02,200,2
16350,5.000000000000e-03,1.000000000000e-02,200,3
16351,5.000000000000e-03,1.000000000000e-02,200,2
16352,5.000000000000e-03,1.000000000000e-02,200,2
16353,5.000000000000e-03,1.000000000000e-02,200,3
16354,5.000000000000e-03,1.000000000000e-02,200,1
16355,5.000000000000e-03,1.000000000000e-02,200,1
16356,5.000000000000e-03,1.000000000000e-02,200,4
16357,5.000000000000e-03,1.000000000000e-02,200,3
16358,5.000000000000e-03,1.000000000000e-02,200,6
16359,5.000000000000e-03,1.000000000000e-02,200,4
16360,5.000000000000e-03,1.000000000000e-02,200,1
16361,5.000000000000e-03,1.000000000000e-02,200,2
16362,5.000000000000e-03,1.000000000000e-02,200,0
16363,5.000000000000e-03,1.000000000000e-02,200,1
16364,5.000000000000e-03,1.000000000000e-02,200,3
16365,5.000000000000e-03,1.000000000000e-02,200,2
16366,5.000000000000e-03,1.000000000000e-02,200,3
16367,5.000000000000e-03,1.000000000000e-02,200,4
16368,5.000000000000e-03,1.000000000000e-02,200,4
16369,5.000000000000e-03,1.000000000000e-02,200,4
16370,5.000000000000e-03,1.000000000000e-02,200,1
16371,5.000000000000e-03,1.000000000000e-02,200,3
16372,5.000000000000e-03,1.000000000000e-02,200,0
16373,5.000000000000e-03,1.000000000000e-02,200,2
16374,5.000000000000e-03,1.000000000000e-02,200,6
16375,5.000000000000e-03,1.000000000000e-02,200,1
16376,5.000000000000e-03,1.000000000000e-02,200,1
16377,5.000000000000e-03,1.000000000000e-02,200,4
16378,5.000000000000e-03,1.000000000000e-02,200,1
16379,5.000000000000e-03,1.000000000000e-02,200,6
16380,5.000000000000e-03,1.000000000000e-02,200,2
16381,5.000000000000e-03,1.000000000000e-02,200,2
16382,5.000000000000e-03,1.000000000000e-02,200,1
16383,5.000000000000e-03,1.000000000000e-02,200,0
16384,5.000000000000e-03,1.000000000000e-02,200,3
16385,5.000000000000e-03,1.000000000000e-02,200,1
16386,5.000000000000e-03,1.000000000000e-02,200,2
16387,5.000000000000e-03,1.000000000000e-02,200,1
16388,5.000000000000e-03,1.000000000000e-02,200,0
16389,5.000000000000e-03,1.000000000000e-02,200,1
16390,5.000000000000e-03,1.000000000000e-02,200,2
16391,5.000000000000e-03,1.000000000000e-02,200,3
16392,5.000000000000e-03,1.000000000000e-02,200,2
16393,5.000000000000e-03,1.000000000000e-02,200,1
16394,5.000000000000e-03,1.000000000000e-02,200,3
16395,5.000000000000e-03,1.000000000000e-02,200,0
16396,5.000000000000e-03,1.000000000000e-02,200,1
16397,5.000000000000e-03,1.000000000000e-02,200,5
16398,5.000000000000e-03,1.000000000000e-02,200,2
16399,5.000000000000e-03,1.000000000000e-02,200,5
16400,5.000000000000e-03,1.000000000000e-02,200,0
16401,5.000000000000e-03,1.000000000000e-02,500,10
16402,5.000000000000e-03,1.000000000000e-02,500,5
16403,5.000000000000e-03,1.000000000000e-02,500,6
16404,5.000000000000e-03,1.000000000000e-02,500,5
16405,5.000000000000e-03,1.000000000000e-02,500,8
16406,5.000000000000e-03,1.000000000000e-02,500,9
16407,5.000000000000e-03,1.000000000000e-02,500,2
16408,5.000000000000e-03,1.000000000000e-02,500,4
16409,5.000000000000e-03,1.000000000000e-02,500,7
16410,5.000000000000e-03,1.000000000000e-02,500,4
16411,5.000000000000e-03,1.000000000000e-02,500,5
16412,5.000000000000e-03,1.000000000000e-02,500,8
16413,5.000000000000e-03,1.000000000000e-02,500,4
16414,5.000000000000e-03,1.000000000000e-02,500,8
16415,5.000000000000e-03,1.000000000000e-02,500,10
16416,5.000000000000e-03,1.000000000000e-02,500,6
16417,5.000000000000e-03,1.000000000000e-02,500,8
16418,5.000000000000e-03,1.000000000000e-02,500,2
16419,5.000000000000e-03,1.000000000000e-02,500,3
16420,5.000000000000e-03,1.000000000000e-02,500,4
16421,5.000000000000e-03,1.000000000000e-02,500,6
16422,5.000000000000e-03,1.000000000000e-02,500,7
16423,5.000000000000e-03,1.000000000000e-02,500,3
16424,5.000000000000e-03,1.000000000000e-02,500,8
16425,5.000000000000e-03,1.000000000000e-02,500,10
16426,5.000000000000e-03,1.000000000000e-02,500,6
16427,5.000000000000e-03,1.000000000000e-02,500,2
16428,5.000000000000e-03,1.000000000000e-02,500,3
16429,5.000000000000e-03,1.000000000000e-02,500,6
16430,5.000000000000e-03,1.000000000000e-02,500,6
16431,5.000000000000e-03,1.000000000000e-02,500,5
16432,5.000000000000e-03,1.000000000000e-02,500,8
16433,5.000000000000e-03,1.000000000000e-02,500,3
16434,5.000000000000e-03,1.000000000000e-02,500,3
16435,5.000000000000e-03,1.000000000000e-02,500,5
16436,5.000000000000e-03,1.000000000000e-02,500,4
16437,5.000000000000e-03,1.000000000000e-02,500,6
16438,5.000000000000e-03,1.000000000000e-02,500,6
16439,5.000000000000e-03,1.000000000000e-02,500,5
16440,5.000000000000e-03,1.000000000000e-02,500,8
16441,5.000000000000e-03,1.000000000000e-02,500,3
16442,5.000000000000e-03,1.000000000000e-02,500,6
16443,5.000000000000e-03,1.000000000000e-02,500,8
16444,5.000000000000e-03,1.000000000000e-02,500,10
16445,5.000000000000e-03,1.000000000000e-02,500,7
16446,5.000000000000e-03,1.000000000000e-02,500,9
16447,5.000000000000e-03,1.000000000000e-02,500,6
16448,5.000000000000e-03,1.000000000000e-02,500,4
16449,5.000000000000e-03,1.000000000000e-02,500,5
16450,5.000000000000e-03,1.000000000000e-02,500,5
16451,5.000000000000e-03,1.000000000000e-02,500,4
16452,5.000000000000e-03,1.000000000000e-02,500,1
16453,5.000000000000e-03,1.000000000000e-02,500,9
16454,5.000000000000e-03,1.000000000000e-02,500,13
16455,5.000000000000e-03,1.000000000000e-02,500,2
16456,5.000000000000e-03,1.000000000000e-02,500,4
16457,5.000000000000e-03,1.000000000000e-02,500,9
16458,5.000000000000e-03,1.000000000000e-02,500,5
16459,5.000000000000e-03,1.000000000000e-02,500,5
16460,5.000000000000e-03,1.000000000000e-02,500,3
16461,5.000000000000e-03,1.000000000000e-02,500,4
16462,5.000000000000e-03,1.000000000000e-02,500,12
16463,5.000000000000e-03,1.000000000000e-02,500,4
16464,5.000000000000e-03,1.000000000000e-02,500,9
16465,5.000000000000e-03,1.000000000000e-02,500,5
16466,5.000000000000e-03,1.000000000000e-02,500,4
16467,5.000000000000e-03,1.000000000000e-02,500,5
16468,5.000000000000e-03,1.000000000000e-02,500,3
16469,5.000000000000e-03,1.000000000000e-02,500,5
16470,5.000000000000e-03,1.000000000000e-02,500,5
16471,5.000000000000e-03,1.000000000000e-02,500,7
16472,5.000000000000e-03,1.000000000000e-02,500,5
16473,5.000000000000e-03,1.000000000000e-02,500,7
16474,5.000000000000e-03,1.000000000000e-02,500,7
16475,5.000000000000e-03,1.000000000000e-02,500,6
16476,5.000000000000e-03,1.000000000000e-02,500,8
16477,5.000000000000e-03,1.000000000000e-02,500,5
16478,5.000000000000e-03,1.000000000000e-02,500,7
16479,5.000000000000e-03,1.000000000000e-02,500,7
16480,5.000000000000e-03,1.000000000000e-02,500,3
16481,5.000000000000e-03,1.000000000000e-02,500,2
16482,5.000000000000e-03,1.000000000000e-02,500,5
16483,5.000000000000e-03,1.000000000000e-02,500,3
16484,5.000000000000e-03,1.000000000000e-02,500,8
16485,5.000000000000e-03,1.000000000000e-02,500,4
16486,5.000000000000e-03,1.000000000000e-02,500,9
16487,5.000000000000e-03,1.000000000000e-02,500,13
16488,5.000000000000e-03,1.000000000000e-02,500,6
16489,5.000000000000e-03,1.000000000000e-02,500,5
16490,5.000000000000e-03,1.000000000000e-02,500,4
16491,5.000000000000e-03,1.000000000000e-02,500,11
16492,5.000000000000e-03,1.000000000000e-02,500,6
16493,5.000000000000e-03,1.000000000000e-02,500,4
16494,5.000000000000e-03,1.000000000000e-02,500,4
16495,5.000000000000e-03,1.000000000000e-02,500,7
16496,5.000000000000e-03,1.000000000000e-02,500,2
16497,5.000000000000e-03,1.000000000000e-02,500,3
16498,5.000000000000e-03,1.000000000000e-02,500,7
16499,5.000000000000e-03,1.000000000000e-02,500,5
16500,5.000000000000e-03,1.000000000000e-02,500,10
16501,5.000000000000e-03,1.000000000000e-02,500,3
16502,5.000000000000e-03,1.000000000000e-02,500,2
16503,5.000000000000e-03,1.000000000000e-02,500,5
16504,5.000000000000e-03,1.000000000000e-02,500,6
16505,5.000000000000e-03,1.000000000000e-02,500,5
16506,5.000000000000e-03,1.000000000000e-02,500,10
16507,5.000000000000e-03,1.000000000000e-02,500,8
16508,5.000000000000e-03,1.000000000000e-02,500,8
16509,5.000000000000e-03,1.000000000000e-02,500,6
16510,5.000000000000e-03,1.000000000000e-02,500,6
16511,5.000000000000e-03,1.000000000000e-02,500,6
16512,5.000000000000e-03,1.000000000000e-02,500,7
16513,5.000000000000e-03,1.000000000000e-02,500,12
16514,5.000000000000e-03,1.000000000000e-02,500,5
16515,5.000000000000e-03,1.000000000000e-02,500,5
16516,5.000000000000e-03,1.000000000000e-02,500,3
16517,5.000000000000e-03,1.000000000000e-02,500,7
16518,5.000000000000e-03,1.000000000000e-02,500,11
16519,5.000000000000e-03,1.000000000000e-02,500,5
16520,5.000000000000e-03,1.000000000000e-02,500,2
16521,5.000000000000e-03,1.000000000000e-02,500,9
16522,5.000000000000e-03,1.000000000000e-02,500,5
16523,5.000000000000e-03,1.000000000000e-02,500,6
16524,5.000000000000e-03,1.000000000000e-02,500,11
16525,5.000000000000e-03,1.000000000000e-02,500,6
16526,5.000000000000e-03,1.000000000000e-02,500,4
16527,5.000000000000e-03,1.000000000000e-02,500,6
16528,5.000000000000e-03,1.000000000000e-02,500,7
16529,5.000000000000e-03,1.000000000000e-02,500,14
16530,5.000000000000e-03,1.000000000000e-02,500,9
16531,5.000000000000e-03,1.000000000000e-02,500,3
16532,5.000000000000e-03,1.000000000000e-02,500,1
16533,5.000000000000e-03,1.000000000000e-02,500,8
16534,5.000000000000e-03,1.000000000000e-02,500,6
16535,5.000000000000e-03,1.000000000000e-02,500,6
16536,5.000000000000e-03,1.000000000000e-02,500,5
16537,5.000000000000e-03,1.000000000000e-02,500,8
16538,5.000000000000e-03,1.000000000000e-02,500,3
16539,5.000000000000e-03,1.000000000000e-02,500,4
16540,5.000000000000e-03,1.000000000000e-02,500,7
16541,5.000000000000e-03,1.000000000000e-02,500,5
16542,5.000000000000e-03,1.000000000000e-02,500,13
16543,5.000000000000e-03,1.000000000000e-02,500,6
16544,5.000000000000e-03,1.000000000000e-02,500,5
16545,5.000000000000e-03,1.000000000000e-02,500,6
16546,5.000000000000e-03,1.000000000000e-02,500,4
16547,5.000000000000e-03,1.000000000000e-02,500,5
16548,5.000000000000e-03,1.000000000000e-02,500,5
16549,5.000000000000e-03,1.000000000000e-02,500,4
16550,5.000000000000e-03,1.000000000000e-02,500,5
16551,5.000000000000e-03,1.000000000000e-02,500,7
16552,5.000000000000e-03,1.000000000000e-02,500,7
16553,5.000000000000e-03,1.000000000000e-02,500,4
16554,5.000000000000e-03,1.000000000000e-02,500,11
16555,5.000000000000e-03,1.000000000000e-02,500,8
16556,5.000000000000e-03,1.000000000000e-02,500,3
16557,5.000000000000e-03,1.000000000000e-02,500,5
16558,5.000000000000e-03,1.000000000000e-02,500,8
16559,5.000000000000e-03,1.000000000000e-02,500,7
16560,5.000000000000e-03,1.000000000000e-02,500,4
16561,5.000000000000e-03,1.000000000000e-02,500,3
16562,5.000000000000e-03,1.000000000000e-02,500,4
16563,5.000000000000e-03,1.000000000000e-02,500,9
16564,5.000000000000e-03,1.000000000000e-02,500,8
16565,5.000000000000e-03,1.000000000000e-02,500,5
16566,5.000000000000e-03,1.000000000000e-02,500,5
16567,5.000000000000e-03,1.000000000000e-02,500,6
16568,5.000000000000e-03,1.000000000000e-02,500,3
16569,5.000000000000e-03,1.000000000000e-02,500,7
16570,5.000000000000e-03,1.000000000000e-02,500,9
16571,5.000000000000e-03,1.000000000000e-02,500,3
16572,5.000000000000e-03,1.000000000000e-02,500,2
16573,5.000000000000e-03,1.000000000000e-02,500,5
16574,5.000000000000e-03,1.000000000000e-02,500,6
16575,5.000000000000e-03,1.000000000000e-02,500,10
16576,5.000000000000e-03,1.000000000000e-02,500,7
16577,5.000000000000e-03,1.000000000000e-02,500,7
16578,5.000000000000e-03,1.000000000000e-02,500,7
16579,5.000000000000e-03,1.000000000000e-02,500,7
16580,5.000000000000e-03,1.000000000000e-02,500,9
16581,5.000000000000e-03,1.000000000000e-02,500,10
16582,5.000000000000e-03,1.000000000000e-02,500,11
16583,5.000000000000e-03,1.000000000000e-02,500,6
16584,5.000000000000e-03,1.000000000000e-02,500,6
16585,5.000000000000e-03,1.000000000000e-02,500,4
16586,5.000000000000e-03,1.000000000000e-02,500,9
16587,5.000000000000e-03,1.000000000000e-02,500,11
16588,5.000000000000e-03,1.000000000000e-02,500,9
16589,5.000000000000e-03,1.000000000000e-02,500,2
16590,5.000000000000e-03,1.000000000000e-02,500,5
16591,5.000000000000e-03,1.000000000000e-02,500,3
16592,5.000000000000e-03,1.000000000000e-02,500,11
16593,5.000000000000e-03,1.000000000000e-02,500,2
16594,5.000000000000e-03,1.000000000000e-02,500,4
16595,5.000000000000e-03,1.000000000000e-02,500,6
16596,5.000000000000e-03,1.000000000000e-02,500,7
16597,5.000000000000e-03,1.000000000000e-02,500,7
16598,5.000000000000e-03,1.000000000000e-02,500,6
16599,5.000000000000e-03,1.000000000000e-02,500,7
16600,5.000000000000e-03,1.000000000000e-02,500,4
16601,5.000000000000e-03,1.000000000000e-02,500,7
16602,5.000000000000e-03,1.000000000000e-02,500,7
16603,5.000000000000e-03,1.000000000000e-02,500,6
16604,5.000000000000e-03,1.000000000000e-02,500,6
16605,5.000000000000e-03,1.000000000000e-02,500,8
16606,5.000000000000e-03,1.000000000000e-02,500,4
16607,5.000000000000e-03,1.000000000000e-02,500,4
16608,5.000000000000e-03,1.000000000000e-02,500,8
16609,5.000000000000e-03,1.000000000000e-02,500,7
16610,5.000000000000e-03,1.000000000000e-02,500,5
16611,5.000000000000e-03,1.000000000000e-02,500,7
16612,5.000000000000e-03,1.000000000000e-02,500,5
16613,5.000000000000e-03,1.000000000000e-02,500,6
16614,5.000000000000e-03,1.000000000000e-02,500,10
16615,5.000000000000e-03,1.000000000000e-02,500,6
16616,5.000000000000e-03,1.000000000000e-02,500,10
16617,5.000000000000e-03,1.000000000000e-02,500,10
16618,5.000000000000e-03,1.000000000000e-02,500,8
16619,5.000000000000e-03,1.000000000000e-02,500,4
16620,5.000000000000e-03,1.000000000000e-02,500,4
16621,5.000000000000e-03,1.000000000000e-02,500,4
16622,5.000000000000e-03,1.000000000000e-02,500,3
16623,5.000000000000e-03,1.000000000000e-02,500,5
16624,5.000000000000e-03,1.000000000000e-02,500,1
16625,5.000000000000e-03,1.000000000000e-02,500,5
16626,5.000000000000e-03,1.000000000000e-02,500,6
16627,5.000000000000e-03,1.000000000000e-02,500,5
16628,5.000000000000e-03,1.000000000000e-02,500,3
16629,5.000000000000e-03,1.000000000000e-02,500,10
16630,5.000000000000e-03,1.000000000000e-02,500,8
16631,5.000000000000e-03,1.000000000000e-02,500,5
16632,5.000000000000e-03,1.000000000000e-02,500,5
16633,5.000000000000e-03,1.000000000000e-02,500,2
16634,5.000000000000e-03,1.000000000000e-02,500,3
16635,5.000000000000e-03,1.000000000000e-02,500,3
16636,5.000000000000e-03,1.000000000000e-02,500,3
16637,5.000000000000e-03,1.000000000000e-02,500,4
16638,5.000000000000e-03,1.000000000000e-02,500,5
16639,5.000000000000e-03,1.000000000000e-02,500,9
16640,5.000000000000e-03,1.000000000000e-02,500,4
16641,5.000000000000e-03,1.000000000000e-02,500,5
16642,5.000000000000e-03,1.000000000000e-02,500,4
16643,5.000000000000e-03,1.000000000000e-02,500,7
16644,5.000000000000e-03,1.000000000000e-02,500,7
16645,5.000000000000e-03,1.000000000000e-02,500,13
16646,5.000000000000e-03,1.000000000000e-02,500,7
16647,5.000000000000e-03,1.000000000000e-02,500,6
16648,5.000000000000e-03,1.000000000000e-02,500,5
16649,5.000000000000e-03,1.000000000000e-02,500,2
16650,5.000000000000e-03,1.000000000000e-02,500,2
16651,5.000000000000e-03,1.000000000000e-02,500,3
16652,5.000000000000e-03,1.000000000000e-02,500,4
16653,5.000000000000e-03,1.000000000000e-02,500,9
16654,5.000000000000e-03,1.000000000000e-02,500,6
16655,5.000000000000e-03,1.000000000000e-02,500,6
16656,5.000000000000e-03,1.000000000000e-02,500,5
16657,5.000000000000e-03,1.000000000000e-02,500,4
16658,5.000000000000e-03,1.000000000000e-02,500,5
16659,5.000000000000e-03,1.000000000000e-02,500,5
16660,5.000000000000e-03,1.000000000000e-02,500,7
16661,5.000000000000e-03,1.000000000000e-02,500,2
16662,5.000000000000e-03,1.000000000000e-02,500,7
16663,5.000000000000e-03,1.000000000000e-02,500,6
16664,5.000000000000e-03,1.000000000000e-02,500,6
16665,5.000000000000e-03,1.000000000000e-02,500,2
16666,5.000000000000e-03,1.000000000000e-02,500,8
16667,5.000000000000e-03,1.000000000000e-02,500,5
16668,5.000000000000e-03,1.000000000000e-02,500,5
16669,5.000000000000e-03,1.000000000000e-02,500,8
16670,5.000000000000e-03,1.000000000000e-02,500,9
16671,5.000000000000e-03,1.000000000000e-02,500,6
16672,5.000000000000e-03,1.000000000000e-02,500,5
16673,5.000000000000e-03,1.000000000000e-02,500,8
16674,5.000000000000e-03,1.000000000000e-02,500,3
16675,5.000000000000e-03,1.000000000000e-02,500,12
16676,5.000000000000e-03,1.000000000000e-02,500,6
16677,5.000000000000e-03,1.000000000000e-02,500,6
16678,5.000000000000e-03,1.000000000000e-02,500,2
16679,5.000000000000e-03,1.000000000000e-02,500,10
16680,5.000000000000e-03,1.000000000000e-02,500,6
16681,5.000000000000e-03,1.000000000000e-02,500,5
16682,5.000000000000e-03,1.000000000000e-02,500,5
16683,5.000000000000e-03,1.000000000000e-02,500,2
16684,5.000000000000e-03,1.000000000000e-02,500,6
16685,5.000000000000e-03,1.000000000000e-02,500,4
16686,5.000000000000e-03,1.000000000000e-02,500,10
16687,5.000000000000e-03,1.000000000000e-02,500,5
16688,5.000000000000e-03,1.000000000000e-02,500,10
16689,5.000000000000e-03,1.000000000000e-02,500,7
16690,5.000000000000e-03,1.000000000000e-02,500,3
16691,5.000000000000e-03,1.000000000000e-02,500,9
16692,5.000000000000e-03,1.000000000000e-02,500,3
16693,5.000000000000e-03,1.000000000000e-02,500,3
16694,5.000000000000e-03,1.000000000000e-02,500,5
16695,5.000000000000e-03,1.000000000000e-02,500,6
16696,5.000000000000e-03,1.000000000000e-02,500,8
16697,5.000000000000e-03,1.000000000000e-02,500,6
16698,5.000000000000e-03,1.000000000000e-02,500,8
16699,5.000000000000e-03,1.000000000000e-02,500,9
16700,5.000000000000e-03,1.000000000000e-02,500,6
16701,5.000000000000e-03,1.000000000000e-02,500,6
16702,5.000000000000e-03,1.000000000000e-02,500,5
16703,5.000000000000e-03,1.000000000000e-02,500,9
16704,5.000000000000e-03,1.000000000000e-02,500,4
16705,5.000000000000e-03,1.000000000000e-02,500,4
16706,5.000000000000e-03,1.000000000000e-02,500,4
16707,5.000000000000e-03,1.000000000000e-02,500,7
16708,5.000000000000e-03,1.000000000000e-02,500,3
16709,5.000000000000e-03,1.000000000000e-02,500,7
16710,5.000000000000e-03,1.000000000000e-02,500,4
16711,5.000000000000e-03,1.000000000000e-02,500,5
16712,5.000000000000e-03,1.000000000000e-02,500,6
16713,5.000000000000e-03,1.000000000000e-02,500,4
16714,5.000000000000e-03,1.000000000000e-02,500,5
16715,5.000000000000e-03,1.000000000000e-02,500,2
16716,5.000000000000e-03,1.000000000000e-02,500,6
16717,5.000000000000e-03,1.000000000000e-02,500,2
16718,5.000000000000e-03,1.000000000000e-02,500,6
16719,5.000000000000e-03,1.000000000000e-02,500,5
16720,5.000000000000e-03,1.000000000000e-02,500,5
16721,5.000000000000e-03,1.000000000000e-02,500,5
16722,5.000000000000e-03,1.000000000000e-02,500,11
16723,5.000000000000e-03,1.000000000000e-02,500,6
16724,5.000000000000e-03,1.000000000000e-02,500,4
16725,5.000000000000e-03,1.000000000000e-02,500,3
16726,5.000000000000e-03,1.000000000000e-02,500,8
16727,5.000000000000e-03,1.000000000000e-02,500,5
16728,5.000000000000e-03,1.000000000000e-02,500,2
16729,5.000000000000e-03,1.000000000000e-02,500,7
16730,5.000000000000e-03,1.000000000000e-02,500,9
16731,5.000000000000e-03,1.000000000000e-02,500,9
16732,5.000000000000e-03,1.000000000000e-02,500,6
16733,5.000000000000e-03,1.000000000000e-02,500,7
16734,5.000000000000e-03,1.000000000000e-02,500,5
16735,5.000000000000e-03,1.000000000000e-02,500,6
16736,5.000000000000e-03,1.000000000000e-02,500,2
16737,5.000000000000e-03,1.000000000000e-02,500,5
16738,5.000000000000e-03,1.000000000000e-02,500,8
16739,5.000000000000e-03,1.000000000000e-02,500,6
16740,5.000000000000e-03,1.000000000000e-02,500,6
16741,5.000000000000e-03,1.000000000000e-02,500,3
16742,5.000000000000e-03,1.000000000000e-02,500,7
16743,5.000000000000e-03,1.000000000000e-02,500,5
16744,5.000000000000e-03,1.000000000000e-02,500,6
16745,5.000000000000e-03,1.000000000000e-02,500,3
16746,5.000000000000e-03,1.000000000000e-02,500,9
16747,5.000000000000e-03,1.000000000000e-02,500,9
16748,5.000000000000e-03,1.000000000000e-02,500,5
16749,5.000000000000e-03,1.000000000000e-02,500,7
16750,5.000000000000e-03,1.000000000000e-02,500,9
16751,5.000000000000e-03,1.000000000000e-02,500,4
16752,5.000000000000e-03,1.000000000000e-02,500,5
16753,5.000000000000e-03,1.000000000000e-02,500,3
16754,5.000000000000e-03,1.000000000000e-02,500,4
16755,5.000000000000e-03,1.000000000000e-02,500,10
16756,5.000000000000e-03,1.000000000000e-02,500,4
16757,5.000000000000e-03,1.000000000000e-02,500,7
16758,5.000000000000e-03,1.000000000000e-02,500,6
16759,5.000000000000e-03,1.000000000000e-02,500,5
16760,5.000000000000e-03,1.000000000000e-02,500,9
16761,5.000000000000e-03,1.000000000000e-02,500,6
16762,5.000000000000e-03,1.000000000000e-02,500,7
16763,5.000000000000e-03,1.000000000000e-02,500,5
16764,5.000000000000e-03,1.000000000000e-02,500,5
16765,5.000000000000e-03,1.000000000000e-02,500,6
16766,5.000000000000e-03,1.000000000000e-02,500,3
16767,5.000000000000e-03,1.000000000000e-02,500,7
16768,5.000000000000e-03,1.000000000000e-02,500,4
16769,5.000000000000e-03,1.000000000000e-02,500,8
16770,5.000000000000e-03,1.000000000000e-02,500,10
16771,5.000000000000e-03,1.000000000000e-02,500,8
16772,5.000000000000e-03,1.000000000000e-02,500,6
16773,5.000000000000e-03,1.000000000000e-02,500,9
16774,5.000000000000e-03,1.000000000000e-02,500,7
16775,5.000000000000e-03,1.000000000000e-02,500,4
16776,5.000000000000e-03,1.000000000000e-02,500,8
16777,5.000000000000e-03,1.000000000000e-02,500,9
16778,5.000000000000e-03,1.000000000000e-02,500,9
16779,5.000000000000e-03,1.000000000000e-02,500,6
16780,5.000000000000e-03,1.000000000000e-02,500,2
16781,5.000000000000e-03,1.000000000000e-02,500,3
16782,5.000000000000e-03,1.000000000000e-02,500,5
16783,5.000000000000e-03,1.000000000000e-02,500,6
16784,5.000000000000e-03,1.000000000000e-02,500,3
16785,5.000000000000e-03,1.000000000000e-02,500,3
16786,5.000000000000e-03,1.000000000000e-02,500,3
16787,5.000000000000e-03,1.000000000000e-02,500,6
16788,5.000000000000e-03,1.000000000000e-02,500,3
16789,5.000000000000e-03,1.000000000000e-02,500,8
16790,5.000000000000e-03,1.000000000000e-02,500,3
16791,5.000000000000e-03,1.000000000000e-02,500,8
16792,5.000000000000e-03,1.000000000000e-02,500,6
16793,5.000000000000e-03,1.000000000000e-02,500,3
16794,5.000000000000e-03,1.000000000000e-02,500,4
16795,5.000000000000e-03,1.000000000000e-02,500,7
16796,5.000000000000e-03,1.000000000000e-02,500,0
16797,5.000000000000e-03,1.000000000000e-02,500,7
16798,5.000000000000e-03,1.000000000000e-02,500,5
16799,5.000000000000e-03,1.000000000000e-02,500,7
16800,5.000000000000e-03,1.000000000000e-02,500,4
16801,5.000000000000e-03,1.000000000000e-02,1000,9
16802,5.000000000000e-03,1.000000000000e-02,1000,17
16803,5.000000000000e-03,1.000000000000e-02,1000,12
16804,5.000000000000e-03,1.000000000000e-02,1000,9
16805,5.000000000000e-03,1.000000000000e-02,1000,11
16806,5.000000000000e-03,1.000000000000e-02,1000,10
16807,5.000000000000e-03,1.000000000000e-02,1000,14
16808,5.000000000000e-03,1.000000000000e-02,1000,16
16809,5.000000000000e-03,1.000000000000e-02,1000,12
16810,5.000000000000e-03,1.000000000000e-02,1000,14
16811,5.000000000000e-03,1.000000000000e-02,1000,19
16812,5.000000000000e-03,1.000000000000e-02,1000,7
16813,5.000000000000e-03,1.000000000000e-02,1000,12
16814,5.000000000000e-03,1.000000000000e-02,1000,9
16815,5.000000000000e-03,1.000000000000e-02,1000,12
16816,5.000000000000e-03,1.000000000000e-02,1000,9
16817,5.000000000000e-03,1.000000000000e-02,1000,13
16818,5.000000000000e-03,1.000000000000e-02,1000,9
16819,5.000000000000e-03,1.000000000000e-02,1000,13
16820,5.000000000000e-03,1.000000000000e-02,1000,11
16821,5.000000000000e-03,1.000000000000e-02,1000,14
16822,5.000000000000e-03,1.000000000000e-02,1000,12
16823,5.000000000000e-03,1.000000000000e-02,1000,11
16824,5.000000000000e-03,1.000000000000e-02,1000,16
16825,5.000000000000e-03,1.000000000000e-02,1000,8
16826,5.000000000000e-03,1.000000000000e-02,1000,8
16827,5.000000000000e-03,1.000000000000e-02,1000,17
16828,5.000000000000e-03,1.000000000000e-02,1000,15
16829,5.000000000000e-03,1.000000000000e-02,1000,9
16830,5.000000000000e-03,1.000000000000e-02,1000,10
16831,5.000000000000e-03,1.000000000000e-02,1000,7
16832,5.000000000000e-03,1.000000000000e-02,1000,16
16833,5.000000000000e-03,1.000000000000e-02,1000,15
16834,5.000000000000e-03,1.000000000000e-02,1000,13
16835,5.000000000000e-03,1.000000000000e-02,1000,10
16836,5.000000000000e-03,1.000000000000e-02,1000,11
16837,5.000000000000e-03,1.000000000000e-02,1000,7
16838,5.000000000000e-03,1.000000000000e-02,1000,14
16839,5.000000000000e-03,1.000000000000e-02,1000,13
16840,5.000000000000e-03,1.000000000000e-02,1000,10
16841,5.000000000000e-03,1.000000000000e-02,1000,13
16842,5.000000000000e-03,1.000000000000e-02,1000,10
16843,5.000000000000e-03,1.000000000000e-02,1000,16
16844,5.000000000000e-03,1.000000000000e-02,1000,9
16845,5.000000000000e-03,1.000000000000e-02,1000,10
16846,5.000000000000e-03,1.000000000000e-02,1000,8
16847,5.000000000000e-03,1.000000000000e-02,1000,9
16848,5.000000000000e-03,1.000000000000e-02,1000,13
16849,5.000000000000e-03,1.000000000000e-02,1000,13
16850,5.000000000000e-03,1.000000000000e-02,1000,14
16851,5.000000000000e-03,1.000000000000e-02,1000,8
16852,5.000000000000e-03,1.000000000000e-02,1000,9
16853,5.000000000000e-03,1.000000000000e-02,1000,18
16854,5.000000000000e-03,1.000000000000e-02,1000,11
16855,5.000000000000e-03,1.000000000000e-02,1000,9
16856,5.000000000000e-03,1.000000000000e-02,1000,7
16857,5.000000000000e-03,1.000000000000e-02,1000,8
16858,5.000000000000e-03,1.000000000000e-02,1000,13
16859,5.000000000000e-03,1.000000000000e-02,1000,6
16860,5.000000000000e-03,1.000000000000e-02,1000,9
16861,5.000000000000e-03,1.000000000000e-02,1000,10
16862,5.000000000000e-03,1.000000000000e-02,1000,7
16863,5.000000000000e-03,1.000000000000e-02,1000,10
16864,5.000000000000e-03,1.000000000000e-02,1000,8
16865,5.000000000000e-03,1.000000000000e-02,1000,8
16866,5.000000000000e-03,1.000000000000e-02,1000,10
16867,5.000000000000e-03,1.000000000000e-02,1000,11
16868,5.000000000000e-03,1.000000000000e-02,1000,15
16869,5.000000000000e-03,1.000000000000e-02,1000,12
16870,5.000000000000e-03,1.000000000000e-02,1000,7
16871,5.000000000000e-03,1.000000000000e-02,1000,17
16872,5.000000000000e-03,1.000000000000e-02,1000,8
16873,5.000000000000e-03,1.000000000000e-02,1000,9
16874,5.000000000000e-03,1.000000000000e-02,1000,11
16875,5.000000000000e-03,1.000000000000e-02,1000,12
16876,5.000000000000e-03,1.000000000000e-02,1000,9
16877,5.000000000000e-03,1.000000000000e-02,1000,11
16878,5.000000000000e-03,1.000000000000e-02,1000,16
16879,5.000000000000e-03,1.000000000000e-02,1000,10
16880,5.000000000000e-03,1.000000000000e-02,1000,15
16881,5.000000000000e-03,1.000000000000e-02,1000,13
16882,5.000000000000e-03,1.000000000000e-02,1000,10
16883,5.000000000000e-03,1.000000000000e-02,1000,11
16884,5.000000000000e-03,1.000000000000e-02,1000,9
16885,5.000000000000e-03,1.000000000000e-02,1000,8
16886,5.000000000000e-03,1.000000000000e-02,1000,11
16887,5.000000000000e-03,1.000000000000e-02,1000,7
16888,5.000000000000e-03,1.000000000000e-02,1000,11
16889,5.000000000000e-03,1.000000000000e-02,1000,15
16890,5.000000000000e-03,1.000000000000e-02,1000,11
16891,5.000000000000e-03,1.000000000000e-02,1000,17
16892,5.000000000000e-03,1.000000000000e-02,1000,10
16893,5.000000000000e-03,1.000000000000e-02,1000,13
16894,5.000000000000e-03,1.000000000000e-02,1000,16
16895,5.000000000000e-03,1.000000000000e-02,1000,16
16896,5.000000000000e-03,1.000000000000e-02,1000,10
16897,5.000000000000e-03,1.000000000000e-02,1000,10
16898,5.000000000000e-03,1.000000000000e-02,1000,12
16899,5.000000000000e-03,1.000000000000e-02,1000,11
16900,5.000000000000e-03,1.000000000000e-02,1000,10
16901,5.000000000000e-03,1.000000000000e-02,1000,16
16902,5.000000000000e-03,1.000000000000e-02,1000,8
16903,5.000000000000e-03,1.000000000000e-02,1000,18
16904,5.000000000000e-03,1.000000000000e-02,1000,17
16905,5.000000000000e-03,1.000000000000e-02,1000,11
16906,5.000000000000e-03,1.000000000000e-02,1000,18
16907,5.000000000000e-03,1.000000000000e-02,1000,19
16908,5.000000000000e-03,1.000000000000e-02,1000,8
16909,5.000000000000e-03,1.000000000000e-02,1000,8
16910,5.000000000000e-03,1.000000000000e-02,1000,5
16911,5.000000000000e-03,1.000000000000e-02,1000,14
16912,5.000000000000e-03,1.000000000000e-02,1000,9
16913,5.000000000000e-03,1.000000000000e-02,1000,14
16914,5.000000000000e-03,1.000000000000e-02,1000,19
16915,5.000000000000e-03,1.000000000000e-02,1000,18
16916,5.000000000000e-03,1.000000000000e-02,1000,13
16917,5.000000000000e-03,1.000000000000e-02,1000,12
16918,5.000000000000e-03,1.000000000000e-02,1000,9
16919,5.000000000000e-03,1.000000000000e-02,1000,15
16920,5.000000000000e-03,1.000000000000e-02,1000,11
16921,5.000000000000e-03,1.000000000000e-02,1000,14
16922,5.000000000000e-03,1.000000000000e-02,1000,11
16923,5.000000000000e-03,1.000000000000e-02,1000,8
16924,5.000000000000e-03,1.000000000000e-02,1000,19
16925,5.000000000000e-03,1.000000000000e-02,1000,14
16926,5.000000000000e-03,1.000000000000e-02,1000,13
16927,5.000000000000e-03,1.000000000000e-02,1000,12
16928,5.000000000000e-03,1.000000000000e-02,1000,17
16929,5.000000000000e-03,1.000000000000e-02,1000,15
16930,5.000000000000e-03,1.000000000000e-02,1000,8
16931,5.000000000000e-03,1.000000000000e-02,1000,7
16932,5.000000000000e-03,1.000000000000e-02,1000,10
16933,5.000000000000e-03,1.000000000000e-02,1000,15
16934,5.000000000000e-03,1.000000000000e-02,1000,10
16935,5.000000000000e-03,1.000000000000e-02,1000,12
16936,5.000000000000e-03,1.000000000000e-02,1000,15
16937,5.000000000000e-03,1.000000000000e-02,1000,14
16938,5.000000000000e-03,1.000000000000e-02,1000,12
16939,5.000000000000e-03,1.000000000000e-02,1000,8
16940,5.000000000000e-03,1.000000000000e-02,1000,15
16941,5.000000000000e-03,1.000000000000e-02,1000,10
16942,5.000000000000e-03,1.000000000000e-02,1000,8
16943,5.000000000000e-03,1.000000000000e-02,1000,5
16944,5.000000000000e-03,1.000000000000e-02,1000,6
16945,5.000000000000e-03,1.000000000000e-02,1000,6
16946,5.000000000000e-03,1.000000000000e-02,1000,19
16947,5.000000000000e-03,1.000000000000e-02,1000,8
16948,5.000000000000e-03,1.000000000000e-02,1000,12
16949,5.000000000000e-03,1.000000000000e-02,1000,16
16950,5.000000000000e-03,1.000000000000e-02,1000,14
16951,5.000000000000e-03,1.000000000000e-02,1000,16
16952,5.000000000000e-03,1.000000000000e-02,1000,9
16953,5.000000000000e-03,1.000000000000e-02,1000,9
16954,5.000000000000e-03,1.000000000000e-02,1000,11
16955,5.000000000000e-03,1.000000000000e-02,1000,14
16956,5.000000000000e-03,1.000000000000e-02,1000,9
16957,5.000000000000e-03,1.000000000000e-02,1000,4
16958,5.000000000000e-03,1.000000000000e-02,1000,5
16959,5.000000000000e-03,1.000000000000e-02,1000,9
16960,5.000000000000e-03,1.000000000000e-02,1000,11
16961,5.000000000000e-03,1.000000000000e-02,1000,10
16962,5.000000000000e-03,1.000000000000e-02,1000,15
16963,5.000000000000e-03,1.000000000000e-02,1000,10
16964,5.000000000000e-03,1.000000000000e-02,1000,9
16965,5.000000000000e-03,1.000000000000e-02,1000,20
16966,5.000000000000e-03,1.000000000000e-02,1000,10
16967,5.000000000000e-03,1.000000000000e-02,1000,11
16968,5.000000000000e-03,1.000000000000e-02,1000,4
16969,5.000000000000e-03,1.000000000000e-02,1000,13
16970,5.000000000000e-03,1.000000000000e-02,1000,8
16971,5.000000000000e-03,1.000000000000e-02,1000,12
16972,5.000000000000e-03,1.000000000000e-02,1000,8
16973,5.000000000000e-03,1.000000000000e-02,1000,17
16974,5.000000000000e-03,1.000000000000e-02,1000,9
16975,5.000000000000e-03,1.000000000000e-02,1000,17
16976,5.000000000000e-03,1.000000000000e-02,1000,13
16977,5.000000000000e-03,1.000000000000e-02,1000,14
16978,5.000000000000e-03,1.000000000000e-02,1000,12
16979,5.000000000000e-03,1.000000000000e-02,1000,14
16980,5.000000000000e-03,1.000000000000e-02,1000,14
16981,5.000000000000e-03,1.000000000000e-02,1000,2
16982,5.000000000000e-03,1.000000000000e-02,1000,12
16983,5.000000000000e-03,1.000000000000e-02,1000,8
16984,5.000000000000e-03,1.000000000000e-02,1000,14
16985,5.000000000000e-03,1.000000000000e-02,1000,10
16986,5.000000000000e-03,1.000000000000e-02,1000,11
16987,5.000000000000e-03,1.000000000000e-02,1000,8
16988,5.000000000000e-03,1.000000000000e-02,1000,10
16989,5.000000000000e-03,1.000000000000e-02,1000,8
16990,5.000000000000e-03,1.000000000000e-02,1000,12
16991,5.000000000000e-03,1.000000000000e-02,1000,8
16992,5.000000000000e-03,1.000000000000e-02,1000,12
16993,5.000000000000e-03,1.000000000000e-02,1000,9
16994,5.000000000000e-03,1.000000000000e-02,1000,14
16995,5.000000000000e-03,1.000000000000e-02,1000,8
16996,5.000000000000e-03,1.000000000000e-02,1000,13
16997,5.000000000000e-03,1.000000000000e-02,1000,7
16998,5.000000000000e-03,1.000000000000e-02,1000,11
16999,5.000000000000e-03,1.000000000000e-02,1000,8
17000,5.000000000000e-03,1.000000000000e-02,1000,12
17001,5.000000000000e-03,1.000000000000e-02,1000,13
17002,5.000000000000e-03,1.000000000000e-02,1000,16
17003,5.000000000000e-03,1.000000000000e-02,1000,10
17004,5.000000000000e-03,1.000000000000e-02,1000,6
17005,5.000000000000e-03,1.000000000000e-02,1000,11
17006,5.000000000000e-03,1.000000000000e-02,1000,9
17007,5.000000000000e-03,1.000000000000e-02,1000,11
17008,5.000000000000e-03,1.000000000000e-02,1000,15
17009,5.000000000000e-03,1.000000000000e-02,1000,13
17010,5.000000000000e-03,1.000000000000e-02,1000,14
17011,5.000000000000e-03,1.000000000000e-02,1000,11
17012,5.000000000000e-03,1.000000000000e-02,1000,8
17013,5.000000000000e-03,1.000000000000e-02,1000,12
17014,5.000000000000e-03,1.000000000000e-02,1000,5
17015,5.000000000000e-03,1.000000000000e-02,1000,6
17016,5.000000000000e-03,1.000000000000e-02,1000,7
17017,5.000000000000e-03,1.000000000000e-02,1000,15
17018,5.000000000000e-03,1.000000000000e-02,1000,10
17019,5.000000000000e-03,1.000000000000e-02,1000,16
17020,5.000000000000e-03,1.000000000000e-02,1000,8
17021,5.000000000000e-03,1.000000000000e-02,1000,16
17022,5.000000000000e-03,1.000000000000e-02,1000,14
17023,5.000000000000e-03,1.000000000000e-02,1000,10
17024,5.000000000000e-03,1.000000000000e-02,1000,15
17025,5.000000000000e-03,1.000000000000e-02,1000,12
17026,5.000000000000e-03,1.000000000000e-02,1000,19
17027,5.000000000000e-03,1.000000000000e-02,1000,16
17028,5.000000000000e-03,1.000000000000e-02,1000,7
17029,5.000000000000e-03,1.000000000000e-02,1000,17
17030,5.000000000000e-03,1.000000000000e-02,1000,11
17031,5.000000000000e-03,1.000000000000e-02,1000,10
17032,5.000000000000e-03,1.000000000000e-02,1000,7
17033,5.000000000000e-03,1.000000000000e-02,1000,7
17034,5.000000000000e-03,1.000000000000e-02,1000,19
17035,5.000000000000e-03,1.000000000000e-02,1000,4
17036,5.000000000000e-03,1.000000000000e-02,1000,14
17037,5.000000000000e-03,1.000000000000e-02,1000,13
17038,5.000000000000e-03,1.000000000000e-02,1000,10
17039,5.000000000000e-03,1.000000000000e-02,1000,13
17040,5.000000000000e-03,1.000000000000e-02,1000,9
17041,5.000000000000e-03,1.000000000000e-02,1000,12
17042,5.000000000000e-03,1.000000000000e-02,1000,10
17043,5.000000000000e-03,1.000000000000e-02,1000,10
17044,5.000000000000e-03,1.000000000000e-02,1000,13
17045,5.000000000000e-03,1.000000000000e-02,1000,8
17046,5.000000000000e-03,1.000000000000e-02,1000,15
17047,5.000000000000e-03,1.000000000000e-02,1000,9
17048,5.000000000000e-03,1.000000000000e-02,1000,8
17049,5.000000000000e-03,1.000000000000e-02,1000,12
17050,5.000000000000e-03,1.000000000000e-02,1000,10
17051,5.000000000000e-03,1.000000000000e-02,1000,7
17052,5.000000000000e-03,1.000000000000e-02,1000,11
17053,5.000000000000e-03,1.000000000000e-02,1000,12
17054,5.000000000000e-03,1.000000000000e-02,1000,8
17055,5.000000000000e-03,1.000000000000e-02,1000,13
17056,5.000000000000e-03,1.000000000000e-02,1000,15
17057,5.000000000000e-03,1.000000000000e-02,1000,8
17058,5.000000000000e-03,1.000000000000e-02,1000,12
17059,5.000000000000e-03,1.000000000000e-02,1000,12
17060,5.000000000000e-03,1.000000000000e-02,1000,12
17061,5.000000000000e-03,1.000000000000e-02,1000,16
17062,5.000000000000e-03,1.000000000000e-02,1000,13
17063,5.000000000000e-03,1.000000000000e-02,1000,7
17064,5.000000000000e-03,1.000000000000e-02,1000,9
17065,5.000000000000e-03,1.000000000000e-02,1000,13
17066,5.000000000000e-03,1.000000000000e-02,1000,13
17067,5.000000000000e-03,1.000000000000e-02,1000,15
17068,5.000000000000e-03,1.000000000000e-02,1000,12
17069,5.000000000000e-03,1.000000000000e-02,1000,12
17070,5.000000000000e-03,1.000000000000e-02,1000,7
17071,5.000000000000e-03,1.000000000000e-02,1000,18
17072,5.000000000000e-03,1.000000000000e-02,1000,8
17073,5.000000000000e-03,1.000000000000e-02,1000,14
17074,5.000000000000e-03,1.000000000000e-02,1000,11
17075,5.000000000000e-03,1.000000000000e-02,1000,7
17076,5.000000000000e-03,1.000000000000e-02,1000,5
17077,5.000000000000e-03,1.000000000000e-02,1000,15
17078,5.000000000000e-03,1.000000000000e-02,1000,11
17079,5.000000000000e-03,1.000000000000e-02,1000,12
17080,5.000000000000e-03,1.000000000000e-02,1000,18
17081,5.000000000000e-03,1.000000000000e-02,1000,9
17082,5.000000000000e-03,1.000000000000e-02,1000,8
17083,5.000000000000e-03,1.000000000000e-02,1000,9
17084,5.000000000000e-03,1.000000000000e-02,1000,16
17085,5.000000000000e-03,1.000000000000e-02,1000,11
17086,5.000000000000e-03,1.000000000000e-02,1000,6
17087,5.000000000000e-03,1.000000000000e-02,1000,17
17088,5.000000000000e-03,1.000000000000e-02,1000,16
17089,5.000000000000e-03,1.000000000000e-02,1000,12
17090,5.000000000000e-03,1.000000000000e-02,1000,10
17091,5.000000000000e-03,1.000000000000e-02,1000,17
17092,5.000000000000e-03,1.000000000000e-02,1000,13
17093,5.000000000000e-03,1.000000000000e-02,1000,14
17094,5.000000000000e-03,1.000000000000e-02,1000,12
17095,5.000000000000e-03,1.000000000000e-02,1000,11
17096,5.000000000000e-03,1.000000000000e-02,1000,11
17097,5.000000000000e-03,1.000000000000e-02,1000,17
17098,5.000000000000e-03,1.000000000000e-02,1000,7
17099,5.000000000000e-03,1.000000000000e-02,1000,10
17100,5.000000000000e-03,1.000000000000e-02,1000,17
17101,5.000000000000e-03,1.000000000000e-02,1000,15
17102,5.000000000000e-03,1.000000000000e-02,1000,11
17103,5.000000000000e-03,1.000000000000e-02,1000,12
17104,5.000000000000e-03,1.000000000000e-02,1000,15
17105,5.000000000000e-03,1.000000000000e-02,1000,9
17106,5.000000000000e-03,1.000000000000e-02,1000,12
17107,5.000000000000e-03,1.000000000000e-02,1000,10
17108,5.000000000000e-03,1.000000000000e-02,1000,10
17109,5.000000000000e-03,1.000000000000e-02,1000,7
17110,5.000000000000e-03,1.000000000000e-02,1000,15
17111,5.000000000000e-03,1.000000000000e-02,1000,12
17112,5.000000000000e-03,1.000000000000e-02,1000,11
17113,5.000000000000e-03,1.000000000000e-02,1000,14
17114,5.000000000000e-03,1.000000000000e-02,1000,14
17115,5.000000000000e-03,1.000000000000e-02,1000,9
17116,5.000000000000e-03,1.000000000000e-02,1000,9
17117,5.000000000000e-03,1.000000000000e-02,1000,12
17118,5.000000000000e-03,1.000000000000e-02,1000,12
17119,5.000000000000e-03,1.000000000000e-02,1000,11
17120,5.000000000000e-03,1.000000000000e-02,1000,11
17121,5.000000000000e-03,1.000000000000e-02,1000,16
17122,5.000000000000e-03,1.000000000000e-02,1000,8
17123,5.000000000000e-03,1.000000000000e-02,1000,18
17124,5.000000000000e-03,1.000000000000e-02,1000,14
17125,5.000000000000e-03,1.000000000000e-02,1000,15
17126,5.000000000000e-03,1.000000000000e-02,1000,22
17127,5.000000000000e-03,1.000000000000e-02,1000,16
17128,5.000000000000e-03,1.000000000000e-02,1000,12
17129,5.000000000000e-03,1.000000000000e-02,1000,8
17130,5.000000000000e-03,1.000000000000e-02,1000,8
17131,5.000000000000e-03,1.000000000000e-02,1000,10
17132,5.000000000000e-03,1.000000000000e-02,1000,13
17133,5.000000000000e-03,1.000000000000e-02,1000,14
17134,5.000000000000e-03,1.000000000000e-02,1000,19
17135,5.000000000000e-03,1.000000000000e-02,1000,11
17136,5.000000000000e-03,1.000000000000e-02,1000,9
17137,5.000000000000e-03,1.000000000000e-02,1000,10
17138,5.000000000000e-03,1.000000000000e-02,1000,10
17139,5.000000000000e-03,1.000000000000e-02,1000,16
17140,5.000000000000e-03,1.000000000000e-02,1000,18
17141,5.000000000000e-03,1.000000000000e-02,1000,9
17142,5.000000000000e-03,1.000000000000e-02,1000,14
17143,5.000000000000e-03,1.000000000000e-02,1000,19
17144,5.000000000000e-03,1.000000000000e-02,1000,10
17145,5.000000000000e-03,1.000000000000e-02,1000,14
17146,5.000000000000e-03,1.000000000000e-02,1000,15
17147,5.000000000000e-03,1.000000000000e-02,1000,16
17148,5.000000000000e-03,1.000000000000e-02,1000,14
17149,5.000000000000e-03,1.000000000000e-02,1000,13
17150,5.000000000000e-03,1.000000000000e-02,1000,14
17151,5.000000000000e-03,1.000000000000e-02,1000,12
17152,5.000000000000e-03,1.000000000000e-02,1000,15
17153,5.000000000000e-03,1.000000000000e-02,1000,17
17154,5.000000000000e-03,1.000000000000e-02,1000,9
17155,5.000000000000e-03,1.000000000000e-02,1000,9
17156,5.000000000000e-03,1.000000000000e-02,1000,14
17157,5.000000000000e-03,1.000000000000e-02,1000,10
17158,5.000000000000e-03,1.000000000000e-02,1000,11
17159,5.000000000000e-03,1.000000000000e-02,1000,12
17160,5.000000000000e-03,1.000000000000e-02,1000,12
17161,5.000000000000e-03,1.000000000000e-02,1000,16
17162,5.000000000000e-03,1.000000000000e-02,1000,9
17163,5.000000000000e-03,1.000000000000e-02,1000,5
17164,5.000000000000e-03,1.000000000000e-02,1000,10
17165,5.000000000000e-03,1.000000000000e-02,1000,5
17166,5.000000000000e-03,1.000000000000e-02,1000,4
17167,5.000000000000e-03,1.000000000000e-02,1000,12
17168,5.000000000000e-03,1.000000000000e-02,1000,9
17169,5.000000000000e-03,1.000000000000e-02,1000,9
17170,5.000000000000e-03,1.000000000000e-02,1000,10
17171,5.000000000000e-03,1.000000000000e-02,1000,9
17172,5.000000000000e-03,1.000000000000e-02,1000,8
17173,5.000000000000e-03,1.000000000000e-02,1000,12
17174,5.000000000000e-03,1.000000000000e-02,1000,6
17175,5.000000000000e-03,1.000000000000e-02,1000,8
17176,5.000000000000e-03,1.000000000000e-02,1000,14
17177,5.000000000000e-03,1.000000000000e-02,1000,13
17178,5.000000000000e-03,1.000000000000e-02,1000,10
17179,5.000000000000e-03,1.000000000000e-02,1000,13
17180,5.000000000000e-03,1.000000000000e-02,1000,17
17181,5.000000000000e-03,1.000000000000e-02,1000,11
17182,5.000000000000e-03,1.000000000000e-02,1000,11
17183,5.000000000000e-03,1.000000000000e-02,1000,14
17184,5.000000000000e-03,1.000000000000e-02,1000,11
17185,5.000000000000e-03,1.000000000000e-02,1000,6
17186,5.000000000000e-03,1.000000000000e-02,1000,8
17187,5.000000000000e-03,1.000000000000e-02,1000,11
17188,5.000000000000e-03,1.000000000000e-02,1000,14
17189,5.000000000000e-03,1.000000000000e-02,1000,19
17190,5.000000000000e-03,1.000000000000e-02,1000,5
17191,5.000000000000e-03,1.000000000000e-02,1000,10
17192,5.000000000000e-03,1.000000000000e-02,1000,13
17193,5.000000000000e-03,1.000000000000e-02,1000,11
17194,5.000000000000e-03,1.000000000000e-02,1000,12
17195,5.000000000000e-03,1.000000000000e-02,1000,10
17196,5.000000000000e-03,1.000000000000e-02,1000,9
17197,5.000000000000e-03,1.000000000000e-02,1000,9
17198,5.000000000000e-03,1.000000000000e-02,1000,12
17199,5.000000000000e-03,1.000000000000e-02,1000,15
17200,5.000000000000e-03,1.000000000000e-02,1000,9
17201,5.000000000000e-03,1.000000000000e-02,2000,27
17202,5.000000000000e-03,1.000000000000e-02,2000,25
17203,5.000000000000e-03,1.000000000000e-02,2000,25
17204,5.000000000000e-03,1.000000000000e-02,2000,26
17205,5.000000000000e-03,1.000000000000e-02,2000,17
17206,5.000000000000e-03,1.000000000000e-02,2000,20
17207,5.000000000000e-03,1.000000000000e-02,2000,19
17208,5.000000000000e-03,1.000000000000e-02,2000,26
17209,5.000000000000e-03,1.000000000000e-02,2000,25
17210,5.000000000000e-03,1.000000000000e-02,2000,17
17211,5.000000000000e-03,1.000000000000e-02,2000,30
17212,5.000000000000e-03,1.000000000000e-02,2000,26
17213,5.000000000000e-03,1.000000000000e-02,2000,26
17214,5.000000000000e-03,1.000000000000e-02,2000,16
17215,5.000000000000e-03,1.000000000000e-02,2000,23
17216,5.000000000000e-03,1.000000000000e-02,2000,19
17217,5.000000000000e-03,1.000000000000e-02,2000,23
17218,5.000000000000e-03,1.000000000000e-02,2000,27
17219,5.000000000000e-03,1.000000000000e-02,2000,26
17220,5.000000000000e-03,1.000000000000e-02,2000,22
17221,5.000000000000e-03,1.000000000000e-02,2000,28
17222,5.000000000000e-03,1.000000000000e-02,2000,18
17223,5.000000000000e-03,1.000000000000e-02,2000,31
17224,5.000000000000e-03,1.000000000000e-02,2000,17
17225,5.000000000000e-03,1.000000000000e-02,2000,15
17226,5.000000000000e-03,1.000000000000e-02,2000,20
17227,5.000000000000e-03,1.000000000000e-02,2000,21
17228,5.000000000000e-03,1.000000000000e-02,2000,34
17229,5.000000000000e-03,1.000000000000e-02,2000,25
17230,5.000000000000e-03,1.000000000000e-02,2000,26
17231,5.000000000000e-03,1.000000000000e-02,2000,24
17232,5.000000000000e-03,1.000000000000e-02,2000,30
17233,5.000000000000e-03,1.000000000000e-02,2000,24
17234,5.000000000000e-03,1.000000000000e-02,2000,22
17235,5.000000000000e-03,1.000000000000e-02,2000,19
17236,5.000000000000e-03,1.000000000000e-02,2000,24
17237,5.000000000000e-03,1.000000000000e-02,2000,23
17238,5.000000000000e-03,1.000000000000e-02,2000,26
17239,5.000000000000e-03,1.000000000000e-02,2000,23
17240,5.000000000000e-03,1.000000000000e-02,2000,23
17241,5.000000000000e-03,1.000000000000e-02,2000,23
17242,5.000000000000e-03,1.000000000000e-02,2000,26
17243,5.000000000000e-03,1.000000000000e-02,2000,24
17244,5.000000000000e-03,1.000000000000e-02,2000,28
17245,5.000000000000e-03,1.000000000000e-02,2000,15
17246,5.000000000000e-03,1.000000000000e-02,2000,26
17247,5.000000000000e-03,1.000000000000e-02,2000,18
17248,5.000000000000e-03,1.000000000000e-02,2000,23
17249,5.000000000000e-03,1.000000000000e-02,2000,31
17250,5.000000000000e-03,1.000000000000e-02,2000,26
17251,5.000000000000e-03,1.000000000000e-02,2000,25
17252,5.000000000000e-03,1.000000000000e-02,2000,24
17253,5.000000000000e-03,1.000000000000e-02,2000,27
17254,5.000000000000e-03,1.000000000000e-02,2000,15
17255,5.000000000000e-03,1.000000000000e-02,2000,17
17256,5.000000000000e-03,1.000000000000e-02,2000,24
17257,5.000000000000e-03,1.000000000000e-02,2000,22
17258,5.000000000000e-03,1.000000000000e-02,2000,23
17259,5.000000000000e-03,1.000000000000e-02,2000,31
17260,5.000000000000e-03,1.000000000000e-02,2000,16
17261,5.000000000000e-03,1.000000000000e-02,2000,19
17262,5.000000000000e-03,1.000000000000e-02,2000,20
17263,5.000000000000e-03,1.000000000000e-02,2000,17
17264,5.000000000000e-03,1.000000000000e-02,2000,35
17265,5.000000000000e-03,1.000000000000e-02,2000,23
17266,5.000000000000e-03,1.000000000000e-02,2000,19
17267,5.000000000000e-03,1.000000000000e-02,2000,26
17268,5.000000000000e-03,1.000000000000e-02,2000,30
17269,5.000000000000e-03,1.000000000000e-02,2000,26
17270,5.000000000000e-03,1.000000000000e-02,2000,28
17271,5.000000000000e-03,1.000000000000e-02,2000,22
17272,5.000000000000e-03,1.000000000000e-02,2000,25
17273,5.000000000000e-03,1.000000000000e-02,2000,30
17274,5.000000000000e-03,1.000000000000e-02,2000,22
17275,5.000000000000e-03,1.000000000000e-02,2000,19
17276,5.000000000000e-03,1.000000000000e-02,2000,28
17277,5.000000000000e-03,1.000000000000e-02,2000,26
17278,5.000000000000e-03,1.000000000000e-02,2000,17
17279,5.000000000000e-03,1.000000000000e-02,2000,31
17280,5.000000000000e-03,1.000000000000e-02,2000,23
17281,5.000000000000e-03,1.000000000000e-02,2000,22
17282,5.000000000000e-03,1.000000000000e-02,2000,17
17283,5.000000000000e-03,1.000000000000e-02,2000,22
17284,5.000000000000e-03,1.000000000000e-02,2000,26
17285,5.000000000000e-03,1.000000000000e-02,2000,20
17286,5.000000000000e-03,1.000000000000e-02,2000,14
17287,5.000000000000e-03,1.000000000000e-02,2000,20
17288,5.000000000000e-03,1.000000000000e-02,2000,26
17289,5.000000000000e-03,1.000000000000e-02,2000,19
17290,5.000000000000e-03,1.000000000000e-02,2000,19
17291,5.000000000000e-03,1.000000000000e-02,2000,22
17292,5.000000000000e-03,1.000000000000e-02,2000,16
17293,5.000000000000e-03,1.000000000000e-02,2000,20
17294,5.000000000000e-03,1.000000000000e-02,2000,28
17295,5.000000000000e-03,1.000000000000e-02,2000,21
17296,5.000000000000e-03,1.000000000000e-02,2000,15
17297,5.000000000000e-03,1.000000000000e-02,2000,31
17298,5.000000000000e-03,1.000000000000e-02,2000,13
17299,5.000000000000e-03,1.000000000000e-02,2000,24
17300,5.000000000000e-03,1.000000000000e-02,2000,24
17301,5.000000000000e-03,1.000000000000e-02,2000,29
17302,5.000000000000e-03,1.000000000000e-02,2000,20
17303,5.000000000000e-03,1.000000000000e-02,2000,24
17304,5.000000000000e-03,1.000000000000e-02,2000,19
17305,5.000000000000e-03,1.000000000000e-02,2000,23
17306,5.000000000000e-03,1.000000000000e-02,2000,26
17307,5.000000000000e-03,1.000000000000e-02,2000,24
17308,5.000000000000e-03,1.000000000000e-02,2000,26
17309,5.000000000000e-03,1.000000000000e-02,2000,24
17310,5.000000000000e-03,1.000000000000e-02,2000,22
17311,5.000000000000e-03,1.000000000000e-02,2000,35
17312,5.000000000000e-03,1.000000000000e-02,2000,21
17313,5.000000000000e-03,1.000000000000e-02,2000,25
17314,5.000000000000e-03,1.000000000000e-02,2000,23
17315,5.000000000000e-03,1.000000000000e-02,2000,22
17316,5.000000000000e-03,1.000000000000e-02,2000,26
17317,5.000000000000e-03,1.000000000000e-02,2000,24
17318,5.000000000000e-03,1.000000000000e-02,2000,30
17319,5.000000000000e-03,1.000000000000e-02,2000,21
17320,5.000000000000e-03,1.000000000000e-02,2000,16
17321,5.000000000000e-03,1.000000000000e-02,2000,20
17322,5.000000000000e-03,1.000000000000e-02,2000,25
17323,5.000000000000e-03,1.000000000000e-02,2000,29
17324,5.000000000000e-03,1.000000000000e-02,2000,24
17325,5.000000000000e-03,1.000000000000e-02,2000,27
17326,5.000000000000e-03,1.000000000000e-02,2000,23
17327,5.000000000000e-03,1.000000000000e-02,2000,17
17328,5.000000000000e-03,1.000000000000e-02,2000,37
17329,5.000000000000e-03,1.000000000000e-02,2000,19
17330,5.000000000000e-03,1.000000000000e-02,2000,24
17331,5.000000000000e-03,1.000000000000e-02,2000,23
17332,5.000000000000e-03,1.000000000000e-02,2000,20
17333,5.000000000000e-03,1.000000000000e-02,2000,18
17334,5.000000000000e-03,1.000000000000e-02,2000,27
17335,5.000000000000e-03,1.000000000000e-02,2000,37
17336,5.000000000000e-03,1.000000000000e-02,2000,22
17337,5.000000000000e-03,1.000000000000e-02,2000,28
17338,5.000000000000e-03,1.000000000000e-02,2000,19
17339,5.000000000000e-03,1.000000000000e-02,2000,37
17340,5.000000000000e-03,1.000000000000e-02,2000,32
17341,5.000000000000e-03,1.000000000000e-02,2000,24
17342,5.000000000000e-03,1.000000000000e-02,2000,19
17343,5.000000000000e-03,1.000000000000e-02,2000,25
17344,5.000000000000e-03,1.000000000000e-02,2000,20
17345,5.000000000000e-03,1.000000000000e-02,2000,23
17346,5.000000000000e-03,1.000000000000e-02,2000,25
17347,5.000000000000e-03,1.000000000000e-02,2000,28
17348,5.000000000000e-03,1.000000000000e-02,2000,18
17349,5.000000000000e-03,1.000000000000e-02,2000,26
17350,5.000000000000e-03,1.000000000000e-02,2000,25
17351,5.000000000000e-03,1.000000000000e-02,2000,24
17352,5.000000000000e-03,1.000000000000e-02,2000,17
17353,5.000000000000e-03,1.000000000000e-02,2000,15
17354,5.000000000000e-03,1.000000000000e-02,2000,22
17355,5.000000000000e-03,1.000000000000e-02,2000,20
17356,5.000000000000e-03,1.000000000000e-02,2000,25
17357,5.000000000000e-03,1.000000000000e-02,2000,18
17358,5.000000000000e-03,1.000000000000e-02,2000,23
17359,5.000000000000e-03,1.000000000000e-02,2000,17
17360,5.000000000000e-03,1.000000000000e-02,2000,27
17361,5.000000000000e-03,1.000000000000e-02,2000,29
17362,5.000000000000e-03,1.000000000000e-02,2000,32
17363,5.000000000000e-03,1.000000000000e-02,2000,23
17364,5.000000000000e-03,1.000000000000e-02,2000,27
17365,5.000000000000e-03,1.000000000000e-02,2000,24
17366,5.000000000000e-03,1.000000000000e-02,2000,27
17367,5.000000000000e-03,1.000000000000e-02,2000,29
17368,5.000000000000e-03,1.000000000000e-02,2000,18
17369,5.000000000000e-03,1.000000000000e-02,2000,30
17370,5.000000000000e-03,1.000000000000e-02,2000,22
17371,5.000000000000e-03,1.000000000000e-02,2000,30
17372,5.000000000000e-03,1.000000000000e-02,2000,31
17373,5.000000000000e-03,1.000000000000e-02,2000,20
17374,5.000000000000e-03,1.000000000000e-02,2000,25
17375,5.000000000000e-03,1.000000000000e-02,2000,24
17376,5.000000000000e-03,1.000000000000e-02,2000,19
17377,5.000000000000e-03,1.000000000000e-02,2000,21
17378,5.000000000000e-03,1.000000000000e-02,2000,24
17379,5.000000000000e-03,1.000000000000e-02,2000,13
17380,5.000000000000e-03,1.000000000000e-02,2000,26
17381,5.000000000000e-03,1.000000000000e-02,2000,21
17382,5.000000000000e-03,1.000000000000e-02,2000,21
17383,5.000000000000e-03,1.000000000000e-02,2000,20
17384,5.000000000000e-03,1.000000000000e-02,2000,25
17385,5.000000000000e-03,1.000000000000e-02,2000,17
17386,5.000000000000e-03,1.000000000000e-02,2000,29
17387,5.000000000000e-03,1.000000000000e-02,2000,20
17388,5.000000000000e-03,1.000000000000e-02,2000,15
17389,5.000000000000e-03,1.000000000000e-02,2000,20
17390,5.000000000000e-03,1.000000000000e-02,2000,27
17391,5.000000000000e-03,1.000000000000e-02,2000,19
17392,5.000000000000e-03,1.000000000000e-02,2000,25
17393,5.000000000000e-03,1.000000000000e-02,2000,22
17394,5.000000000000e-03,1.000000000000e-02,2000,25
17395,5.000000000000e-03,1.000000000000e-02,2000,23
17396,5.000000000000e-03,1.000000000000e-02,2000,16
17397,5.000000000000e-03,1.000000000000e-02,2000,19
17398,5.000000000000e-03,1.000000000000e-02,2000,26
17399,5.000000000000e-03,1.000000000000e-02,2000,22
17400,5.000000000000e-03,1.000000000000e-02,2000,13
17401,5.000000000000e-03,1.000000000000e-02,2000,22
17402,5.000000000000e-03,1.000000000000e-02,2000,18
17403,5.000000000000e-03,1.000000000000e-02,2000,23
17404,5.000000000000e-03,1.000000000000e-02,2000,28
17405,5.000000000000e-03,1.000000000000e-02,2000,28
17406,5.000000000000e-03,1.000000000000e-02,2000,20
17407,5.000000000000e-03,1.000000000000e-02,2000,20
17408,5.000000000000e-03,1.000000000000e-02,2000,20
17409,5.000000000000e-03,1.000000000000e-02,2000,23
17410,5.000000000000e-03,1.000000000000e-02,2000,23
17411,5.000000000000e-03,1.000000000000e-02,2000,25
17412,5.000000000000e-03,1.000000000000e-02,2000,25
17413,5.000000000000e-03,1.000000000000e-02,2000,17
17414,5.000000000000e-03,1.000000000000e-02,2000,23
17415,5.000000000000e-03,1.000000000000e-02,2000,17
17416,5.000000000000e-03,1.000000000000e-02,2000,21
17417,5.000000000000e-03,1.000000000000e-02,2000,27
17418,5.000000000000e-03,1.000000000000e-02,2000,19
17419,5.000000000000e-03,1.000000000000e-02,2000,29
17420,5.000000000000e-03,1.000000000000e-02,2000,23
17421,5.000000000000e-03,1.000000000000e-02,2000,25
17422,5.000000000000e-03,1.000000000000e-02,2000,31
17423,5.000000000000e-03,1.000000000000e-02,2000,26
17424,5.000000000000e-03,1.000000000000e-02,2000,27
17425,5.000000000000e-03,1.000000000000e-02,2000,25
17426,5.000000000000e-03,1.000000000000e-02,2000,24
17427,5.000000000000e-03,1.000000000000e-02,2000,20
17428,5.000000000000e-03,1.000000000000e-02,2000,21
17429,5.000000000000e-03,1.000000000000e-02,2000,15
17430,5.000000000000e-03,1.000000000000e-02,2000,24
17431,5.000000000000e-03,1.000000000000e-02,2000,25
17432,5.000000000000e-03,1.000000000000e-02,2000,22
17433,5.000000000000e-03,1.000000000000e-02,2000,27
17434,5.000000000000e-03,1.000000000000e-02,2000,17
17435,5.000000000000e-03,1.000000000000e-02,2000,31
17436,5.000000000000e-03,1.000000000000e-02,2000,17
17437,5.000000000000e-03,1.000000000000e-02,2000,23
17438,5.000000000000e-03,1.000000000000e-02,2000,22
17439,5.000000000000e-03,1.000000000000e-02,2000,31
17440,5.000000000000e-03,1.000000000000e-02,2000,19
17441,5.000000000000e-03,1.000000000000e-02,2000,24
17442,5.000000000000e-03,1.000000000000e-02,2000,24
17443,5.000000000000e-03,1.000000000000e-02,2000,18
17444,5.000000000000e-03,1.000000000000e-02,2000,26
17445,5.000000000000e-03,1.000000000000e-02,2000,32
17446,5.000000000000e-03,1.000000000000e-02,2000,18
17447,5.000000000000e-03,1.000000000000e-02,2000,26
17448,5.000000000000e-03,1.000000000000e-02,2000,25
17449,5.000000000000e-03,1.000000000000e-02,2000,22
17450,5.000000000000e-03,1.000000000000e-02,2000,21
17451,5.000000000000e-03,1.000000000000e-02,2000,27
17452,5.000000000000e-03,1.000000000000e-02,2000,19
17453,5.000000000000e-03,1.000000000000e-02,2000,23
17454,5.000000000000e-03,1.000000000000e-02,2000,22
17455,5.000000000000e-03,1.000000000000e-02,2000,20
17456,5.000000000000e-03,1.000000000000e-02,2000,20
17457,5.000000000000e-03,1.000000000000e-02,2000,29
17458,5.000000000000e-03,1.000000000000e-02,2000,24
17459,5.000000000000e-03,1.000000000000e-02,2000,20
17460,5.000000000000e-03,1.000000000000e-02,2000,19
17461,5.000000000000e-03,1.000000000000e-02,2000,21
17462,5.000000000000e-03,1.000000000000e-02,2000,18
17463,5.000000000000e-03,1.000000000000e-02,2000,17
17464,5.000000000000e-03,1.000000000000e-02,2000,26
17465,5.000000000000e-03,1.000000000000e-02,2000,23
17466,5.000000000000e-03,1.000000000000e-02,2000,16
17467,5.000000000000e-03,1.000000000000e-02,2000,27
17468,5.000000000000e-03,1.000000000000e-02,2000,21
17469,5.000000000000e-03,1.000000000000e-02,2000,16
17470,5.000000000000e-03,1.000000000000e-02,2000,27
17471,5.000000000000e-03,1.000000000000e-02,2000,21
17472,5.000000000000e-03,1.000000000000e-02,2000,16
17473,5.000000000000e-03,1.000000000000e-02,2000,26
17474,5.000000000000e-03,1.000000000000e-02,2000,28
17475,5.000000000000e-03,1.000000000000e-02,2000,23
17476,5.000000000000e-03,1.000000000000e-02,2000,33
17477,5.000000000000e-03,1.000000000000e-02,2000,29
17478,5.000000000000e-03,1.000000000000e-02,2000,26
17479,5.000000000000e-03,1.000000000000e-02,2000,25
17480,5.000000000000e-03,1.000000000000e-02,2000,23
17481,5.000000000000e-03,1.000000000000e-02,2000,24
17482,5.000000000000e-03,1.000000000000e-02,2000,26
17483,5.000000000000e-03,1.000000000000e-02,2000,25
17484,5.000000000000e-03,1.000000000000e-02,2000,28
17485,5.000000000000e-03,1.000000000000e-02,2000,15
17486,5.000000000000e-03,1.000000000000e-02,2000,26
17487,5.000000000000e-03,1.000000000000e-02,2000,32
17488,5.000000000000e-03,1.000000000000e-02,2000,28
17489,5.000000000000e-03,1.000000000000e-02,2000,28
17490,5.000000000000e-03,1.000000000000e-02,2000,23
17491,5.000000000000e-03,1.000000000000e-02,2000,24
17492,5.000000000000e-03,1.000000000000e-02,2000,16
17493,5.000000000000e-03,1.000000000000e-02,2000,21
17494,5.000000000000e-03,1.000000000000e-02,2000,27
17495,5.000000000000e-03,1.000000000000e-02,2000,23
17496,5.000000000000e-03,1.000000000000e-02,2000,29
17497,5.000000000000e-03,1.000000000000e-02,2000,15
17498,5.000000000000e-03,1.000000000000e-02,2000,13
17499,5.000000000000e-03,1.000000000000e-02,2000,23
17500,5.000000000000e-03,1.000000000000e-02,2000,24
17501,5.000000000000e-03,1.000000000000e-02,2000,23
17502,5.000000000000e-03,1.000000000000e-02,2000,22
17503,5.000000000000e-03,1.000000000000e-02,2000,28
17504,5.000000000000e-03,1.000000000000e-02,2000,21
17505,5.000000000000e-03,1.000000000000e-02,2000,25
17506,5.000000000000e-03,1.000000000000e-02,2000,20
17507,5.000000000000e-03,1.000000000000e-02,2000,15
17508,5.000000000000e-03,1.000000000000e-02,2000,12
17509,5.000000000000e-03,1.000000000000e-02,2000,19
17510,5.000000000000e-03,1.000000000000e-02,2000,26
17511,5.000000000000e-03,1.000000000000e-02,2000,24
17512,5.000000000000e-03,1.000000000000e-02,2000,21
17513,5.000000000000e-03,1.000000000000e-02,2000,19
17514,5.000000000000e-03,1.000000000000e-02,2000,31
17515,5.000000000000e-03,1.000000000000e-02,2000,12
17516,5.000000000000e-03,1.000000000000e-02,2000,15
17517,5.000000000000e-03,1.000000000000e-02,2000,27
17518,5.000000000000e-03,1.000000000000e-02,2000,17
17519,5.000000000000e-03,1.000000000000e-02,2000,20
17520,5.000000000000e-03,1.000000000000e-02,2000,19
17521,5.000000000000e-03,1.000000000000e-02,2000,25
17522,5.000000000000e-03,1.000000000000e-02,2000,28
17523,5.000000000000e-03,1.000000000000e-02,2000,13
17524,5.000000000000e-03,1.000000000000e-02,2000,14
17525,5.000000000000e-03,1.000000000000e-02,2000,33
17526,5.000000000000e-03,1.000000000000e-02,2000,20
17527,5.000000000000e-03,1.000000000000e-02,2000,24
17528,5.000000000000e-03,1.000000000000e-02,2000,20
17529,5.000000000000e-03,1.000000000000e-02,2000,24
17530,5.000000000000e-03,1.000000000000e-02,2000,25
17531,5.000000000000e-03,1.000000000000e-02,2000,18
17532,5.000000000000e-03,1.000000000000e-02,2000,23
17533,5.000000000000e-03,1.000000000000e-02,2000,18
17534,5.000000000000e-03,1.000000000000e-02,2000,29
17535,5.000000000000e-03,1.000000000000e-02,2000,17
17536,5.000000000000e-03,1.000000000000e-02,2000,21
17537,5.000000000000e-03,1.000000000000e-02,2000,20
17538,5.000000000000e-03,1.000000000000e-02,2000,31
17539,5.000000000000e-03,1.000000000000e-02,2000,22
17540,5.000000000000e-03,1.000000000000e-02,2000,21
17541,5.000000000000e-03,1.000000000000e-02,2000,28
17542,5.000000000000e-03,1.000000000000e-02,2000,29
17543,5.000000000000e-03,1.000000000000e-02,2000,18
17544,5.000000000000e-03,1.000000000000e-02,2000,26
17545,5.000000000000e-03,1.000000000000e-02,2000,22
17546,5.000000000000e-03,1.000000000000e-02,2000,24
17547,5.000000000000e-03,1.000000000000e-02,2000,17
17548,5.000000000000e-03,1.000000000000e-02,2000,22
17549,5.000000000000e-03,1.000000000000e-02,2000,25
17550,5.000000000000e-03,1.000000000000e-02,2000,21
17551,5.000000000000e-03,1.000000000000e-02,2000,24
17552,5.000000000000e-03,1.000000000000e-02,2000,18
17553,5.000000000000e-03,1.000000000000e-02,2000,15
17554,5.000000000000e-03,1.000000000000e-02,2000,36
17555,5.000000000000e-03,1.000000000000e-02,2000,17
17556,5.000000000000e-03,1.000000000000e-02,2000,29
17557,5.000000000000e-03,1.000000000000e-02,2000,22
17558,5.000000000000e-03,1.000000000000e-02,2000,24
17559,5.000000000000e-03,1.000000000000e-02,2000,20
17560,5.000000000000e-03,1.000000000000e-02,2000,20
17561,5.000000000000e-03,1.000000000000e-02,2000,23
17562,5.000000000000e-03,1.000000000000e-02,2000,25
17563,5.000000000000e-03,1.000000000000e-02,2000,23
17564,5.000000000000e-03,1.000000000000e-02,2000,21
17565,5.000000000000e-03,1.000000000000e-02,2000,27
17566,5.000000000000e-03,1.000000000000e-02,2000,25
17567,5.000000000000e-03,1.000000000000e-02,2000,29
17568,5.000000000000e-03,1.000000000000e-02,2000,33
17569,5.000000000000e-03,1.000000000000e-02,2000,34
17570,5.000000000000e-03,1.000000000000e-02,2000,19
17571,5.000000000000e-03,1.000000000000e-02,2000,18
17572,5.000000000000e-03,1.000000000000e-02,2000,26
17573,5.000000000000e-03,1.000000000000e-02,2000,27
17574,5.000000000000e-03,1.000000000000e-02,2000,33
17575,5.000000000000e-03,1.000000000000e-02,2000,17
17576,5.000000000000e-03,1.000000000000e-02,2000,30
17577,5.000000000000e-03,1.000000000000e-02,2000,22
17578,5.000000000000e-03,1.000000000000e-02,2000,16
17579,5.000000000000e-03,1.000000000000e-02,2000,24
17580,5.000000000000e-03,1.000000000000e-02,2000,19
17581,5.000000000000e-03,1.000000000000e-02,2000,28
17582,5.000000000000e-03,1.000000000000e-02,2000,20
17583,5.000000000000e-03,1.000000000000e-02,2000,23
17584,5.000000000000e-03,1.000000000000e-02,2000,14
17585,5.000000000000e-03,1.000000000000e-02,2000,22
17586,5.000000000000e-03,1.000000000000e-02,2000,13
17587,5.000000000000e-03,1.000000000000e-02,2000,24
17588,5.000000000000e-03,1.000000000000e-02,2000,34
17589,5.000000000000e-03,1.000000000000e-02,2000,25
17590,5.000000000000e-03,1.000000000000e-02,2000,22
17591,5.000000000000e-03,1.000000000000e-02,2000,22
17592,5.000000000000e-03,1.000000000000e-02,2000,31
17593,5.000000000000e-03,1.000000000000e-02,2000,19
17594,5.000000000000e-03,1.000000000000e-02,2000,26
17595,5.000000000000e-03,1.000000000000e-02,2000,28
17596,5.000000000000e-03,1.000000000000e-02,2000,24
17597,5.000000000000e-03,1.000000000000e-02,2000,26
17598,5.000000000000e-03,1.000000000000e-02,2000,11
17599,5.000000000000e-03,1.000000000000e-02,2000,25
17600,5.000000000000e-03,1.000000000000e-02,2000,27
17601,5.000000000000e-03,2.000000000000e-02,200,4
17602,5.000000000000e-03,2.000000000000e-02,200,5
17603,5.000000000000e-03,2.000000000000e-02,200,2
17604,5.000000000000e-03,2.000000000000e-02,200,2
17605,5.000000000000e-03,2.000000000000e-02,200,6
17606,5.000000000000e-03,2.000000000000e-02,200,3
17607,5.000000000000e-03,2.000000000000e-02,200,5
17608,5.000000000000e-03,2.000000000000e-02,200,5
17609,5.000000000000e-03,2.000000000000e-02,200,5
17610,5.000000000000e-03,2.000000000000e-02,200,6
17611,5.000000000000e-03,2.000000000000e-02,200,2
17612,5.000000000000e-03,2.000000000000e-02,200,6
17613,5.000000000000e-03,2.000000000000e-02,200,5
17614,5.000000000000e-03,2.000000000000e-02,200,7
17615,5.000000000000e-03,2.000000000000e-02,200,3
17616,5.000000000000e-03,2.000000000000e-02,200,3
17617,5.000000000000e-03,2.000000000000e-02,200,6
17618,5.000000000000e-03,2.000000000000e-02,200,6
17619,5.000000000000e-03,2.000000000000e-02,200,6
17620,5.000000000000e-03,2.000000000000e-02,200,1
17621,5.000000000000e-03,2.000000000000e-02,200,4
17622,5.000000000000e-03,2.000000000000e-02,200,3
17623,5.000000000000e-03,2.000000000000e-02,200,9
17624,5.000000000000e-03,2.000000000000e-02,200,8
17625,5.000000000000e-03,2.000000000000e-02,200,5
17626,5.000000000000e-03,2.000000000000e-02,200,8
17627,5.000000000000e-03,2.000000000000e-02,200,5
17628,5.000000000000e-03,2.000000000000e-02,200,7
17629,5.000000000000e-03,2.000000000000e-02,200,4
17630,5.000000000000e-03,2.000000000000e-02,200,2
17631,5.000000000000e-03,2.000000000000e-02,200,9
17632,5.000000000000e-03,2.000000000000e-02,200,7
17633,5.000000000000e-03,2.000000000000e-02,200,7
17634,5.000000000000e-03,2.000000000000e-02,200,7
17635,5.000000000000e-03,2.000000000000e-02,200,5
17636,5.000000000000e-03,2.000000000000e-02,200,6
17637,5.000000000000e-03,2.000000000000e-02,200,3
17638,5.000000000000e-03,2.000000000000e-02,200,3
17639,5.000000000000e-03,2.000000000000e-02,200,1
17640,5.000000000000e-03,2.000000000000e-02,200,7
17641,5.000000000000e-03,2.000000000000e-02,200,4
17642,5.000000000000e-03,2.000000000000e-02,200,5
17643,5.000000000000e-03,2.000000000000e-02,200,5
17644,5.000000000000e-03,2.000000000000e-02,200,7
17645,5.000000000000e-03,2.000000000000e-02,200,2
17646,5.000000000000e-03,2.000000000000e-02,200,8
17647,5.000000000000e-03,2.000000000000e-02,200,5
17648,5.000000000000e-03,2.000000000000e-02,200,4
17649,5.000000000000e-03,2.000000000000e-02,200,6
17650,5.000000000000e-03,2.000000000000e-02,200,6
17651,5.000000000000e-03,2.000000000000e-02,200,3
17652,5.000000000000e-03,2.000000000000e-02,200,5
17653,5.000000000000e-03,2.000000000000e-02,200,6
17654,5.000000000000e-03,2.000000000000e-02,200,3
17655,5.000000000000e-03,2.000000000000e-02,200,0
17656,5.000000000000e-03,2.000000000000e-02,200,5
17657,5.000000000000e-03,2.000000000000e-02,200,3
17658,5.000000000000e-03,2.000000000000e-02,200,3
17659,5.000000000000e-03,2.000000000000e-02,200,5
17660,5.000000000000e-03,2.000000000000e-02,200,8
17661,5.000000000000e-03,2.000000000000e-02,200,2
17662,5.000000000000e-03,2.000000000000e-02,200,2
17663,5.000000000000e-03,2.000000000000e-02,200,4
17664,5.000000000000e-03,2.000000000000e-02,200,2
17665,5.000000000000e-03,2.000000000000e-02,200,8
17666,5.000000000000e-03,2.000000000000e-02,200,5
17667,5.000000000000e-03,2.000000000000e-02,200,3
17668,5.000000000000e-03,2.000000000000e-02,200,3
17669,5.000000000000e-03,2.000000000000e-02,200,3
17670,5.000000000000e-03,2.000000000000e-02,200,6
17671,5.000000000000e-03,2.000000000000e-02,200,4
17672,5.000000000000e-03,2.000000000000e-02,200,5
17673,5.000000000000e-03,2.000000000000e-02,200,2
17674,5.000000000000e-03,2.000000000000e-02,200,4
17675,5.000000000000e-03,2.000000000000e-02,200,3
17676,5.000000000000e-03,2.000000000000e-02,200,5
17677,5.000000000000e-03,2.000000000000e-02,200,9
17678,5.000000000000e-03,2.000000000000e-02,200,8
17679,5.000000000000e-03,2.000000000000e-02,200,4
17680,5.000000000000e-03,2.000000000000e-02,200,5
17681,5.000000000000e-03,2.000000000000e-02,200,1
17682,5.000000000000e-03,2.000000000000e-02,200,5
17683,5.000000000000e-03,2.000000000000e-02,200,5
17684,5.000000000000e-03,2.000000000000e-02,200,2
17685,5.000000000000e-03,2.000000000000e-02,200,5
17686,5.000000000000e-03,2.000000000000e-02,200,8
17687,5.000000000000e-03,2.000000000000e-02,200,7
17688,5.000000000000e-03,2.000000000000e-02,200,2
17689,5.000000000000e-03,2.000000000000e-02,200,3
17690,5.000000000000e-03,2.000000000000e-02,200,1
17691,5.000000000000e-03,2.000000000000e-02,200,4
17692,5.000000000000e-03,2.000000000000e-02,200,4
17693,5.000000000000e-03,2.000000000000e-02,200,9
17694,5.000000000000e-03,2.000000000000e-02,200,5
17695,5.000000000000e-03,2.000000000000e-02,200,5
17696,5.000000000000e-03,2.000000000000e-02,200,5
17697,5.000000000000e-03,2.000000000000e-02,200,0
17698,5.000000000000e-03,2.000000000000e-02,200,1
17699,5.000000000000e-03,2.000000000000e-02,200,9
17700,5.000000000000e-03,2.000000000000e-02,200,5
17701,5.000000000000e-03,2.000000000000e-02,200,5
17702,5.000000000000e-03,2.000000000000e-02,200,6
17703,5.000000000000e-03,2.000000000000e-02,200,4
17704,5.000000000000e-03,2.000000000000e-02,200,3
17705,5.000000000000e-03,2.000000000000e-02,200,5
17706,5.000000000000e-03,2.000000000000e-02,200,4
17707,5.000000000000e-03,2.000000000000e-02,200,4
17708,5.000000000000e-03,2.000000000000e-02,200,4
17709,5.000000000000e-03,2.000000000000e-02,200,2
17710,5.000000000000e-03,2.000000000000e-02,200,3
17711,5.000000000000e-03,2.000000000000e-02,200,6
17712,5.000000000000e-03,2.000000000000e-02,200,3
17713,5.000000000000e-03,2.000000000000e-02,200,2
17714,5.000000000000e-03,2.000000000000e-02,200,6
17715,5.000000000000e-03,2.000000000000e-02,200,1
17716,5.000000000000e-03,2.000000000000e-02,200,2
17717,5.000000000000e-03,2.000000000000e-02,200,1
17718,5.000000000000e-03,2.000000000000e-02,200,2
17719,5.000000000000e-03,2.000000000000e-02,200,3
17720,5.000000000000e-03,2.000000000000e-02,200,3
17721,5.000000000000e-03,2.000000000000e-02,200,5
17722,5.000000000000e-03,2.000000000000e-02,200,3
17723,5.000000000000e-03,2.000000000000e-02,200,3
17724,5.000000000000e-03,2.000000000000e-02,200,4
17725,5.000000000000e-03,2.000000000000e-02,200,3
17726,5.000000000000e-03,2.000000000000e-02,200,3
17727,5.000000000000e-03,2.000000000000e-02,200,4
17728,5.000000000000e-03,2.000000000000e-02,200,2
17729,5.000000000000e-03,2.000000000000e-02,200,6
17730,5.000000000000e-03,2.000000000000e-02,200,4
17731,5.000000000000e-03,2.000000000000e-02,200,4
17732,5.000000000000e-03,2.000000000000e-02,200,3
17733,5.000000000000e-03,2.000000000000e-02,200,4
17734,5.000000000000e-03,2.000000000000e-02,200,1
17735,5.000000000000e-03,2.000000000000e-02,200,2
17736,5.000000000000e-03,2.000000000000e-02,200,2
17737,5.000000000000e-03,2.000000000000e-02,200,2
17738,5.000000000000e-03,2.000000000000e-02,200,5
17739,5.000000000000e-03,2.000000000000e-02,200,5
17740,5.000000000000e-03,2.000000000000e-02,200,3
17741,5.000000000000e-03,2.000000000000e-02,200,6
17742,5.000000000000e-03,2.000000000000e-02,200,3
17743,5.000000000000e-03,2.000000000000e-02,200,9
17744,5.000000000000e-03,2.000000000000e-02,200,0
17745,5.000000000000e-03,2.000000000000e-02,200,4
17746,5.000000000000e-03,2.000000000000e-02,200,3
17747,5.000000000000e-03,2.000000000000e-02,200,8
17748,5.000000000000e-03,2.000000000000e-02,200,9
17749,5.000000000000e-03,2.000000000000e-02,200,3
17750,5.000000000000e-03,2.000000000000e-02,200,5
17751,5.000000000000e-03,2.000000000000e-02,200,8
17752,5.000000000000e-03,2.000000000000e-02,200,8
17753,5.000000000000e-03,2.000000000000e-02,200,2
17754,5.000000000000e-03,2.000000000000e-02,200,6
17755,5.000000000000e-03,2.000000000000e-02,200,5
17756,5.000000000000e-03,2.000000000000e-02,200,5
17757,5.000000000000e-03,2.000000000000e-02,200,6
17758,5.000000000000e-03,2.000000000000e-02,200,2
17759,5.000000000000e-03,2.000000000000e-02,200,8
17760,5.000000000000e-03,2.000000000000e-02,200,6
17761,5.000000000000e-03,2.000000000000e-02,200,3
17762,5.000000000000e-03,2.000000000000e-02,200,8
17763,5.000000000000e-03,2.000000000000e-02,200,9
17764,5.000000000000e-03,2.000000000000e-02,200,3
17765,5.000000000000e-03,2.000000000000e-02,200,2
17766,5.000000000000e-03,2.000000000000e-02,200,1
17767,5.000000000000e-03,2.000000000000e-02,200,4
17768,5.000000000000e-03,2.000000000000e-02,200,3
17769,5.000000000000e-03,2.000000000000e-02,200,3
17770,5.000000000000e-03,2.000000000000e-02,200,2
17771,5.000000000000e-03,2.000000000000e-02,200,5
17772,5.000000000000e-03,2.000000000000e-02,200,1
17773,5.000000000000e-03,2.000000000000e-02,200,4
17774,5.000000000000e-03,2.000000000000e-02,200,7
17775,5.000000000000e-03,2.000000000000e-02,200,6
17776,5.000000000000e-03,2.000000000000e-02,200,4
17777,5.000000000000e-03,2.000000000000e-02,200,5
17778,5.000000000000e-03,2.000000000000e-02,200,3
17779,5.000000000000e-03,2.000000000000e-02,200,2
17780,5.000000000000e-03,2.000000000000e-02,200,7
17781,5.000000000000e-03,2.000000000000e-02,200,2
17782,5.000000000000e-03,2.000000000000e-02,200,3
17783,5.000000000000e-03,2.000000000000e-02,200,5
17784,5.000000000000e-03,2.000000000000e-02,200,2
17785,5.000000000000e-03,2.000000000000e-02,200,5
17786,5.000000000000e-03,2.000000000000e-02,200,2
17787,5.000000000000e-03,2.000000000000e-02,200,6
17788,5.000000000000e-03,2.000000000000e-02,200,4
17789,5.000000000000e-03,2.000000000000e-02,200,2
17790,5.000000000000e-03,2.000000000000e-02,200,6
17791,5.000000000000e-03,2.000000000000e-02,200,4
17792,5.000000000000e-03,2.000000000000e-02,200,6
17793,5.000000000000e-03,2.000000000000e-02,200,4
17794,5.000000000000e-03,2.000000000000e-02,200,7
17795,5.000000000000e-03,2.000000000000e-02,200,4
17796,5.000000000000e-03,2.000000000000e-02,200,3
17797,5.000000000000e-03,2.000000000000e-02,200,5
17798,5.000000000000e-03,2.000000000000e-02,200,3
17799,5.000000000000e-03,2.000000000000e-02,200,4
17800,5.000000000000e-03,2.000000000000e-02,200,4
17801,5.000000000000e-03,2.000000000000e-02,200,2
17802,5.000000000000e-03,2.000000000000e-02,200,4
17803,5.000000000000e-03,2.000000000000e-02,200,4
17804,5.000000000000e-03,2.000000000000e-02,200,4
17805,5.000000000000e-03,2.000000000000e-02,200,2
17806,5.000000000000e-03,2.000000000000e-02,200,6
17807,5.000000000000e-03,2.000000000000e-02,200,6
17808,5.000000000000e-03,2.000000000000e-02,200,1
17809,5.000000000000e-03,2.000000000000e-02,200,5
17810,5.000000000000e-03,2.000000000000e-02,200,4
17811,5.000000000000e-03,2.000000000000e-02,200,2
17812,5.000000000000e-03,2.000000000000e-02,200,5
17813,5.000000000000e-03,2.000000000000e-02,200,2
17814,5.000000000000e-03,2.000000000000e-02,200,2
17815,5.000000000000e-03,2.000000000000e-02,200,5
17816,5.000000000000e-03,2.000000000000e-02,200,6
17817,5.000000000000e-03,2.000000000000e-02,200,6
17818,5.000000000000e-03,2.000000000000e-02,200,6
17819,5.000000000000e-03,2.000000000000e-02,200,3
17820,5.000000000000e-03,2.000000000000e-02,200,4
17821,5.000000000000e-03,2.000000000000e-02,200,4
17822,5.000000000000e-03,2.000000000000e-02,200,2
17823,5.000000000000e-03,2.000000000000e-02,200,3
17824,5.000000000000e-03,2.000000000000e-02,200,4
17825,5.000000000000e-03,2.000000000000e-02,200,7
17826,5.000000000000e-03,2.000000000000e-02,200,4
17827,5.000000000000e-03,2.000000000000e-02,200,4
17828,5.000000000000e-03,2.000000000000e-02,200,4
17829,5.000000000000e-03,2.000000000000e-02,200,4
17830,5.000000000000e-03,2.000000000000e-02,200,3
17831,5.000000000000e-03,2.000000000000e-02,200,3
17832,5.000000000000e-03,2.000000000000e-02,200,3
17833,5.000000000000e-03,2.000000000000e-02,200,3
17834,5.000000000000e-03,2.000000000000e-02,200,2
17835,5.000000000000e-03,2.000000000000e-02,200,5
17836,5.000000000000e-03,2.000000000000e-02,200,4
17837,5.000000000000e-03,2.000000000000e-02,200,4
17838,5.000000000000e-03,2.000000000000e-02,200,8
17839,5.000000000000e-03,2.000000000000e-02,200,7
17840,5.000000000000e-03,2.000000000000e-02,200,5
17841,5.000000000000e-03,2.000000000000e-02,200,7
17842,5.000000000000e-03,2.000000000000e-02,200,10
17843,5.000000000000e-03,2.000000000000e-02,200,6
17844,5.000000000000e-03,2.000000000000e-02,200,3
17845,5.000000000000e-03,2.000000000000e-02,200,2
17846,5.000000000000e-03,2.000000000000e-02,200,4
17847,5.000000000000e-03,2.000000000000e-02,200,5
17848,5.000000000000e-03,2.000000000000e-02,200,4
17849,5.000000000000e-03,2.000000000000e-02,200,2
17850,5.000000000000e-03,2.000000000000e-02,200,4
17851,5.000000000000e-03,2.000000000000e-02,200,1
17852,5.000000000000e-03,2.000000000000e-02,200,3
17853,5.000000000000e-03,2.000000000000e-02,200,1
17854,5.000000000000e-03,2.000000000000e-02,200,5
17855,5.000000000000e-03,2.000000000000e-02,200,2
17856,5.000000000000e-03,2.000000000000e-02,200,3
17857,5.000000000000e-03,2.000000000000e-02,200,1
17858,5.000000000000e-03,2.000000000000e-02,200,7
17859,5.000000000000e-03,2.000000000000e-02,200,4
17860,5.000000000000e-03,2.000000000000e-02,200,7
17861,5.000000000000e-03,2.000000000000e-02,200,5
17862,5.000000000000e-03,2.000000000000e-02,200,2
17863,5.000000000000e-03,2.000000000000e-02,200,4
17864,5.000000000000e-03,2.000000000000e-02,200,3
17865,5.000000000000e-03,2.000000000000e-02,200,4
17866,5.000000000000e-03,2.000000000000e-02,200,5
17867,5.000000000000e-03,2.000000000000e-02,200,3
17868,5.000000000000e-03,2.000000000000e-02,200,7
17869,5.000000000000e-03,2.000000000000e-02,200,4
17870,5.000000000000e-03,2.000000000000e-02,200,4
17871,5.000000000000e-03,2.000000000000e-02,200,4
17872,5.000000000000e-03,2.000000000000e-02,200,6
17873,5.000000000000e-03,2.000000000000e-02,200,4
17874,5.000000000000e-03,2.000000000000e-02,200,7
17875,5.000000000000e-03,2.000000000000e-02,200,6
17876,5.000000000000e-03,2.000000000000e-02,200,7
17877,5.000000000000e-03,2.000000000000e-02,200,9
17878,5.000000000000e-03,2.000000000000e-02,200,3
17879,5.000000000000e-03,2.000000000000e-02,200,3
17880,5.000000000000e-03,2.000000000000e-02,200,3
17881,5.000000000000e-03,2.000000000000e-02,200,5
17882,5.000000000000e-03,2.000000000000e-02,200,6
17883,5.000000000000e-03,2.000000000000e-02,200,5
17884,5.000000000000e-03,2.000000000000e-02,200,2
17885,5.000000000000e-03,2.000000000000e-02,200,9
17886,5.000000000000e-03,2.000000000000e-02,200,5
17887,5.000000000000e-03,2.000000000000e-02,200,4
17888,5.000000000000e-03,2.000000000000e-02,200,5
17889,5.000000000000e-03,2.000000000000e-02,200,6
17890,5.000000000000e-03,2.000000000000e-02,200,4
17891,5.000000000000e-03,2.000000000000e-02,200,2
17892,5.000000000000e-03,2.000000000000e-02,200,5
17893,5.000000000000e-03,2.000000000000e-02,200,8
17894,5.000000000000e-03,2.000000000000e-02,200,1
17895,5.000000000000e-03,2.000000000000e-02,200,9
17896,5.000000000000e-03,2.000000000000e-02,200,6
17897,5.000000000000e-03,2.000000000000e-02,200,9
17898,5.000000000000e-03,2.000000000000e-02,200,6
17899,5.000000000000e-03,2.000000000000e-02,200,6
17900,5.000000000000e-03,2.000000000000e-02,200,4
17901,5.000000000000e-03,2.000000000000e-02,200,6
17902,5.000000000000e-03,2.000000000000e-02,200,1
17903,5.000000000000e-03,2.000000000000e-02,200,3
17904,5.000000000000e-03,2.000000000000e-02,200,4
17905,5.000000000000e-03,2.000000000000e-02,200,4
17906,5.000000000000e-03,2.000000000000e-02,200,1
17907,5.000000000000e-03,2.000000000000e-02,200,6
17908,5.000000000000e-03,2.000000000000e-02,200,5
17909,5.000000000000e-03,2.000000000000e-02,200,3
17910,5.000000000000e-03,2.000000000000e-02,200,3
17911,5.000000000000e-03,2.000000000000e-02,200,4
17912,5.000000000000e-03,2.000000000000e-02,200,5
17913,5.000000000000e-03,2.000000000000e-02,200,7
17914,5.000000000000e-03,2.000000000000e-02,200,3
17915,5.000000000000e-03,2.000000000000e-02,200,6
17916,5.000000000000e-03,2.000000000000e-02,200,2
17917,5.000000000000e-03,2.000000000000e-02,200,4
17918,5.000000000000e-03,2.000000000000e-02,200,5
17919,5.000000000000e-03,2.000000000000e-02,200,3
17920,5.000000000000e-03,2.000000000000e-02,200,6
17921,5.000000000000e-03,2.000000000000e-02,200,5
17922,5.000000000000e-03,2.000000000000e-02,200,2
17923,5.000000000000e-03,2.000000000000e-02,200,3
17924,5.000000000000e-03,2.000000000000e-02,200,6
17925,5.000000000000e-03,2.000000000000e-02,200,4
17926,5.000000000000e-03,2.000000000000e-02,200,7
17927,5.000000000000e-03,2.000000000000e-02,200,3
17928,5.000000000000e-03,2.000000000000e-02,200,4
17929,5.000000000000e-03,2.000000000000e-02,200,3
17930,5.000000000000e-03,2.000000000000e-02,200,7
17931,5.000000000000e-03,2.000000000000e-02,200,7
17932,5.000000000000e-03,2.000000000000e-02,200,2
17933,5.000000000000e-03,2.000000000000e-02,200,2
17934,5.000000000000e-03,2.000000000000e-02,200,3
17935,5.000000000000e-03,2.000000000000e-02,200,3
17936,5.000000000000e-03,2.000000000000e-02,200,5
17937,5.000000000000e-03,2.000000000000e-02,200,1
17938,5.000000000000e-03,2.000000000000e-02,200,3
17939,5.000000000000e-03,2.000000000000e-02,200,4
17940,5.000000000000e-03,2.000000000000e-02,200,5
17941,5.000000000000e-03,2.000000000000e-02,200,5
17942,5.000000000000e-03,2.000000000000e-02,200,5
17943,5.000000000000e-03,2.000000000000e-02,200,7
17944,5.000000000000e-03,2.000000000000e-02,200,4
17945,5.000000000000e-03,2.000000000000e-02,200,3
17946,5.000000000000e-03,2.000000000000e-02,200,4
17947,5.000000000000e-03,2.000000000000e-02,200,4
17948,5.000000000000e-03,2.000000000000e-02,200,2
17949,5.000000000000e-03,2.000000000000e-02,200,8
17950,5.000000000000e-03,2.000000000000e-02,200,4
17951,5.000000000000e-03,2.000000000000e-02,200,6
17952,5.000000000000e-03,2.000000000000e-02,200,3
17953,5.000000000000e-03,2.000000000000e-02,200,3
17954,5.000000000000e-03,2.000000000000e-02,200,4
17955,5.000000000000e-03,2.000000000000e-02,200,6
17956,5.000000000000e-03,2.000000000000e-02,200,3
17957,5.000000000000e-03,2.000000000000e-02,200,7
17958,5.000000000000e-03,2.000000000000e-02,200,4
17959,5.000000000000e-03,2.000000000000e-02,200,0
17960,5.000000000000e-03,2.000000000000e-02,200,2
17961,5.000000000000e-03,2.000000000000e-02,200,4
17962,5.000000000000e-03,2.000000000000e-02,200,3
17963,5.000000000000e-03,2.000000000000e-02,200,8
17964,5.000000000000e-03,2.000000000000e-02,200,5
17965,5.000000000000e-03,2.000000000000e-02,200,2
17966,5.000000000000e-03,2.000000000000e-02,200,1
17967,5.000000000000e-03,2.000000000000e-02,200,3
17968,5.000000000000e-03,2.000000000000e-02,200,5
17969,5.000000000000e-03,2.000000000000e-02,200,6
17970,5.000000000000e-03,2.000000000000e-02,200,5
17971,5.000000000000e-03,2.000000000000e-02,200,6
17972,5.000000000000e-03,2.000000000000e-02,200,4
17973,5.000000000000e-03,2.000000000000e-02,200,6
17974,5.000000000000e-03,2.000000000000e-02,200,3
17975,5.000000000000e-03,2.000000000000e-02,200,3
17976,5.000000000000e-03,2.000000000000e-02,200,7
17977,5.000000000000e-03,2.000000000000e-02,200,5
17978,5.000000000000e-03,2.000000000000e-02,200,7
17979,5.000000000000e-03,2.000000000000e-02,200,1
17980,5.000000000000e-03,2.000000000000e-02,200,3
17981,5.000000000000e-03,2.000000000000e-02,200,3
17982,5.000000000000e-03,2.000000000000e-02,200,6
17983,5.000000000000e-03,2.000000000000e-02,200,3
17984,5.000000000000e-03,2.000000000000e-02,200,5
17985,5.000000000000e-03,2.000000000000e-02,200,5
17986,5.000000000000e-03,2.000000000000e-02,200,6
17987,5.000000000000e-03,2.000000000000e-02,200,4
17988,5.000000000000e-03,2.000000000000e-02,200,4
17989,5.000000000000e-03,2.000000000000e-02,200,4
17990,5.000000000000e-03,2.000000000000e-02,200,4
17991,5.000000000000e-03,2.000000000000e-02,200,3
17992,5.000000000000e-03,2.000000000000e-02,200,7
17993,5.000000000000e-03,2.000000000000e-02,200,4
17994,5.000000000000e-03,2.000000000000e-02,200,4
17995,5.000000000000e-03,2.000000000000e-02,200,5
17996,5.000000000000e-03,2.000000000000e-02,200,2
17997,5.000000000000e-03,2.000000000000e-02,200,5
17998,5.000000000000e-03,2.000000000000e-02,200,3
17999,5.000000000000e-03,2.000000000000e-02,200,7
18000,5.000000000000e-03,2.000000000000e-02,200,3
18001,5.000000000000e-03,2.000000000000e-02,500,16
18002,5.000000000000e-03,2.000000000000e-02,500,12
18003,5.000000000000e-03,2.000000000000e-02,500,9
18004,5.000000000000e-03,2.000000000000e-02,500,12
18005,5.000000000000e-03,2.000000000000e-02,500,10
18006,5.000000000000e-03,2.000000000000e-02,500,9
18007,5.000000000000e-03,2.000000000000e-02,500,13
18008,5.000000000000e-03,2.000000000000e-02,500,8
18009,5.000000000000e-03,2.000000000000e-02,500,8
18010,5.000000000000e-03,2.000000000000e-02,500,15
18011,5.000000000000e-03,2.000000000000e-02,500,7
18012,5.000000000000e-03,2.000000000000e-02,500,13
18013,5.000000000000e-03,2.000000000000e-02,500,14
18014,5.000000000000e-03,2.000000000000e-02,500,11
18015,5.000000000000e-03,2.000000000000e-02,500,12
18016,5.000000000000e-03,2.000000000000e-02,500,9
18017,5.000000000000e-03,2.000000000000e-02,500,7
18018,5.000000000000e-03,2.000000000000e-02,500,6
18019,5.000000000000e-03,2.000000000000e-02,500,12
18020,5.000000000000e-03,2.000000000000e-02,500,11
18021,5.000000000000e-03,2.000000000000e-02,500,10
18022,5.000000000000e-03,2.000000000000e-02,500,9
18023,5.000000000000e-03,2.000000000000e-02,500,10
18024,5.000000000000e-03,2.000000000000e-02,500,11
18025,5.000000000000e-03,2.000000000000e-02,500,13
18026,5.000000000000e-03,2.000000000000e-02,500,13
18027,5.000000000000e-03,2.000000000000e-02,500,7
18028,5.000000000000e-03,2.000000000000e-02,500,4
18029,5.000000000000e-03,2.000000000000e-02,500,15
18030,5.000000000000e-03,2.000000000000e-02,500,13
18031,5.000000000000e-03,2.000000000000e-02,500,14
18032,5.000000000000e-03,2.000000000000e-02,500,10
18033,5.000000000000e-03,2.000000000000e-02,500,10
18034,5.000000000000e-03,2.000000000000e-02,500,11
18035,5.000000000000e-03,2.000000000000e-02,500,10
18036,5.000000000000e-03,2.000000000000e-02,500,7
18037,5.000000000000e-03,2.000000000000e-02,500,15
18038,5.000000000000e-03,2.000000000000e-02,500,11
18039,5.000000000000e-03,2.000000000000e-02,500,7
18040,5.000000000000e-03,2.000000000000e-02,500,10
18041,5.000000000000e-03,2.000000000000e-02,500,14
18042,5.000000000000e-03,2.000000000000e-02,500,17
18043,5.000000000000e-03,2.000000000000e-02,500,9
18044,5.000000000000e-03,2.000000000000e-02,500,9
18045,5.000000000000e-03,2.000000000000e-02,500,7
18046,5.000000000000e-03,2.000000000000e-02,500,8
18047,5.000000000000e-03,2.000000000000e-02,500,8
18048,5.000000000000e-03,2.000000000000e-02,500,7
18049,5.000000000000e-03,2.000000000000e-02,500,13
18050,5.000000000000e-03,2.000000000000e-02,500,10
18051,5.000000000000e-03,2.000000000000e-02,500,10
18052,5.000000000000e-03,2.000000000000e-02,500,11
18053,5.000000000000e-03,2.000000000000e-02,500,13
18054,5.000000000000e-03,2.000000000000e-02,500,9
18055,5.000000000000e-03,2.000000000000e-02,500,14
18056,5.000000000000e-03,2.000000000000e-02,500,11
18057,5.000000000000e-03,2.000000000000e-02,500,10
18058,5.000000000000e-03,2.000000000000e-02,500,15
18059,5.000000000000e-03,2.000000000000e-02,500,10
18060,5.000000000000e-03,2.000000000000e-02,500,15
18061,5.000000000000e-03,2.000000000000e-02,500,12
18062,5.000000000000e-03,2.000000000000e-02,500,15
18063,5.000000000000e-03,2.000000000000e-02,500,13
18064,5.000000000000e-03,2.000000000000e-02,500,5
18065,5.000000000000e-03,2.000000000000e-02,500,14
18066,5.000000000000e-03,2.000000000000e-02,500,14
18067,5.000000000000e-03,2.000000000000e-02,500,4
18068,5.000000000000e-03,2.000000000000e-02,500,7
18069,5.000000000000e-03,2.000000000000e-02,500,5
18070,5.000000000000e-03,2.000000000000e-02,500,18
18071,5.000000000000e-03,2.000000000000e-02,500,8
18072,5.000000000000e-03,2.000000000000e-02,500,11
18073,5.000000000000e-03,2.000000000000e-02,500,9
18074,5.000000000000e-03,2.000000000000e-02,500,14
18075,5.000000000000e-03,2.000000000000e-02,500,13
18076,5.000000000000e-03,2.000000000000e-02,500,8
18077,5.000000000000e-03,2.000000000000e-02,500,13
18078,5.000000000000e-03,2.000000000000e-02,500,9
18079,5.000000000000e-03,2.000000000000e-02,500,10
18080,5.000000000000e-03,2.000000000000e-02,500,6
18081,5.000000000000e-03,2.000000000000e-02,500,6
18082,5.000000000000e-03,2.000000000000e-02,500,10
18083,5.000000000000e-03,2.000000000000e-02,500,10
18084,5.000000000000e-03,2.000000000000e-02,500,15
18085,5.000000000000e-03,2.000000000000e-02,500,14
18086,5.000000000000e-03,2.000000000000e-02,500,11
18087,5.000000000000e-03,2.000000000000e-02,500,11
18088,5.000000000000e-03,2.000000000000e-02,500,17
18089,5.000000000000e-03,2.000000000000e-02,500,11
18090,5.000000000000e-03,2.000000000000e-02,500,10
18091,5.000000000000e-03,2.000000000000e-02,500,11
18092,5.000000000000e-03,2.000000000000e-02,500,15
18093,5.000000000000e-03,2.000000000000e-02,500,14
18094,5.000000000000e-03,2.000000000000e-02,500,6
18095,5.000000000000e-03,2.000000000000e-02,500,12
18096,5.000000000000e-03,2.000000000000e-02,500,15
18097,5.000000000000e-03,2.000000000000e-02,500,9
18098,5.000000000000e-03,2.000000000000e-02,500,12
18099,5.000000000000e-03,2.000000000000e-02,500,12
18100,5.000000000000e-03,2.000000000000e-02,500,4
18101,5.000000000000e-03,2.000000000000e-02,500,16
18102,5.000000000000e-03,2.000000000000e-02,500,8
18103,5.000000000000e-03,2.000000000000e-02,500,6
18104,5.000000000000e-03,2.000000000000e-02,500,12
18105,5.000000000000e-03,2.000000000000e-02,500,13
18106,5.000000000000e-03,2.000000000000e-02,500,11
18107,5.000000000000e-03,2.000000000000e-02,500,14
18108,5.000000000000e-03,2.000000000000e-02,500,13
18109,5.000000000000e-03,2.000000000000e-02,500,13
18110,5.000000000000e-03,2.000000000000e-02,500,8
18111,5.000000000000e-03,2.000000000000e-02,500,4
18112,5.000000000000e-03,2.000000000000e-02,500,11
18113,5.000000000000e-03,2.000000000000e-02,500,11
18114,5.000000000000e-03,2.000000000000e-02,500,14
18115,5.000000000000e-03,2.000000000000e-02,500,12
18116,5.000000000000e-03,2.000000000000e-02,500,6
18117,5.000000000000e-03,2.000000000000e-02,500,17
18118,5.000000000000e-03,2.000000000000e-02,500,9
18119,5.000000000000e-03,2.000000000000e-02,500,5
18120,5.000000000000e-03,2.000000000000e-02,500,2
18121,5.000000000000e-03,2.000000000000e-02,500,10
18122,5.000000000000e-03,2.000000000000e-02,500,15
18123,5.000000000000e-03,2.000000000000e-02,500,13
18124,5.000000000000e-03,2.000000000000e-02,500,11
18125,5.000000000000e-03,2.000000000000e-02,500,16
18126,5.000000000000e-03,2.000000000000e-02,500,12
18127,5.000000000000e-03,2.000000000000e-02,500,11
18128,5.000000000000e-03,2.000000000000e-02,500,12
18129,5.000000000000e-03,2.000000000000e-02,500,7
18130,5.000000000000e-03,2.000000000000e-02,500,15
18131,5.000000000000e-03,2.000000000000e-02,500,11
18132,5.000000000000e-03,2.000000000000e-02,500,7
18133,5.000000000000e-03,2.000000000000e-02,500,5
18134,5.000000000000e-03,2.000000000000e-02,500,10
18135,5.000000000000e-03,2.000000000000e-02,500,12
18136,5.000000000000e-03,2.000000000000e-02,500,10
18137,5.000000000000e-03,2.000000000000e-02,500,10
18138,5.000000000000e-03,2.000000000000e-02,500,14
18139,5.000000000000e-03,2.000000000000e-02,500,10
18140,5.000000000000e-03,2.000000000000e-02,500,13
18141,5.000000000000e-03,2.000000000000e-02,500,10
18142,5.000000000000e-03,2.000000000000e-02,500,8
18143,5.000000000000e-03,2.000000000000e-02,500,17
18144,5.000000000000e-03,2.000000000000e-02,500,16
18145,5.000000000000e-03,2.000000000000e-02,500,14
18146,5.000000000000e-03,2.000000000000e-02,500,11
18147,5.000000000000e-03,2.000000000000e-02,500,10
18148,5.000000000000e-03,2.000000000000e-02,500,9
18149,5.000000000000e-03,2.000000000000e-02,500,11
18150,5.000000000000e-03,2.000000000000e-02,500,9
18151,5.000000000000e-03,2.000000000000e-02,500,10
18152,5.000000000000e-03,2.000000000000e-02,500,11
18153,5.000000000000e-03,2.000000000000e-02,500,13
18154,5.000000000000e-03,2.000000000000e-02,500,7
18155,5.000000000000e-03,2.000000000000e-02,500,16
18156,5.000000000000e-03,2.000000000000e-02,500,7
18157,5.000000000000e-03,2.000000000000e-02,500,9
18158,5.000000000000e-03,2.000000000000e-02,500,12
18159,5.000000000000e-03,2.000000000000e-02,500,6
18160,5.000000000000e-03,2.000000000000e-02,500,4
18161,5.000000000000e-03,2.000000000000e-02,500,11
18162,5.000000000000e-03,2.000000000000e-02,500,17
18163,5.000000000000e-03,2.000000000000e-02,500,9
18164,5.000000000000e-03,2.000000000000e-02,500,10
18165,5.000000000000e-03,2.000000000000e-02,500,7
18166,5.000000000000e-03,2.000000000000e-02,500,13
18167,5.000000000000e-03,2.000000000000e-02,500,12
18168,5.000000000000e-03,2.000000000000e-02,500,16
18169,5.000000000000e-03,2.000000000000e-02,500,11
18170,5.000000000000e-03,2.000000000000e-02,500,8
18171,5.000000000000e-03,2.000000000000e-02,500,17
18172,5.000000000000e-03,2.000000000000e-02,500,18
18173,5.000000000000e-03,2.000000000000e-02,500,8
18174,5.000000000000e-03,2.000000000000e-02,500,9
18175,5.000000000000e-03,2.000000000000e-02,500,13
18176,5.000000000000e-03,2.000000000000e-02,500,8
18177,5.000000000000e-03,2.000000000000e-02,500,12
18178,5.000000000000e-03,2.000000000000e-02,500,7
18179,5.000000000000e-03,2.000000000000e-02,500,11
18180,5.000000000000e-03,2.000000000000e-02,500,8
18181,5.000000000000e-03,2.000000000000e-02,500,8
18182,5.000000000000e-03,2.000000000000e-02,500,11
18183,5.000000000000e-03,2.000000000000e-02,500,16
18184,5.000000000000e-03,2.000000000000e-02,500,13
18185,5.000000000000e-03,2.000000000000e-02,500,12
18186,5.000000000000e-03,2.000000000000e-02,500,8
18187,5.000000000000e-03,2.000000000000e-02,500,12
18188,5.000000000000e-03,2.000000000000e-02,500,8
18189,5.000000000000e-03,2.000000000000e-02,500,12
18190,5.000000000000e-03,2.000000000000e-02,500,13
18191,5.000000000000e-03,2.000000000000e-02,500,8
18192,5.000000000000e-03,2.000000000000e-02,500,7
18193,5.000000000000e-03,2.000000000000e-02,500,9
18194,5.000000000000e-03,2.000000000000e-02,500,10
18195,5.000000000000e-03,2.000000000000e-02,500,9
18196,5.000000000000e-03,2.000000000000e-02,500,14
18197,5.000000000000e-03,2.000000000000e-02,500,9
18198,5.000000000000e-03,2.000000000000e-02,500,10
18199,5.000000000000e-03,2.000000000000e-02,500,13
18200,5.000000000000e-03,2.000000000000e-02,500,8
18201,5.000000000000e-03,2.000000000000e-02,500,10
18202,5.000000000000e-03,2.000000000000e-02,500,13
18203,5.000000000000e-03,2.000000000000e-02,500,10
18204,5.000000000000e-03,2.000000000000e-02,500,11
18205,5.000000000000e-03,2.000000000000e-02,500,6
18206,5.000000000000e-03,2.000000000000e-02,500,11
18207,5.000000000000e-03,2.000000000000e-02,500,12
18208,5.000000000000e-03,2.000000000000e-02,500,17
18209,5.000000000000e-03,2.000000000000e-02,500,12
18210,5.000000000000e-03,2.000000000000e-02,500,7
18211,5.000000000000e-03,2.000000000000e-02,500,7
18212,5.000000000000e-03,2.000000000000e-02,500,12
18213,5.000000000000e-03,2.000000000000e-02,500,13
18214,5.000000000000e-03,2.000000000000e-02,500,9
18215,5.000000000000e-03,2.000000000000e-02,500,7
18216,5.000000000000e-03,2.000000000000e-02,500,8
18217,5.000000000000e-03,2.000000000000e-02,500,10
18218,5.000000000000e-03,2.000000000000e-02,500,7
18219,5.000000000000e-03,2.000000000000e-02,500,6
18220,5.000000000000e-03,2.000000000000e-02,500,11
18221,5.000000000000e-03,2.000000000000e-02,500,9
18222,5.000000000000e-03,2.000000000000e-02,500,13
18223,5.000000000000e-03,2.000000000000e-02,500,13
18224,5.000000000000e-03,2.000000000000e-02,500,7
18225,5.000000000000e-03,2.000000000000e-02,500,16
18226,5.000000000000e-03,2.000000000000e-02,500,10
18227,5.000000000000e-03,2.000000000000e-02,500,11
18228,5.000000000000e-03,2.000000000000e-02,500,14
18229,5.000000000000e-03,2.000000000000e-02,500,14
18230,5.000000000000e-03,2.000000000000e-02,500,8
18231,5.000000000000e-03,2.000000000000e-02,500,16
18232,5.000000000000e-03,2.000000000000e-02,500,16
18233,5.000000000000e-03,2.000000000000e-02,500,8
18234,5.000000000000e-03,2.000000000000e-02,500,10
18235,5.000000000000e-03,2.000000000000e-02,500,9
18236,5.000000000000e-03,2.000000000000e-02,500,10
18237,5.000000000000e-03,2.000000000000e-02,500,6
18238,5.000000000000e-03,2.000000000000e-02,500,8
18239,5.000000000000e-03,2.000000000000e-02,500,17
18240,5.000000000000e-03,2.000000000000e-02,500,12
18241,5.000000000000e-03,2.000000000000e-02,500,10
18242,5.000000000000e-03,2.000000000000e-02,500,12
18243,5.000000000000e-03,2.000000000000e-02,500,10
18244,5.000000000000e-03,2.000000000000e-02,500,12
18245,5.000000000000e-03,2.000000000000e-02,500,12
18246,5.000000000000e-03,2.000000000000e-02,500,9
18247,5.000000000000e-03,2.000000000000e-02,500,10
18248,5.000000000000e-03,2.000000000000e-02,500,11
18249,5.000000000000e-03,2.000000000000e-02,500,12
18250,5.000000000000e-03,2.000000000000e-02,500,13
18251,5.000000000000e-03,2.000000000000e-02,500,12
18252,5.000000000000e-03,2.000000000000e-02,500,11
18253,5.000000000000e-03,2.000000000000e-02,500,6
18254,5.000000000000e-03,2.000000000000e-02,500,12
18255,5.000000000000e-03,2.000000000000e-02,500,11
18256,5.000000000000e-03,2.000000000000e-02,500,8
18257,5.000000000000e-03,2.000000000000e-02,500,6
18258,5.000000000000e-03,2.000000000000e-02,500,8
18259,5.000000000000e-03,2.000000000000e-02,500,15
18260,5.000000000000e-03,2.000000000000e-02,500,10
18261,5.000000000000e-03,2.000000000000e-02,500,12
18262,5.000000000000e-03,2.000000000000e-02,500,9
18263,5.000000000000e-03,2.000000000000e-02,500,6
18264,5.000000000000e-03,2.000000000000e-02,500,13
18265,5.000000000000e-03,2.000000000000e-02,500,6
18266,5.000000000000e-03,2.000000000000e-02,500,9
18267,5.000000000000e-03,2.000000000000e-02,500,9
18268,5.000000000000e-03,2.000000000000e-02,500,12
18269,5.000000000000e-03,2.000000000000e-02,500,9
18270,5.000000000000e-03,2.000000000000e-02,500,9
18271,5.000000000000e-03,2.000000000000e-02,500,11
18272,5.000000000000e-03,2.000000000000e-02,500,10
18273,5.000000000000e-03,2.000000000000e-02,500,13
18274,5.000000000000e-03,2.000000000000e-02,500,8
18275,5.000000000000e-03,2.000000000000e-02,500,11
18276,5.000000000000e-03,2.000000000000e-02,500,11
18277,5.000000000000e-03,2.000000000000e-02,500,10
18278,5.000000000000e-03,2.000000000000e-02,500,13
18279,5.000000000000e-03,2.000000000000e-02,500,9
18280,5.000000000000e-03,2.000000000000e-02,500,7
18281,5.000000000000e-03,2.000000000000e-02,500,10
18282,5.000000000000e-03,2.000000000000e-02,500,13
18283,5.000000000000e-03,2.000000000000e-02,500,11
18284,5.000000000000e-03,2.000000000000e-02,500,6
18285,5.000000000000e-03,2.000000000000e-02,500,6
18286,5.000000000000e-03,2.000000000000e-02,500,11
18287,5.000000000000e-03,2.000000000000e-02,500,12
18288,5.000000000000e-03,2.000000000000e-02,500,11
18289,5.000000000000e-03,2.000000000000e-02,500,9
18290,5.000000000000e-03,2.000000000000e-02,500,8
18291,5.000000000000e-03,2.000000000000e-02,500,8
18292,5.000000000000e-03,2.000000000000e-02,500,12
18293,5.000000000000e-03,2.000000000000e-02,500,7
18294,5.000000000000e-03,2.000000000000e-02,500,11
18295,5.000000000000e-03,2.000000000000e-02,500,9
18296,5.000000000000e-03,2.000000000000e-02,500,12
18297,5.000000000000e-03,2.000000000000e-02,500,14
18298,5.000000000000e-03,2.000000000000e-02,500,10
18299,5.000000000000e-03,2.000000000000e-02,500,20
18300,5.000000000000e-03,2.000000000000e-02,500,13
18301,5.000000000000e-03,2.000000000000e-02,500,16
18302,5.000000000000e-03,2.000000000000e-02,500,20
18303,5.000000000000e-03,2.000000000000e-02,500,9
18304,5.000000000000e-03,2.000000000000e-02,500,12
18305,5.000000000000e-03,2.000000000000e-02,500,12
18306,5.000000000000e-03,2.000000000000e-02,500,10
18307,5.000000000000e-03,2.000000000000e-02,500,6
18308,5.000000000000e-03,2.000000000000e-02,500,12
18309,5.000000000000e-03,2.000000000000e-02,500,12
18310,5.000000000000e-03,2.000000000000e-02,500,5
18311,5.000000000000e-03,2.000000000000e-02,500,12
18312,5.000000000000e-03,2.000000000000e-02,500,9
18313,5.000000000000e-03,2.000000000000e-02,500,11
18314,5.000000000000e-03,2.000000000000e-02,500,11
18315,5.000000000000e-03,2.000000000000e-02,500,9
18316,5.000000000000e-03,2.000000000000e-02,500,12
18317,5.000000000000e-03,2.000000000000e-02,500,10
18318,5.000000000000e-03,2.000000000000e-02,500,17
18319,5.000000000000e-03,2.000000000000e-02,500,16
18320,5.000000000000e-03,2.000000000000e-02,500,9
18321,5.000000000000e-03,2.000000000000e-02,500,10
18322,5.000000000000e-03,2.000000000000e-02,500,10
18323,5.000000000000e-03,2.000000000000e-02,500,13
18324,5.000000000000e-03,2.000000000000e-02,500,13
18325,5.000000000000e-03,2.000000000000e-02,500,10
18326,5.000000000000e-03,2.000000000000e-02,500,10
18327,5.000000000000e-03,2.000000000000e-02,500,8
18328,5.000000000000e-03,2.000000000000e-02,500,15
18329,5.000000000000e-03,2.000000000000e-02,500,7
18330,5.000000000000e-03,2.000000000000e-02,500,7
18331,5.000000000000e-03,2.000000000000e-02,500,10
18332,5.000000000000e-03,2.000000000000e-02,500,15
18333,5.000000000000e-03,2.000000000000e-02,500,14
18334,5.000000000000e-03,2.000000000000e-02,500,7
18335,5.000000000000e-03,2.000000000000e-02,500,10
18336,5.000000000000e-03,2.000000000000e-02,500,8
18337,5.000000000000e-03,2.000000000000e-02,500,16
18338,5.000000000000e-03,2.000000000000e-02,500,12
18339,5.000000000000e-03,2.000000000000e-02,500,9
18340,5.000000000000e-03,2.000000000000e-02,500,10
18341,5.000000000000e-03,2.000000000000e-02,500,9
18342,5.000000000000e-03,2.000000000000e-02,500,15
18343,5.000000000000e-03,2.000000000000e-02,500,7
18344,5.000000000000e-03,2.000000000000e-02,500,9
18345,5.000000000000e-03,2.000000000000e-02,500,8
18346,5.000000000000e-03,2.000000000000e-02,500,14
18347,5.000000000000e-03,2.000000000000e-02,500,11
18348,5.000000000000e-03,2.000000000000e-02,500,6
18349,5.000000000000e-03,2.000000000000e-02,500,14
18350,5.000000000000e-03,2.000000000000e-02,500,12
18351,5.000000000000e-03,2.000000000000e-02,500,11
18352,5.000000000000e-03,2.000000000000e-02,500,11
18353,5.000000000000e-03,2.000000000000e-02,500,10
18354,5.000000000000e-03,2.000000000000e-02,500,14
18355,5.000000000000e-03,2.000000000000e-02,500,7
18356,5.000000000000e-03,2.000000000000e-02,500,8
18357,5.000000000000e-03,2.000000000000e-02,500,9
18358,5.000000000000e-03,2.000000000000e-02,500,7
18359,5.000000000000e-03,2.000000000000e-02,500,13
18360,5.000000000000e-03,2.000000000000e-02,500,14
18361,5.000000000000e-03,2.000000000000e-02,500,12
18362,5.000000000000e-03,2.000000000000e-02,500,9
18363,5.000000000000e-03,2.000000000000e-02,500,9
18364,5.000000000000e-03,2.000000000000e-02,500,15
18365,5.000000000000e-03,2.000000000000e-02,500,11
18366,5.000000000000e-03,2.000000000000e-02,500,9
18367,5.000000000000e-03,2.000000000000e-02,500,10
18368,5.000000000000e-03,2.000000000000e-02,500,11
18369,5.000000000000e-03,2.000000000000e-02,500,12
18370,5.000000000000e-03,2.000000000000e-02,500,14
18371,5.000000000000e-03,2.000000000000e-02,500,13
18372,5.000000000000e-03,2.000000000000e-02,500,8
18373,5.000000000000e-03,2.000000000000e-02,500,12
18374,5.000000000000e-03,2.000000000000e-02,500,12
18375,5.000000000000e-03,2.000000000000e-02,500,13
18376,5.000000000000e-03,2.000000000000e-02,500,5
18377,5.000000000000e-03,2.000000000000e-02,500,10
18378,5.000000000000e-03,2.000000000000e-02,500,9
18379,5.000000000000e-03,2.000000000000e-02,500,10
18380,5.000000000000e-03,2.000000000000e-02,500,8
18381,5.000000000000e-03,2.000000000000e-02,500,14
18382,5.000000000000e-03,2.000000000000e-02,500,11
18383,5.000000000000e-03,2.000000000000e-02,500,10
18384,5.000000000000e-03,2.000000000000e-02,500,10
18385,5.000000000000e-03,2.000000000000e-02,500,14
18386,5.000000000000e-03,2.000000000000e-02,500,7
18387,5.000000000000e-03,2.000000000000e-02,500,10
18388,5.000000000000e-03,2.000000000000e-02,500,8
18389,5.000000000000e-03,2.000000000000e-02,500,6
18390,5.000000000000e-03,2.000000000000e-02,500,11
18391,5.000000000000e-03,2.000000000000e-02,500,10
18392,5.000000000000e-03,2.000000000000e-02,500,13
18393,5.000000000000e-03,2.000000000000e-02,500,9
18394,5.000000000000e-03,2.000000000000e-02,500,11
18395,5.000000000000e-03,2.000000000000e-02,500,12
18396,5.000000000000e-03,2.000000000000e-02,500,13
18397,5.000000000000e-03,2.000000000000e-02,500,10
18398,5.000000000000e-03,2.000000000000e-02,500,12
18399,5.000000000000e-03,2.000000000000e-02,500,14
18400,5.000000000000e-03,2.000000000000e-02,500,8
18401,5.000000000000e-03,2.000000000000e-02,1000,22
18402,5.000000000000e-03,2.000000000000e-02,1000,25
18403,5.000000000000e-03,2.000000000000e-02,1000,14
18404,5.000000000000e-03,2.000000000000e-02,1000,22
18405,5.000000000000e-03,2.000000000000e-02,1000,31
18406,5.000000000000e-03,2.000000000000e-02,1000,17
18407,5.000000000000e-03,2.000000000000e-02,1000,11
18408,5.000000000000e-03,2.000000000000e-02,1000,24
18409,5.000000000000e-03,2.000000000000e-02,1000,21
18410,5.000000000000e-03,2.000000000000e-02,1000,20
18411,5.000000000000e-03,2.000000000000e-02,1000,18
18412,5.000000000000e-03,2.000000000000e-02,1000,17
18413,5.000000000000e-03,2.000000000000e-02,1000,21
18414,5.000000000000e-03,2.000000000000e-02,1000,16
18415,5.000000000000e-03,2.000000000000e-02,1000,24
18416,5.000000000000e-03,2.000000000000e-02,1000,25
18417,5.000000000000e-03,2.000000000000e-02,1000,19
18418,5.000000000000e-03,2.000000000000e-02,1000,20
18419,5.000000000000e-03,2.000000000000e-02,1000,13
18420,5.000000000000e-03,2.000000000000e-02,1000,20
18421,5.000000000000e-03,2.000000000000e-02,1000,14
18422,5.000000000000e-03,2.000000000000e-02,1000,15
18423,5.000000000000e-03,2.000000000000e-02,1000,20
18424,5.000000000000e-03,2.000000000000e-02,1000,23
18425,5.000000000000e-03,2.000000000000e-02,1000,22
18426,5.000000000000e-03,2.000000000000e-02,1000,25
18427,5.000000000000e-03,2.000000000000e-02,1000,24
18428,5.000000000000e-03,2.000000000000e-02,1000,24
18429,5.000000000000e-03,2.000000000000e-02,1000,20
18430,5.000000000000e-03,2.000000000000e-02,1000,26
18431,5.000000000000e-03,2.000000000000e-02,1000,13
18432,5.000000000000e-03,2.000000000000e-02,1000,22
18433,5.000000000000e-03,2.000000000000e-02,1000,15
18434,5.000000000000e-03,2.000000000000e-02,1000,29
18435,5.000000000000e-03,2.000000000000e-02,1000,25
18436,5.000000000000e-03,2.000000000000e-02,1000,26
18437,5.000000000000e-03,2.000000000000e-02,1000,11
18438,5.000000000000e-03,2.000000000000e-02,1000,19
18439,5.000000000000e-03,2.000000000000e-02,1000,18
18440,5.000000000000e-03,2.000000000000e-02,1000,21
18441,5.000000000000e-03,2.000000000000e-02,1000,20
18442,5.000000000000e-03,2.000000000000e-02,1000,21
18443,5.000000000000e-03,2.000000000000e-02,1000,19
18444,5.000000000000e-03,2.000000000000e-02,1000,19
18445,5.000000000000e-03,2.000000000000e-02,1000,19
18446,5.000000000000e-03,2.000000000000e-02,1000,18
18447,5.000000000000e-03,2.000000000000e-02,1000,23
18448,5.000000000000e-03,2.000000000000e-02,1000,24
18449,5.000000000000e-03,2.000000000000e-02,1000,15
18450,5.000000000000e-03,2.000000000000e-02,1000,23
18451,5.000000000000e-03,2.000000000000e-02,1000,11
18452,5.000000000000e-03,2.000000000000e-02,1000,14
18453,5.000000000000e-03,2.000000000000e-02,1000,24
18454,5.000000000000e-03,2.000000000000e-02,1000,21
18455,5.000000000000e-03,2.000000000000e-02,1000,22
18456,5.000000000000e-03,2.000000000000e-02,1000,24
18457,5.000000000000e-03,2.000000000000e-02,1000,16
18458,5.000000000000e-03,2.000000000000e-02,1000,28
18459,5.000000000000e-03,2.000000000000e-02,1000,22
18460,5.000000000000e-03,2.000000000000e-02,1000,28
18461,5.000000000000e-03,2.000000000000e-02,1000,25
18462,5.000000000000e-03,2.000000000000e-02,1000,17
18463,5.000000000000e-03,2.000000000000e-02,1000,26
18464,5.000000000000e-03,2.000000000000e-02,1000,26
18465,5.000000000000e-03,2.000000000000e-02,1000,23
18466,5.000000000000e-03,2.000000000000e-02,1000,15
18467,5.000000000000e-03,2.000000000000e-02,1000,20
18468,5.000000000000e-03,2.000000000000e-02,1000,15
18469,5.000000000000e-03,2.000000000000e-02,1000,15
18470,5.000000000000e-03,2.000000000000e-02,1000,24
18471,5.000000000000e-03,2.000000000000e-02,1000,28
18472,5.000000000000e-03,2.000000000000e-02,1000,17
18473,5.000000000000e-03,2.000000000000e-02,1000,26
18474,5.000000000000e-03,2.000000000000e-02,1000,16
18475,5.000000000000e-03,2.000000000000e-02,1000,14
18476,5.000000000000e-03,2.000000000000e-02,1000,18
18477,5.000000000000e-03,2.000000000000e-02,1000,20
18478,5.000000000000e-03,2.000000000000e-02,1000,19
18479,5.000000000000e-03,2.000000000000e-02,1000,20
18480,5.000000000000e-03,2.000000000000e-02,1000,19
18481,5.000000000000e-03,2.000000000000e-02,1000,26
18482,5.000000000000e-03,2.000000000000e-02,1000,18
18483,5.000000000000e-03,2.000000000000e-02,1000,24
18484,5.000000000000e-03,2.000000000000e-02,1000,21
18485,5.000000000000e-03,2.000000000000e-02,1000,24
18486,5.000000000000e-03,2.000000000000e-02,1000,22
18487,5.000000000000e-03,2.000000000000e-02,1000,20
18488,5.000000000000e-03,2.000000000000e-02,1000,19
18489,5.000000000000e-03,2.000000000000e-02,1000,23
18490,5.000000000000e-03,2.000000000000e-02,1000,17
18491,5.000000000000e-03,2.000000000000e-02,1000,27
18492,5.000000000000e-03,2.000000000000e-02,1000,18
18493,5.000000000000e-03,2.000000000000e-02,1000,22
18494,5.000000000000e-03,2.000000000000e-02,1000,30
18495,5.000000000000e-03,2.000000000000e-02,1000,21
18496,5.000000000000e-03,2.000000000000e-02,1000,21
18497,5.000000000000e-03,2.000000000000e-02,1000,26
18498,5.000000000000e-03,2.000000000000e-02,1000,33
18499,5.000000000000e-03,2.000000000000e-02,1000,26
18500,5.000000000000e-03,2.000000000000e-02,1000,17
18501,5.000000000000e-03,2.000000000000e-02,1000,19
18502,5.000000000000e-03,2.000000000000e-02,1000,23
18503,5.000000000000e-03,2.000000000000e-02,1000,22
18504,5.000000000000e-03,2.000000000000e-02,1000,29
18505,5.000000000000e-03,2.000000000000e-02,1000,23
18506,5.000000000000e-03,2.000000000000e-02,1000,25
18507,5.000000000000e-03,2.000000000000e-02,1000,24
18508,5.000000000000e-03,2.000000000000e-02,1000,24
18509,5.000000000000e-03,2.000000000000e-02,1000,28
18510,5.000000000000e-03,2.000000000000e-02,1000,26
18511,5.000000000000e-03,2.000000000000e-02,1000,14
18512,5.000000000000e-03,2.000000000000e-02,1000,20
18513,5.000000000000e-03,2.000000000000e-02,1000,26
18514,5.000000000000e-03,2.000000000000e-02,1000,20
18515,5.000000000000e-03,2.000000000000e-02,1000,25
18516,5.000000000000e-03,2.000000000000e-02,1000,23
18517,5.000000000000e-03,2.000000000000e-02,1000,28
18518,5.000000000000e-03,2.000000000000e-02,1000,24
18519,5.000000000000e-03,2.000000000000e-02,1000,35
18520,5.000000000000e-03,2.000000000000e-02,1000,25
18521,5.000000000000e-03,2.000000000000e-02,1000,19
18522,5.000000000000e-03,2.000000000000e-02,1000,24
18523,5.000000000000e-03,2.000000000000e-02,1000,20
18524,5.000000000000e-03,2.000000000000e-02,1000,25
18525,5.000000000000e-03,2.000000000000e-02,1000,25
18526,5.000000000000e-03,2.000000000000e-02,1000,18
18527,5.000000000000e-03,2.000000000000e-02,1000,21
18528,5.000000000000e-03,2.000000000000e-02,1000,16
18529,5.000000000000e-03,2.000000000000e-02,1000,15
18530,5.000000000000e-03,2.000000000000e-02,1000,15
18531,5.000000000000e-03,2.000000000000e-02,1000,23
18532,5.000000000000e-03,2.000000000000e-02,1000,22
18533,5.000000000000e-03,2.000000000000e-02,1000,22
18534,5.000000000000e-03,2.000000000000e-02,1000,19
18535,5.000000000000e-03,2.000000000000e-02,1000,28
18536,5.000000000000e-03,2.000000000000e-02,1000,32
18537,5.000000000000e-03,2.000000000000e-02,1000,15
18538,5.000000000000e-03,2.000000000000e-02,1000,22
18539,5.000000000000e-03,2.000000000000e-02,1000,21
18540,5.000000000000e-03,2.000000000000e-02,1000,23
18541,5.000000000000e-03,2.000000000000e-02,1000,20
18542,5.000000000000e-03,2.000000000000e-02,1000,27
18543,5.000000000000e-03,2.000000000000e-02,1000,23
18544,5.000000000000e-03,2.000000000000e-02,1000,21
18545,5.000000000000e-03,2.000000000000e-02,1000,19
18546,5.000000000000e-03,2.000000000000e-02,1000,20
18547,5.000000000000e-03,2.000000000000e-02,1000,19
18548,5.000000000000e-03,2.000000000000e-02,1000,12
18549,5.000000000000e-03,2.000000000000e-02,1000,20
18550,5.000000000000e-03,2.000000000000e-02,1000,25
18551,5.000000000000e-03,2.000000000000e-02,1000,25
18552,5.000000000000e-03,2.000000000000e-02,1000,22
18553,5.000000000000e-03,2.000000000000e-02,1000,26
18554,5.000000000000e-03,2.000000000000e-02,1000,26
18555,5.000000000000e-03,2.000000000000e-02,1000,18
18556,5.000000000000e-03,2.000000000000e-02,1000,20
18557,5.000000000000e-03,2.000000000000e-02,1000,21
18558,5.000000000000e-03,2.000000000000e-02,1000,18
18559,5.000000000000e-03,2.000000000000e-02,1000,21
18560,5.000000000000e-03,2.000000000000e-02,1000,19
18561,5.000000000000e-03,2.000000000000e-02,1000,22
18562,5.000000000000e-03,2.000000000000e-02,1000,15
18563,5.000000000000e-03,2.000000000000e-02,1000,21
18564,5.000000000000e-03,2.000000000000e-02,1000,17
18565,5.000000000000e-03,2.000000000000e-02,1000,22
18566,5.000000000000e-03,2.000000000000e-02,1000,21
18567,5.000000000000e-03,2.000000000000e-02,1000,18
18568,5.000000000000e-03,2.000000000000e-02,1000,28
18569,5.000000000000e-03,2.000000000000e-02,1000,11
18570,5.000000000000e-03,2.000000000000e-02,1000,24
18571,5.000000000000e-03,2.000000000000e-02,1000,29
18572,5.000000000000e-03,2.000000000000e-02,1000,25
18573,5.000000000000e-03,2.000000000000e-02,1000,22
18574,5.000000000000e-03,2.000000000000e-02,1000,27
18575,5.000000000000e-03,2.000000000000e-02,1000,17
18576,5.000000000000e-03,2.000000000000e-02,1000,18
18577,5.000000000000e-03,2.000000000000e-02,1000,31
18578,5.000000000000e-03,2.000000000000e-02,1000,16
18579,5.000000000000e-03,2.000000000000e-02,1000,21
18580,5.000000000000e-03,2.000000000000e-02,1000,17
18581,5.000000000000e-03,2.000000000000e-02,1000,30
18582,5.000000000000e-03,2.000000000000e-02,1000,19
18583,5.000000000000e-03,2.000000000000e-02,1000,13
18584,5.000000000000e-03,2.000000000000e-02,1000,18
18585,5.000000000000e-03,2.000000000000e-02,1000,30
18586,5.000000000000e-03,2.000000000000e-02,1000,12
18587,5.000000000000e-03,2.000000000000e-02,1000,19
18588,5.000000000000e-03,2.000000000000e-02,1000,27
18589,5.000000000000e-03,2.000000000000e-02,1000,21
18590,5.000000000000e-03,2.000000000000e-02,1000,19
18591,5.000000000000e-03,2.000000000000e-02,1000,22
18592,5.000000000000e-03,2.000000000000e-02,1000,28
18593,5.000000000000e-03,2.000000000000e-02,1000,23
18594,5.000000000000e-03,2.000000000000e-02,1000,21
18595,5.000000000000e-03,2.000000000000e-02,1000,20
18596,5.000000000000e-03,2.000000000000e-02,1000,22
18597,5.000000000000e-03,2.000000000000e-02,1000,17
18598,5.000000000000e-03,2.000000000000e-02,1000,21
18599,5.000000000000e-03,2.000000000000e-02,1000,14
18600,5.000000000000e-03,2.000000000000e-02,1000,29
18601,5.000000000000e-03,2.000000000000e-02,1000,22
18602,5.000000000000e-03,2.000000000000e-02,1000,20
18603,5.000000000000e-03,2.000000000000e-02,1000,17
18604,5.000000000000e-03,2.000000000000e-02,1000,19
18605,5.000000000000e-03,2.000000000000e-02,1000,12
18606,5.000000000000e-03,2.000000000000e-02,1000,17
18607,5.000000000000e-03,2.000000000000e-02,1000,21
18608,5.000000000000e-03,2.000000000000e-02,1000,23
18609,5.000000000000e-03,2.000000000000e-02,1000,23
18610,5.000000000000e-03,2.000000000000e-02,1000,17
18611,5.000000000000e-03,2.000000000000e-02,1000,20
18612,5.000000000000e-03,2.000000000000e-02,1000,18
18613,5.000000000000e-03,2.000000000000e-02,1000,18
18614,5.000000000000e-03,2.000000000000e-02,1000,17
18615,5.000000000000e-03,2.000000000000e-02,1000,26
18616,5.000000000000e-03,2.000000000000e-02,1000,17
18617,5.000000000000e-03,2.000000000000e-02,1000,22
18618,5.000000000000e-03,2.000000000000e-02,1000,18
18619,5.000000000000e-03,2.000000000000e-02,1000,20
18620,5.000000000000e-03,2.000000000000e-02,1000,24
18621,5.000000000000e-03,2.000000000000e-02,1000,27
18622,5.000000000000e-03,2.000000000000e-02,1000,17
18623,5.000000000000e-03,2.000000000000e-02,1000,18
18624,5.000000000000e-03,2.000000000000e-02,1000,24
18625,5.000000000000e-03,2.000000000000e-02,1000,17
18626,5.000000000000e-03,2.000000000000e-02,1000,17
18627,5.000000000000e-03,2.000000000000e-02,1000,12
18628,5.000000000000e-03,2.000000000000e-02,1000,24
18629,5.000000000000e-03,2.000000000000e-02,1000,27
18630,5.000000000000e-03,2.000000000000e-02,1000,20
18631,5.000000000000e-03,2.000000000000e-02,1000,28
18632,5.000000000000e-03,2.000000000000e-02,1000,31
18633,5.000000000000e-03,2.000000000000e-02,1000,27
18634,5.000000000000e-03,2.000000000000e-02,1000,21
18635,5.000000000000e-03,2.000000000000e-02,1000,24
18636,5.000000000000e-03,2.000000000000e-02,1000,14
18637,5.000000000000e-03,2.000000000000e-02,1000,17
18638,5.000000000000e-03,2.000000000000e-02,1000,35
18639,5.000000000000e-03,2.000000000000e-02,1000,29
18640,5.000000000000e-03,2.000000000000e-02,1000,19
18641,5.000000000000e-03,2.000000000000e-02,1000,19
18642,5.000000000000e-03,2.000000000000e-02,1000,27
18643,5.000000000000e-03,2.000000000000e-02,1000,33
18644,5.000000000000e-03,2.000000000000e-02,1000,12
18645,5.000000000000e-03,2.000000000000e-02,1000,25
18646,5.000000000000e-03,2.000000000000e-02,1000,19
18647,5.000000000000e-03,2.000000000000e-02,1000,17
18648,5.000000000000e-03,2.000000000000e-02,1000,23
18649,5.000000000000e-03,2.000000000000e-02,1000,21
18650,5.000000000000e-03,2.000000000000e-02,1000,26
18651,5.000000000000e-03,2.000000000000e-02,1000,15
18652,5.000000000000e-03,2.000000000000e-02,1000,21
18653,5.000000000000e-03,2.000000000000e-02,1000,17
18654,5.000000000000e-03,2.000000000000e-02,1000,29
18655,5.000000000000e-03,2.000000000000e-02,1000,22
18656,5.000000000000e-03,2.000000000000e-02,1000,23
18657,5.000000000000e-03,2.000000000000e-02,1000,25
18658,5.000000000000e-03,2.000000000000e-02,1000,24
18659,5.000000000000e-03,2.000000000000e-02,1000,21
18660,5.000000000000e-03,2.000000000000e-02,1000,20
18661,5.000000000000e-03,2.000000000000e-02,1000,28
18662,5.000000000000e-03,2.000000000000e-02,1000,24
18663,5.000000000000e-03,2.000000000000e-02,1000,19
18664,5.000000000000e-03,2.000000000000e-02,1000,24
18665,5.000000000000e-03,2.000000000000e-02,1000,15
18666,5.000000000000e-03,2.000000000000e-02,1000,24
18667,5.000000000000e-03,2.000000000000e-02,1000,24
18668,5.000000000000e-03,2.000000000000e-02,1000,21
18669,5.000000000000e-03,2.000000000000e-02,1000,22
18670,5.000000000000e-03,2.000000000000e-02,1000,21
18671,5.000000000000e-03,2.000000000000e-02,1000,14
18672,5.000000000000e-03,2.000000000000e-02,1000,12
18673,5.000000000000e-03,2.000000000000e-02,1000,29
18674,5.000000000000e-03,2.000000000000e-02,1000,10
18675,5.000000000000e-03,2.000000000000e-02,1000,22
18676,5.000000000000e-03,2.000000000000e-02,1000,21
18677,5.000000000000e-03,2.000000000000e-02,1000,27
18678,5.000000000000e-03,2.000000000000e-02,1000,25
18679,5.000000000000e-03,2.000000000000e-02,1000,23
18680,5.000000000000e-03,2.000000000000e-02,1000,13
18681,5.000000000000e-03,2.000000000000e-02,1000,26
18682,5.000000000000e-03,2.000000000000e-02,1000,18
18683,5.000000000000e-03,2.000000000000e-02,1000,22
18684,5.000000000000e-03,2.000000000000e-02,1000,26
18685,5.000000000000e-03,2.000000000000e-02,1000,18
18686,5.000000000000e-03,2.000000000000e-02,1000,23
18687,5.000000000000e-03,2.000000000000e-02,1000,22
18688,5.000000000000e-03,2.000000000000e-02,1000,31
18689,5.000000000000e-03,2.000000000000e-02,1000,23
18690,5.000000000000e-03,2.000000000000e-02,1000,28
18691,5.000000000000e-03,2.000000000000e-02,1000,18
18692,5.000000000000e-03,2.000000000000e-02,1000,22
18693,5.000000000000e-03,2.000000000000e-02,1000,28
18694,5.000000000000e-03,2.000000000000e-02,1000,25
18695,5.000000000000e-03,2.000000000000e-02,1000,22
18696,5.000000000000e-03,2.000000000000e-02,1000,23
18697,5.000000000000e-03,2.000000000000e-02,1000,24
18698,5.000000000000e-03,2.000000000000e-02,1000,18
18699,5.000000000000e-03,2.000000000000e-02,1000,20
18700,5.000000000000e-03,2.000000000000e-02,1000,16
18701,5.000000000000e-03,2.000000000000e-02,1000,23
18702,5.000000000000e-03,2.000000000000e-02,1000,16
18703,5.000000000000e-03,2.000000000000e-02,1000,25
18704,5.000000000000e-03,2.000000000000e-02,1000,17
18705,5.000000000000e-03,2.000000000000e-02,1000,31
18706,5.000000000000e-03,2.000000000000e-02,1000,25
18707,5.000000000000e-03,2.000000000000e-02,1000,20
18708,5.000000000000e-03,2.000000000000e-02,1000,22
18709,5.000000000000e-03,2.000000000000e-02,1000,27
18710,5.000000000000e-03,2.000000000000e-02,1000,19
18711,5.000000000000e-03,2.000000000000e-02,1000,18
18712,5.000000000000e-03,2.000000000000e-02,1000,22
18713,5.000000000000e-03,2.000000000000e-02,1000,21
18714,5.000000000000e-03,2.000000000000e-02,1000,15
18715,5.000000000000e-03,2.000000000000e-02,1000,26
18716,5.000000000000e-03,2.000000000000e-02,1000,26
18717,5.000000000000e-03,2.000000000000e-02,1000,26
18718,5.000000000000e-03,2.000000000000e-02,1000,22
18719,5.000000000000e-03,2.000000000000e-02,1000,23
18720,5.000000000000e-03,2.000000000000e-02,1000,23
18721,5.000000000000e-03,2.000000000000e-02,1000,14
18722,5.000000000000e-03,2.000000000000e-02,1000,26
18723,5.000000000000e-03,2.000000000000e-02,1000,20
18724,5.000000000000e-03,2.000000000000e-02,1000,25
18725,5.000000000000e-03,2.000000000000e-02,1000,19
18726,5.000000000000e-03,2.000000000000e-02,1000,16
18727,5.000000000000e-03,2.000000000000e-02,1000,19
18728,5.000000000000e-03,2.000000000000e-02,1000,21
18729,5.000000000000e-03,2.000000000000e-02,1000,17
18730,5.000000000000e-03,2.000000000000e-02,1000,20
18731,5.000000000000e-03,2.000000000000e-02,1000,20
18732,5.000000000000e-03,2.000000000000e-02,1000,14
18733,5.000000000000e-03,2.000000000000e-02,1000,26
18734,5.000000000000e-03,2.000000000000e-02,1000,35
18735,5.000000000000e-03,2.000000000000e-02,1000,17
18736,5.000000000000e-03,2.000000000000e-02,1000,20
18737,5.000000000000e-03,2.000000000000e-02,1000,17
18738,5.000000000000e-03,2.000000000000e-02,1000,20
18739,5.000000000000e-03,2.000000000000e-02,1000,15
18740,5.000000000000e-03,2.000000000000e-02,1000,26
18741,5.000000000000e-03,2.000000000000e-02,1000,22
18742,5.000000000000e-03,2.000000000000e-02,1000,23
18743,5.000000000000e-03,2.000000000000e-02,1000,26
18744,5.000000000000e-03,2.000000000000e-02,1000,25
18745,5.000000000000e-03,2.000000000000e-02,1000,18
18746,5.000000000000e-03,2.000000000000e-02,1000,16
18747,5.000000000000e-03,2.000000000000e-02,1000,20
18748,5.000000000000e-03,2.000000000000e-02,1000,22
18749,5.000000000000e-03,2.000000000000e-02,1000,25
18750,5.000000000000e-03,2.000000000000e-02,1000,19
18751,5.000000000000e-03,2.000000000000e-02,1000,14
18752,5.000000000000e-03,2.000000000000e-02,1000,25
18753,5.000000000000e-03,2.000000000000e-02,1000,22
18754,5.000000000000e-03,2.000000000000e-02,1000,11
18755,5.000000000000e-03,2.000000000000e-02,1000,22
18756,5.000000000000e-03,2.000000000000e-02,1000,17
18757,5.000000000000e-03,2.000000000000e-02,1000,17
18758,5.000000000000e-03,2.000000000000e-02,1000,22
18759,5.000000000000e-03,2.000000000000e-02,1000,15
18760,5.000000000000e-03,2.000000000000e-02,1000,19
18761,5.000000000000e-03,2.000000000000e-02,1000,25
18762,5.000000000000e-03,2.000000000000e-02,1000,25
18763,5.000000000000e-03,2.000000000000e-02,1000,24
18764,5.000000000000e-03,2.000000000000e-02,1000,24
18765,5.000000000000e-03,2.000000000000e-02,1000,25
18766,5.000000000000e-03,2.000000000000e-02,1000,14
18767,5.000000000000e-03,2.000000000000e-02,1000,19
18768,5.000000000000e-03,2.000000000000e-02,1000,23
18769,5.000000000000e-03,2.000000000000e-02,1000,20
18770,5.000000000000e-03,2.000000000000e-02,1000,18
18771,5.000000000000e-03,2.000000000000e-02,1000,20
18772,5.000000000000e-03,2.000000000000e-02,1000,13
18773,5.000000000000e-03,2.000000000000e-02,1000,16
18774,5.000000000000e-03,2.000000000000e-02,1000,20
18775,5.000000000000e-03,2.000000000000e-02,1000,23
18776,5.000000000000e-03,2.000000000000e-02,1000,25
18777,5.000000000000e-03,2.000000000000e-02,1000,25
18778,5.000000000000e-03,2.000000000000e-02,1000,16
18779,5.000000000000e-03,2.000000000000e-02,1000,22
18780,5.000000000000e-03,2.000000000000e-02,1000,28
18781,5.000000000000e-03,2.000000000000e-02,1000,21
18782,5.000000000000e-03,2.000000000000e-02,1000,23
18783,5.000000000000e-03,2.000000000000e-02,1000,16
18784,5.000000000000e-03,2.000000000000e-02,1000,22
18785,5.000000000000e-03,2.000000000000e-02,1000,20
18786,5.000000000000e-03,2.000000000000e-02,1000,27
18787,5.000000000000e-03,2.000000000000e-02,1000,18
18788,5.000000000000e-03,2.000000000000e-02,1000,21
18789,5.000000000000e-03,2.000000000000e-02,1000,21
18790,5.000000000000e-03,2.000000000000e-02,1000,22
18791,5.000000000000e-03,2.000000000000e-02,1000,15
18792,5.000000000000e-03,2.000000000000e-02,1000,20
18793,5.000000000000e-03,2.000000000000e-02,1000,24
18794,5.000000000000e-03,2.000000000000e-02,1000,15
18795,5.000000000000e-03,2.000000000000e-02,1000,22
18796,5.000000000000e-03,2.000000000000e-02,1000,18
18797,5.000000000000e-03,2.000000000000e-02,1000,13
18798,5.000000000000e-03,2.000000000000e-02,1000,12
18799,5.000000000000e-03,2.000000000000e-02,1000,18
18800,5.000000000000e-03,2.000000000000e-02,1000,19
18801,5.000000000000e-03,2.000000000000e-02,2000,56
18802,5.000000000000e-03,2.000000000000e-02,2000,42
18803,5.000000000000e-03,2.000000000000e-02,2000,39
18804,5.000000000000e-03,2.000000000000e-02,2000,35
18805,5.000000000000e-03,2.000000000000e-02,2000,50
18806,5.000000000000e-03,2.000000000000e-02,2000,41
18807,5.000000000000e-03,2.000000000000e-02,2000,55
18808,5.000000000000e-03,2.000000000000e-02,2000,50
18809,5.000000000000e-03,2.000000000000e-02,2000,56
18810,5.000000000000e-03,2.000000000000e-02,2000,41
18811,5.000000000000e-03,2.000000000000e-02,2000,38
18812,5.000000000000e-03,2.000000000000e-02,2000,43
18813,5.000000000000e-03,2.000000000000e-02,2000,42
18814,5.000000000000e-03,2.000000000000e-02,2000,27
18815,5.000000000000e-03,2.000000000000e-02,2000,36
18816,5.000000000000e-03,2.000000000000e-02,2000,49
18817,5.000000000000e-03,2.000000000000e-02,2000,38
18818,5.000000000000e-03,2.000000000000e-02,2000,39
18819,5.000000000000e-03,2.000000000000e-02,2000,38
18820,5.000000000000e-03,2.000000000000e-02,2000,43
18821,5.000000000000e-03,2.000000000000e-02,2000,41
18822,5.000000000000e-03,2.000000000000e-02,2000,39
18823,5.000000000000e-03,2.000000000000e-02,2000,44
18824,5.000000000000e-03,2.000000000000e-02,2000,34
18825,5.000000000000e-03,2.000000000000e-02,2000,42
18826,5.000000000000e-03,2.000000000000e-02,2000,44
18827,5.000000000000e-03,2.000000000000e-02,2000,35
18828,5.000000000000e-03,2.000000000000e-02,2000,34
18829,5.000000000000e-03,2.000000000000e-02,2000,42
18830,5.000000000000e-03,2.000000000000e-02,2000,54
18831,5.000000000000e-03,2.000000000000e-02,2000,49
18832,5.000000000000e-03,2.000000000000e-02,2000,44
18833,5.000000000000e-03,2.000000000000e-02,2000,49
18834,5.000000000000e-03,2.000000000000e-02,2000,35
18835,5.000000000000e-03,2.000000000000e-02,2000,44
18836,5.000000000000e-03,2.000000000000e-02,2000,47
18837,5.000000000000e-03,2.000000000000e-02,2000,44
18838,5.000000000000e-03,2.000000000000e-02,2000,31
18839,5.000000000000e-03,2.000000000000e-02,2000,41
18840,5.000000000000e-03,2.000000000000e-02,2000,36
18841,5.000000000000e-03,2.000000000000e-02,2000,40
18842,5.000000000000e-03,2.000000000000e-02,2000,45
18843,5.000000000000e-03,2.000000000000e-02,2000,45
18844,5.000000000000e-03,2.000000000000e-02,2000,37
18845,5.000000000000e-03,2.000000000000e-02,2000,35
18846,5.000000000000e-03,2.000000000000e-02,2000,38
18847,5.000000000000e-03,2.000000000000e-02,2000,42
18848,5.000000000000e-03,2.000000000000e-02,2000,43
18849,5.000000000000e-03,2.000000000000e-02,2000,34
18850,5.000000000000e-03,2.000000000000e-02,2000,34
18851,5.000000000000e-03,2.000000000000e-02,2000,48
18852,5.000000000000e-03,2.000000000000e-02,2000,37
18853,5.000000000000e-03,2.000000000000e-02,2000,54
18854,5.000000000000e-03,2.000000000000e-02,2000,35
18855,5.000000000000e-03,2.000000000000e-02,2000,40
18856,5.000000000000e-03,2.000000000000e-02,2000,56
18857,5.000000000000e-03,2.000000000000e-02,2000,47
18858,5.000000000000e-03,2.000000000000e-02,2000,49
18859,5.000000000000e-03,2.000000000000e-02,2000,44
18860,5.000000000000e-03,2.000000000000e-02,2000,54
18861,5.000000000000e-03,2.000000000000e-02,2000,46
18862,5.000000000000e-03,2.000000000000e-02,2000,44
18863,5.000000000000e-03,2.000000000000e-02,2000,33
18864,5.000000000000e-03,2.000000000000e-02,2000,52
18865,5.000000000000e-03,2.000000000000e-02,2000,46
18866,5.000000000000e-03,2.000000000000e-02,2000,44
18867,5.000000000000e-03,2.000000000000e-02,2000,48
18868,5.000000000000e-03,2.000000000000e-02,2000,39
18869,5.000000000000e-03,2.000000000000e-02,2000,40
18870,5.000000000000e-03,2.000000000000e-02,2000,53
18871,5.000000000000e-03,2.000000000000e-02,2000,51
18872,5.000000000000e-03,2.000000000000e-02,2000,39
18873,5.000000000000e-03,2.000000000000e-02,2000,47
18874,5.000000000000e-03,2.000000000000e-02,2000,53
18875,5.000000000000e-03,2.000000000000e-02,2000,45
18876,5.000000000000e-03,2.000000000000e-02,2000,43
18877,5.000000000000e-03,2.000000000000e-02,2000,38
18878,5.000000000000e-03,2.000000000000e-02,2000,45
18879,5.000000000000e-03,2.000000000000e-02,2000,48
18880,5.000000000000e-03,2.000000000000e-02,2000,43
18881,5.000000000000e-03,2.000000000000e-02,2000,37
18882,5.000000000000e-03,2.000000000000e-02,2000,59
18883,5.000000000000e-03,2.000000000000e-02,2000,46
18884,5.000000000000e-03,2.000000000000e-02,2000,47
18885,5.000000000000e-03,2.000000000000e-02,2000,55
18886,5.000000000000e-03,2.000000000000e-02,2000,28
18887,5.000000000000e-03,2.000000000000e-02,2000,39
18888,5.000000000000e-03,2.000000000000e-02,2000,33
18889,5.000000000000e-03,2.000000000000e-02,2000,42
18890,5.000000000000e-03,2.000000000000e-02,2000,47
18891,5.000000000000e-03,2.000000000000e-02,2000,37
18892,5.000000000000e-03,2.000000000000e-02,2000,47
18893,5.000000000000e-03,2.000000000000e-02,2000,62
18894,5.000000000000e-03,2.000000000000e-02,2000,27
18895,5.000000000000e-03,2.000000000000e-02,2000,41
18896,5.000000000000e-03,2.000000000000e-02,2000,45
18897,5.000000000000e-03,2.000000000000e-02,2000,48
18898,5.000000000000e-03,2.000000000000e-02,2000,43
18899,5.000000000000e-03,2.000000000000e-02,2000,51
18900,5.000000000000e-03,2.000000000000e-02,2000,45
18901,5.000000000000e-03,2.000000000000e-02,2000,51
18902,5.000000000000e-03,2.000000000000e-02,2000,43
18903,5.000000000000e-03,2.000000000000e-02,2000,50
18904,5.000000000000e-03,2.000000000000e-02,2000,57
18905,5.000000000000e-03,2.000000000000e-02,2000,37
18906,5.000000000000e-03,2.000000000000e-02,2000,45
18907,5.000000000000e-03,2.000000000000e-02,2000,49
18908,5.000000000000e-03,2.000000000000e-02,2000,47
18909,5.000000000000e-03,2.000000000000e-02,2000,45
18910,5.000000000000e-03,2.000000000000e-02,2000,37
18911,5.000000000000e-03,2.000000000000e-02,2000,65
18912,5.000000000000e-03,2.000000000000e-02,2000,35
18913,5.000000000000e-03,2.000000000000e-02,2000,46
18914,5.000000000000e-03,2.000000000000e-02,2000,40
18915,5.000000000000e-03,2.000000000000e-02,2000,43
18916,5.000000000000e-03,2.000000000000e-02,2000,54
18917,5.000000000000e-03,2.000000000000e-02,2000,28
18918,5.000000000000e-03,2.000000000000e-02,2000,40
18919,5.000000000000e-03,2.000000000000e-02,2000,43
18920,5.000000000000e-03,2.000000000000e-02,2000,34
18921,5.000000000000e-03,2.000000000000e-02,2000,46
18922,5.000000000000e-03,2.000000000000e-02,2000,59
18923,5.000000000000e-03,2.000000000000e-02,2000,44
18924,5.000000000000e-03,2.000000000000e-02,2000,40
18925,5.000000000000e-03,2.000000000000e-02,2000,43
18926,5.000000000000e-03,2.000000000000e-02,2000,49
18927,5.000000000000e-03,2.000000000000e-02,2000,43
18928,5.000000000000e-03,2.000000000000e-02,2000,38
18929,5.000000000000e-03,2.000000000000e-02,2000,41
18930,5.000000000000e-03,2.000000000000e-02,2000,47
18931,5.000000000000e-03,2.000000000000e-02,2000,39
18932,5.000000000000e-03,2.000000000000e-02,2000,42
18933,5.000000000000e-03,2.000000000000e-02,2000,34
18934,5.000000000000e-03,2.000000000000e-02,2000,61
18935,5.000000000000e-03,2.000000000000e-02,2000,47
18936,5.000000000000e-03,2.000000000000e-02,2000,48
18937,5.000000000000e-03,2.000000000000e-02,2000,42
18938,5.000000000000e-03,2.000000000000e-02,2000,51
18939,5.000000000000e-03,2.000000000000e-02,2000,44
18940,5.000000000000e-03,2.000000000000e-02,2000,56
18941,5.000000000000e-03,2.000000000000e-02,2000,47
18942,5.000000000000e-03,2.000000000000e-02,2000,26
18943,5.000000000000e-03,2.000000000000e-02,2000,41
18944,5.000000000000e-03,2.000000000000e-02,2000,39
18945,5.000000000000e-03,2.000000000000e-02,2000,44
18946,5.000000000000e-03,2.000000000000e-02,2000,35
18947,5.000000000000e-03,2.000000000000e-02,2000,42
18948,5.000000000000e-03,2.000000000000e-02,2000,32
18949,5.000000000000e-03,2.000000000000e-02,2000,43
18950,5.000000000000e-03,2.000000000000e-02,2000,43
18951,5.000000000000e-03,2.000000000000e-02,2000,32
18952,5.000000000000e-03,2.000000000000e-02,2000,37
18953,5.000000000000e-03,2.000000000000e-02,2000,37
18954,5.000000000000e-03,2.000000000000e-02,2000,49
18955,5.000000000000e-03,2.000000000000e-02,2000,48
18956,5.000000000000e-03,2.000000000000e-02,2000,37
18957,5.000000000000e-03,2.000000000000e-02,2000,36
18958,5.000000000000e-03,2.000000000000e-02,2000,35
18959,5.000000000000e-03,2.000000000000e-02,2000,38
18960,5.000000000000e-03,2.000000000000e-02,2000,49
18961,5.000000000000e-03,2.000000000000e-02,2000,51
18962,5.000000000000e-03,2.000000000000e-02,2000,40
18963,5.000000000000e-03,2.000000000000e-02,2000,39
18964,5.000000000000e-03,2.000000000000e-02,2000,39
18965,5.000000000000e-03,2.000000000000e-02,2000,44
18966,5.000000000000e-03,2.000000000000e-02,2000,57
18967,5.000000000000e-03,2.000000000000e-02,2000,35
18968,5.000000000000e-03,2.000000000000e-02,2000,41
18969,5.000000000000e-03,2.000000000000e-02,2000,42
18970,5.000000000000e-03,2.000000000000e-02,2000,40
18971,5.000000000000e-03,2.000000000000e-02,2000,40
18972,5.000000000000e-03,2.000000000000e-02,2000,34
18973,5.000000000000e-03,2.000000000000e-02,2000,43
18974,5.000000000000e-03,2.000000000000e-02,2000,50
18975,5.000000000000e-03,2.000000000000e-02,2000,44
18976,5.000000000000e-03,2.000000000000e-02,2000,49
18977,5.000000000000e-03,2.000000000000e-02,2000,39
18978,5.000000000000e-03,2.000000000000e-02,2000,42
18979,5.000000000000e-03,2.000000000000e-02,2000,38
18980,5.000000000000e-03,2.000000000000e-02,2000,44
18981,5.000000000000e-03,2.000000000000e-02,2000,44
18982,5.000000000000e-03,2.000000000000e-02,2000,34
18983,5.000000000000e-03,2.000000000000e-02,2000,39
18984,5.000000000000e-03,2.000000000000e-02,2000,48
18985,5.000000000000e-03,2.000000000000e-02,2000,40
18986,5.000000000000e-03,2.000000000000e-02,2000,46
18987,5.000000000000e-03,2.000000000000e-02,2000,49
18988,5.000000000000e-03,2.000000000000e-02,2000,47
18989,5.000000000000e-03,2.000000000000e-02,2000,40
18990,5.000000000000e-03,2.000000000000e-02,2000,34
18991,5.000000000000e-03,2.000000000000e-02,2000,53
18992,5.000000000000e-03,2.000000000000e-02,2000,34
18993,5.000000000000e-03,2.000000000000e-02,2000,45
18994,5.000000000000e-03,2.000000000000e-02,2000,51
18995,5.000000000000e-03,2.000000000000e-02,2000,46
18996,5.000000000000e-03,2.000000000000e-02,2000,44
18997,5.000000000000e-03,2.000000000000e-02,2000,40
18998,5.000000000000e-03,2.000000000000e-02,2000,50
18999,5.000000000000e-03,2.000000000000e-02,2000,46
19000,5.000000000000e-03,2.000000000000e-02,2000,36
19001,5.000000000000e-03,2.000000000000e-02,2000,55
19002,5.000000000000e-03,2.000000000000e-02,2000,62
19003,5.000000000000e-03,2.000000000000e-02,2000,43
19004,5.000000000000e-03,2.000000000000e-02,2000,38
19005,5.000000000000e-03,2.000000000000e-02,2000,48
19006,5.000000000000e-03,2.000000000000e-02,2000,36
19007,5.000000000000e-03,2.000000000000e-02,2000,29
19008,5.000000000000e-03,2.000000000000e-02,2000,34
19009,5.000000000000e-03,2.000000000000e-02,2000,33
19010,5.000000000000e-03,2.000000000000e-02,2000,36
19011,5.000000000000e-03,2.000000000000e-02,2000,55
19012,5.000000000000e-03,2.000000000000e-02,2000,40
19013,5.000000000000e-03,2.000000000000e-02,2000,45
19014,5.000000000000e-03,2.000000000000e-02,2000,36
19015,5.000000000000e-03,2.000000000000e-02,2000,38
19016,5.000000000000e-03,2.000000000000e-02,2000,42
19017,5.000000000000e-03,2.000000000000e-02,2000,52
19018,5.000000000000e-03,2.000000000000e-02,2000,31
19019,5.000000000000e-03,2.000000000000e-02,2000,46
19020,5.000000000000e-03,2.000000000000e-02,2000,31
19021,5.000000000000e-03,2.000000000000e-02,2000,38
19022,5.000000000000e-03,2.000000000000e-02,2000,51
19023,5.000000000000e-03,2.000000000000e-02,2000,37
19024,5.000000000000e-03,2.000000000000e-02,2000,50
19025,5.000000000000e-03,2.000000000000e-02,2000,46
19026,5.000000000000e-03,2.000000000000e-02,2000,46
19027,5.000000000000e-03,2.000000000000e-02,2000,63
19028,5.000000000000e-03,2.000000000000e-02,2000,46
19029,5.000000000000e-03,2.000000000000e-02,2000,53
19030,5.000000000000e-03,2.000000000000e-02,2000,46
19031,5.000000000000e-03,2.000000000000e-02,2000,33
19032,5.000000000000e-03,2.000000000000e-02,2000,34
19033,5.000000000000e-03,2.000000000000e-02,2000,39
19034,5.000000000000e-03,2.000000000000e-02,2000,37
19035,5.000000000000e-03,2.000000000000e-02,2000,45
19036,5.000000000000e-03,2.000000000000e-02,2000,46
19037,5.000000000000e-03,2.000000000000e-02,2000,44
19038,5.000000000000e-03,2.000000000000e-02,2000,37
19039,5.000000000000e-03,2.000000000000e-02,2000,39
19040,5.000000000000e-03,2.000000000000e-02,2000,45
19041,5.000000000000e-03,2.000000000000e-02,2000,41
19042,5.000000000000e-03,2.000000000000e-02,2000,37
19043,5.000000000000e-03,2.000000000000e-02,2000,47
19044,5.000000000000e-03,2.000000000000e-02,2000,36
19045,5.000000000000e-03,2.000000000000e-02,2000,52
19046,5.000000000000e-03,2.000000000000e-02,2000,45
19047,5.000000000000e-03,2.000000000000e-02,2000,42
19048,5.000000000000e-03,2.000000000000e-02,2000,33
19049,5.000000000000e-03,2.000000000000e-02,2000,53
19050,5.000000000000e-03,2.000000000000e-02,2000,39
19051,5.000000000000e-03,2.000000000000e-02,2000,45
19052,5.000000000000e-03,2.000000000000e-02,2000,46
19053,5.000000000000e-03,2.000000000000e-02,2000,46
19054,5.000000000000e-03,2.000000000000e-02,2000,42
19055,5.000000000000e-03,2.000000000000e-02,2000,45
19056,5.000000000000e-03,2.000000000000e-02,2000,46
19057,5.000000000000e-03,2.000000000000e-02,2000,47
19058,5.000000000000e-03,2.000000000000e-02,2000,45
19059,5.000000000000e-03,2.000000000000e-02,2000,49
19060,5.000000000000e-03,2.000000000000e-02,2000,43
19061,5.000000000000e-03,2.000000000000e-02,2000,39
19062,5.000000000000e-03,2.000000000000e-02,2000,30
19063,5.000000000000e-03,2.000000000000e-02,2000,34
19064,5.000000000000e-03,2.000000000000e-02,2000,42
19065,5.000000000000e-03,2.000000000000e-02,2000,39
19066,5.000000000000e-03,2.000000000000e-02,2000,47
19067,5.000000000000e-03,2.000000000000e-02,2000,40
19068,5.000000000000e-03,2.000000000000e-02,2000,35
19069,5.000000000000e-03,2.000000000000e-02,2000,51
19070,5.000000000000e-03,2.000000000000e-02,2000,49
19071,5.000000000000e-03,2.000000000000e-02,2000,44
19072,5.000000000000e-03,2.000000000000e-02,2000,47
19073,5.000000000000e-03,2.000000000000e-02,2000,44
19074,5.000000000000e-03,2.000000000000e-02,2000,45
19075,5.000000000000e-03,2.000000000000e-02,2000,43
19076,5.000000000000e-03,2.000000000000e-02,2000,54
19077,5.000000000000e-03,2.000000000000e-02,2000,44
19078,5.000000000000e-03,2.000000000000e-02,2000,42
19079,5.000000000000e-03,2.000000000000e-02,2000,41
19080,5.000000000000e-03,2.000000000000e-02,2000,47
19081,5.000000000000e-03,2.000000000000e-02,2000,48
19082,5.000000000000e-03,2.000000000000e-02,2000,56
19083,5.000000000000e-03,2.000000000000e-02,2000,51
19084,5.000000000000e-03,2.000000000000e-02,2000,53
19085,5.000000000000e-03,2.000000000000e-02,2000,56
19086,5.000000000000e-03,2.000000000000e-02,2000,44
19087,5.000000000000e-03,2.000000000000e-02,2000,53
19088,5.000000000000e-03,2.000000000000e-02,2000,49
19089,5.000000000000e-03,2.000000000000e-02,2000,40
19090,5.000000000000e-03,2.000000000000e-02,2000,61
19091,5.000000000000e-03,2.000000000000e-02,2000,46
19092,5.000000000000e-03,2.000000000000e-02,2000,46
19093,5.000000000000e-03,2.000000000000e-02,2000,41
19094,5.000000000000e-03,2.000000000000e-02,2000,38
19095,5.000000000000e-03,2.000000000000e-02,2000,44
19096,5.000000000000e-03,2.000000000000e-02,2000,52
19097,5.000000000000e-03,2.000000000000e-02,2000,44
19098,5.000000000000e-03,2.000000000000e-02,2000,35
19099,5.000000000000e-03,2.000000000000e-02,2000,40
19100,5.000000000000e-03,2.000000000000e-02,2000,37
19101,5.000000000000e-03,2.000000000000e-02,2000,49
19102,5.000000000000e-03,2.000000000000e-02,2000,43
19103,5.000000000000e-03,2.000000000000e-02,2000,39
19104,5.000000000000e-03,2.000000000000e-02,2000,40
19105,5.000000000000e-03,2.000000000000e-02,2000,38
19106,5.000000000000e-03,2.000000000000e-02,2000,37
19107,5.000000000000e-03,2.000000000000e-02,2000,31
19108,5.000000000000e-03,2.000000000000e-02,2000,38
19109,5.000000000000e-03,2.000000000000e-02,2000,50
19110,5.000000000000e-03,2.000000000000e-02,2000,42
19111,5.000000000000e-03,2.000000000000e-02,2000,50
19112,5.000000000000e-03,2.000000000000e-02,2000,58
19113,5.000000000000e-03,2.000000000000e-02,2000,33
19114,5.000000000000e-03,2.000000000000e-02,2000,40
19115,5.000000000000e-03,2.000000000000e-02,2000,44
19116,5.000000000000e-03,2.000000000000e-02,2000,45
19117,5.000000000000e-03,2.000000000000e-02,2000,39
19118,5.000000000000e-03,2.000000000000e-02,2000,49
19119,5.000000000000e-03,2.000000000000e-02,2000,38
19120,5.000000000000e-03,2.000000000000e-02,2000,43
19121,5.000000000000e-03,2.000000000000e-02,2000,39
19122,5.000000000000e-03,2.000000000000e-02,2000,45
19123,5.000000000000e-03,2.000000000000e-02,2000,38
19124,5.000000000000e-03,2.000000000000e-02,2000,54
19125,5.000000000000e-03,2.000000000000e-02,2000,40
19126,5.000000000000e-03,2.000000000000e-02,2000,42
19127,5.000000000000e-03,2.000000000000e-02,2000,32
19128,5.000000000000e-03,2.000000000000e-02,2000,54
19129,5.000000000000e-03,2.000000000000e-02,2000,49
19130,5.000000000000e-03,2.000000000000e-02,2000,40
19131,5.000000000000e-03,2.000000000000e-02,2000,41
19132,5.000000000000e-03,2.000000000000e-02,2000,37
19133,5.000000000000e-03,2.000000000000e-02,2000,39
19134,5.000000000000e-03,2.000000000000e-02,2000,40
19135,5.000000000000e-03,2.000000000000e-02,2000,44
19136,5.000000000000e-03,2.000000000000e-02,2000,47
19137,5.000000000000e-03,2.000000000000e-02,2000,51
19138,5.000000000000e-03,2.000000000000e-02,2000,48
19139,5.000000000000e-03,2.000000000000e-02,2000,37
19140,5.000000000000e-03,2.000000000000e-02,2000,46
19141,5.000000000000e-03,2.000000000000e-02,2000,43
19142,5.000000000000e-03,2.000000000000e-02,2000,53
19143,5.000000000000e-03,2.000000000000e-02,2000,37
19144,5.000000000000e-03,2.000000000000e-02,2000,43
19145,5.000000000000e-03,2.000000000000e-02,2000,44
19146,5.000000000000e-03,2.000000000000e-02,2000,49
19147,5.000000000000e-03,2.000000000000e-02,2000,41
19148,5.000000000000e-03,2.000000000000e-02,2000,40
19149,5.000000000000e-03,2.000000000000e-02,2000,37
19150,5.000000000000e-03,2.000000000000e-02,2000,36
19151,5.000000000000e-03,2.000000000000e-02,2000,47
19152,5.000000000000e-03,2.000000000000e-02,2000,39
19153,5.000000000000e-03,2.000000000000e-02,2000,48
19154,5.000000000000e-03,2.000000000000e-02,2000,48
19155,5.000000000000e-03,2.000000000000e-02,2000,48
19156,5.000000000000e-03,2.000000000000e-02,2000,42
19157,5.000000000000e-03,2.000000000000e-02,2000,43
19158,5.000000000000e-03,2.000000000000e-02,2000,42
19159,5.000000000000e-03,2.000000000000e-02,2000,45
19160,5.000000000000e-03,2.000000000000e-02,2000,42
19161,5.000000000000e-03,2.000000000000e-02,2000,47
19162,5.000000000000e-03,2.000000000000e-02,2000,36
19163,5.000000000000e-03,2.000000000000e-02,2000,41
19164,5.000000000000e-03,2.000000000000e-02,2000,41
19165,5.000000000000e-03,2.000000000000e-02,2000,42
19166,5.000000000000e-03,2.000000000000e-02,2000,44
19167,5.000000000000e-03,2.000000000000e-02,2000,42
19168,5.000000000000e-03,2.000000000000e-02,2000,39
19169,5.000000000000e-03,2.000000000000e-02,2000,51
19170,5.000000000000e-03,2.000000000000e-02,2000,70
19171,5.000000000000e-03,2.000000000000e-02,2000,38
19172,5.000000000000e-03,2.000000000000e-02,2000,48
19173,5.000000000000e-03,2.000000000000e-02,2000,47
19174,5.000000000000e-03,2.000000000000e-02,2000,63
19175,5.000000000000e-03,2.000000000000e-02,2000,35
19176,5.000000000000e-03,2.000000000000e-02,2000,51
19177,5.000000000000e-03,2.000000000000e-02,2000,39
19178,5.000000000000e-03,2.000000000000e-02,2000,43
19179,5.000000000000e-03,2.000000000000e-02,2000,49
19180,5.000000000000e-03,2.000000000000e-02,2000,51
19181,5.000000000000e-03,2.000000000000e-02,2000,50
19182,5.000000000000e-03,2.000000000000e-02,2000,51
19183,5.000000000000e-03,2.000000000000e-02,2000,44
19184,5.000000000000e-03,2.000000000000e-02,2000,37
19185,5.000000000000e-03,2.000000000000e-02,2000,39
19186,5.000000000000e-03,2.000000000000e-02,2000,43
19187,5.000000000000e-03,2.000000000000e-02,2000,55
19188,5.000000000000e-03,2.000000000000e-02,2000,44
19189,5.000000000000e-03,2.000000000000e-02,2000,45
19190,5.000000000000e-03,2.000000000000e-02,2000,32
19191,5.000000000000e-03,2.000000000000e-02,2000,37
19192,5.000000000000e-03,2.000000000000e-02,2000,53
19193,5.000000000000e-03,2.000000000000e-02,2000,42
19194,5.000000000000e-03,2.000000000000e-02,2000,48
19195,5.000000000000e-03,2.000000000000e-02,2000,46
19196,5.000000000000e-03,2.000000000000e-02,2000,48
19197,5.000000000000e-03,2.000000000000e-02,2000,49
19198,5.000000000000e-03,2.000000000000e-02,2000,40
19199,5.000000000000e-03,2.000000000000e-02,2000,38
19200,5.000000000000e-03,2.000000000000e-02,2000,36
